asset_id,template_id,original_mint_number,surviving_mint_rank,status
1099920587909,773225,1,1,live
1099920587910,773225,2,2,live
1099920587911,773225,3,3,live
1099920587912,773225,4,4,live
1099920587913,773225,5,5,live
1099920587914,773225,6,6,live
1099920587915,773225,7,7,live
1099920587916,773225,8,8,live
1099920587917,773225,9,9,live
1099920587918,773225,10,10,live
1099921698116,773225,11,11,live
1099921698117,773225,12,12,live
1099921698118,773225,13,13,live
1099921698119,773225,14,14,live
1099921698120,773225,15,15,live
1099921698121,773225,16,16,live
1099921698122,773225,17,17,live
1099921698123,773225,18,18,live
1099921698124,773225,19,19,live
1099921698125,773225,20,20,live
1099921695290,775997,1,1,live
1099921695291,775997,2,2,live
1099921695292,775997,3,3,live
1099921695293,775997,4,4,live
1099921695294,775997,5,5,live
1099921695295,775997,6,6,live
1099921695296,775997,7,7,live
1099921695297,775997,8,8,live
1099921695298,775997,9,9,live
1099921695299,775997,10,10,live
1099921717187,775997,11,11,live
1099921696300,775999,1,1,live
1099921696301,775999,2,2,live
1099921696302,775999,3,3,live
1099921696303,775999,4,4,live
1099921696304,775999,5,5,live
1099921696305,775999,6,6,live
1099921696306,775999,7,7,live
1099921696307,775999,8,8,live
1099921696308,775999,9,9,live
1099921696309,775999,10,10,live
1099921715639,776000,1,1,live
1099921717183,776001,1,1,live
1099921717149,776002,1,1,live
1099921717142,776003,1,1,live
1099921735958,776004,1,1,live
1099925106887,776004,2,2,live
1099925125857,776004,3,3,live
1099925128235,776004,4,4,live
1099925140890,776004,5,5,live
1099925157498,776004,6,6,live
1099925166446,776004,7,7,live
1099925342319,776004,8,8,live
1099925416485,776004,9,9,live
1099925499353,776004,10,10,live
1099926100182,776004,11,11,live
1099927186598,776004,12,12,live
1099921717072,776005,1,1,live
1099921716986,776007,1,1,live
1099921717301,776055,1,1,live
1099921725333,776056,1,1,live
1099925109667,776056,2,2,live
1099925128094,776056,3,3,live
1099925140815,776056,4,4,live
1099925151987,776056,5,5,live
1099925166450,776056,6,6,live
1099925342398,776056,7,7,live
1099925416318,776056,8,8,live
1099925573247,776056,9,9,live
1099926100170,776056,10,10,live
1099921725327,776057,1,1,live
1099925116346,776057,2,2,live
1099925128241,776057,3,3,live
1099925151979,776057,4,4,live
1099925342377,776057,5,5,live
1099926100128,776057,6,6,live
1099927024920,776057,7,7,live
1099921725324,776058,1,1,live
1099925111637,776058,2,2,live
1099925124285,776058,3,3,live
1099925128035,776058,4,4,live
1099925154785,776058,5,5,live
1099925161769,776058,6,6,live
1099925341845,776058,7,7,live
1099925452986,776058,8,8,live
1099925573253,776058,9,9,live
1099926100124,776058,10,10,live
1099970452753,776058,11,11,live
1099921725316,776059,1,1,live
1099925109711,776059,2,2,live
1099925127953,776059,3,3,live
1099925144962,776059,4,4,live
1099925158173,776059,5,5,live
1099925161748,776059,6,6,live
1099925341583,776059,7,7,live
1099926100112,776059,8,8,live
1099921725363,776063,1,1,live
1099925116374,776063,2,2,live
1099925128246,776063,3,3,live
1099925138016,776063,4,4,live
1099925342035,776063,5,5,live
1099925573108,776063,6,6,live
1099925574083,776063,7,7,live
1099926099840,776063,8,8,live
1099921725355,776065,1,1,live
1099925138630,776065,2,2,live
1099925166469,776065,3,3,live
1099925342051,776065,4,4,live
1099925502368,776065,5,5,live
1099926085679,776065,6,6,live
1099930565271,776065,7,7,live
1099921725351,776066,1,1,live
1099925138627,776066,2,2,live
1099925328099,776066,3,3,live
1099925342264,776066,4,4,live
1099925502386,776066,5,5,live
1099926085633,776066,6,6,live
1099921725298,776074,1,1,live
1099923919847,776074,2,2,live
1099925133575,776074,3,3,live
1099925141446,776074,4,4,live
1099925290438,776074,5,5,live
1099925338647,776074,6,6,live
1099925341973,776074,7,7,live
1099925350865,776074,8,8,live
1099925480313,776074,9,9,live
1099925573233,776074,10,10,live
1099925574475,776074,11,11,live
1099926100222,776074,12,12,live
1099969756796,776074,13,13,live
1099921726338,776099,1,1,live
1099921728466,776100,1,1,live
1099921728454,776101,1,1,live
1099921728425,776102,1,1,live
1099921728422,776103,1,1,live
1099923325039,776145,1,1,live
1099923325040,776145,2,2,live
1099923325041,776145,3,3,live
1099923325042,776145,4,4,live
1099923325043,776145,5,5,live
1099923325044,776145,6,6,live
1099923325045,776145,7,7,live
1099923325046,776145,8,8,live
1099923325047,776145,9,9,live
1099923325048,776145,10,10,live
1099923325049,776145,11,11,live
1099923325050,776145,12,12,live
1099923325051,776145,13,13,live
1099923325052,776145,14,14,live
1099923325053,776145,15,15,live
1099923325054,776145,16,16,live
1099923325055,776145,17,17,live
1099923325056,776145,18,18,live
1099923325057,776145,19,19,live
1099923325058,776145,20,20,live
1099923325059,776145,21,21,live
1099923325060,776145,22,22,live
1099923325061,776145,23,23,live
1099923325062,776145,24,24,live
1099923325063,776145,25,25,live
1099923325064,776145,26,26,live
1099923325065,776145,27,27,live
1099923325066,776145,28,28,live
1099923325067,776145,29,29,live
1099923325068,776145,30,30,live
1099923325069,776145,31,31,live
1099923325070,776145,32,32,live
1099923325071,776145,33,33,live
1099923325072,776145,34,34,live
1099923325073,776145,35,35,live
1099923325074,776145,36,36,live
1099923325075,776145,37,37,live
1099923325076,776145,38,38,live
1099923325077,776145,39,39,live
1099923325078,776145,40,40,live
1099923325079,776145,41,41,live
1099923325080,776145,42,42,live
1099923325081,776145,43,43,live
1099923325082,776145,44,44,live
1099923325083,776145,45,45,live
1099923325084,776145,46,46,live
1099923325085,776145,47,47,live
1099923325086,776145,48,48,live
1099923325087,776145,49,49,live
1099923325088,776145,50,50,live
1099923919830,776145,51,51,live
1099925141018,776145,52,52,live
1099925282667,776145,53,53,live
1099925290408,776145,54,54,live
1099925331021,776145,55,55,live
1099925338600,776145,56,56,live
1099925341959,776145,57,57,live
1099925341962,776145,58,58,live
1099925345920,776145,59,59,live
1099925385045,776145,60,60,live
1099925402048,776145,61,61,live
1099925416314,776145,62,62,live
1099925480284,776145,63,63,live
1099925541513,776145,64,64,live
1099925573113,776145,65,65,live
1099925574305,776145,66,66,live
1099926100187,776145,67,67,live
1099926100355,776145,68,68,live
1099926200436,776145,69,69,live
1099923324224,776146,1,1,live
1099923324225,776146,2,2,live
1099923324226,776146,3,3,live
1099923324227,776146,4,4,live
1099923324228,776146,5,5,live
1099923324229,776146,6,6,live
1099923324230,776146,7,7,live
1099923324231,776146,8,8,live
1099923324232,776146,9,9,live
1099923324233,776146,10,10,live
1099923324234,776146,11,11,live
1099923324235,776146,12,12,live
1099923324236,776146,13,13,live
1099923324237,776146,14,14,live
1099923324238,776146,15,15,live
1099923324239,776146,16,16,live
1099923324240,776146,17,17,live
1099923324241,776146,18,18,live
1099923324242,776146,19,19,live
1099923324243,776146,20,20,live
1099923324244,776146,21,21,live
1099923324245,776146,22,22,live
1099923324246,776146,23,23,live
1099923324247,776146,24,24,live
1099923324248,776146,25,25,live
1099923324249,776146,26,26,live
1099923324250,776146,27,27,live
1099923324251,776146,28,28,live
1099923324252,776146,29,29,live
1099923324253,776146,30,30,live
1099923324254,776146,31,31,live
1099923324255,776146,32,32,live
1099923324256,776146,33,33,live
1099923324257,776146,34,34,live
1099923324258,776146,35,35,live
1099923324259,776146,36,36,live
1099923324260,776146,37,37,live
1099923324261,776146,38,38,live
1099923324262,776146,39,39,live
1099923324263,776146,40,40,live
1099923324264,776146,41,41,live
1099923324265,776146,42,42,live
1099923324266,776146,43,43,live
1099923324267,776146,44,44,live
1099923324268,776146,45,45,live
1099923324269,776146,46,46,live
1099923324270,776146,47,47,live
1099923324271,776146,48,48,live
1099923324272,776146,49,49,live
1099923324273,776146,50,50,live
1099925129557,776146,51,51,live
1099925290427,776146,52,52,live
1099925325522,776146,53,53,live
1099925338627,776146,54,54,live
1099925341868,776146,55,55,live
1099925341870,776146,56,56,live
1099925480299,776146,57,57,live
1099925496847,776146,58,58,live
1099925541507,776146,59,59,live
1099925573242,776146,60,60,live
1099925574315,776146,61,61,live
1099926100195,776146,62,62,live
1099926100199,776146,63,63,live
1099923324159,776147,1,1,live
1099923324160,776147,2,2,live
1099923324161,776147,3,3,live
1099923324162,776147,4,4,live
1099923324163,776147,5,5,live
1099923324164,776147,6,6,live
1099923324165,776147,7,7,live
1099923324166,776147,8,8,live
1099923324167,776147,9,9,live
1099923324168,776147,10,10,live
1099923324169,776147,11,11,live
1099923324170,776147,12,12,live
1099923324171,776147,13,13,live
1099923324172,776147,14,14,live
1099923324173,776147,15,15,live
1099923324174,776147,16,16,live
1099923324175,776147,17,17,live
1099923324176,776147,18,18,live
1099923324177,776147,19,19,live
1099923324178,776147,20,20,live
1099923324179,776147,21,21,live
1099923324180,776147,22,22,live
1099923324181,776147,23,23,live
1099923324182,776147,24,24,live
1099923324183,776147,25,25,live
1099923324184,776147,26,26,live
1099923324185,776147,27,27,live
1099923324186,776147,28,28,live
1099923324187,776147,29,29,live
1099923324188,776147,30,30,live
1099923324189,776147,31,31,live
1099923324190,776147,32,32,live
1099923324191,776147,33,33,live
1099923324192,776147,34,34,live
1099923324193,776147,35,35,live
1099923324194,776147,36,36,live
1099923324195,776147,37,37,live
1099923324196,776147,38,38,live
1099923324197,776147,39,39,live
1099923324198,776147,40,40,live
1099923324199,776147,41,41,live
1099923324200,776147,42,42,live
1099923324201,776147,43,43,live
1099923324202,776147,44,44,live
1099923324203,776147,45,45,live
1099923324204,776147,46,46,live
1099923324205,776147,47,47,live
1099923324206,776147,48,48,live
1099923324207,776147,49,49,live
1099923324208,776147,50,50,live
1099923919845,776147,51,51,live
1099925132899,776147,52,52,live
1099925141127,776147,53,53,live
1099925288544,776147,54,54,live
1099925290137,776147,55,55,live
1099925338633,776147,56,56,live
1099925341908,776147,57,57,live
1099925342012,776147,58,58,live
1099925350860,776147,59,59,live
1099925480293,776147,60,60,live
1099925501653,776147,61,61,live
1099925541481,776147,62,62,live
1099925573240,776147,63,63,live
1099925574329,776147,64,64,live
1099926100209,776147,65,65,live
1099925074628,782888,1,1,live
1099925074629,782888,2,2,live
1099925074630,782888,3,3,live
1099925074631,782888,4,4,live
1099925074632,782888,5,5,live
1099925074633,782888,6,6,live
1099925074634,782888,7,7,live
1099925074635,782888,8,8,live
1099925074636,782888,9,9,live
1099925074637,782888,10,10,live
1099925074638,782888,11,11,live
1099925074639,782888,12,12,live
1099925074640,782888,13,13,live
1099925074641,782888,14,14,live
1099925074642,782888,15,15,live
1099925074643,782888,16,16,live
1099925074644,782888,17,17,live
1099925074645,782888,18,18,live
1099925074646,782888,19,19,live
1099925074647,782888,20,20,live
1099925074648,782888,21,21,live
1099925074649,782888,22,22,live
1099925074650,782888,23,23,live
1099925074651,782888,24,24,live
1099925074652,782888,25,25,live
1099925074653,782888,26,26,live
1099925074654,782888,27,27,live
1099925074655,782888,28,28,live
1099925074656,782888,29,29,live
1099925074657,782888,30,30,live
1099925074658,782888,31,31,live
1099925074659,782888,32,32,live
1099925074660,782888,33,33,live
1099925074661,782888,34,34,live
1099925074662,782888,35,35,live
1099925074663,782888,36,36,live
1099925074664,782888,37,37,live
1099925074665,782888,38,38,live
1099925074666,782888,39,39,live
1099925074667,782888,40,40,live
1099925074668,782888,41,41,live
1099925074669,782888,42,42,live
1099925074670,782888,43,43,live
1099925074671,782888,44,44,live
1099925074672,782888,45,45,live
1099925074673,782888,46,46,live
1099925074674,782888,47,47,live
1099925074675,782888,48,48,live
1099925074676,782888,49,49,live
1099925074677,782888,50,50,live
1099925074678,782888,51,51,live
1099925074679,782888,52,52,live
1099925074680,782888,53,53,live
1099925074681,782888,54,54,live
1099925074682,782888,55,55,live
1099925074683,782888,56,56,live
1099925074684,782888,57,57,live
1099925074685,782888,58,58,live
1099925074686,782888,59,59,live
1099925074687,782888,60,60,live
1099925074688,782888,61,61,live
1099925074689,782888,62,62,live
1099925074690,782888,63,63,live
1099925074691,782888,64,64,live
1099925074692,782888,65,65,live
1099925074693,782888,66,66,live
1099925074694,782888,67,67,live
1099925074695,782888,68,68,live
1099925074696,782888,69,69,live
1099925074697,782888,70,70,live
1099925074698,782888,71,71,live
1099925074699,782888,72,72,live
1099925074700,782888,73,73,live
1099925074701,782888,74,74,live
1099925074702,782888,75,75,live
1099925074703,782888,76,76,live
1099925074704,782888,77,77,live
1099925074705,782888,78,78,live
1099925074706,782888,79,79,live
1099925074707,782888,80,80,live
1099925074708,782888,81,81,live
1099925074709,782888,82,82,live
1099925074710,782888,83,83,live
1099925074711,782888,84,84,live
1099925074712,782888,85,85,live
1099925074713,782888,86,86,live
1099925074714,782888,87,87,live
1099925074715,782888,88,88,live
1099925074716,782888,89,89,live
1099925074717,782888,90,90,live
1099925074718,782888,91,91,live
1099925074719,782888,92,92,live
1099925074720,782888,93,93,live
1099925074721,782888,94,94,live
1099925074722,782888,95,95,live
1099925074723,782888,96,96,live
1099925074724,782888,97,97,live
1099925074725,782888,98,98,live
1099925074726,782888,99,99,live
1099925074727,782888,100,100,live
1099925074728,782888,101,101,live
1099925074729,782888,102,102,live
1099925074730,782888,103,103,live
1099925074731,782888,104,104,live
1099925074732,782888,105,105,live
1099925074733,782888,106,106,live
1099925074734,782888,107,107,live
1099925074735,782888,108,108,live
1099925074736,782888,109,109,live
1099925074737,782888,110,110,live
1099925074738,782888,111,111,live
1099925074739,782888,112,112,live
1099925074740,782888,113,113,live
1099925074741,782888,114,114,live
1099925074742,782888,115,115,live
1099925074743,782888,116,116,live
1099925074744,782888,117,117,live
1099925074745,782888,118,118,live
1099925074746,782888,119,119,live
1099925074747,782888,120,120,live
1099925074748,782888,121,121,live
1099925074749,782888,122,122,live
1099925074750,782888,123,123,live
1099925074751,782888,124,124,live
1099925074752,782888,125,125,live
1099925074753,782888,126,126,live
1099925074754,782888,127,127,live
1099925074755,782888,128,128,live
1099925074756,782888,129,129,live
1099925074757,782888,130,130,live
1099925074758,782888,131,131,live
1099925074759,782888,132,132,live
1099925074760,782888,133,133,live
1099925074761,782888,134,134,live
1099925074762,782888,135,135,live
1099925074763,782888,136,136,live
1099925074764,782888,137,137,live
1099925074765,782888,138,138,live
1099925074766,782888,139,139,live
1099925074767,782888,140,140,live
1099925074768,782888,141,141,live
1099925074769,782888,142,142,live
1099925074770,782888,143,143,live
1099925074771,782888,144,144,live
1099925074772,782888,145,145,live
1099925074773,782888,146,146,live
1099925074774,782888,147,147,live
1099925074775,782888,148,148,live
1099925074776,782888,149,149,live
1099925074777,782888,150,150,live
1099925074778,782888,151,151,live
1099925074779,782888,152,152,live
1099925074780,782888,153,153,live
1099925074781,782888,154,154,live
1099925074782,782888,155,155,live
1099925074783,782888,156,156,live
1099925074784,782888,157,157,live
1099925074785,782888,158,158,live
1099925074786,782888,159,159,live
1099925074787,782888,160,160,live
1099925074788,782888,161,161,live
1099925074789,782888,162,162,live
1099925074790,782888,163,163,live
1099925074791,782888,164,164,live
1099925074792,782888,165,165,live
1099925074793,782888,166,166,live
1099925074794,782888,167,167,live
1099925074795,782888,168,168,live
1099925074796,782888,169,169,live
1099925074797,782888,170,170,live
1099925074798,782888,171,171,live
1099925074799,782888,172,172,live
1099925074800,782888,173,173,live
1099925074801,782888,174,174,live
1099925074802,782888,175,175,live
1099925074803,782888,176,176,live
1099925074804,782888,177,177,live
1099925074805,782888,178,178,live
1099925074806,782888,179,179,live
1099925074807,782888,180,180,live
1099925074808,782888,181,181,live
1099925074809,782888,182,182,live
1099925074810,782888,183,183,live
1099925074811,782888,184,184,live
1099925074812,782888,185,185,live
1099925074813,782888,186,186,live
1099925074814,782888,187,187,live
1099925074815,782888,188,188,live
1099925074816,782888,189,189,live
1099925074817,782888,190,190,live
1099925074818,782888,191,191,live
1099925074819,782888,192,192,live
1099925074820,782888,193,193,live
1099925074821,782888,194,194,live
1099925074822,782888,195,195,live
1099925074823,782888,196,196,live
1099925074824,782888,197,197,live
1099925074825,782888,198,198,live
1099925074826,782888,199,199,live
1099925074827,782888,200,200,live
1099925074902,782888,201,201,live
1099925074903,782888,202,202,live
1099925074904,782888,203,203,live
1099925074905,782888,204,204,live
1099925074906,782888,205,205,live
1099925074907,782888,206,206,live
1099925074908,782888,207,207,live
1099925074909,782888,208,208,live
1099925074910,782888,209,209,live
1099925074911,782888,210,210,live
1099925074912,782888,211,211,live
1099925074913,782888,212,212,live
1099925074914,782888,213,213,live
1099925074915,782888,214,214,live
1099925074916,782888,215,215,live
1099925074917,782888,216,216,live
1099925074918,782888,217,217,live
1099925074919,782888,218,218,live
1099925074920,782888,219,219,live
1099925074921,782888,220,220,live
1099925074922,782888,221,221,live
1099925074923,782888,222,222,live
1099925074924,782888,223,223,live
1099925074925,782888,224,224,live
1099925074926,782888,225,225,live
1099925074927,782888,226,226,live
1099925074928,782888,227,227,live
1099925074929,782888,228,228,live
1099925074930,782888,229,229,live
1099925074931,782888,230,230,live
1099925074932,782888,231,231,live
1099925074933,782888,232,232,live
1099925074934,782888,233,233,live
1099925074935,782888,234,234,live
1099925074936,782888,235,235,live
1099925074937,782888,236,236,live
1099925074938,782888,237,237,live
1099925074939,782888,238,238,live
1099925074940,782888,239,239,live
1099925074941,782888,240,240,live
1099925074942,782888,241,241,live
1099925074943,782888,242,242,live
1099925074944,782888,243,243,live
1099925074945,782888,244,244,live
1099925074946,782888,245,245,live
1099925074947,782888,246,246,live
1099925074948,782888,247,247,live
1099925074949,782888,248,248,live
1099925074950,782888,249,249,live
1099925074951,782888,250,250,live
1099925074952,782888,251,251,live
1099925074953,782888,252,252,live
1099925074954,782888,253,253,live
1099925074955,782888,254,254,live
1099925074956,782888,255,255,live
1099925074957,782888,256,256,live
1099925074958,782888,257,257,live
1099925074959,782888,258,258,live
1099925074960,782888,259,259,live
1099925074961,782888,260,260,live
1099925074962,782888,261,261,live
1099925074963,782888,262,262,live
1099925074964,782888,263,263,live
1099925074965,782888,264,264,live
1099925074966,782888,265,265,live
1099925074967,782888,266,266,live
1099925074968,782888,267,267,live
1099925074969,782888,268,268,live
1099925074970,782888,269,269,live
1099925074971,782888,270,270,live
1099925074972,782888,271,271,live
1099925074973,782888,272,272,live
1099925074974,782888,273,273,live
1099925074975,782888,274,274,live
1099925074976,782888,275,275,live
1099925074977,782888,276,276,live
1099925074978,782888,277,277,live
1099925074979,782888,278,278,live
1099925074980,782888,279,279,live
1099925074981,782888,280,280,live
1099925074982,782888,281,281,live
1099925074983,782888,282,282,live
1099925074984,782888,283,283,live
1099925074985,782888,284,284,live
1099925074986,782888,285,285,live
1099925074987,782888,286,286,live
1099925074988,782888,287,287,live
1099925074989,782888,288,288,live
1099925074990,782888,289,289,live
1099925074991,782888,290,290,live
1099925074992,782888,291,291,live
1099925074993,782888,292,292,live
1099925074994,782888,293,293,live
1099925074995,782888,294,294,live
1099925074996,782888,295,295,live
1099925074997,782888,296,296,live
1099925074998,782888,297,297,live
1099925074999,782888,298,298,live
1099925075000,782888,299,299,live
1099925075001,782888,300,300,live
1099925075002,782888,301,301,live
1099925075003,782888,302,302,live
1099925075004,782888,303,303,live
1099925075005,782888,304,304,live
1099925075006,782888,305,305,live
1099925075007,782888,306,306,live
1099925075008,782888,307,307,live
1099925075009,782888,308,308,live
1099925075010,782888,309,309,live
1099925075011,782888,310,310,live
1099925075012,782888,311,311,live
1099925075013,782888,312,312,live
1099925075014,782888,313,313,live
1099925075015,782888,314,314,live
1099925075016,782888,315,315,live
1099925075017,782888,316,316,live
1099925075018,782888,317,317,live
1099925075019,782888,318,318,live
1099925075020,782888,319,319,live
1099925075021,782888,320,320,live
1099925075022,782888,321,321,live
1099925075023,782888,322,322,live
1099925075024,782888,323,323,live
1099925075025,782888,324,324,live
1099925075026,782888,325,325,live
1099925075027,782888,326,326,live
1099925075028,782888,327,327,live
1099925075029,782888,328,328,live
1099925075030,782888,329,329,live
1099925075031,782888,330,330,live
1099925075032,782888,331,331,live
1099925075033,782888,332,332,live
1099925075034,782888,333,333,live
1099925075035,782888,334,334,live
1099925075036,782888,335,335,live
1099925075037,782888,336,336,live
1099925075038,782888,337,337,live
1099925075039,782888,338,338,live
1099925075040,782888,339,339,live
1099925075041,782888,340,340,live
1099925075042,782888,341,341,live
1099925075043,782888,342,342,live
1099925075044,782888,343,343,live
1099925075045,782888,344,344,live
1099925075046,782888,345,345,live
1099925075047,782888,346,346,live
1099925075048,782888,347,347,live
1099925075049,782888,348,348,live
1099925075050,782888,349,349,live
1099925075051,782888,350,350,live
1099925075052,782888,351,351,live
1099925075053,782888,352,352,live
1099925075054,782888,353,353,live
1099925075055,782888,354,354,live
1099925075056,782888,355,355,live
1099925075057,782888,356,356,live
1099925075058,782888,357,357,live
1099925075059,782888,358,358,live
1099925075060,782888,359,359,live
1099925075061,782888,360,360,live
1099925075062,782888,361,361,live
1099925075063,782888,362,362,live
1099925075064,782888,363,363,live
1099925075065,782888,364,364,live
1099925075066,782888,365,365,live
1099925075067,782888,366,366,live
1099925075068,782888,367,367,live
1099925075069,782888,368,368,live
1099925075070,782888,369,369,live
1099925075071,782888,370,370,live
1099925075072,782888,371,371,live
1099925075073,782888,372,372,live
1099925075074,782888,373,373,live
1099925075075,782888,374,374,live
1099925075076,782888,375,375,live
1099925075077,782888,376,376,live
1099925075078,782888,377,377,live
1099925075079,782888,378,378,live
1099925075080,782888,379,379,live
1099925075081,782888,380,380,live
1099925075082,782888,381,381,live
1099925075083,782888,382,382,live
1099925075084,782888,383,383,live
1099925075085,782888,384,384,live
1099925075086,782888,385,385,live
1099925075087,782888,386,386,live
1099925075088,782888,387,387,live
1099925075089,782888,388,388,live
1099925075090,782888,389,389,live
1099925075091,782888,390,390,live
1099925075092,782888,391,391,live
1099925075093,782888,392,392,live
1099925075094,782888,393,393,live
1099925075095,782888,394,394,live
1099925075096,782888,395,395,live
1099925075097,782888,396,396,live
1099925075098,782888,397,397,live
1099925075099,782888,398,398,live
1099925075100,782888,399,399,live
1099925075101,782888,400,400,live
1099925075182,782888,401,401,live
1099925075183,782888,402,402,live
1099925075184,782888,403,403,live
1099925075185,782888,404,404,live
1099925075186,782888,405,405,live
1099925075187,782888,406,406,live
1099925075188,782888,407,407,live
1099925075189,782888,408,408,live
1099925075190,782888,409,409,live
1099925075191,782888,410,410,live
1099925075192,782888,411,411,live
1099925075193,782888,412,412,live
1099925075194,782888,413,413,live
1099925075195,782888,414,414,live
1099925075196,782888,415,415,live
1099925075197,782888,416,416,live
1099925075198,782888,417,417,live
1099925075199,782888,418,418,live
1099925075200,782888,419,419,live
1099925075201,782888,420,420,live
1099925075202,782888,421,421,live
1099925075203,782888,422,422,live
1099925075204,782888,423,423,live
1099925075205,782888,424,424,live
1099925075206,782888,425,425,live
1099925075207,782888,426,426,live
1099925075208,782888,427,427,live
1099925075209,782888,428,428,live
1099925075210,782888,429,429,live
1099925075211,782888,430,430,live
1099925075212,782888,431,431,live
1099925075213,782888,432,432,live
1099925075214,782888,433,433,live
1099925075215,782888,434,434,live
1099925075216,782888,435,435,live
1099925075217,782888,436,436,live
1099925075218,782888,437,437,live
1099925075219,782888,438,438,live
1099925075220,782888,439,439,live
1099925075221,782888,440,440,live
1099925075222,782888,441,441,live
1099925075223,782888,442,442,live
1099925075224,782888,443,443,live
1099925075225,782888,444,444,live
1099925075226,782888,445,445,live
1099925075227,782888,446,446,live
1099925075228,782888,447,447,live
1099925075229,782888,448,448,live
1099925075230,782888,449,449,live
1099925075231,782888,450,450,live
1099925075232,782888,451,451,live
1099925075233,782888,452,452,live
1099925075234,782888,453,453,live
1099925075235,782888,454,454,live
1099925075236,782888,455,455,live
1099925075237,782888,456,456,live
1099925075238,782888,457,457,live
1099925075239,782888,458,458,live
1099925075240,782888,459,459,live
1099925075241,782888,460,460,live
1099925075242,782888,461,461,live
1099925075243,782888,462,462,live
1099925075244,782888,463,463,live
1099925075245,782888,464,464,live
1099925075246,782888,465,465,live
1099925075247,782888,466,466,live
1099925075248,782888,467,467,live
1099925075249,782888,468,468,live
1099925075250,782888,469,469,live
1099925075251,782888,470,470,live
1099925075252,782888,471,471,live
1099925075253,782888,472,472,live
1099925075254,782888,473,473,live
1099925075255,782888,474,474,live
1099925075256,782888,475,475,live
1099925075257,782888,476,476,live
1099925075258,782888,477,477,live
1099925075259,782888,478,478,live
1099925075260,782888,479,479,live
1099925075261,782888,480,480,live
1099925075262,782888,481,481,live
1099925075263,782888,482,482,live
1099925075264,782888,483,483,live
1099925075265,782888,484,484,live
1099925075266,782888,485,485,live
1099925075267,782888,486,486,live
1099925075268,782888,487,487,live
1099925075269,782888,488,488,live
1099925075270,782888,489,489,live
1099925075271,782888,490,490,live
1099925075272,782888,491,491,live
1099925075273,782888,492,492,live
1099925075274,782888,493,493,live
1099925075275,782888,494,494,live
1099925075276,782888,495,495,live
1099925075277,782888,496,496,live
1099925075278,782888,497,497,live
1099925075279,782888,498,498,live
1099925075280,782888,499,499,live
1099925075281,782888,500,500,live
1099925075282,782888,501,501,live
1099925075283,782888,502,502,live
1099925075284,782888,503,503,live
1099925075285,782888,504,504,live
1099925075286,782888,505,505,live
1099925075287,782888,506,506,live
1099925075288,782888,507,507,live
1099925075289,782888,508,508,live
1099925075290,782888,509,509,live
1099925075291,782888,510,510,live
1099925075292,782888,511,511,live
1099925075293,782888,512,512,live
1099925075294,782888,513,513,live
1099925075295,782888,514,514,live
1099925075296,782888,515,515,live
1099925075297,782888,516,516,live
1099925075298,782888,517,517,live
1099925075299,782888,518,518,live
1099925075300,782888,519,519,live
1099925075301,782888,520,520,live
1099925075302,782888,521,521,live
1099925075303,782888,522,522,live
1099925075304,782888,523,523,live
1099925075305,782888,524,524,live
1099925075306,782888,525,525,live
1099925075307,782888,526,526,live
1099925075308,782888,527,527,live
1099925075309,782888,528,528,live
1099925075310,782888,529,529,live
1099925075311,782888,530,530,live
1099925075312,782888,531,531,live
1099925075313,782888,532,532,live
1099925075314,782888,533,533,live
1099925075315,782888,534,534,live
1099925075316,782888,535,535,live
1099925075317,782888,536,536,live
1099925075318,782888,537,537,live
1099925075319,782888,538,538,live
1099925075320,782888,539,539,live
1099925075321,782888,540,540,live
1099925075322,782888,541,541,live
1099925075323,782888,542,542,live
1099925075324,782888,543,543,live
1099925075325,782888,544,544,live
1099925075326,782888,545,545,live
1099925075327,782888,546,546,live
1099925075328,782888,547,547,live
1099925075329,782888,548,548,live
1099925075330,782888,549,549,live
1099925075331,782888,550,550,live
1099925075332,782888,551,551,live
1099925075333,782888,552,552,live
1099925075334,782888,553,553,live
1099925075335,782888,554,554,live
1099925075336,782888,555,555,live
1099925075337,782888,556,556,live
1099925075338,782888,557,557,live
1099925075339,782888,558,558,live
1099925075340,782888,559,559,live
1099925075341,782888,560,560,live
1099925075342,782888,561,561,live
1099925075343,782888,562,562,live
1099925075344,782888,563,563,live
1099925075345,782888,564,564,live
1099925075346,782888,565,565,live
1099925075347,782888,566,566,live
1099925075348,782888,567,567,live
1099925075349,782888,568,568,live
1099925075350,782888,569,569,live
1099925075351,782888,570,570,live
1099925075352,782888,571,571,live
1099925075353,782888,572,572,live
1099925075354,782888,573,573,live
1099925075355,782888,574,574,live
1099925075356,782888,575,575,live
1099925075357,782888,576,576,live
1099925075358,782888,577,577,live
1099925075359,782888,578,578,live
1099925075360,782888,579,579,live
1099925075361,782888,580,580,live
1099925075362,782888,581,581,live
1099925075363,782888,582,582,live
1099925075364,782888,583,583,live
1099925075365,782888,584,584,live
1099925075366,782888,585,585,live
1099925075367,782888,586,586,live
1099925075368,782888,587,587,live
1099925075369,782888,588,588,live
1099925075370,782888,589,589,live
1099925075371,782888,590,590,live
1099925075372,782888,591,591,live
1099925075373,782888,592,592,live
1099925075374,782888,593,593,live
1099925075375,782888,594,594,live
1099925075376,782888,595,595,live
1099925075377,782888,596,596,live
1099925075378,782888,597,597,live
1099925075379,782888,598,598,live
1099925075380,782888,599,599,live
1099925075381,782888,600,600,live
1099925075382,782888,601,601,live
1099925075383,782888,602,602,live
1099925075384,782888,603,603,live
1099925075385,782888,604,604,live
1099925075386,782888,605,605,live
1099925075387,782888,606,606,live
1099925075388,782888,607,607,live
1099925075389,782888,608,608,live
1099925075390,782888,609,609,live
1099925075391,782888,610,610,live
1099925075392,782888,611,611,live
1099925075393,782888,612,612,live
1099925075394,782888,613,613,live
1099925075395,782888,614,614,live
1099925075396,782888,615,615,live
1099925075397,782888,616,616,live
1099925075398,782888,617,617,live
1099925075399,782888,618,618,live
1099925075400,782888,619,619,live
1099925075401,782888,620,620,live
1099925075402,782888,621,621,live
1099925075403,782888,622,622,live
1099925075404,782888,623,623,live
1099925075405,782888,624,624,live
1099925075406,782888,625,625,live
1099925075407,782888,626,626,live
1099925075408,782888,627,627,live
1099925075409,782888,628,628,live
1099925075410,782888,629,629,live
1099925075411,782888,630,630,live
1099925075412,782888,631,631,live
1099925075413,782888,632,632,live
1099925075414,782888,633,633,live
1099925075415,782888,634,634,live
1099925075416,782888,635,635,live
1099925075417,782888,636,636,live
1099925075418,782888,637,637,live
1099925075419,782888,638,638,live
1099925075420,782888,639,639,live
1099925075421,782888,640,640,live
1099925075422,782888,641,641,live
1099925075423,782888,642,642,live
1099925075424,782888,643,643,live
1099925075425,782888,644,644,live
1099925075426,782888,645,645,live
1099925075427,782888,646,646,live
1099925075428,782888,647,647,live
1099925075429,782888,648,648,live
1099925075430,782888,649,649,live
1099925075431,782888,650,650,live
1099925075432,782888,651,651,live
1099925075433,782888,652,652,live
1099925075434,782888,653,653,live
1099925075435,782888,654,654,live
1099925075436,782888,655,655,live
1099925075437,782888,656,656,live
1099925075438,782888,657,657,live
1099925075439,782888,658,658,live
1099925075440,782888,659,659,live
1099925075441,782888,660,660,live
1099925075442,782888,661,661,live
1099925075443,782888,662,662,live
1099925075444,782888,663,663,live
1099925075445,782888,664,664,live
1099925075446,782888,665,665,live
1099925075447,782888,666,666,live
1099925075448,782888,667,667,live
1099925075449,782888,668,668,live
1099925075450,782888,669,669,live
1099925075451,782888,670,670,live
1099925075452,782888,671,671,live
1099925075453,782888,672,672,live
1099925075454,782888,673,673,live
1099925075455,782888,674,674,live
1099925075456,782888,675,675,live
1099925075457,782888,676,676,live
1099925075458,782888,677,677,live
1099925075459,782888,678,678,live
1099925075460,782888,679,679,live
1099925075461,782888,680,680,live
1099925075462,782888,681,681,live
1099925075463,782888,682,682,live
1099925075464,782888,683,683,live
1099925075465,782888,684,684,live
1099925075466,782888,685,685,live
1099925075467,782888,686,686,live
1099925075468,782888,687,687,live
1099925075469,782888,688,688,live
1099925075470,782888,689,689,live
1099925075471,782888,690,690,live
1099925075472,782888,691,691,live
1099925075473,782888,692,692,live
1099925075474,782888,693,693,live
1099925075475,782888,694,694,live
1099925075476,782888,695,695,live
1099925075477,782888,696,696,live
1099925075478,782888,697,697,live
1099925075479,782888,698,698,live
1099925075480,782888,699,699,live
1099925075481,782888,700,700,live
1099925075482,782888,701,701,live
1099925075483,782888,702,702,live
1099925075484,782888,703,703,live
1099925075485,782888,704,704,live
1099925075486,782888,705,705,live
1099925075487,782888,706,706,live
1099925075488,782888,707,707,live
1099925075489,782888,708,708,live
1099925075490,782888,709,709,live
1099925075491,782888,710,710,live
1099925075492,782888,711,711,live
1099925075493,782888,712,712,live
1099925075494,782888,713,713,live
1099925075495,782888,714,714,live
1099925075496,782888,715,715,live
1099925075497,782888,716,716,live
1099925075498,782888,717,717,live
1099925075499,782888,718,718,live
1099925075500,782888,719,719,live
1099925075501,782888,720,720,live
1099925075502,782888,721,721,live
1099925075503,782888,722,722,live
1099925075504,782888,723,723,live
1099925075505,782888,724,724,live
1099925075506,782888,725,725,live
1099925075507,782888,726,726,live
1099925075508,782888,727,727,live
1099925075509,782888,728,728,live
1099925075510,782888,729,729,live
1099925075511,782888,730,730,live
1099925075512,782888,731,731,live
1099925075513,782888,732,732,live
1099925075514,782888,733,733,live
1099925075515,782888,734,734,live
1099925075516,782888,735,735,live
1099925075517,782888,736,736,live
1099925075518,782888,737,737,live
1099925075519,782888,738,738,live
1099925075520,782888,739,739,live
1099925075521,782888,740,740,live
1099925075522,782888,741,741,live
1099925075523,782888,742,742,live
1099925075524,782888,743,743,live
1099925075525,782888,744,744,live
1099925075526,782888,745,745,live
1099925075527,782888,746,746,live
1099925075528,782888,747,747,live
1099925075529,782888,748,748,live
1099925075530,782888,749,749,live
1099925075531,782888,750,750,live
1099925075532,782888,751,751,live
1099925075533,782888,752,752,live
1099925075534,782888,753,753,live
1099925075535,782888,754,754,live
1099925075536,782888,755,755,live
1099925075537,782888,756,756,live
1099925075538,782888,757,757,live
1099925075539,782888,758,758,live
1099925075540,782888,759,759,live
1099925075541,782888,760,760,live
1099925075542,782888,761,761,live
1099925075543,782888,762,762,live
1099925075544,782888,763,763,live
1099925075545,782888,764,764,live
1099925075546,782888,765,765,live
1099925075547,782888,766,766,live
1099925075548,782888,767,767,live
1099925075549,782888,768,768,live
1099925075550,782888,769,769,live
1099925075551,782888,770,770,live
1099925075552,782888,771,771,live
1099925075553,782888,772,772,live
1099925075554,782888,773,773,live
1099925075555,782888,774,774,live
1099925075556,782888,775,775,live
1099925075557,782888,776,776,live
1099925075558,782888,777,777,live
1099925075559,782888,778,778,live
1099925075560,782888,779,779,live
1099925075561,782888,780,780,live
1099925075562,782888,781,781,live
1099925075563,782888,782,782,live
1099925075564,782888,783,783,live
1099925075565,782888,784,784,live
1099925075566,782888,785,785,live
1099925075567,782888,786,786,live
1099925075568,782888,787,787,live
1099925075569,782888,788,788,live
1099925075570,782888,789,789,live
1099925075571,782888,790,790,live
1099925075572,782888,791,791,live
1099925075573,782888,792,792,live
1099925075574,782888,793,793,live
1099925075575,782888,794,794,live
1099925075576,782888,795,795,live
1099925075577,782888,796,796,live
1099925075578,782888,797,797,live
1099925075579,782888,798,798,live
1099925075580,782888,799,799,live
1099925075581,782888,800,800,live
1099925075650,782888,801,801,live
1099925075651,782888,802,802,live
1099925075652,782888,803,803,live
1099925075653,782888,804,804,live
1099925075654,782888,805,805,live
1099925075655,782888,806,806,live
1099925075656,782888,807,807,live
1099925075657,782888,808,808,live
1099925075658,782888,809,809,live
1099925075659,782888,810,810,live
1099925075660,782888,811,811,live
1099925075661,782888,812,812,live
1099925075662,782888,813,813,live
1099925075663,782888,814,814,live
1099925075664,782888,815,815,live
1099925075665,782888,816,816,live
1099925075666,782888,817,817,live
1099925075667,782888,818,818,live
1099925075668,782888,819,819,live
1099925075669,782888,820,820,live
1099925075670,782888,821,821,live
1099925075671,782888,822,822,live
1099925075672,782888,823,823,live
1099925075673,782888,824,824,live
1099925075674,782888,825,825,live
1099925075675,782888,826,826,live
1099925075676,782888,827,827,live
1099925075677,782888,828,828,live
1099925075678,782888,829,829,live
1099925075679,782888,830,830,live
1099925075680,782888,831,831,live
1099925075681,782888,832,832,live
1099925075682,782888,833,833,live
1099925075683,782888,834,834,live
1099925075684,782888,835,835,live
1099925075685,782888,836,836,live
1099925075686,782888,837,837,live
1099925075687,782888,838,838,live
1099925075688,782888,839,839,live
1099925075689,782888,840,840,live
1099925075690,782888,841,841,live
1099925075691,782888,842,842,live
1099925075692,782888,843,843,live
1099925075693,782888,844,844,live
1099925075694,782888,845,845,live
1099925075695,782888,846,846,live
1099925075696,782888,847,847,live
1099925075697,782888,848,848,live
1099925075698,782888,849,849,live
1099925075699,782888,850,850,live
1099925075700,782888,851,851,live
1099925075701,782888,852,852,live
1099925075702,782888,853,853,live
1099925075703,782888,854,854,live
1099925075704,782888,855,855,live
1099925075705,782888,856,856,live
1099925075706,782888,857,857,live
1099925075707,782888,858,858,live
1099925075708,782888,859,859,live
1099925075709,782888,860,860,live
1099925075710,782888,861,861,live
1099925075711,782888,862,862,live
1099925075712,782888,863,863,live
1099925075713,782888,864,864,live
1099925075714,782888,865,865,live
1099925075715,782888,866,866,live
1099925075716,782888,867,867,live
1099925075717,782888,868,868,live
1099925075718,782888,869,869,live
1099925075719,782888,870,870,live
1099925075720,782888,871,871,live
1099925075721,782888,872,872,live
1099925075722,782888,873,873,live
1099925075723,782888,874,874,live
1099925075724,782888,875,875,live
1099925075725,782888,876,876,live
1099925075726,782888,877,877,live
1099925075727,782888,878,878,live
1099925075728,782888,879,879,live
1099925075729,782888,880,880,live
1099925075730,782888,881,881,live
1099925075731,782888,882,882,live
1099925075732,782888,883,883,live
1099925075733,782888,884,884,live
1099925075734,782888,885,885,live
1099925075735,782888,886,886,live
1099925075736,782888,887,887,live
1099925075737,782888,888,888,live
1099925075738,782888,889,889,live
1099925075739,782888,890,890,live
1099925075740,782888,891,891,live
1099925075741,782888,892,892,live
1099925075742,782888,893,893,live
1099925075743,782888,894,894,live
1099925075744,782888,895,895,live
1099925075745,782888,896,896,live
1099925075746,782888,897,897,live
1099925075747,782888,898,898,live
1099925075748,782888,899,899,live
1099925075749,782888,900,900,live
1099925075750,782888,901,901,live
1099925075751,782888,902,902,live
1099925075752,782888,903,903,live
1099925075753,782888,904,904,live
1099925075754,782888,905,905,live
1099925075755,782888,906,906,live
1099925075756,782888,907,907,live
1099925075757,782888,908,908,live
1099925075758,782888,909,909,live
1099925075759,782888,910,910,live
1099925075760,782888,911,911,live
1099925075761,782888,912,912,live
1099925075762,782888,913,913,live
1099925075763,782888,914,914,live
1099925075764,782888,915,915,live
1099925075765,782888,916,916,live
1099925075766,782888,917,917,live
1099925075767,782888,918,918,live
1099925075768,782888,919,919,live
1099925075769,782888,920,920,live
1099925075770,782888,921,921,live
1099925075771,782888,922,922,live
1099925075772,782888,923,923,live
1099925075773,782888,924,924,live
1099925075774,782888,925,925,live
1099925075775,782888,926,926,live
1099925075776,782888,927,927,live
1099925075777,782888,928,928,live
1099925075778,782888,929,929,live
1099925075779,782888,930,930,live
1099925075780,782888,931,931,live
1099925075781,782888,932,932,live
1099925075782,782888,933,933,live
1099925075783,782888,934,934,live
1099925075784,782888,935,935,live
1099925075785,782888,936,936,live
1099925075786,782888,937,937,live
1099925075787,782888,938,938,live
1099925075788,782888,939,939,live
1099925075789,782888,940,940,live
1099925075790,782888,941,941,live
1099925075791,782888,942,942,live
1099925075792,782888,943,943,live
1099925075793,782888,944,944,live
1099925075794,782888,945,945,live
1099925075795,782888,946,946,live
1099925075796,782888,947,947,live
1099925075797,782888,948,948,live
1099925075798,782888,949,949,live
1099925075799,782888,950,950,live
1099925075800,782888,951,951,live
1099925075801,782888,952,952,live
1099925075802,782888,953,953,live
1099925075803,782888,954,954,live
1099925075804,782888,955,955,live
1099925075805,782888,956,956,live
1099925075806,782888,957,957,live
1099925075807,782888,958,958,live
1099925075808,782888,959,959,live
1099925075809,782888,960,960,live
1099925075810,782888,961,961,live
1099925075811,782888,962,962,live
1099925075812,782888,963,963,live
1099925075813,782888,964,964,live
1099925075814,782888,965,965,live
1099925075815,782888,966,966,live
1099925075816,782888,967,967,live
1099925075817,782888,968,968,live
1099925075818,782888,969,969,live
1099925075819,782888,970,970,live
1099925075820,782888,971,971,live
1099925075821,782888,972,972,live
1099925075822,782888,973,973,live
1099925075823,782888,974,974,live
1099925075824,782888,975,975,live
1099925075825,782888,976,976,live
1099925075826,782888,977,977,live
1099925075827,782888,978,978,live
1099925075828,782888,979,979,live
1099925075829,782888,980,980,live
1099925075830,782888,981,981,live
1099925075831,782888,982,982,live
1099925075832,782888,983,983,live
1099925075833,782888,984,984,live
1099925075834,782888,985,985,live
1099925075835,782888,986,986,live
1099925075836,782888,987,987,live
1099925075837,782888,988,988,live
1099925075838,782888,989,989,live
1099925075839,782888,990,990,live
1099925075840,782888,991,991,live
1099925075841,782888,992,992,live
1099925075842,782888,993,993,live
1099925075843,782888,994,994,live
1099925075844,782888,995,995,live
1099925075845,782888,996,996,live
1099925075846,782888,997,997,live
1099925075847,782888,998,998,live
1099925075848,782888,999,999,live
1099925075849,782888,1000,1000,live
1099925075931,782888,1001,1001,live
1099925075932,782888,1002,1002,live
1099925075933,782888,1003,1003,live
1099925075934,782888,1004,1004,live
1099925075935,782888,1005,1005,live
1099925075936,782888,1006,1006,live
1099925075937,782888,1007,1007,live
1099925075938,782888,1008,1008,live
1099925075939,782888,1009,1009,live
1099925075940,782888,1010,1010,live
1099925075941,782888,1011,1011,live
1099925075942,782888,1012,1012,live
1099925075943,782888,1013,1013,live
1099925075944,782888,1014,1014,live
1099925075945,782888,1015,1015,live
1099925075946,782888,1016,1016,live
1099925075947,782888,1017,1017,live
1099925075948,782888,1018,1018,live
1099925075949,782888,1019,1019,live
1099925075950,782888,1020,1020,live
1099925075951,782888,1021,1021,live
1099925075952,782888,1022,1022,live
1099925075953,782888,1023,1023,live
1099925075954,782888,1024,1024,live
1099925075955,782888,1025,1025,live
1099925075956,782888,1026,1026,live
1099925075957,782888,1027,1027,live
1099925075958,782888,1028,1028,live
1099925075959,782888,1029,1029,live
1099925075960,782888,1030,1030,live
1099925075961,782888,1031,1031,live
1099925075962,782888,1032,1032,live
1099925075963,782888,1033,1033,live
1099925075964,782888,1034,1034,live
1099925075965,782888,1035,1035,live
1099925075966,782888,1036,1036,live
1099925075967,782888,1037,1037,live
1099925075968,782888,1038,1038,live
1099925075969,782888,1039,1039,live
1099925075970,782888,1040,1040,live
1099925075971,782888,1041,1041,live
1099925075972,782888,1042,1042,live
1099925075973,782888,1043,1043,live
1099925075974,782888,1044,1044,live
1099925075975,782888,1045,1045,live
1099925075976,782888,1046,1046,live
1099925075977,782888,1047,1047,live
1099925075978,782888,1048,1048,live
1099925075979,782888,1049,1049,live
1099925075980,782888,1050,1050,live
1099925075981,782888,1051,1051,live
1099925075982,782888,1052,1052,live
1099925075983,782888,1053,1053,live
1099925075984,782888,1054,1054,live
1099925075985,782888,1055,1055,live
1099925075986,782888,1056,1056,live
1099925075987,782888,1057,1057,live
1099925075988,782888,1058,1058,live
1099925075989,782888,1059,1059,live
1099925075990,782888,1060,1060,live
1099925075991,782888,1061,1061,live
1099925075992,782888,1062,1062,live
1099925075993,782888,1063,1063,live
1099925075994,782888,1064,1064,live
1099925075995,782888,1065,1065,live
1099925075996,782888,1066,1066,live
1099925075997,782888,1067,1067,live
1099925075998,782888,1068,1068,live
1099925075999,782888,1069,1069,live
1099925076000,782888,1070,1070,live
1099925076001,782888,1071,1071,live
1099925076002,782888,1072,1072,live
1099925076003,782888,1073,1073,live
1099925076004,782888,1074,1074,live
1099925076005,782888,1075,1075,live
1099925076006,782888,1076,1076,live
1099925076007,782888,1077,1077,live
1099925076008,782888,1078,1078,live
1099925076009,782888,1079,1079,live
1099925076010,782888,1080,1080,live
1099925076011,782888,1081,1081,live
1099925076012,782888,1082,1082,live
1099925076013,782888,1083,1083,live
1099925076014,782888,1084,1084,live
1099925076015,782888,1085,1085,live
1099925076016,782888,1086,1086,live
1099925076017,782888,1087,1087,live
1099925076018,782888,1088,1088,live
1099925076019,782888,1089,1089,live
1099925076020,782888,1090,1090,live
1099925076021,782888,1091,1091,live
1099925076022,782888,1092,1092,live
1099925076023,782888,1093,1093,live
1099925076024,782888,1094,1094,live
1099925076025,782888,1095,1095,live
1099925076026,782888,1096,1096,live
1099925076027,782888,1097,1097,live
1099925076028,782888,1098,1098,live
1099925076029,782888,1099,1099,live
1099925076030,782888,1100,1100,live
1099925076031,782888,1101,1101,live
1099925076032,782888,1102,1102,live
1099925076033,782888,1103,1103,live
1099925076034,782888,1104,1104,live
1099925076035,782888,1105,1105,live
1099925076036,782888,1106,1106,live
1099925076037,782888,1107,1107,live
1099925076038,782888,1108,1108,live
1099925076039,782888,1109,1109,live
1099925076040,782888,1110,1110,live
1099925076041,782888,1111,1111,live
1099925076042,782888,1112,1112,live
1099925076043,782888,1113,1113,live
1099925076044,782888,1114,1114,live
1099925076045,782888,1115,1115,live
1099925076046,782888,1116,1116,live
1099925076047,782888,1117,1117,live
1099925076048,782888,1118,1118,live
1099925076049,782888,1119,1119,live
1099925076050,782888,1120,1120,live
1099925076051,782888,1121,1121,live
1099925076052,782888,1122,1122,live
1099925076053,782888,1123,1123,live
1099925076054,782888,1124,1124,live
1099925076055,782888,1125,1125,live
1099925076056,782888,1126,1126,live
1099925076057,782888,1127,1127,live
1099925076058,782888,1128,1128,live
1099925076059,782888,1129,1129,live
1099925076060,782888,1130,1130,live
1099925076061,782888,1131,1131,live
1099925076062,782888,1132,1132,live
1099925076063,782888,1133,1133,live
1099925076064,782888,1134,1134,live
1099925076065,782888,1135,1135,live
1099925076066,782888,1136,1136,live
1099925076067,782888,1137,1137,live
1099925076068,782888,1138,1138,live
1099925076069,782888,1139,1139,live
1099925076070,782888,1140,1140,live
1099925076071,782888,1141,1141,live
1099925076072,782888,1142,1142,live
1099925076073,782888,1143,1143,live
1099925076074,782888,1144,1144,live
1099925076075,782888,1145,1145,live
1099925076076,782888,1146,1146,live
1099925076077,782888,1147,1147,live
1099925076078,782888,1148,1148,live
1099925076079,782888,1149,1149,live
1099925076080,782888,1150,1150,live
1099925076081,782888,1151,1151,live
1099925076082,782888,1152,1152,live
1099925076083,782888,1153,1153,live
1099925076084,782888,1154,1154,live
1099925076085,782888,1155,1155,live
1099925076086,782888,1156,1156,live
1099925076087,782888,1157,1157,live
1099925076088,782888,1158,1158,live
1099925076089,782888,1159,1159,live
1099925076090,782888,1160,1160,live
1099925076091,782888,1161,1161,live
1099925076092,782888,1162,1162,live
1099925076093,782888,1163,1163,live
1099925076094,782888,1164,1164,live
1099925076095,782888,1165,1165,live
1099925076096,782888,1166,1166,live
1099925076097,782888,1167,1167,live
1099925076098,782888,1168,1168,live
1099925076099,782888,1169,1169,live
1099925076100,782888,1170,1170,live
1099925076101,782888,1171,1171,live
1099925076102,782888,1172,1172,live
1099925076103,782888,1173,1173,live
1099925076104,782888,1174,1174,live
1099925076105,782888,1175,1175,live
1099925076106,782888,1176,1176,live
1099925076107,782888,1177,1177,live
1099925076108,782888,1178,1178,live
1099925076109,782888,1179,1179,live
1099925076110,782888,1180,1180,live
1099925076111,782888,1181,1181,live
1099925076112,782888,1182,1182,live
1099925076113,782888,1183,1183,live
1099925076114,782888,1184,1184,live
1099925076115,782888,1185,1185,live
1099925076116,782888,1186,1186,live
1099925076117,782888,1187,1187,live
1099925076118,782888,1188,1188,live
1099925076119,782888,1189,1189,live
1099925076120,782888,1190,1190,live
1099925076121,782888,1191,1191,live
1099925076122,782888,1192,1192,live
1099925076123,782888,1193,1193,live
1099925076124,782888,1194,1194,live
1099925076125,782888,1195,1195,live
1099925076126,782888,1196,1196,live
1099925076127,782888,1197,1197,live
1099925076128,782888,1198,1198,live
1099925076129,782888,1199,1199,live
1099925076130,782888,1200,1200,live
1099925076166,782888,1201,1201,live
1099925076167,782888,1202,1202,live
1099925076168,782888,1203,1203,live
1099925076169,782888,1204,1204,live
1099925076170,782888,1205,1205,live
1099925076171,782888,1206,1206,live
1099925076172,782888,1207,1207,live
1099925076173,782888,1208,1208,live
1099925076174,782888,1209,1209,live
1099925076175,782888,1210,1210,live
1099925076176,782888,1211,1211,live
1099925076177,782888,1212,1212,live
1099925076178,782888,1213,1213,live
1099925076179,782888,1214,1214,live
1099925076180,782888,1215,1215,live
1099925076181,782888,1216,1216,live
1099925076182,782888,1217,1217,live
1099925076183,782888,1218,1218,live
1099925076184,782888,1219,1219,live
1099925076185,782888,1220,1220,live
1099925076186,782888,1221,1221,live
1099925076187,782888,1222,1222,live
1099925076188,782888,1223,1223,live
1099925076189,782888,1224,1224,live
1099925076190,782888,1225,1225,live
1099925076191,782888,1226,1226,live
1099925076192,782888,1227,1227,live
1099925076193,782888,1228,1228,live
1099925076194,782888,1229,1229,live
1099925076195,782888,1230,1230,live
1099925076196,782888,1231,1231,live
1099925076197,782888,1232,1232,live
1099925076198,782888,1233,1233,live
1099925076199,782888,1234,1234,live
1099925076200,782888,1235,1235,live
1099925076201,782888,1236,1236,live
1099925076202,782888,1237,1237,live
1099925076203,782888,1238,1238,live
1099925076204,782888,1239,1239,live
1099925076205,782888,1240,1240,live
1099925076206,782888,1241,1241,live
1099925076207,782888,1242,1242,live
1099925076208,782888,1243,1243,live
1099925076209,782888,1244,1244,live
1099925076210,782888,1245,1245,live
1099925076211,782888,1246,1246,live
1099925076212,782888,1247,1247,live
1099925076213,782888,1248,1248,live
1099925076214,782888,1249,1249,live
1099925076215,782888,1250,1250,live
1099925076216,782888,1251,1251,live
1099925076217,782888,1252,1252,live
1099925076218,782888,1253,1253,live
1099925076219,782888,1254,1254,live
1099925076220,782888,1255,1255,live
1099925076221,782888,1256,1256,live
1099925076222,782888,1257,1257,live
1099925076223,782888,1258,1258,live
1099925076224,782888,1259,1259,live
1099925076225,782888,1260,1260,live
1099925076226,782888,1261,1261,live
1099925076227,782888,1262,1262,live
1099925076228,782888,1263,1263,live
1099925076229,782888,1264,1264,live
1099925076230,782888,1265,1265,live
1099925076231,782888,1266,1266,live
1099925076232,782888,1267,1267,live
1099925076233,782888,1268,1268,live
1099925076234,782888,1269,1269,live
1099925076235,782888,1270,1270,live
1099925076236,782888,1271,1271,live
1099925076237,782888,1272,1272,live
1099925076238,782888,1273,1273,live
1099925076239,782888,1274,1274,live
1099925076240,782888,1275,1275,live
1099925076241,782888,1276,1276,live
1099925076242,782888,1277,1277,live
1099925076243,782888,1278,1278,live
1099925076244,782888,1279,1279,live
1099925076245,782888,1280,1280,live
1099925076246,782888,1281,1281,live
1099925076247,782888,1282,1282,live
1099925076248,782888,1283,1283,live
1099925076249,782888,1284,1284,live
1099925076250,782888,1285,1285,live
1099925076251,782888,1286,1286,live
1099925076252,782888,1287,1287,live
1099925076253,782888,1288,1288,live
1099925076254,782888,1289,1289,live
1099925076255,782888,1290,1290,live
1099925076256,782888,1291,1291,live
1099925076257,782888,1292,1292,live
1099925076258,782888,1293,1293,live
1099925076259,782888,1294,1294,live
1099925076260,782888,1295,1295,live
1099925076261,782888,1296,1296,live
1099925076262,782888,1297,1297,live
1099925076263,782888,1298,1298,live
1099925076264,782888,1299,1299,live
1099925076265,782888,1300,1300,live
1099925076266,782888,1301,1301,live
1099925076267,782888,1302,1302,live
1099925076268,782888,1303,1303,live
1099925076269,782888,1304,1304,live
1099925076270,782888,1305,1305,live
1099925076271,782888,1306,1306,live
1099925076272,782888,1307,1307,live
1099925076273,782888,1308,1308,live
1099925076274,782888,1309,1309,live
1099925076275,782888,1310,1310,live
1099925076276,782888,1311,1311,live
1099925076277,782888,1312,1312,live
1099925076278,782888,1313,1313,live
1099925076279,782888,1314,1314,live
1099925076280,782888,1315,1315,live
1099925076281,782888,1316,1316,live
1099925076282,782888,1317,1317,live
1099925076283,782888,1318,1318,live
1099925076284,782888,1319,1319,live
1099925076285,782888,1320,1320,live
1099925076286,782888,1321,1321,live
1099925076287,782888,1322,1322,live
1099925076288,782888,1323,1323,live
1099925076289,782888,1324,1324,live
1099925076290,782888,1325,1325,live
1099925076291,782888,1326,1326,live
1099925076292,782888,1327,1327,live
1099925076293,782888,1328,1328,live
1099925076294,782888,1329,1329,live
1099925076295,782888,1330,1330,live
1099925076296,782888,1331,1331,live
1099925076297,782888,1332,1332,live
1099925076298,782888,1333,1333,live
1099925076299,782888,1334,1334,live
1099925076300,782888,1335,1335,live
1099925076301,782888,1336,1336,live
1099925076302,782888,1337,1337,live
1099925076303,782888,1338,1338,live
1099925076304,782888,1339,1339,live
1099925076305,782888,1340,1340,live
1099925076306,782888,1341,1341,live
1099925076307,782888,1342,1342,live
1099925076308,782888,1343,1343,live
1099925076309,782888,1344,1344,live
1099925076310,782888,1345,1345,live
1099925076311,782888,1346,1346,live
1099925076312,782888,1347,1347,live
1099925076313,782888,1348,1348,live
1099925076314,782888,1349,1349,live
1099925076315,782888,1350,1350,live
1099925076316,782888,1351,1351,live
1099925076317,782888,1352,1352,live
1099925076318,782888,1353,1353,live
1099925076319,782888,1354,1354,live
1099925076320,782888,1355,1355,live
1099925076321,782888,1356,1356,live
1099925076322,782888,1357,1357,live
1099925076323,782888,1358,1358,live
1099925076324,782888,1359,1359,live
1099925076325,782888,1360,1360,live
1099925076326,782888,1361,1361,live
1099925076327,782888,1362,1362,live
1099925076328,782888,1363,1363,live
1099925076329,782888,1364,1364,live
1099925076330,782888,1365,1365,live
1099925076331,782888,1366,1366,live
1099925076332,782888,1367,1367,live
1099925076333,782888,1368,1368,live
1099925076334,782888,1369,1369,live
1099925076335,782888,1370,1370,live
1099925076336,782888,1371,1371,live
1099925076337,782888,1372,1372,live
1099925076338,782888,1373,1373,live
1099925076339,782888,1374,1374,live
1099925076340,782888,1375,1375,live
1099925076341,782888,1376,1376,live
1099925076342,782888,1377,1377,live
1099925076343,782888,1378,1378,live
1099925076344,782888,1379,1379,live
1099925076345,782888,1380,1380,live
1099925076346,782888,1381,1381,live
1099925076347,782888,1382,1382,live
1099925076348,782888,1383,1383,live
1099925076349,782888,1384,1384,live
1099925076350,782888,1385,1385,live
1099925076351,782888,1386,1386,live
1099925076352,782888,1387,1387,live
1099925076353,782888,1388,1388,live
1099925076354,782888,1389,1389,live
1099925076355,782888,1390,1390,live
1099925076356,782888,1391,1391,live
1099925076357,782888,1392,1392,live
1099925076358,782888,1393,1393,live
1099925076359,782888,1394,1394,live
1099925076360,782888,1395,1395,live
1099925076361,782888,1396,1396,live
1099925076362,782888,1397,1397,live
1099925076363,782888,1398,1398,live
1099925076364,782888,1399,1399,live
1099925076365,782888,1400,1400,live
1099925076366,782888,1401,1401,live
1099925076367,782888,1402,1402,live
1099925076368,782888,1403,1403,live
1099925076369,782888,1404,1404,live
1099925076370,782888,1405,1405,live
1099925076371,782888,1406,1406,live
1099925076372,782888,1407,1407,live
1099925076373,782888,1408,1408,live
1099925076374,782888,1409,1409,live
1099925076375,782888,1410,1410,live
1099925076376,782888,1411,1411,live
1099925076377,782888,1412,1412,live
1099925076378,782888,1413,1413,live
1099925076379,782888,1414,1414,live
1099925076380,782888,1415,1415,live
1099925076381,782888,1416,1416,live
1099925076382,782888,1417,1417,live
1099925076383,782888,1418,1418,live
1099925076384,782888,1419,1419,live
1099925076385,782888,1420,1420,live
1099925076386,782888,1421,1421,live
1099925076387,782888,1422,1422,live
1099925076388,782888,1423,1423,live
1099925076389,782888,1424,1424,live
1099925076390,782888,1425,1425,live
1099925076391,782888,1426,1426,live
1099925076392,782888,1427,1427,live
1099925076393,782888,1428,1428,live
1099925076394,782888,1429,1429,live
1099925076395,782888,1430,1430,live
1099925076396,782888,1431,1431,live
1099925076397,782888,1432,1432,live
1099925076398,782888,1433,1433,live
1099925076399,782888,1434,1434,live
1099925076400,782888,1435,1435,live
1099925076401,782888,1436,1436,live
1099925076402,782888,1437,1437,live
1099925076403,782888,1438,1438,live
1099925076404,782888,1439,1439,live
1099925076405,782888,1440,1440,live
1099925076406,782888,1441,1441,live
1099925076407,782888,1442,1442,live
1099925076408,782888,1443,1443,live
1099925076409,782888,1444,1444,live
1099925076410,782888,1445,1445,live
1099925076411,782888,1446,1446,live
1099925076412,782888,1447,1447,live
1099925076413,782888,1448,1448,live
1099925076414,782888,1449,1449,live
1099925076415,782888,1450,1450,live
1099925076416,782888,1451,1451,live
1099925076417,782888,1452,1452,live
1099925076418,782888,1453,1453,live
1099925076419,782888,1454,1454,live
1099925076420,782888,1455,1455,live
1099925076421,782888,1456,1456,live
1099925076422,782888,1457,1457,live
1099925076423,782888,1458,1458,live
1099925076424,782888,1459,1459,live
1099925076425,782888,1460,1460,live
1099925076426,782888,1461,1461,live
1099925076427,782888,1462,1462,live
1099925076428,782888,1463,1463,live
1099925076429,782888,1464,1464,live
1099925076430,782888,1465,1465,live
1099925076431,782888,1466,1466,live
1099925076432,782888,1467,1467,live
1099925076433,782888,1468,1468,live
1099925076434,782888,1469,1469,live
1099925076435,782888,1470,1470,live
1099925076436,782888,1471,1471,live
1099925076437,782888,1472,1472,live
1099925076438,782888,1473,1473,live
1099925076439,782888,1474,1474,live
1099925076440,782888,1475,1475,live
1099925076441,782888,1476,1476,live
1099925076442,782888,1477,1477,live
1099925076443,782888,1478,1478,live
1099925076444,782888,1479,1479,live
1099925076445,782888,1480,1480,live
1099925076446,782888,1481,1481,live
1099925076447,782888,1482,1482,live
1099925076448,782888,1483,1483,live
1099925076449,782888,1484,1484,live
1099925076450,782888,1485,1485,live
1099925076451,782888,1486,1486,live
1099925076452,782888,1487,1487,live
1099925076453,782888,1488,1488,live
1099925076454,782888,1489,1489,live
1099925076455,782888,1490,1490,live
1099925076456,782888,1491,1491,live
1099925076457,782888,1492,1492,live
1099925076458,782888,1493,1493,live
1099925076459,782888,1494,1494,live
1099925076460,782888,1495,1495,live
1099925076461,782888,1496,1496,live
1099925076462,782888,1497,1497,live
1099925076463,782888,1498,1498,live
1099925076464,782888,1499,1499,live
1099925076465,782888,1500,1500,live
1099925076466,782888,1501,1501,live
1099925076467,782888,1502,1502,live
1099925076468,782888,1503,1503,live
1099925076469,782888,1504,1504,live
1099925076470,782888,1505,1505,live
1099925076471,782888,1506,1506,live
1099925076472,782888,1507,1507,live
1099925076473,782888,1508,1508,live
1099925076474,782888,1509,1509,live
1099925076475,782888,1510,1510,live
1099925076476,782888,1511,1511,live
1099925076477,782888,1512,1512,live
1099925076478,782888,1513,1513,live
1099925076479,782888,1514,1514,live
1099925076480,782888,1515,1515,live
1099925076481,782888,1516,1516,live
1099925076482,782888,1517,1517,live
1099925076483,782888,1518,1518,live
1099925076484,782888,1519,1519,live
1099925076485,782888,1520,1520,live
1099925076486,782888,1521,1521,live
1099925076487,782888,1522,1522,live
1099925076488,782888,1523,1523,live
1099925076489,782888,1524,1524,live
1099925076490,782888,1525,1525,live
1099925076491,782888,1526,1526,live
1099925076492,782888,1527,1527,live
1099925076493,782888,1528,1528,live
1099925076494,782888,1529,1529,live
1099925076495,782888,1530,1530,live
1099925076496,782888,1531,1531,live
1099925076497,782888,1532,1532,live
1099925076498,782888,1533,1533,live
1099925076499,782888,1534,1534,live
1099925076500,782888,1535,1535,live
1099925076501,782888,1536,1536,live
1099925076502,782888,1537,1537,live
1099925076503,782888,1538,1538,live
1099925076504,782888,1539,1539,live
1099925076505,782888,1540,1540,live
1099925076506,782888,1541,1541,live
1099925076507,782888,1542,1542,live
1099925076508,782888,1543,1543,live
1099925076509,782888,1544,1544,live
1099925076510,782888,1545,1545,live
1099925076511,782888,1546,1546,live
1099925076512,782888,1547,1547,live
1099925076513,782888,1548,1548,live
1099925076514,782888,1549,1549,live
1099925076515,782888,1550,1550,live
1099925076516,782888,1551,1551,live
1099925076517,782888,1552,1552,live
1099925076518,782888,1553,1553,live
1099925076519,782888,1554,1554,live
1099925076520,782888,1555,1555,live
1099925076521,782888,1556,1556,live
1099925076522,782888,1557,1557,live
1099925076523,782888,1558,1558,live
1099925076524,782888,1559,1559,live
1099925076525,782888,1560,1560,live
1099925076526,782888,1561,1561,live
1099925076527,782888,1562,1562,live
1099925076528,782888,1563,1563,live
1099925076529,782888,1564,1564,live
1099925076530,782888,1565,1565,live
1099925076531,782888,1566,1566,live
1099925076532,782888,1567,1567,live
1099925076533,782888,1568,1568,live
1099925076534,782888,1569,1569,live
1099925076535,782888,1570,1570,live
1099925076536,782888,1571,1571,live
1099925076537,782888,1572,1572,live
1099925076538,782888,1573,1573,live
1099925076539,782888,1574,1574,live
1099925076540,782888,1575,1575,live
1099925076541,782888,1576,1576,live
1099925076542,782888,1577,1577,live
1099925076543,782888,1578,1578,live
1099925076544,782888,1579,1579,live
1099925076545,782888,1580,1580,live
1099925076546,782888,1581,1581,live
1099925076547,782888,1582,1582,live
1099925076548,782888,1583,1583,live
1099925076549,782888,1584,1584,live
1099925076550,782888,1585,1585,live
1099925076551,782888,1586,1586,live
1099925076552,782888,1587,1587,live
1099925076553,782888,1588,1588,live
1099925076554,782888,1589,1589,live
1099925076555,782888,1590,1590,live
1099925076556,782888,1591,1591,live
1099925076557,782888,1592,1592,live
1099925076558,782888,1593,1593,live
1099925076559,782888,1594,1594,live
1099925076560,782888,1595,1595,live
1099925076561,782888,1596,1596,live
1099925076562,782888,1597,1597,live
1099925076563,782888,1598,1598,live
1099925076564,782888,1599,1599,live
1099925076565,782888,1600,1600,live
1099925076580,782888,1601,1601,live
1099925076581,782888,1602,1602,live
1099925076582,782888,1603,1603,live
1099925076583,782888,1604,1604,live
1099925076584,782888,1605,1605,live
1099925076585,782888,1606,1606,live
1099925076586,782888,1607,1607,live
1099925076587,782888,1608,1608,live
1099925076588,782888,1609,1609,live
1099925076589,782888,1610,1610,live
1099925076590,782888,1611,1611,live
1099925076591,782888,1612,1612,live
1099925076592,782888,1613,1613,live
1099925076593,782888,1614,1614,live
1099925076594,782888,1615,1615,live
1099925076595,782888,1616,1616,live
1099925076596,782888,1617,1617,live
1099925076597,782888,1618,1618,live
1099925076598,782888,1619,1619,live
1099925076599,782888,1620,1620,live
1099925076600,782888,1621,1621,live
1099925076601,782888,1622,1622,live
1099925076602,782888,1623,1623,live
1099925076603,782888,1624,1624,live
1099925076604,782888,1625,1625,live
1099925076605,782888,1626,1626,live
1099925076606,782888,1627,1627,live
1099925076607,782888,1628,1628,live
1099925076608,782888,1629,1629,live
1099925076609,782888,1630,1630,live
1099925076610,782888,1631,1631,live
1099925076611,782888,1632,1632,live
1099925076612,782888,1633,1633,live
1099925076613,782888,1634,1634,live
1099925076614,782888,1635,1635,live
1099925076615,782888,1636,1636,live
1099925076616,782888,1637,1637,live
1099925076617,782888,1638,1638,live
1099925076618,782888,1639,1639,live
1099925076619,782888,1640,1640,live
1099925076620,782888,1641,1641,live
1099925076621,782888,1642,1642,live
1099925076622,782888,1643,1643,live
1099925076623,782888,1644,1644,live
1099925076624,782888,1645,1645,live
1099925076625,782888,1646,1646,live
1099925076626,782888,1647,1647,live
1099925076627,782888,1648,1648,live
1099925076628,782888,1649,1649,live
1099925076629,782888,1650,1650,live
1099925076630,782888,1651,1651,live
1099925076631,782888,1652,1652,live
1099925076632,782888,1653,1653,live
1099925076633,782888,1654,1654,live
1099925076634,782888,1655,1655,live
1099925076635,782888,1656,1656,live
1099925076636,782888,1657,1657,live
1099925076637,782888,1658,1658,live
1099925076638,782888,1659,1659,live
1099925076639,782888,1660,1660,live
1099925076640,782888,1661,1661,live
1099925076641,782888,1662,1662,live
1099925076642,782888,1663,1663,live
1099925076643,782888,1664,1664,live
1099925076644,782888,1665,1665,live
1099925076645,782888,1666,1666,live
1099925076646,782888,1667,1667,live
1099925076647,782888,1668,1668,live
1099925076648,782888,1669,1669,live
1099925076649,782888,1670,1670,live
1099925076650,782888,1671,1671,live
1099925076651,782888,1672,1672,live
1099925076652,782888,1673,1673,live
1099925076653,782888,1674,1674,live
1099925076654,782888,1675,1675,live
1099925076655,782888,1676,1676,live
1099925076656,782888,1677,1677,live
1099925076657,782888,1678,1678,live
1099925076658,782888,1679,1679,live
1099925076659,782888,1680,1680,live
1099925076660,782888,1681,1681,live
1099925076661,782888,1682,1682,live
1099925076662,782888,1683,1683,live
1099925076663,782888,1684,1684,live
1099925076664,782888,1685,1685,live
1099925076665,782888,1686,1686,live
1099925076666,782888,1687,1687,live
1099925076667,782888,1688,1688,live
1099925076668,782888,1689,1689,live
1099925076669,782888,1690,1690,live
1099925076670,782888,1691,1691,live
1099925076671,782888,1692,1692,live
1099925076672,782888,1693,1693,live
1099925076673,782888,1694,1694,live
1099925076674,782888,1695,1695,live
1099925076675,782888,1696,1696,live
1099925076676,782888,1697,1697,live
1099925076677,782888,1698,1698,live
1099925076678,782888,1699,1699,live
1099925076679,782888,1700,1700,live
1099925076680,782888,1701,1701,live
1099925076681,782888,1702,1702,live
1099925076682,782888,1703,1703,live
1099925076683,782888,1704,1704,live
1099925076684,782888,1705,1705,live
1099925076685,782888,1706,1706,live
1099925076686,782888,1707,1707,live
1099925076687,782888,1708,1708,live
1099925076688,782888,1709,1709,live
1099925076689,782888,1710,1710,live
1099925076690,782888,1711,1711,live
1099925076691,782888,1712,1712,live
1099925076692,782888,1713,1713,live
1099925076693,782888,1714,1714,live
1099925076694,782888,1715,1715,live
1099925076695,782888,1716,1716,live
1099925076696,782888,1717,1717,live
1099925076697,782888,1718,1718,live
1099925076698,782888,1719,1719,live
1099925076699,782888,1720,1720,live
1099925076700,782888,1721,1721,live
1099925076701,782888,1722,1722,live
1099925076702,782888,1723,1723,live
1099925076703,782888,1724,1724,live
1099925076704,782888,1725,1725,live
1099925076705,782888,1726,1726,live
1099925076706,782888,1727,1727,live
1099925076707,782888,1728,1728,live
1099925076708,782888,1729,1729,live
1099925076709,782888,1730,1730,live
1099925076710,782888,1731,1731,live
1099925076711,782888,1732,1732,live
1099925076712,782888,1733,1733,live
1099925076713,782888,1734,1734,live
1099925076714,782888,1735,1735,live
1099925076715,782888,1736,1736,live
1099925076716,782888,1737,1737,live
1099925076717,782888,1738,1738,live
1099925076718,782888,1739,1739,live
1099925076719,782888,1740,1740,live
1099925076720,782888,1741,1741,live
1099925076721,782888,1742,1742,live
1099925076722,782888,1743,1743,live
1099925076723,782888,1744,1744,live
1099925076724,782888,1745,1745,live
1099925076725,782888,1746,1746,live
1099925076726,782888,1747,1747,live
1099925076727,782888,1748,1748,live
1099925076728,782888,1749,1749,live
1099925076729,782888,1750,1750,live
1099925076730,782888,1751,1751,live
1099925076731,782888,1752,1752,live
1099925076732,782888,1753,1753,live
1099925076733,782888,1754,1754,live
1099925076734,782888,1755,1755,live
1099925076735,782888,1756,1756,live
1099925076736,782888,1757,1757,live
1099925076737,782888,1758,1758,live
1099925076738,782888,1759,1759,live
1099925076739,782888,1760,1760,live
1099925076740,782888,1761,1761,live
1099925076741,782888,1762,1762,live
1099925076742,782888,1763,1763,live
1099925076743,782888,1764,1764,live
1099925076744,782888,1765,1765,live
1099925076745,782888,1766,1766,live
1099925076746,782888,1767,1767,live
1099925076747,782888,1768,1768,live
1099925076748,782888,1769,1769,live
1099925076749,782888,1770,1770,live
1099925076750,782888,1771,1771,live
1099925076751,782888,1772,1772,live
1099925076752,782888,1773,1773,live
1099925076753,782888,1774,1774,live
1099925076754,782888,1775,1775,live
1099925076755,782888,1776,1776,live
1099925076756,782888,1777,1777,live
1099925076757,782888,1778,1778,live
1099925076758,782888,1779,1779,live
1099925076759,782888,1780,1780,live
1099925076760,782888,1781,1781,live
1099925076761,782888,1782,1782,live
1099925076762,782888,1783,1783,live
1099925076763,782888,1784,1784,live
1099925076764,782888,1785,1785,live
1099925076765,782888,1786,1786,live
1099925076766,782888,1787,1787,live
1099925076767,782888,1788,1788,live
1099925076768,782888,1789,1789,live
1099925076769,782888,1790,1790,live
1099925076770,782888,1791,1791,live
1099925076771,782888,1792,1792,live
1099925076772,782888,1793,1793,live
1099925076773,782888,1794,1794,live
1099925076774,782888,1795,1795,live
1099925076775,782888,1796,1796,live
1099925076776,782888,1797,1797,live
1099925076777,782888,1798,1798,live
1099925076778,782888,1799,1799,live
1099925076779,782888,1800,1800,live
1099925076817,782888,1801,1801,live
1099925076818,782888,1802,1802,live
1099925076819,782888,1803,1803,live
1099925076820,782888,1804,1804,live
1099925076821,782888,1805,1805,live
1099925076822,782888,1806,1806,live
1099925076823,782888,1807,1807,live
1099925076824,782888,1808,1808,live
1099925076825,782888,1809,1809,live
1099925076826,782888,1810,1810,live
1099925076827,782888,1811,1811,live
1099925076828,782888,1812,1812,live
1099925076829,782888,1813,1813,live
1099925076830,782888,1814,1814,live
1099925076831,782888,1815,1815,live
1099925076832,782888,1816,1816,live
1099925076833,782888,1817,1817,live
1099925076834,782888,1818,1818,live
1099925076835,782888,1819,1819,live
1099925076836,782888,1820,1820,live
1099925076837,782888,1821,1821,live
1099925076838,782888,1822,1822,live
1099925076839,782888,1823,1823,live
1099925076840,782888,1824,1824,live
1099925076841,782888,1825,1825,live
1099925076842,782888,1826,1826,live
1099925076843,782888,1827,1827,live
1099925076844,782888,1828,1828,live
1099925076845,782888,1829,1829,live
1099925076846,782888,1830,1830,live
1099925076847,782888,1831,1831,live
1099925076848,782888,1832,1832,live
1099925076849,782888,1833,1833,live
1099925076850,782888,1834,1834,live
1099925076851,782888,1835,1835,live
1099925076852,782888,1836,1836,live
1099925076853,782888,1837,1837,live
1099925076854,782888,1838,1838,live
1099925076855,782888,1839,1839,live
1099925076856,782888,1840,1840,live
1099925076857,782888,1841,1841,live
1099925076858,782888,1842,1842,live
1099925076859,782888,1843,1843,live
1099925076860,782888,1844,1844,live
1099925076861,782888,1845,1845,live
1099925076862,782888,1846,1846,live
1099925076863,782888,1847,1847,live
1099925076864,782888,1848,1848,live
1099925076865,782888,1849,1849,live
1099925076866,782888,1850,1850,live
1099925076867,782888,1851,1851,live
1099925076868,782888,1852,1852,live
1099925076869,782888,1853,1853,live
1099925076870,782888,1854,1854,live
1099925076871,782888,1855,1855,live
1099925076872,782888,1856,1856,live
1099925076873,782888,1857,1857,live
1099925076874,782888,1858,1858,live
1099925076875,782888,1859,1859,live
1099925076876,782888,1860,1860,live
1099925076877,782888,1861,1861,live
1099925076878,782888,1862,1862,live
1099925076879,782888,1863,1863,live
1099925076880,782888,1864,1864,live
1099925076881,782888,1865,1865,live
1099925076882,782888,1866,1866,live
1099925076883,782888,1867,1867,live
1099925076884,782888,1868,1868,live
1099925076885,782888,1869,1869,live
1099925076886,782888,1870,1870,live
1099925076887,782888,1871,1871,live
1099925076888,782888,1872,1872,live
1099925076889,782888,1873,1873,live
1099925076890,782888,1874,1874,live
1099925076891,782888,1875,1875,live
1099925076892,782888,1876,1876,live
1099925076893,782888,1877,1877,live
1099925076894,782888,1878,1878,live
1099925076895,782888,1879,1879,live
1099925076896,782888,1880,1880,live
1099925076897,782888,1881,1881,live
1099925076898,782888,1882,1882,live
1099925076899,782888,1883,1883,live
1099925076900,782888,1884,1884,live
1099925076901,782888,1885,1885,live
1099925076902,782888,1886,1886,live
1099925076903,782888,1887,1887,live
1099925076904,782888,1888,1888,live
1099925076905,782888,1889,1889,live
1099925076906,782888,1890,1890,live
1099925076907,782888,1891,1891,live
1099925076908,782888,1892,1892,live
1099925076909,782888,1893,1893,live
1099925076910,782888,1894,1894,live
1099925076911,782888,1895,1895,live
1099925076912,782888,1896,1896,live
1099925076913,782888,1897,1897,live
1099925076914,782888,1898,1898,live
1099925076915,782888,1899,1899,live
1099925076916,782888,1900,1900,live
1099925076917,782888,1901,1901,live
1099925076918,782888,1902,1902,live
1099925076919,782888,1903,1903,live
1099925076920,782888,1904,1904,live
1099925076921,782888,1905,1905,live
1099925076922,782888,1906,1906,live
1099925076923,782888,1907,1907,live
1099925076924,782888,1908,1908,live
1099925076925,782888,1909,1909,live
1099925076926,782888,1910,1910,live
1099925076927,782888,1911,1911,live
1099925076928,782888,1912,1912,live
1099925076929,782888,1913,1913,live
1099925076930,782888,1914,1914,live
1099925076931,782888,1915,1915,live
1099925076932,782888,1916,1916,live
1099925076933,782888,1917,1917,live
1099925076934,782888,1918,1918,live
1099925076935,782888,1919,1919,live
1099925076936,782888,1920,1920,live
1099925076937,782888,1921,1921,live
1099925076938,782888,1922,1922,live
1099925076939,782888,1923,1923,live
1099925076940,782888,1924,1924,live
1099925076941,782888,1925,1925,live
1099925076942,782888,1926,1926,live
1099925076943,782888,1927,1927,live
1099925076944,782888,1928,1928,live
1099925076945,782888,1929,1929,live
1099925076946,782888,1930,1930,live
1099925076947,782888,1931,1931,live
1099925076948,782888,1932,1932,live
1099925076949,782888,1933,1933,live
1099925076950,782888,1934,1934,live
1099925076951,782888,1935,1935,live
1099925076952,782888,1936,1936,live
1099925076953,782888,1937,1937,live
1099925076954,782888,1938,1938,live
1099925076955,782888,1939,1939,live
1099925076956,782888,1940,1940,live
1099925076957,782888,1941,1941,live
1099925076958,782888,1942,1942,live
1099925076959,782888,1943,1943,live
1099925076960,782888,1944,1944,live
1099925076961,782888,1945,1945,live
1099925076962,782888,1946,1946,live
1099925076963,782888,1947,1947,live
1099925076964,782888,1948,1948,live
1099925076965,782888,1949,1949,live
1099925076966,782888,1950,1950,live
1099925076967,782888,1951,1951,live
1099925076968,782888,1952,1952,live
1099925076969,782888,1953,1953,live
1099925076970,782888,1954,1954,live
1099925076971,782888,1955,1955,live
1099925076972,782888,1956,1956,live
1099925076973,782888,1957,1957,live
1099925076974,782888,1958,1958,live
1099925076975,782888,1959,1959,live
1099925076976,782888,1960,1960,live
1099925076977,782888,1961,1961,live
1099925076978,782888,1962,1962,live
1099925076979,782888,1963,1963,live
1099925076980,782888,1964,1964,live
1099925076981,782888,1965,1965,live
1099925076982,782888,1966,1966,live
1099925076983,782888,1967,1967,live
1099925076984,782888,1968,1968,live
1099925076985,782888,1969,1969,live
1099925076986,782888,1970,1970,live
1099925076987,782888,1971,1971,live
1099925076988,782888,1972,1972,live
1099925076989,782888,1973,1973,live
1099925076990,782888,1974,1974,live
1099925076991,782888,1975,1975,live
1099925076992,782888,1976,1976,live
1099925076993,782888,1977,1977,live
1099925076994,782888,1978,1978,live
1099925076995,782888,1979,1979,live
1099925076996,782888,1980,1980,live
1099925076997,782888,1981,1981,live
1099925076998,782888,1982,1982,live
1099925076999,782888,1983,1983,live
1099925077000,782888,1984,1984,live
1099925077001,782888,1985,1985,live
1099925077002,782888,1986,1986,live
1099925077003,782888,1987,1987,live
1099925077004,782888,1988,1988,live
1099925077005,782888,1989,1989,live
1099925077006,782888,1990,1990,live
1099925077007,782888,1991,1991,live
1099925077008,782888,1992,1992,live
1099925077009,782888,1993,1993,live
1099925077010,782888,1994,1994,live
1099925077011,782888,1995,1995,live
1099925077012,782888,1996,1996,live
1099925077013,782888,1997,1997,live
1099925077014,782888,1998,1998,live
1099925077015,782888,1999,1999,live
1099925077016,782888,2000,2000,live
1099925077067,782888,2001,2001,live
1099925077068,782888,2002,2002,live
1099925077069,782888,2003,2003,live
1099925077070,782888,2004,2004,live
1099925077071,782888,2005,2005,live
1099925077072,782888,2006,2006,live
1099925077073,782888,2007,2007,live
1099925077074,782888,2008,2008,live
1099925077075,782888,2009,2009,live
1099925077076,782888,2010,2010,live
1099925077077,782888,2011,2011,live
1099925077078,782888,2012,2012,live
1099925077079,782888,2013,2013,live
1099925077080,782888,2014,2014,live
1099925077081,782888,2015,2015,live
1099925077082,782888,2016,2016,live
1099925077083,782888,2017,2017,live
1099925077084,782888,2018,2018,live
1099925077085,782888,2019,2019,live
1099925077086,782888,2020,2020,live
1099925077087,782888,2021,2021,live
1099925077088,782888,2022,2022,live
1099925077089,782888,2023,2023,live
1099925077090,782888,2024,2024,live
1099925077091,782888,2025,2025,live
1099925077092,782888,2026,2026,live
1099925077093,782888,2027,2027,live
1099925077094,782888,2028,2028,live
1099925077095,782888,2029,2029,live
1099925077096,782888,2030,2030,live
1099925077097,782888,2031,2031,live
1099925077098,782888,2032,2032,live
1099925077099,782888,2033,2033,live
1099925077100,782888,2034,2034,live
1099925077101,782888,2035,2035,live
1099925077102,782888,2036,2036,live
1099925077103,782888,2037,2037,live
1099925077104,782888,2038,2038,live
1099925077105,782888,2039,2039,live
1099925077106,782888,2040,2040,live
1099925077107,782888,2041,2041,live
1099925077108,782888,2042,2042,live
1099925077109,782888,2043,2043,live
1099925077110,782888,2044,2044,live
1099925077111,782888,2045,2045,live
1099925077112,782888,2046,2046,live
1099925077113,782888,2047,2047,live
1099925077114,782888,2048,2048,live
1099925077115,782888,2049,2049,live
1099925077116,782888,2050,2050,live
1099925077117,782888,2051,2051,live
1099925077118,782888,2052,2052,live
1099925077119,782888,2053,2053,live
1099925077120,782888,2054,2054,live
1099925077121,782888,2055,2055,live
1099925077122,782888,2056,2056,live
1099925077123,782888,2057,2057,live
1099925077124,782888,2058,2058,live
1099925077125,782888,2059,2059,live
1099925077126,782888,2060,2060,live
1099925077127,782888,2061,2061,live
1099925077128,782888,2062,2062,live
1099925077129,782888,2063,2063,live
1099925077130,782888,2064,2064,live
1099925077131,782888,2065,2065,live
1099925077132,782888,2066,2066,live
1099925077133,782888,2067,2067,live
1099925077134,782888,2068,2068,live
1099925077135,782888,2069,2069,live
1099925077136,782888,2070,2070,live
1099925077137,782888,2071,2071,live
1099925077138,782888,2072,2072,live
1099925077139,782888,2073,2073,live
1099925077140,782888,2074,2074,live
1099925077141,782888,2075,2075,live
1099925077142,782888,2076,2076,live
1099925077143,782888,2077,2077,live
1099925077144,782888,2078,2078,live
1099925077145,782888,2079,2079,live
1099925077146,782888,2080,2080,live
1099925077147,782888,2081,2081,live
1099925077148,782888,2082,2082,live
1099925077149,782888,2083,2083,live
1099925077150,782888,2084,2084,live
1099925077151,782888,2085,2085,live
1099925077152,782888,2086,2086,live
1099925077153,782888,2087,2087,live
1099925077154,782888,2088,2088,live
1099925077155,782888,2089,2089,live
1099925077156,782888,2090,2090,live
1099925077157,782888,2091,2091,live
1099925077158,782888,2092,2092,live
1099925077159,782888,2093,2093,live
1099925077160,782888,2094,2094,live
1099925077161,782888,2095,2095,live
1099925077162,782888,2096,2096,live
1099925077163,782888,2097,2097,live
1099925077164,782888,2098,2098,live
1099925077165,782888,2099,2099,live
1099925077166,782888,2100,2100,live
1099925077167,782888,2101,2101,live
1099925077168,782888,2102,2102,live
1099925077169,782888,2103,2103,live
1099925077170,782888,2104,2104,live
1099925077171,782888,2105,2105,live
1099925077172,782888,2106,2106,live
1099925077173,782888,2107,2107,live
1099925077174,782888,2108,2108,live
1099925077175,782888,2109,2109,live
1099925077176,782888,2110,2110,live
1099925077177,782888,2111,2111,live
1099925077178,782888,2112,2112,live
1099925077179,782888,2113,2113,live
1099925077180,782888,2114,2114,live
1099925077181,782888,2115,2115,live
1099925077182,782888,2116,2116,live
1099925077183,782888,2117,2117,live
1099925077184,782888,2118,2118,live
1099925077185,782888,2119,2119,live
1099925077186,782888,2120,2120,live
1099925077187,782888,2121,2121,live
1099925077188,782888,2122,2122,live
1099925077189,782888,2123,2123,live
1099925077190,782888,2124,2124,live
1099925077191,782888,2125,2125,live
1099925077192,782888,2126,2126,live
1099925077193,782888,2127,2127,live
1099925077194,782888,2128,2128,live
1099925077195,782888,2129,2129,live
1099925077196,782888,2130,2130,live
1099925077197,782888,2131,2131,live
1099925077198,782888,2132,2132,live
1099925077199,782888,2133,2133,live
1099925077200,782888,2134,2134,live
1099925077201,782888,2135,2135,live
1099925077202,782888,2136,2136,live
1099925077203,782888,2137,2137,live
1099925077204,782888,2138,2138,live
1099925077205,782888,2139,2139,live
1099925077206,782888,2140,2140,live
1099925077207,782888,2141,2141,live
1099925077208,782888,2142,2142,live
1099925077209,782888,2143,2143,live
1099925077210,782888,2144,2144,live
1099925077211,782888,2145,2145,live
1099925077212,782888,2146,2146,live
1099925077213,782888,2147,2147,live
1099925077214,782888,2148,2148,live
1099925077215,782888,2149,2149,live
1099925077216,782888,2150,2150,live
1099925077217,782888,2151,2151,live
1099925077218,782888,2152,2152,live
1099925077219,782888,2153,2153,live
1099925077220,782888,2154,2154,live
1099925077221,782888,2155,2155,live
1099925077222,782888,2156,2156,live
1099925077223,782888,2157,2157,live
1099925077224,782888,2158,2158,live
1099925077225,782888,2159,2159,live
1099925077226,782888,2160,2160,live
1099925077227,782888,2161,2161,live
1099925077228,782888,2162,2162,live
1099925077229,782888,2163,2163,live
1099925077230,782888,2164,2164,live
1099925077231,782888,2165,2165,live
1099925077232,782888,2166,2166,live
1099925077233,782888,2167,2167,live
1099925077234,782888,2168,2168,live
1099925077235,782888,2169,2169,live
1099925077236,782888,2170,2170,live
1099925077237,782888,2171,2171,live
1099925077238,782888,2172,2172,live
1099925077239,782888,2173,2173,live
1099925077240,782888,2174,2174,live
1099925077241,782888,2175,2175,live
1099925077242,782888,2176,2176,live
1099925077243,782888,2177,2177,live
1099925077244,782888,2178,2178,live
1099925077245,782888,2179,2179,live
1099925077246,782888,2180,2180,live
1099925077247,782888,2181,2181,live
1099925077248,782888,2182,2182,live
1099925077249,782888,2183,2183,live
1099925077250,782888,2184,2184,live
1099925077251,782888,2185,2185,live
1099925077252,782888,2186,2186,live
1099925077253,782888,2187,2187,live
1099925077254,782888,2188,2188,live
1099925077255,782888,2189,2189,live
1099925077256,782888,2190,2190,live
1099925077257,782888,2191,2191,live
1099925077258,782888,2192,2192,live
1099925077259,782888,2193,2193,live
1099925077260,782888,2194,2194,live
1099925077261,782888,2195,2195,live
1099925077262,782888,2196,2196,live
1099925077263,782888,2197,2197,live
1099925077264,782888,2198,2198,live
1099925077265,782888,2199,2199,live
1099925077266,782888,2200,2200,live
1099925077290,782888,2201,2201,live
1099925077291,782888,2202,2202,live
1099925077292,782888,2203,2203,live
1099925077293,782888,2204,2204,live
1099925077294,782888,2205,2205,live
1099925077295,782888,2206,2206,live
1099925077296,782888,2207,2207,live
1099925077297,782888,2208,2208,live
1099925077298,782888,2209,2209,live
1099925077299,782888,2210,2210,live
1099925077300,782888,2211,2211,live
1099925077301,782888,2212,2212,live
1099925077302,782888,2213,2213,live
1099925077303,782888,2214,2214,live
1099925077304,782888,2215,2215,live
1099925077305,782888,2216,2216,live
1099925077306,782888,2217,2217,live
1099925077307,782888,2218,2218,live
1099925077308,782888,2219,2219,live
1099925077309,782888,2220,2220,live
1099925077310,782888,2221,2221,live
1099925077311,782888,2222,2222,live
1099925077312,782888,2223,2223,live
1099925077313,782888,2224,2224,live
1099925077314,782888,2225,2225,live
1099925077315,782888,2226,2226,live
1099925077316,782888,2227,2227,live
1099925077317,782888,2228,2228,live
1099925077318,782888,2229,2229,live
1099925077319,782888,2230,2230,live
1099925077320,782888,2231,2231,live
1099925077321,782888,2232,2232,live
1099925077322,782888,2233,2233,live
1099925077323,782888,2234,2234,live
1099925077324,782888,2235,2235,live
1099925077325,782888,2236,2236,live
1099925077326,782888,2237,2237,live
1099925077327,782888,2238,2238,live
1099925077328,782888,2239,2239,live
1099925077329,782888,2240,2240,live
1099925077330,782888,2241,2241,live
1099925077331,782888,2242,2242,live
1099925077332,782888,2243,2243,live
1099925077333,782888,2244,2244,live
1099925077334,782888,2245,2245,live
1099925077335,782888,2246,2246,live
1099925077336,782888,2247,2247,live
1099925077337,782888,2248,2248,live
1099925077338,782888,2249,2249,live
1099925077339,782888,2250,2250,live
1099925077340,782888,2251,2251,live
1099925077341,782888,2252,2252,live
1099925077342,782888,2253,2253,live
1099925077343,782888,2254,2254,live
1099925077344,782888,2255,2255,live
1099925077345,782888,2256,2256,live
1099925077346,782888,2257,2257,live
1099925077347,782888,2258,2258,live
1099925077348,782888,2259,2259,live
1099925077349,782888,2260,2260,live
1099925077350,782888,2261,2261,live
1099925077351,782888,2262,2262,live
1099925077352,782888,2263,2263,live
1099925077353,782888,2264,2264,live
1099925077354,782888,2265,2265,live
1099925077355,782888,2266,2266,live
1099925077356,782888,2267,2267,live
1099925077357,782888,2268,2268,live
1099925077358,782888,2269,2269,live
1099925077359,782888,2270,2270,live
1099925077360,782888,2271,2271,live
1099925077361,782888,2272,2272,live
1099925077362,782888,2273,2273,live
1099925077363,782888,2274,2274,live
1099925077364,782888,2275,2275,live
1099925077365,782888,2276,2276,live
1099925077366,782888,2277,2277,live
1099925077367,782888,2278,2278,live
1099925077368,782888,2279,2279,live
1099925077369,782888,2280,2280,live
1099925077370,782888,2281,2281,live
1099925077371,782888,2282,2282,live
1099925077372,782888,2283,2283,live
1099925077373,782888,2284,2284,live
1099925077374,782888,2285,2285,live
1099925077375,782888,2286,2286,live
1099925077376,782888,2287,2287,live
1099925077377,782888,2288,2288,live
1099925077378,782888,2289,2289,live
1099925077379,782888,2290,2290,live
1099925077380,782888,2291,2291,live
1099925077381,782888,2292,2292,live
1099925077382,782888,2293,2293,live
1099925077383,782888,2294,2294,live
1099925077384,782888,2295,2295,live
1099925077385,782888,2296,2296,live
1099925077386,782888,2297,2297,live
1099925077387,782888,2298,2298,live
1099925077388,782888,2299,2299,live
1099925077389,782888,2300,2300,live
1099925077390,782888,2301,2301,live
1099925077391,782888,2302,2302,live
1099925077392,782888,2303,2303,live
1099925077393,782888,2304,2304,live
1099925077394,782888,2305,2305,live
1099925077395,782888,2306,2306,live
1099925077396,782888,2307,2307,live
1099925077397,782888,2308,2308,live
1099925077398,782888,2309,2309,live
1099925077399,782888,2310,2310,live
1099925077400,782888,2311,2311,live
1099925077401,782888,2312,2312,live
1099925077402,782888,2313,2313,live
1099925077403,782888,2314,2314,live
1099925077404,782888,2315,2315,live
1099925077405,782888,2316,2316,live
1099925077406,782888,2317,2317,live
1099925077407,782888,2318,2318,live
1099925077408,782888,2319,2319,live
1099925077409,782888,2320,2320,live
1099925077410,782888,2321,2321,live
1099925077411,782888,2322,2322,live
1099925077412,782888,2323,2323,live
1099925077413,782888,2324,2324,live
1099925077414,782888,2325,2325,live
1099925077415,782888,2326,2326,live
1099925077416,782888,2327,2327,live
1099925077417,782888,2328,2328,live
1099925077418,782888,2329,2329,live
1099925077419,782888,2330,2330,live
1099925077420,782888,2331,2331,live
1099925077421,782888,2332,2332,live
1099925077422,782888,2333,2333,live
1099925077423,782888,2334,2334,live
1099925077424,782888,2335,2335,live
1099925077425,782888,2336,2336,live
1099925077426,782888,2337,2337,live
1099925077427,782888,2338,2338,live
1099925077428,782888,2339,2339,live
1099925077429,782888,2340,2340,live
1099925077430,782888,2341,2341,live
1099925077431,782888,2342,2342,live
1099925077432,782888,2343,2343,live
1099925077433,782888,2344,2344,live
1099925077434,782888,2345,2345,live
1099925077435,782888,2346,2346,live
1099925077436,782888,2347,2347,live
1099925077437,782888,2348,2348,live
1099925077438,782888,2349,2349,live
1099925077439,782888,2350,2350,live
1099925077440,782888,2351,2351,live
1099925077441,782888,2352,2352,live
1099925077442,782888,2353,2353,live
1099925077443,782888,2354,2354,live
1099925077444,782888,2355,2355,live
1099925077445,782888,2356,2356,live
1099925077446,782888,2357,2357,live
1099925077447,782888,2358,2358,live
1099925077448,782888,2359,2359,live
1099925077449,782888,2360,2360,live
1099925077450,782888,2361,2361,live
1099925077451,782888,2362,2362,live
1099925077452,782888,2363,2363,live
1099925077453,782888,2364,2364,live
1099925077454,782888,2365,2365,live
1099925077455,782888,2366,2366,live
1099925077456,782888,2367,2367,live
1099925077457,782888,2368,2368,live
1099925077458,782888,2369,2369,live
1099925077459,782888,2370,2370,live
1099925077460,782888,2371,2371,live
1099925077461,782888,2372,2372,live
1099925077462,782888,2373,2373,live
1099925077463,782888,2374,2374,live
1099925077464,782888,2375,2375,live
1099925077465,782888,2376,2376,live
1099925077466,782888,2377,2377,live
1099925077467,782888,2378,2378,live
1099925077468,782888,2379,2379,live
1099925077469,782888,2380,2380,live
1099925077470,782888,2381,2381,live
1099925077471,782888,2382,2382,live
1099925077472,782888,2383,2383,live
1099925077473,782888,2384,2384,live
1099925077474,782888,2385,2385,live
1099925077475,782888,2386,2386,live
1099925077476,782888,2387,2387,live
1099925077477,782888,2388,2388,live
1099925077478,782888,2389,2389,live
1099925077479,782888,2390,2390,live
1099925077480,782888,2391,2391,live
1099925077481,782888,2392,2392,live
1099925077482,782888,2393,2393,live
1099925077483,782888,2394,2394,live
1099925077484,782888,2395,2395,live
1099925077485,782888,2396,2396,live
1099925077486,782888,2397,2397,live
1099925077487,782888,2398,2398,live
1099925077488,782888,2399,2399,live
1099925077489,782888,2400,2400,live
1099925077492,782888,2401,2401,live
1099925077493,782888,2402,2402,live
1099925077494,782888,2403,2403,live
1099925077495,782888,2404,2404,live
1099925077496,782888,2405,2405,live
1099925077497,782888,2406,2406,live
1099925077498,782888,2407,2407,live
1099925077499,782888,2408,2408,live
1099925077500,782888,2409,2409,live
1099925077501,782888,2410,2410,live
1099925077502,782888,2411,2411,live
1099925077503,782888,2412,2412,live
1099925077504,782888,2413,2413,live
1099925077505,782888,2414,2414,live
1099925077506,782888,2415,2415,live
1099925077507,782888,2416,2416,live
1099925077508,782888,2417,2417,live
1099925077509,782888,2418,2418,live
1099925077510,782888,2419,2419,live
1099925077511,782888,2420,2420,live
1099925077512,782888,2421,2421,live
1099925077513,782888,2422,2422,live
1099925077514,782888,2423,2423,live
1099925077515,782888,2424,2424,live
1099925077516,782888,2425,2425,live
1099925077517,782888,2426,2426,live
1099925077518,782888,2427,2427,live
1099925077519,782888,2428,2428,live
1099925077520,782888,2429,2429,live
1099925077521,782888,2430,2430,live
1099925077522,782888,2431,2431,live
1099925077523,782888,2432,2432,live
1099925077524,782888,2433,2433,live
1099925077525,782888,2434,2434,live
1099925077526,782888,2435,2435,live
1099925077527,782888,2436,2436,live
1099925077528,782888,2437,2437,live
1099925077529,782888,2438,2438,live
1099925077530,782888,2439,2439,live
1099925077531,782888,2440,2440,live
1099925077532,782888,2441,2441,live
1099925077533,782888,2442,2442,live
1099925077534,782888,2443,2443,live
1099925077535,782888,2444,2444,live
1099925077536,782888,2445,2445,live
1099925077537,782888,2446,2446,live
1099925077538,782888,2447,2447,live
1099925077539,782888,2448,2448,live
1099925077540,782888,2449,2449,live
1099925077541,782888,2450,2450,live
1099925077542,782888,2451,2451,live
1099925077543,782888,2452,2452,live
1099925077544,782888,2453,2453,live
1099925077545,782888,2454,2454,live
1099925077546,782888,2455,2455,live
1099925077547,782888,2456,2456,live
1099925077548,782888,2457,2457,live
1099925077549,782888,2458,2458,live
1099925077550,782888,2459,2459,live
1099925077551,782888,2460,2460,live
1099925077552,782888,2461,2461,live
1099925077553,782888,2462,2462,live
1099925077554,782888,2463,2463,live
1099925077555,782888,2464,2464,live
1099925077556,782888,2465,2465,live
1099925077557,782888,2466,2466,live
1099925077558,782888,2467,2467,live
1099925077559,782888,2468,2468,live
1099925077560,782888,2469,2469,live
1099925077561,782888,2470,2470,live
1099925077562,782888,2471,2471,live
1099925077563,782888,2472,2472,live
1099925077564,782888,2473,2473,live
1099925077565,782888,2474,2474,live
1099925077566,782888,2475,2475,live
1099925077567,782888,2476,2476,live
1099925077568,782888,2477,2477,live
1099925077569,782888,2478,2478,live
1099925077570,782888,2479,2479,live
1099925077571,782888,2480,2480,live
1099925077572,782888,2481,2481,live
1099925077573,782888,2482,2482,live
1099925077574,782888,2483,2483,live
1099925077575,782888,2484,2484,live
1099925077576,782888,2485,2485,live
1099925077577,782888,2486,2486,live
1099925077578,782888,2487,2487,live
1099925077579,782888,2488,2488,live
1099925077580,782888,2489,2489,live
1099925077581,782888,2490,2490,live
1099925077582,782888,2491,2491,live
1099925077583,782888,2492,2492,live
1099925077584,782888,2493,2493,live
1099925077585,782888,2494,2494,live
1099925077586,782888,2495,2495,live
1099925077587,782888,2496,2496,live
1099925077588,782888,2497,2497,live
1099925077589,782888,2498,2498,live
1099925077590,782888,2499,2499,live
1099925077591,782888,2500,2500,live
1099925077592,782888,2501,2501,live
1099925077593,782888,2502,2502,live
1099925077594,782888,2503,2503,live
1099925077595,782888,2504,2504,live
1099925077596,782888,2505,2505,live
1099925077597,782888,2506,2506,live
1099925077598,782888,2507,2507,live
1099925077599,782888,2508,2508,live
1099925077600,782888,2509,2509,live
1099925077601,782888,2510,2510,live
1099925077602,782888,2511,2511,live
1099925077603,782888,2512,2512,live
1099925077604,782888,2513,2513,live
1099925077605,782888,2514,2514,live
1099925077606,782888,2515,2515,live
1099925077607,782888,2516,2516,live
1099925077608,782888,2517,2517,live
1099925077609,782888,2518,2518,live
1099925077610,782888,2519,2519,live
1099925077611,782888,2520,2520,live
1099925077612,782888,2521,2521,live
1099925077613,782888,2522,2522,live
1099925077614,782888,2523,2523,live
1099925077615,782888,2524,2524,live
1099925077616,782888,2525,2525,live
1099925077617,782888,2526,2526,live
1099925077618,782888,2527,2527,live
1099925077619,782888,2528,2528,live
1099925077620,782888,2529,2529,live
1099925077621,782888,2530,2530,live
1099925077622,782888,2531,2531,live
1099925077623,782888,2532,2532,live
1099925077624,782888,2533,2533,live
1099925077625,782888,2534,2534,live
1099925077626,782888,2535,2535,live
1099925077627,782888,2536,2536,live
1099925077628,782888,2537,2537,live
1099925077629,782888,2538,2538,live
1099925077630,782888,2539,2539,live
1099925077631,782888,2540,2540,live
1099925077632,782888,2541,2541,live
1099925077633,782888,2542,2542,live
1099925077634,782888,2543,2543,live
1099925077635,782888,2544,2544,live
1099925077636,782888,2545,2545,live
1099925077637,782888,2546,2546,live
1099925077638,782888,2547,2547,live
1099925077639,782888,2548,2548,live
1099925077640,782888,2549,2549,live
1099925077641,782888,2550,2550,live
1099925077642,782888,2551,2551,live
1099925077643,782888,2552,2552,live
1099925077644,782888,2553,2553,live
1099925077645,782888,2554,2554,live
1099925077646,782888,2555,2555,live
1099925077647,782888,2556,2556,live
1099925077648,782888,2557,2557,live
1099925077649,782888,2558,2558,live
1099925077650,782888,2559,2559,live
1099925077651,782888,2560,2560,live
1099925077652,782888,2561,2561,live
1099925077653,782888,2562,2562,live
1099925077654,782888,2563,2563,live
1099925077655,782888,2564,2564,live
1099925077656,782888,2565,2565,live
1099925077657,782888,2566,2566,live
1099925077658,782888,2567,2567,live
1099925077659,782888,2568,2568,live
1099925077660,782888,2569,2569,live
1099925077661,782888,2570,2570,live
1099925077662,782888,2571,2571,live
1099925077663,782888,2572,2572,live
1099925077664,782888,2573,2573,live
1099925077665,782888,2574,2574,live
1099925077666,782888,2575,2575,live
1099925077667,782888,2576,2576,live
1099925077668,782888,2577,2577,live
1099925077669,782888,2578,2578,live
1099925077670,782888,2579,2579,live
1099925077671,782888,2580,2580,live
1099925077672,782888,2581,2581,live
1099925077673,782888,2582,2582,live
1099925077674,782888,2583,2583,live
1099925077675,782888,2584,2584,live
1099925077676,782888,2585,2585,live
1099925077677,782888,2586,2586,live
1099925077678,782888,2587,2587,live
1099925077679,782888,2588,2588,live
1099925077680,782888,2589,2589,live
1099925077681,782888,2590,2590,live
1099925077682,782888,2591,2591,live
1099925077683,782888,2592,2592,live
1099925077684,782888,2593,2593,live
1099925077685,782888,2594,2594,live
1099925077686,782888,2595,2595,live
1099925077687,782888,2596,2596,live
1099925077688,782888,2597,2597,live
1099925077689,782888,2598,2598,live
1099925077690,782888,2599,2599,live
1099925077691,782888,2600,2600,live
1099925077735,782888,2601,2601,live
1099925077736,782888,2602,2602,live
1099925077737,782888,2603,2603,live
1099925077738,782888,2604,2604,live
1099925077739,782888,2605,2605,live
1099925077740,782888,2606,2606,live
1099925077741,782888,2607,2607,live
1099925077742,782888,2608,2608,live
1099925077743,782888,2609,2609,live
1099925077744,782888,2610,2610,live
1099925077745,782888,2611,2611,live
1099925077746,782888,2612,2612,live
1099925077747,782888,2613,2613,live
1099925077748,782888,2614,2614,live
1099925077749,782888,2615,2615,live
1099925077750,782888,2616,2616,live
1099925077751,782888,2617,2617,live
1099925077752,782888,2618,2618,live
1099925077753,782888,2619,2619,live
1099925077754,782888,2620,2620,live
1099925077755,782888,2621,2621,live
1099925077756,782888,2622,2622,live
1099925077757,782888,2623,2623,live
1099925077758,782888,2624,2624,live
1099925077759,782888,2625,2625,live
1099925077760,782888,2626,2626,live
1099925077761,782888,2627,2627,live
1099925077762,782888,2628,2628,live
1099925077763,782888,2629,2629,live
1099925077764,782888,2630,2630,live
1099925077765,782888,2631,2631,live
1099925077766,782888,2632,2632,live
1099925077767,782888,2633,2633,live
1099925077768,782888,2634,2634,live
1099925077769,782888,2635,2635,live
1099925077770,782888,2636,2636,live
1099925077771,782888,2637,2637,live
1099925077772,782888,2638,2638,live
1099925077773,782888,2639,2639,live
1099925077774,782888,2640,2640,live
1099925077775,782888,2641,2641,live
1099925077776,782888,2642,2642,live
1099925077777,782888,2643,2643,live
1099925077778,782888,2644,2644,live
1099925077779,782888,2645,2645,live
1099925077780,782888,2646,2646,live
1099925077781,782888,2647,2647,live
1099925077782,782888,2648,2648,live
1099925077783,782888,2649,2649,live
1099925077784,782888,2650,2650,live
1099925077785,782888,2651,2651,live
1099925077786,782888,2652,2652,live
1099925077787,782888,2653,2653,live
1099925077788,782888,2654,2654,live
1099925077789,782888,2655,2655,live
1099925077790,782888,2656,2656,live
1099925077791,782888,2657,2657,live
1099925077792,782888,2658,2658,live
1099925077793,782888,2659,2659,live
1099925077794,782888,2660,2660,live
1099925077795,782888,2661,2661,live
1099925077796,782888,2662,2662,live
1099925077797,782888,2663,2663,live
1099925077798,782888,2664,2664,live
1099925077799,782888,2665,2665,live
1099925077800,782888,2666,2666,live
1099925077801,782888,2667,2667,live
1099925077802,782888,2668,2668,live
1099925077803,782888,2669,2669,live
1099925077804,782888,2670,2670,live
1099925077805,782888,2671,2671,live
1099925077806,782888,2672,2672,live
1099925077807,782888,2673,2673,live
1099925077808,782888,2674,2674,live
1099925077809,782888,2675,2675,live
1099925077810,782888,2676,2676,live
1099925077811,782888,2677,2677,live
1099925077812,782888,2678,2678,live
1099925077813,782888,2679,2679,live
1099925077814,782888,2680,2680,live
1099925077815,782888,2681,2681,live
1099925077816,782888,2682,2682,live
1099925077817,782888,2683,2683,live
1099925077818,782888,2684,2684,live
1099925077819,782888,2685,2685,live
1099925077820,782888,2686,2686,live
1099925077821,782888,2687,2687,live
1099925077822,782888,2688,2688,live
1099925077823,782888,2689,2689,live
1099925077824,782888,2690,2690,live
1099925077825,782888,2691,2691,live
1099925077826,782888,2692,2692,live
1099925077827,782888,2693,2693,live
1099925077828,782888,2694,2694,live
1099925077829,782888,2695,2695,live
1099925077830,782888,2696,2696,live
1099925077831,782888,2697,2697,live
1099925077832,782888,2698,2698,live
1099925077833,782888,2699,2699,live
1099925077834,782888,2700,2700,live
1099925077835,782888,2701,2701,live
1099925077836,782888,2702,2702,live
1099925077837,782888,2703,2703,live
1099925077838,782888,2704,2704,live
1099925077839,782888,2705,2705,live
1099925077840,782888,2706,2706,live
1099925077841,782888,2707,2707,live
1099925077842,782888,2708,2708,live
1099925077843,782888,2709,2709,live
1099925077844,782888,2710,2710,live
1099925077845,782888,2711,2711,live
1099925077846,782888,2712,2712,live
1099925077847,782888,2713,2713,live
1099925077848,782888,2714,2714,live
1099925077849,782888,2715,2715,live
1099925077850,782888,2716,2716,live
1099925077851,782888,2717,2717,live
1099925077852,782888,2718,2718,live
1099925077853,782888,2719,2719,live
1099925077854,782888,2720,2720,live
1099925077855,782888,2721,2721,live
1099925077856,782888,2722,2722,live
1099925077857,782888,2723,2723,live
1099925077858,782888,2724,2724,live
1099925077859,782888,2725,2725,live
1099925077860,782888,2726,2726,live
1099925077861,782888,2727,2727,live
1099925077862,782888,2728,2728,live
1099925077863,782888,2729,2729,live
1099925077864,782888,2730,2730,live
1099925077865,782888,2731,2731,live
1099925077866,782888,2732,2732,live
1099925077867,782888,2733,2733,live
1099925077868,782888,2734,2734,live
1099925077869,782888,2735,2735,live
1099925077870,782888,2736,2736,live
1099925077871,782888,2737,2737,live
1099925077872,782888,2738,2738,live
1099925077873,782888,2739,2739,live
1099925077874,782888,2740,2740,live
1099925077875,782888,2741,2741,live
1099925077876,782888,2742,2742,live
1099925077877,782888,2743,2743,live
1099925077878,782888,2744,2744,live
1099925077879,782888,2745,2745,live
1099925077880,782888,2746,2746,live
1099925077881,782888,2747,2747,live
1099925077882,782888,2748,2748,live
1099925077883,782888,2749,2749,live
1099925077884,782888,2750,2750,live
1099925077885,782888,2751,2751,live
1099925077886,782888,2752,2752,live
1099925077887,782888,2753,2753,live
1099925077888,782888,2754,2754,live
1099925077889,782888,2755,2755,live
1099925077890,782888,2756,2756,live
1099925077891,782888,2757,2757,live
1099925077892,782888,2758,2758,live
1099925077893,782888,2759,2759,live
1099925077894,782888,2760,2760,live
1099925077895,782888,2761,2761,live
1099925077896,782888,2762,2762,live
1099925077897,782888,2763,2763,live
1099925077898,782888,2764,2764,live
1099925077899,782888,2765,2765,live
1099925077900,782888,2766,2766,live
1099925077901,782888,2767,2767,live
1099925077902,782888,2768,2768,live
1099925077903,782888,2769,2769,live
1099925077904,782888,2770,2770,live
1099925077905,782888,2771,2771,live
1099925077906,782888,2772,2772,live
1099925077907,782888,2773,2773,live
1099925077908,782888,2774,2774,live
1099925077909,782888,2775,2775,live
1099925077910,782888,2776,2776,live
1099925077911,782888,2777,2777,live
1099925077912,782888,2778,2778,live
1099925077913,782888,2779,2779,live
1099925077914,782888,2780,2780,live
1099925077915,782888,2781,2781,live
1099925077916,782888,2782,2782,live
1099925077917,782888,2783,2783,live
1099925077918,782888,2784,2784,live
1099925077919,782888,2785,2785,live
1099925077920,782888,2786,2786,live
1099925077921,782888,2787,2787,live
1099925077922,782888,2788,2788,live
1099925077923,782888,2789,2789,live
1099925077924,782888,2790,2790,live
1099925077925,782888,2791,2791,live
1099925077926,782888,2792,2792,live
1099925077927,782888,2793,2793,live
1099925077928,782888,2794,2794,live
1099925077929,782888,2795,2795,live
1099925077930,782888,2796,2796,live
1099925077931,782888,2797,2797,live
1099925077932,782888,2798,2798,live
1099925077933,782888,2799,2799,live
1099925077934,782888,2800,2800,live
1099925077971,782888,2801,2801,live
1099925077972,782888,2802,2802,live
1099925077973,782888,2803,2803,live
1099925077974,782888,2804,2804,live
1099925077975,782888,2805,2805,live
1099925077976,782888,2806,2806,live
1099925077977,782888,2807,2807,live
1099925077978,782888,2808,2808,live
1099925077979,782888,2809,2809,live
1099925077980,782888,2810,2810,live
1099925077981,782888,2811,2811,live
1099925077982,782888,2812,2812,live
1099925077983,782888,2813,2813,live
1099925077984,782888,2814,2814,live
1099925077985,782888,2815,2815,live
1099925077986,782888,2816,2816,live
1099925077987,782888,2817,2817,live
1099925077988,782888,2818,2818,live
1099925077989,782888,2819,2819,live
1099925077990,782888,2820,2820,live
1099925077991,782888,2821,2821,live
1099925077992,782888,2822,2822,live
1099925077993,782888,2823,2823,live
1099925077994,782888,2824,2824,live
1099925077995,782888,2825,2825,live
1099925077996,782888,2826,2826,live
1099925077997,782888,2827,2827,live
1099925077998,782888,2828,2828,live
1099925077999,782888,2829,2829,live
1099925078000,782888,2830,2830,live
1099925078001,782888,2831,2831,live
1099925078002,782888,2832,2832,live
1099925078003,782888,2833,2833,live
1099925078004,782888,2834,2834,live
1099925078005,782888,2835,2835,live
1099925078006,782888,2836,2836,live
1099925078007,782888,2837,2837,live
1099925078008,782888,2838,2838,live
1099925078009,782888,2839,2839,live
1099925078010,782888,2840,2840,live
1099925078011,782888,2841,2841,live
1099925078012,782888,2842,2842,live
1099925078013,782888,2843,2843,live
1099925078014,782888,2844,2844,live
1099925078015,782888,2845,2845,live
1099925078016,782888,2846,2846,live
1099925078017,782888,2847,2847,live
1099925078018,782888,2848,2848,live
1099925078019,782888,2849,2849,live
1099925078020,782888,2850,2850,live
1099925078021,782888,2851,2851,live
1099925078022,782888,2852,2852,live
1099925078023,782888,2853,2853,live
1099925078024,782888,2854,2854,live
1099925078025,782888,2855,2855,live
1099925078026,782888,2856,2856,live
1099925078027,782888,2857,2857,live
1099925078028,782888,2858,2858,live
1099925078029,782888,2859,2859,live
1099925078030,782888,2860,2860,live
1099925078031,782888,2861,2861,live
1099925078032,782888,2862,2862,live
1099925078033,782888,2863,2863,live
1099925078034,782888,2864,2864,live
1099925078035,782888,2865,2865,live
1099925078036,782888,2866,2866,live
1099925078037,782888,2867,2867,live
1099925078038,782888,2868,2868,live
1099925078039,782888,2869,2869,live
1099925078040,782888,2870,2870,live
1099925078041,782888,2871,2871,live
1099925078042,782888,2872,2872,live
1099925078043,782888,2873,2873,live
1099925078044,782888,2874,2874,live
1099925078045,782888,2875,2875,live
1099925078046,782888,2876,2876,live
1099925078047,782888,2877,2877,live
1099925078048,782888,2878,2878,live
1099925078049,782888,2879,2879,live
1099925078050,782888,2880,2880,live
1099925078051,782888,2881,2881,live
1099925078052,782888,2882,2882,live
1099925078053,782888,2883,2883,live
1099925078054,782888,2884,2884,live
1099925078055,782888,2885,2885,live
1099925078056,782888,2886,2886,live
1099925078057,782888,2887,2887,live
1099925078058,782888,2888,2888,live
1099925078059,782888,2889,2889,live
1099925078060,782888,2890,2890,live
1099925078061,782888,2891,2891,live
1099925078062,782888,2892,2892,live
1099925078063,782888,2893,2893,live
1099925078064,782888,2894,2894,live
1099925078065,782888,2895,2895,live
1099925078066,782888,2896,2896,live
1099925078067,782888,2897,2897,live
1099925078068,782888,2898,2898,live
1099925078069,782888,2899,2899,live
1099925078070,782888,2900,2900,live
1099925078071,782888,2901,2901,live
1099925078072,782888,2902,2902,live
1099925078073,782888,2903,2903,live
1099925078074,782888,2904,2904,live
1099925078075,782888,2905,2905,live
1099925078076,782888,2906,2906,live
1099925078077,782888,2907,2907,live
1099925078078,782888,2908,2908,live
1099925078079,782888,2909,2909,live
1099925078080,782888,2910,2910,live
1099925078081,782888,2911,2911,live
1099925078082,782888,2912,2912,live
1099925078083,782888,2913,2913,live
1099925078084,782888,2914,2914,live
1099925078085,782888,2915,2915,live
1099925078086,782888,2916,2916,live
1099925078087,782888,2917,2917,live
1099925078088,782888,2918,2918,live
1099925078089,782888,2919,2919,live
1099925078090,782888,2920,2920,live
1099925078091,782888,2921,2921,live
1099925078092,782888,2922,2922,live
1099925078093,782888,2923,2923,live
1099925078094,782888,2924,2924,live
1099925078095,782888,2925,2925,live
1099925078096,782888,2926,2926,live
1099925078097,782888,2927,2927,live
1099925078098,782888,2928,2928,live
1099925078099,782888,2929,2929,live
1099925078100,782888,2930,2930,live
1099925078101,782888,2931,2931,live
1099925078102,782888,2932,2932,live
1099925078103,782888,2933,2933,live
1099925078104,782888,2934,2934,live
1099925078105,782888,2935,2935,live
1099925078106,782888,2936,2936,live
1099925078107,782888,2937,2937,live
1099925078108,782888,2938,2938,live
1099925078109,782888,2939,2939,live
1099925078110,782888,2940,2940,live
1099925078111,782888,2941,2941,live
1099925078112,782888,2942,2942,live
1099925078113,782888,2943,2943,live
1099925078114,782888,2944,2944,live
1099925078115,782888,2945,2945,live
1099925078116,782888,2946,2946,live
1099925078117,782888,2947,2947,live
1099925078118,782888,2948,2948,live
1099925078119,782888,2949,2949,live
1099925078120,782888,2950,2950,live
1099925078121,782888,2951,2951,live
1099925078122,782888,2952,2952,live
1099925078123,782888,2953,2953,live
1099925078124,782888,2954,2954,live
1099925078125,782888,2955,2955,live
1099925078126,782888,2956,2956,live
1099925078127,782888,2957,2957,live
1099925078128,782888,2958,2958,live
1099925078129,782888,2959,2959,live
1099925078130,782888,2960,2960,live
1099925078131,782888,2961,2961,live
1099925078132,782888,2962,2962,live
1099925078133,782888,2963,2963,live
1099925078134,782888,2964,2964,live
1099925078135,782888,2965,2965,live
1099925078136,782888,2966,2966,live
1099925078137,782888,2967,2967,live
1099925078138,782888,2968,2968,live
1099925078139,782888,2969,2969,live
1099925078140,782888,2970,2970,live
1099925078141,782888,2971,2971,live
1099925078142,782888,2972,2972,live
1099925078143,782888,2973,2973,live
1099925078144,782888,2974,2974,live
1099925078145,782888,2975,2975,live
1099925078146,782888,2976,2976,live
1099925078147,782888,2977,2977,live
1099925078148,782888,2978,2978,live
1099925078149,782888,2979,2979,live
1099925078150,782888,2980,2980,live
1099925078151,782888,2981,2981,live
1099925078152,782888,2982,2982,live
1099925078153,782888,2983,2983,live
1099925078154,782888,2984,2984,live
1099925078155,782888,2985,2985,live
1099925078156,782888,2986,2986,live
1099925078157,782888,2987,2987,live
1099925078158,782888,2988,2988,live
1099925078159,782888,2989,2989,live
1099925078160,782888,2990,2990,live
1099925078161,782888,2991,2991,live
1099925078162,782888,2992,2992,live
1099925078163,782888,2993,2993,live
1099925078164,782888,2994,2994,live
1099925078165,782888,2995,2995,live
1099925078166,782888,2996,2996,live
1099925078167,782888,2997,2997,live
1099925078168,782888,2998,2998,live
1099925078169,782888,2999,2999,live
1099925078170,782888,3000,3000,live
1099925078171,782888,3001,3001,live
1099925078172,782888,3002,3002,live
1099925078173,782888,3003,3003,live
1099925078174,782888,3004,3004,live
1099925078175,782888,3005,3005,live
1099925078176,782888,3006,3006,live
1099925078177,782888,3007,3007,live
1099925078178,782888,3008,3008,live
1099925078179,782888,3009,3009,live
1099925078180,782888,3010,3010,live
1099925078181,782888,3011,3011,live
1099925078182,782888,3012,3012,live
1099925078183,782888,3013,3013,live
1099925078184,782888,3014,3014,live
1099925078185,782888,3015,3015,live
1099925078186,782888,3016,3016,live
1099925078187,782888,3017,3017,live
1099925078188,782888,3018,3018,live
1099925078189,782888,3019,3019,live
1099925078190,782888,3020,3020,live
1099925078191,782888,3021,3021,live
1099925078192,782888,3022,3022,live
1099925078193,782888,3023,3023,live
1099925078194,782888,3024,3024,live
1099925078195,782888,3025,3025,live
1099925078196,782888,3026,3026,live
1099925078197,782888,3027,3027,live
1099925078198,782888,3028,3028,live
1099925078199,782888,3029,3029,live
1099925078200,782888,3030,3030,live
1099925078201,782888,3031,3031,live
1099925078202,782888,3032,3032,live
1099925078203,782888,3033,3033,live
1099925078204,782888,3034,3034,live
1099925078205,782888,3035,3035,live
1099925078206,782888,3036,3036,live
1099925078207,782888,3037,3037,live
1099925078208,782888,3038,3038,live
1099925078209,782888,3039,3039,live
1099925078210,782888,3040,3040,live
1099925078211,782888,3041,3041,live
1099925078212,782888,3042,3042,live
1099925078213,782888,3043,3043,live
1099925078214,782888,3044,3044,live
1099925078215,782888,3045,3045,live
1099925078216,782888,3046,3046,live
1099925078217,782888,3047,3047,live
1099925078218,782888,3048,3048,live
1099925078219,782888,3049,3049,live
1099925078220,782888,3050,3050,live
1099925078221,782888,3051,3051,live
1099925078222,782888,3052,3052,live
1099925078223,782888,3053,3053,live
1099925078224,782888,3054,3054,live
1099925078225,782888,3055,3055,live
1099925078226,782888,3056,3056,live
1099925078227,782888,3057,3057,live
1099925078228,782888,3058,3058,live
1099925078229,782888,3059,3059,live
1099925078230,782888,3060,3060,live
1099925078231,782888,3061,3061,live
1099925078232,782888,3062,3062,live
1099925078233,782888,3063,3063,live
1099925078234,782888,3064,3064,live
1099925078235,782888,3065,3065,live
1099925078236,782888,3066,3066,live
1099925078237,782888,3067,3067,live
1099925078238,782888,3068,3068,live
1099925078239,782888,3069,3069,live
1099925078240,782888,3070,3070,live
1099925078241,782888,3071,3071,live
1099925078242,782888,3072,3072,live
1099925078243,782888,3073,3073,live
1099925078244,782888,3074,3074,live
1099925078245,782888,3075,3075,live
1099925078246,782888,3076,3076,live
1099925078247,782888,3077,3077,live
1099925078248,782888,3078,3078,live
1099925078249,782888,3079,3079,live
1099925078250,782888,3080,3080,live
1099925078251,782888,3081,3081,live
1099925078252,782888,3082,3082,live
1099925078253,782888,3083,3083,live
1099925078254,782888,3084,3084,live
1099925078255,782888,3085,3085,live
1099925078256,782888,3086,3086,live
1099925078257,782888,3087,3087,live
1099925078258,782888,3088,3088,live
1099925078259,782888,3089,3089,live
1099925078260,782888,3090,3090,live
1099925078261,782888,3091,3091,live
1099925078262,782888,3092,3092,live
1099925078263,782888,3093,3093,live
1099925078264,782888,3094,3094,live
1099925078265,782888,3095,3095,live
1099925078266,782888,3096,3096,live
1099925078267,782888,3097,3097,live
1099925078268,782888,3098,3098,live
1099925078269,782888,3099,3099,live
1099925078270,782888,3100,3100,live
1099925078271,782888,3101,3101,live
1099925078272,782888,3102,3102,live
1099925078273,782888,3103,3103,live
1099925078274,782888,3104,3104,live
1099925078275,782888,3105,3105,live
1099925078276,782888,3106,3106,live
1099925078277,782888,3107,3107,live
1099925078278,782888,3108,3108,live
1099925078279,782888,3109,3109,live
1099925078280,782888,3110,3110,live
1099925078281,782888,3111,3111,live
1099925078282,782888,3112,3112,live
1099925078283,782888,3113,3113,live
1099925078284,782888,3114,3114,live
1099925078285,782888,3115,3115,live
1099925078286,782888,3116,3116,live
1099925078287,782888,3117,3117,live
1099925078288,782888,3118,3118,live
1099925078289,782888,3119,3119,live
1099925078290,782888,3120,3120,live
1099925078291,782888,3121,3121,live
1099925078292,782888,3122,3122,live
1099925078293,782888,3123,3123,live
1099925078294,782888,3124,3124,live
1099925078295,782888,3125,3125,live
1099925078296,782888,3126,3126,live
1099925078297,782888,3127,3127,live
1099925078298,782888,3128,3128,live
1099925078299,782888,3129,3129,live
1099925078300,782888,3130,3130,live
1099925078301,782888,3131,3131,live
1099925078302,782888,3132,3132,live
1099925078303,782888,3133,3133,live
1099925078304,782888,3134,3134,live
1099925078305,782888,3135,3135,live
1099925078306,782888,3136,3136,live
1099925078307,782888,3137,3137,live
1099925078308,782888,3138,3138,live
1099925078309,782888,3139,3139,live
1099925078310,782888,3140,3140,live
1099925078311,782888,3141,3141,live
1099925078312,782888,3142,3142,live
1099925078313,782888,3143,3143,live
1099925078314,782888,3144,3144,live
1099925078315,782888,3145,3145,live
1099925078316,782888,3146,3146,live
1099925078317,782888,3147,3147,live
1099925078318,782888,3148,3148,live
1099925078319,782888,3149,3149,live
1099925078320,782888,3150,3150,live
1099925078321,782888,3151,3151,live
1099925078322,782888,3152,3152,live
1099925078323,782888,3153,3153,live
1099925078324,782888,3154,3154,live
1099925078325,782888,3155,3155,live
1099925078326,782888,3156,3156,live
1099925078327,782888,3157,3157,live
1099925078328,782888,3158,3158,live
1099925078329,782888,3159,3159,live
1099925078330,782888,3160,3160,live
1099925078331,782888,3161,3161,live
1099925078332,782888,3162,3162,live
1099925078333,782888,3163,3163,live
1099925078334,782888,3164,3164,live
1099925078335,782888,3165,3165,live
1099925078336,782888,3166,3166,live
1099925078337,782888,3167,3167,live
1099925078338,782888,3168,3168,live
1099925078339,782888,3169,3169,live
1099925078340,782888,3170,3170,live
1099925078341,782888,3171,3171,live
1099925078342,782888,3172,3172,live
1099925078343,782888,3173,3173,live
1099925078344,782888,3174,3174,live
1099925078345,782888,3175,3175,live
1099925078346,782888,3176,3176,live
1099925078347,782888,3177,3177,live
1099925078348,782888,3178,3178,live
1099925078349,782888,3179,3179,live
1099925078350,782888,3180,3180,live
1099925078351,782888,3181,3181,live
1099925078352,782888,3182,3182,live
1099925078353,782888,3183,3183,live
1099925078354,782888,3184,3184,live
1099925078355,782888,3185,3185,live
1099925078356,782888,3186,3186,live
1099925078357,782888,3187,3187,live
1099925078358,782888,3188,3188,live
1099925078359,782888,3189,3189,live
1099925078360,782888,3190,3190,live
1099925078361,782888,3191,3191,live
1099925078362,782888,3192,3192,live
1099925078363,782888,3193,3193,live
1099925078364,782888,3194,3194,live
1099925078365,782888,3195,3195,live
1099925078366,782888,3196,3196,live
1099925078367,782888,3197,3197,live
1099925078368,782888,3198,3198,live
1099925078369,782888,3199,3199,live
1099925078370,782888,3200,3200,live
1099925078372,782888,3201,3201,live
1099925078373,782888,3202,3202,live
1099925078374,782888,3203,3203,live
1099925078375,782888,3204,3204,live
1099925078376,782888,3205,3205,live
1099925078377,782888,3206,3206,live
1099925078378,782888,3207,3207,live
1099925078379,782888,3208,3208,live
1099925078380,782888,3209,3209,live
1099925078381,782888,3210,3210,live
1099925078382,782888,3211,3211,live
1099925078383,782888,3212,3212,live
1099925078384,782888,3213,3213,live
1099925078385,782888,3214,3214,live
1099925078386,782888,3215,3215,live
1099925078387,782888,3216,3216,live
1099925078388,782888,3217,3217,live
1099925078389,782888,3218,3218,live
1099925078390,782888,3219,3219,live
1099925078391,782888,3220,3220,live
1099925078392,782888,3221,3221,live
1099925078393,782888,3222,3222,live
1099925078394,782888,3223,3223,live
1099925078395,782888,3224,3224,live
1099925078396,782888,3225,3225,live
1099925078397,782888,3226,3226,live
1099925078398,782888,3227,3227,live
1099925078399,782888,3228,3228,live
1099925078400,782888,3229,3229,live
1099925078401,782888,3230,3230,live
1099925078402,782888,3231,3231,live
1099925078403,782888,3232,3232,live
1099925078404,782888,3233,3233,live
1099925078405,782888,3234,3234,live
1099925078406,782888,3235,3235,live
1099925078407,782888,3236,3236,live
1099925078408,782888,3237,3237,live
1099925078409,782888,3238,3238,live
1099925078410,782888,3239,3239,live
1099925078411,782888,3240,3240,live
1099925078412,782888,3241,3241,live
1099925078413,782888,3242,3242,live
1099925078414,782888,3243,3243,live
1099925078415,782888,3244,3244,live
1099925078416,782888,3245,3245,live
1099925078417,782888,3246,3246,live
1099925078418,782888,3247,3247,live
1099925078419,782888,3248,3248,live
1099925078420,782888,3249,3249,live
1099925078421,782888,3250,3250,live
1099925078422,782888,3251,3251,live
1099925078423,782888,3252,3252,live
1099925078424,782888,3253,3253,live
1099925078425,782888,3254,3254,live
1099925078426,782888,3255,3255,live
1099925078427,782888,3256,3256,live
1099925078428,782888,3257,3257,live
1099925078429,782888,3258,3258,live
1099925078430,782888,3259,3259,live
1099925078431,782888,3260,3260,live
1099925078432,782888,3261,3261,live
1099925078433,782888,3262,3262,live
1099925078434,782888,3263,3263,live
1099925078435,782888,3264,3264,live
1099925078436,782888,3265,3265,live
1099925078437,782888,3266,3266,live
1099925078438,782888,3267,3267,live
1099925078439,782888,3268,3268,live
1099925078440,782888,3269,3269,live
1099925078441,782888,3270,3270,live
1099925078442,782888,3271,3271,live
1099925078443,782888,3272,3272,live
1099925078444,782888,3273,3273,live
1099925078445,782888,3274,3274,live
1099925078446,782888,3275,3275,live
1099925078447,782888,3276,3276,live
1099925078448,782888,3277,3277,live
1099925078449,782888,3278,3278,live
1099925078450,782888,3279,3279,live
1099925078451,782888,3280,3280,live
1099925078452,782888,3281,3281,live
1099925078453,782888,3282,3282,live
1099925078454,782888,3283,3283,live
1099925078455,782888,3284,3284,live
1099925078456,782888,3285,3285,live
1099925078457,782888,3286,3286,live
1099925078458,782888,3287,3287,live
1099925078459,782888,3288,3288,live
1099925078460,782888,3289,3289,live
1099925078461,782888,3290,3290,live
1099925078462,782888,3291,3291,live
1099925078463,782888,3292,3292,live
1099925078464,782888,3293,3293,live
1099925078465,782888,3294,3294,live
1099925078466,782888,3295,3295,live
1099925078467,782888,3296,3296,live
1099925078468,782888,3297,3297,live
1099925078469,782888,3298,3298,live
1099925078470,782888,3299,3299,live
1099925078471,782888,3300,3300,live
1099925078472,782888,3301,3301,live
1099925078473,782888,3302,3302,live
1099925078474,782888,3303,3303,live
1099925078475,782888,3304,3304,live
1099925078476,782888,3305,3305,live
1099925078477,782888,3306,3306,live
1099925078478,782888,3307,3307,live
1099925078479,782888,3308,3308,live
1099925078480,782888,3309,3309,live
1099925078481,782888,3310,3310,live
1099925078482,782888,3311,3311,live
1099925078483,782888,3312,3312,live
1099925078484,782888,3313,3313,live
1099925078485,782888,3314,3314,live
1099925078486,782888,3315,3315,live
1099925078487,782888,3316,3316,live
1099925078488,782888,3317,3317,live
1099925078489,782888,3318,3318,live
1099925078490,782888,3319,3319,live
1099925078491,782888,3320,3320,live
1099925078492,782888,3321,3321,live
1099925078493,782888,3322,3322,live
1099925078494,782888,3323,3323,live
1099925078495,782888,3324,3324,live
1099925078496,782888,3325,3325,live
1099925078497,782888,3326,3326,live
1099925078498,782888,3327,3327,live
1099925078499,782888,3328,3328,live
1099925078500,782888,3329,3329,live
1099925078501,782888,3330,3330,live
1099925078502,782888,3331,3331,live
1099925078503,782888,3332,3332,live
1099925078504,782888,3333,3333,live
1099925078505,782888,3334,3334,live
1099925078506,782888,3335,3335,live
1099925078507,782888,3336,3336,live
1099925078508,782888,3337,3337,live
1099925078509,782888,3338,3338,live
1099925078510,782888,3339,3339,live
1099925078511,782888,3340,3340,live
1099925078512,782888,3341,3341,live
1099925078513,782888,3342,3342,live
1099925078514,782888,3343,3343,live
1099925078515,782888,3344,3344,live
1099925078516,782888,3345,3345,live
1099925078517,782888,3346,3346,live
1099925078518,782888,3347,3347,live
1099925078519,782888,3348,3348,live
1099925078520,782888,3349,3349,live
1099925078521,782888,3350,3350,live
1099925078522,782888,3351,3351,live
1099925078523,782888,3352,3352,live
1099925078524,782888,3353,3353,live
1099925078525,782888,3354,3354,live
1099925078526,782888,3355,3355,live
1099925078527,782888,3356,3356,live
1099925078528,782888,3357,3357,live
1099925078529,782888,3358,3358,live
1099925078530,782888,3359,3359,live
1099925078531,782888,3360,3360,live
1099925078532,782888,3361,3361,live
1099925078533,782888,3362,3362,live
1099925078534,782888,3363,3363,live
1099925078535,782888,3364,3364,live
1099925078536,782888,3365,3365,live
1099925078537,782888,3366,3366,live
1099925078538,782888,3367,3367,live
1099925078539,782888,3368,3368,live
1099925078540,782888,3369,3369,live
1099925078541,782888,3370,3370,live
1099925078542,782888,3371,3371,live
1099925078543,782888,3372,3372,live
1099925078544,782888,3373,3373,live
1099925078545,782888,3374,3374,live
1099925078546,782888,3375,3375,live
1099925078547,782888,3376,3376,live
1099925078548,782888,3377,3377,live
1099925078549,782888,3378,3378,live
1099925078550,782888,3379,3379,live
1099925078551,782888,3380,3380,live
1099925078552,782888,3381,3381,live
1099925078553,782888,3382,3382,live
1099925078554,782888,3383,3383,live
1099925078555,782888,3384,3384,live
1099925078556,782888,3385,3385,live
1099925078557,782888,3386,3386,live
1099925078558,782888,3387,3387,live
1099925078559,782888,3388,3388,live
1099925078560,782888,3389,3389,live
1099925078561,782888,3390,3390,live
1099925078562,782888,3391,3391,live
1099925078563,782888,3392,3392,live
1099925078564,782888,3393,3393,live
1099925078565,782888,3394,3394,live
1099925078566,782888,3395,3395,live
1099925078567,782888,3396,3396,live
1099925078568,782888,3397,3397,live
1099925078569,782888,3398,3398,live
1099925078570,782888,3399,3399,live
1099925078571,782888,3400,3400,live
1099925078592,782888,3401,3401,live
1099925078593,782888,3402,3402,live
1099925078594,782888,3403,3403,live
1099925078595,782888,3404,3404,live
1099925078596,782888,3405,3405,live
1099925078597,782888,3406,3406,live
1099925078598,782888,3407,3407,live
1099925078599,782888,3408,3408,live
1099925078600,782888,3409,3409,live
1099925078601,782888,3410,3410,live
1099925078602,782888,3411,3411,live
1099925078603,782888,3412,3412,live
1099925078604,782888,3413,3413,live
1099925078605,782888,3414,3414,live
1099925078606,782888,3415,3415,live
1099925078607,782888,3416,3416,live
1099925078608,782888,3417,3417,live
1099925078609,782888,3418,3418,live
1099925078610,782888,3419,3419,live
1099925078611,782888,3420,3420,live
1099925078612,782888,3421,3421,live
1099925078613,782888,3422,3422,live
1099925078614,782888,3423,3423,live
1099925078615,782888,3424,3424,live
1099925078616,782888,3425,3425,live
1099925078617,782888,3426,3426,live
1099925078618,782888,3427,3427,live
1099925078619,782888,3428,3428,live
1099925078620,782888,3429,3429,live
1099925078621,782888,3430,3430,live
1099925078622,782888,3431,3431,live
1099925078623,782888,3432,3432,live
1099925078624,782888,3433,3433,live
1099925078625,782888,3434,3434,live
1099925078626,782888,3435,3435,live
1099925078627,782888,3436,3436,live
1099925078628,782888,3437,3437,live
1099925078629,782888,3438,3438,live
1099925078630,782888,3439,3439,live
1099925078631,782888,3440,3440,live
1099925078632,782888,3441,3441,live
1099925078633,782888,3442,3442,live
1099925078634,782888,3443,3443,live
1099925078635,782888,3444,3444,live
1099925078636,782888,3445,3445,live
1099925078637,782888,3446,3446,live
1099925078638,782888,3447,3447,live
1099925078639,782888,3448,3448,live
1099925078640,782888,3449,3449,live
1099925078641,782888,3450,3450,live
1099925078642,782888,3451,3451,live
1099925078643,782888,3452,3452,live
1099925078644,782888,3453,3453,live
1099925078645,782888,3454,3454,live
1099925078646,782888,3455,3455,live
1099925078647,782888,3456,3456,live
1099925078648,782888,3457,3457,live
1099925078649,782888,3458,3458,live
1099925078650,782888,3459,3459,live
1099925078651,782888,3460,3460,live
1099925078652,782888,3461,3461,live
1099925078653,782888,3462,3462,live
1099925078654,782888,3463,3463,live
1099925078655,782888,3464,3464,live
1099925078656,782888,3465,3465,live
1099925078657,782888,3466,3466,live
1099925078658,782888,3467,3467,live
1099925078659,782888,3468,3468,live
1099925078660,782888,3469,3469,live
1099925078661,782888,3470,3470,live
1099925078662,782888,3471,3471,live
1099925078663,782888,3472,3472,live
1099925078664,782888,3473,3473,live
1099925078665,782888,3474,3474,live
1099925078666,782888,3475,3475,live
1099925078667,782888,3476,3476,live
1099925078668,782888,3477,3477,live
1099925078669,782888,3478,3478,live
1099925078670,782888,3479,3479,live
1099925078671,782888,3480,3480,live
1099925078672,782888,3481,3481,live
1099925078673,782888,3482,3482,live
1099925078674,782888,3483,3483,live
1099925078675,782888,3484,3484,live
1099925078676,782888,3485,3485,live
1099925078677,782888,3486,3486,live
1099925078678,782888,3487,3487,live
1099925078679,782888,3488,3488,live
1099925078680,782888,3489,3489,live
1099925078681,782888,3490,3490,live
1099925078682,782888,3491,3491,live
1099925078683,782888,3492,3492,live
1099925078684,782888,3493,3493,live
1099925078685,782888,3494,3494,live
1099925078686,782888,3495,3495,live
1099925078687,782888,3496,3496,live
1099925078688,782888,3497,3497,live
1099925078689,782888,3498,3498,live
1099925078690,782888,3499,3499,live
1099925078691,782888,3500,3500,live
1099925078692,782888,3501,3501,live
1099925078693,782888,3502,3502,live
1099925078694,782888,3503,3503,live
1099925078695,782888,3504,3504,live
1099925078696,782888,3505,3505,live
1099925078697,782888,3506,3506,live
1099925078698,782888,3507,3507,live
1099925078699,782888,3508,3508,live
1099925078700,782888,3509,3509,live
1099925078701,782888,3510,3510,live
1099925078702,782888,3511,3511,live
1099925078703,782888,3512,3512,live
1099925078704,782888,3513,3513,live
1099925078705,782888,3514,3514,live
1099925078706,782888,3515,3515,live
1099925078707,782888,3516,3516,live
1099925078708,782888,3517,3517,live
1099925078709,782888,3518,3518,live
1099925078710,782888,3519,3519,live
1099925078711,782888,3520,3520,live
1099925078712,782888,3521,3521,live
1099925078713,782888,3522,3522,live
1099925078714,782888,3523,3523,live
1099925078715,782888,3524,3524,live
1099925078716,782888,3525,3525,live
1099925078717,782888,3526,3526,live
1099925078718,782888,3527,3527,live
1099925078719,782888,3528,3528,live
1099925078720,782888,3529,3529,live
1099925078721,782888,3530,3530,live
1099925078722,782888,3531,3531,live
1099925078723,782888,3532,3532,live
1099925078724,782888,3533,3533,live
1099925078725,782888,3534,3534,live
1099925078726,782888,3535,3535,live
1099925078727,782888,3536,3536,live
1099925078728,782888,3537,3537,live
1099925078729,782888,3538,3538,live
1099925078730,782888,3539,3539,live
1099925078731,782888,3540,3540,live
1099925078732,782888,3541,3541,live
1099925078733,782888,3542,3542,live
1099925078734,782888,3543,3543,live
1099925078735,782888,3544,3544,live
1099925078736,782888,3545,3545,live
1099925078737,782888,3546,3546,live
1099925078738,782888,3547,3547,live
1099925078739,782888,3548,3548,live
1099925078740,782888,3549,3549,live
1099925078741,782888,3550,3550,live
1099925078742,782888,3551,3551,live
1099925078743,782888,3552,3552,live
1099925078744,782888,3553,3553,live
1099925078745,782888,3554,3554,live
1099925078746,782888,3555,3555,live
1099925078747,782888,3556,3556,live
1099925078748,782888,3557,3557,live
1099925078749,782888,3558,3558,live
1099925078750,782888,3559,3559,live
1099925078751,782888,3560,3560,live
1099925078752,782888,3561,3561,live
1099925078753,782888,3562,3562,live
1099925078754,782888,3563,3563,live
1099925078755,782888,3564,3564,live
1099925078756,782888,3565,3565,live
1099925078757,782888,3566,3566,live
1099925078758,782888,3567,3567,live
1099925078759,782888,3568,3568,live
1099925078760,782888,3569,3569,live
1099925078761,782888,3570,3570,live
1099925078762,782888,3571,3571,live
1099925078763,782888,3572,3572,live
1099925078764,782888,3573,3573,live
1099925078765,782888,3574,3574,live
1099925078766,782888,3575,3575,live
1099925078767,782888,3576,3576,live
1099925078768,782888,3577,3577,live
1099925078769,782888,3578,3578,live
1099925078770,782888,3579,3579,live
1099925078771,782888,3580,3580,live
1099925078772,782888,3581,3581,live
1099925078773,782888,3582,3582,live
1099925078774,782888,3583,3583,live
1099925078775,782888,3584,3584,live
1099925078776,782888,3585,3585,live
1099925078777,782888,3586,3586,live
1099925078778,782888,3587,3587,live
1099925078779,782888,3588,3588,live
1099925078780,782888,3589,3589,live
1099925078781,782888,3590,3590,live
1099925078782,782888,3591,3591,live
1099925078783,782888,3592,3592,live
1099925078784,782888,3593,3593,live
1099925078785,782888,3594,3594,live
1099925078786,782888,3595,3595,live
1099925078787,782888,3596,3596,live
1099925078788,782888,3597,3597,live
1099925078789,782888,3598,3598,live
1099925078790,782888,3599,3599,live
1099925078791,782888,3600,3600,live
1099925078792,782888,3601,3601,live
1099925078793,782888,3602,3602,live
1099925078794,782888,3603,3603,live
1099925078795,782888,3604,3604,live
1099925078796,782888,3605,3605,live
1099925078797,782888,3606,3606,live
1099925078798,782888,3607,3607,live
1099925078799,782888,3608,3608,live
1099925078800,782888,3609,3609,live
1099925078801,782888,3610,3610,live
1099925078802,782888,3611,3611,live
1099925078803,782888,3612,3612,live
1099925078804,782888,3613,3613,live
1099925078805,782888,3614,3614,live
1099925078806,782888,3615,3615,live
1099925078807,782888,3616,3616,live
1099925078808,782888,3617,3617,live
1099925078809,782888,3618,3618,live
1099925078810,782888,3619,3619,live
1099925078811,782888,3620,3620,live
1099925078812,782888,3621,3621,live
1099925078813,782888,3622,3622,live
1099925078814,782888,3623,3623,live
1099925078815,782888,3624,3624,live
1099925078816,782888,3625,3625,live
1099925078817,782888,3626,3626,live
1099925078818,782888,3627,3627,live
1099925078819,782888,3628,3628,live
1099925078820,782888,3629,3629,live
1099925078821,782888,3630,3630,live
1099925078822,782888,3631,3631,live
1099925078823,782888,3632,3632,live
1099925078824,782888,3633,3633,live
1099925078825,782888,3634,3634,live
1099925078826,782888,3635,3635,live
1099925078827,782888,3636,3636,live
1099925078828,782888,3637,3637,live
1099925078829,782888,3638,3638,live
1099925078830,782888,3639,3639,live
1099925078831,782888,3640,3640,live
1099925078832,782888,3641,3641,live
1099925078833,782888,3642,3642,live
1099925078834,782888,3643,3643,live
1099925078835,782888,3644,3644,live
1099925078836,782888,3645,3645,live
1099925078837,782888,3646,3646,live
1099925078838,782888,3647,3647,live
1099925078839,782888,3648,3648,live
1099925078840,782888,3649,3649,live
1099925078841,782888,3650,3650,live
1099925078842,782888,3651,3651,live
1099925078843,782888,3652,3652,live
1099925078844,782888,3653,3653,live
1099925078845,782888,3654,3654,live
1099925078846,782888,3655,3655,live
1099925078847,782888,3656,3656,live
1099925078848,782888,3657,3657,live
1099925078849,782888,3658,3658,live
1099925078850,782888,3659,3659,live
1099925078851,782888,3660,3660,live
1099925078852,782888,3661,3661,live
1099925078853,782888,3662,3662,live
1099925078854,782888,3663,3663,live
1099925078855,782888,3664,3664,live
1099925078856,782888,3665,3665,live
1099925078857,782888,3666,3666,live
1099925078858,782888,3667,3667,live
1099925078859,782888,3668,3668,live
1099925078860,782888,3669,3669,live
1099925078861,782888,3670,3670,live
1099925078862,782888,3671,3671,live
1099925078863,782888,3672,3672,live
1099925078864,782888,3673,3673,live
1099925078865,782888,3674,3674,live
1099925078866,782888,3675,3675,live
1099925078867,782888,3676,3676,live
1099925078868,782888,3677,3677,live
1099925078869,782888,3678,3678,live
1099925078870,782888,3679,3679,live
1099925078871,782888,3680,3680,live
1099925078872,782888,3681,3681,live
1099925078873,782888,3682,3682,live
1099925078874,782888,3683,3683,live
1099925078875,782888,3684,3684,live
1099925078876,782888,3685,3685,live
1099925078877,782888,3686,3686,live
1099925078878,782888,3687,3687,live
1099925078879,782888,3688,3688,live
1099925078880,782888,3689,3689,live
1099925078881,782888,3690,3690,live
1099925078882,782888,3691,3691,live
1099925078883,782888,3692,3692,live
1099925078884,782888,3693,3693,live
1099925078885,782888,3694,3694,live
1099925078886,782888,3695,3695,live
1099925078887,782888,3696,3696,live
1099925078888,782888,3697,3697,live
1099925078889,782888,3698,3698,live
1099925078890,782888,3699,3699,live
1099925078891,782888,3700,3700,live
1099925078892,782888,3701,3701,live
1099925078893,782888,3702,3702,live
1099925078894,782888,3703,3703,live
1099925078895,782888,3704,3704,live
1099925078896,782888,3705,3705,live
1099925078897,782888,3706,3706,live
1099925078898,782888,3707,3707,live
1099925078899,782888,3708,3708,live
1099925078900,782888,3709,3709,live
1099925078901,782888,3710,3710,live
1099925078902,782888,3711,3711,live
1099925078903,782888,3712,3712,live
1099925078904,782888,3713,3713,live
1099925078905,782888,3714,3714,live
1099925078906,782888,3715,3715,live
1099925078907,782888,3716,3716,live
1099925078908,782888,3717,3717,live
1099925078909,782888,3718,3718,live
1099925078910,782888,3719,3719,live
1099925078911,782888,3720,3720,live
1099925078912,782888,3721,3721,live
1099925078913,782888,3722,3722,live
1099925078914,782888,3723,3723,live
1099925078915,782888,3724,3724,live
1099925078916,782888,3725,3725,live
1099925078917,782888,3726,3726,live
1099925078918,782888,3727,3727,live
1099925078919,782888,3728,3728,live
1099925078920,782888,3729,3729,live
1099925078921,782888,3730,3730,live
1099925078922,782888,3731,3731,live
1099925078923,782888,3732,3732,live
1099925078924,782888,3733,3733,live
1099925078925,782888,3734,3734,live
1099925078926,782888,3735,3735,live
1099925078927,782888,3736,3736,live
1099925078928,782888,3737,3737,live
1099925078929,782888,3738,3738,live
1099925078930,782888,3739,3739,live
1099925078931,782888,3740,3740,live
1099925078932,782888,3741,3741,live
1099925078933,782888,3742,3742,live
1099925078934,782888,3743,3743,live
1099925078935,782888,3744,3744,live
1099925078936,782888,3745,3745,live
1099925078937,782888,3746,3746,live
1099925078938,782888,3747,3747,live
1099925078939,782888,3748,3748,live
1099925078940,782888,3749,3749,live
1099925078941,782888,3750,3750,live
1099925078942,782888,3751,3751,live
1099925078943,782888,3752,3752,live
1099925078944,782888,3753,3753,live
1099925078945,782888,3754,3754,live
1099925078946,782888,3755,3755,live
1099925078947,782888,3756,3756,live
1099925078948,782888,3757,3757,live
1099925078949,782888,3758,3758,live
1099925078950,782888,3759,3759,live
1099925078951,782888,3760,3760,live
1099925078952,782888,3761,3761,live
1099925078953,782888,3762,3762,live
1099925078954,782888,3763,3763,live
1099925078955,782888,3764,3764,live
1099925078956,782888,3765,3765,live
1099925078957,782888,3766,3766,live
1099925078958,782888,3767,3767,live
1099925078959,782888,3768,3768,live
1099925078960,782888,3769,3769,live
1099925078961,782888,3770,3770,live
1099925078962,782888,3771,3771,live
1099925078963,782888,3772,3772,live
1099925078964,782888,3773,3773,live
1099925078965,782888,3774,3774,live
1099925078966,782888,3775,3775,live
1099925078967,782888,3776,3776,live
1099925078968,782888,3777,3777,live
1099925078969,782888,3778,3778,live
1099925078970,782888,3779,3779,live
1099925078971,782888,3780,3780,live
1099925078972,782888,3781,3781,live
1099925078973,782888,3782,3782,live
1099925078974,782888,3783,3783,live
1099925078975,782888,3784,3784,live
1099925078976,782888,3785,3785,live
1099925078977,782888,3786,3786,live
1099925078978,782888,3787,3787,live
1099925078979,782888,3788,3788,live
1099925078980,782888,3789,3789,live
1099925078981,782888,3790,3790,live
1099925078982,782888,3791,3791,live
1099925078983,782888,3792,3792,live
1099925078984,782888,3793,3793,live
1099925078985,782888,3794,3794,live
1099925078986,782888,3795,3795,live
1099925078987,782888,3796,3796,live
1099925078988,782888,3797,3797,live
1099925078989,782888,3798,3798,live
1099925078990,782888,3799,3799,live
1099925078991,782888,3800,3800,live
1099925079107,782888,3801,3801,live
1099925079108,782888,3802,3802,live
1099925079109,782888,3803,3803,live
1099925079110,782888,3804,3804,live
1099925079111,782888,3805,3805,live
1099925079112,782888,3806,3806,live
1099925079113,782888,3807,3807,live
1099925079114,782888,3808,3808,live
1099925079115,782888,3809,3809,live
1099925079116,782888,3810,3810,live
1099925079117,782888,3811,3811,live
1099925079118,782888,3812,3812,live
1099925079119,782888,3813,3813,live
1099925079120,782888,3814,3814,live
1099925079121,782888,3815,3815,live
1099925079122,782888,3816,3816,live
1099925079123,782888,3817,3817,live
1099925079124,782888,3818,3818,live
1099925079125,782888,3819,3819,live
1099925079126,782888,3820,3820,live
1099925079127,782888,3821,3821,live
1099925079128,782888,3822,3822,live
1099925079129,782888,3823,3823,live
1099925079130,782888,3824,3824,live
1099925079131,782888,3825,3825,live
1099925079132,782888,3826,3826,live
1099925079133,782888,3827,3827,live
1099925079134,782888,3828,3828,live
1099925079135,782888,3829,3829,live
1099925079136,782888,3830,3830,live
1099925079137,782888,3831,3831,live
1099925079138,782888,3832,3832,live
1099925079139,782888,3833,3833,live
1099925079140,782888,3834,3834,live
1099925079141,782888,3835,3835,live
1099925079142,782888,3836,3836,live
1099925079143,782888,3837,3837,live
1099925079144,782888,3838,3838,live
1099925079145,782888,3839,3839,live
1099925079146,782888,3840,3840,live
1099925079147,782888,3841,3841,live
1099925079148,782888,3842,3842,live
1099925079149,782888,3843,3843,live
1099925079150,782888,3844,3844,live
1099925079151,782888,3845,3845,live
1099925079152,782888,3846,3846,live
1099925079153,782888,3847,3847,live
1099925079154,782888,3848,3848,live
1099925079155,782888,3849,3849,live
1099925079156,782888,3850,3850,live
1099925079157,782888,3851,3851,live
1099925079158,782888,3852,3852,live
1099925079159,782888,3853,3853,live
1099925079160,782888,3854,3854,live
1099925079161,782888,3855,3855,live
1099925079162,782888,3856,3856,live
1099925079163,782888,3857,3857,live
1099925079164,782888,3858,3858,live
1099925079165,782888,3859,3859,live
1099925079166,782888,3860,3860,live
1099925079167,782888,3861,3861,live
1099925079168,782888,3862,3862,live
1099925079169,782888,3863,3863,live
1099925079170,782888,3864,3864,live
1099925079171,782888,3865,3865,live
1099925079172,782888,3866,3866,live
1099925079173,782888,3867,3867,live
1099925079174,782888,3868,3868,live
1099925079175,782888,3869,3869,live
1099925079176,782888,3870,3870,live
1099925079177,782888,3871,3871,live
1099925079178,782888,3872,3872,live
1099925079179,782888,3873,3873,live
1099925079180,782888,3874,3874,live
1099925079181,782888,3875,3875,live
1099925079182,782888,3876,3876,live
1099925079183,782888,3877,3877,live
1099925079184,782888,3878,3878,live
1099925079185,782888,3879,3879,live
1099925079186,782888,3880,3880,live
1099925079187,782888,3881,3881,live
1099925079188,782888,3882,3882,live
1099925079189,782888,3883,3883,live
1099925079190,782888,3884,3884,live
1099925079191,782888,3885,3885,live
1099925079192,782888,3886,3886,live
1099925079193,782888,3887,3887,live
1099925079194,782888,3888,3888,live
1099925079195,782888,3889,3889,live
1099925079196,782888,3890,3890,live
1099925079197,782888,3891,3891,live
1099925079198,782888,3892,3892,live
1099925079199,782888,3893,3893,live
1099925079200,782888,3894,3894,live
1099925079201,782888,3895,3895,live
1099925079202,782888,3896,3896,live
1099925079203,782888,3897,3897,live
1099925079204,782888,3898,3898,live
1099925079205,782888,3899,3899,live
1099925079206,782888,3900,3900,live
1099925079207,782888,3901,3901,live
1099925079208,782888,3902,3902,live
1099925079209,782888,3903,3903,live
1099925079210,782888,3904,3904,live
1099925079211,782888,3905,3905,live
1099925079212,782888,3906,3906,live
1099925079213,782888,3907,3907,live
1099925079214,782888,3908,3908,live
1099925079215,782888,3909,3909,live
1099925079216,782888,3910,3910,live
1099925079217,782888,3911,3911,live
1099925079218,782888,3912,3912,live
1099925079219,782888,3913,3913,live
1099925079220,782888,3914,3914,live
1099925079221,782888,3915,3915,live
1099925079222,782888,3916,3916,live
1099925079223,782888,3917,3917,live
1099925079224,782888,3918,3918,live
1099925079225,782888,3919,3919,live
1099925079226,782888,3920,3920,live
1099925079227,782888,3921,3921,live
1099925079228,782888,3922,3922,live
1099925079229,782888,3923,3923,live
1099925079230,782888,3924,3924,live
1099925079231,782888,3925,3925,live
1099925079232,782888,3926,3926,live
1099925079233,782888,3927,3927,live
1099925079234,782888,3928,3928,live
1099925079235,782888,3929,3929,live
1099925079236,782888,3930,3930,live
1099925079237,782888,3931,3931,live
1099925079238,782888,3932,3932,live
1099925079239,782888,3933,3933,live
1099925079240,782888,3934,3934,live
1099925079241,782888,3935,3935,live
1099925079242,782888,3936,3936,live
1099925079243,782888,3937,3937,live
1099925079244,782888,3938,3938,live
1099925079245,782888,3939,3939,live
1099925079246,782888,3940,3940,live
1099925079247,782888,3941,3941,live
1099925079248,782888,3942,3942,live
1099925079249,782888,3943,3943,live
1099925079250,782888,3944,3944,live
1099925079251,782888,3945,3945,live
1099925079252,782888,3946,3946,live
1099925079253,782888,3947,3947,live
1099925079254,782888,3948,3948,live
1099925079255,782888,3949,3949,live
1099925079256,782888,3950,3950,live
1099925079257,782888,3951,3951,live
1099925079258,782888,3952,3952,live
1099925079259,782888,3953,3953,live
1099925079260,782888,3954,3954,live
1099925079261,782888,3955,3955,live
1099925079262,782888,3956,3956,live
1099925079263,782888,3957,3957,live
1099925079264,782888,3958,3958,live
1099925079265,782888,3959,3959,live
1099925079266,782888,3960,3960,live
1099925079267,782888,3961,3961,live
1099925079268,782888,3962,3962,live
1099925079269,782888,3963,3963,live
1099925079270,782888,3964,3964,live
1099925079271,782888,3965,3965,live
1099925079272,782888,3966,3966,live
1099925079273,782888,3967,3967,live
1099925079274,782888,3968,3968,live
1099925079275,782888,3969,3969,live
1099925079276,782888,3970,3970,live
1099925079277,782888,3971,3971,live
1099925079278,782888,3972,3972,live
1099925079279,782888,3973,3973,live
1099925079280,782888,3974,3974,live
1099925079281,782888,3975,3975,live
1099925079282,782888,3976,3976,live
1099925079283,782888,3977,3977,live
1099925079284,782888,3978,3978,live
1099925079285,782888,3979,3979,live
1099925079286,782888,3980,3980,live
1099925079287,782888,3981,3981,live
1099925079288,782888,3982,3982,live
1099925079289,782888,3983,3983,live
1099925079290,782888,3984,3984,live
1099925079291,782888,3985,3985,live
1099925079292,782888,3986,3986,live
1099925079293,782888,3987,3987,live
1099925079294,782888,3988,3988,live
1099925079295,782888,3989,3989,live
1099925079296,782888,3990,3990,live
1099925079297,782888,3991,3991,live
1099925079298,782888,3992,3992,live
1099925079299,782888,3993,3993,live
1099925079300,782888,3994,3994,live
1099925079301,782888,3995,3995,live
1099925079302,782888,3996,3996,live
1099925079303,782888,3997,3997,live
1099925079304,782888,3998,3998,live
1099925079305,782888,3999,3999,live
1099925079306,782888,4000,4000,live
1099925079307,782888,4001,4001,live
1099925079308,782888,4002,4002,live
1099925079309,782888,4003,4003,live
1099925079310,782888,4004,4004,live
1099925079311,782888,4005,4005,live
1099925079312,782888,4006,4006,live
1099925079313,782888,4007,4007,live
1099925079314,782888,4008,4008,live
1099925079315,782888,4009,4009,live
1099925079316,782888,4010,4010,live
1099925079317,782888,4011,4011,live
1099925079318,782888,4012,4012,live
1099925079319,782888,4013,4013,live
1099925079320,782888,4014,4014,live
1099925079321,782888,4015,4015,live
1099925079322,782888,4016,4016,live
1099925079323,782888,4017,4017,live
1099925079324,782888,4018,4018,live
1099925079325,782888,4019,4019,live
1099925079326,782888,4020,4020,live
1099925079327,782888,4021,4021,live
1099925079328,782888,4022,4022,live
1099925079329,782888,4023,4023,live
1099925079330,782888,4024,4024,live
1099925079331,782888,4025,4025,live
1099925079332,782888,4026,4026,live
1099925079333,782888,4027,4027,live
1099925079334,782888,4028,4028,live
1099925079335,782888,4029,4029,live
1099925079336,782888,4030,4030,live
1099925079337,782888,4031,4031,live
1099925079338,782888,4032,4032,live
1099925079339,782888,4033,4033,live
1099925079340,782888,4034,4034,live
1099925079341,782888,4035,4035,live
1099925079342,782888,4036,4036,live
1099925079343,782888,4037,4037,live
1099925079344,782888,4038,4038,live
1099925079345,782888,4039,4039,live
1099925079346,782888,4040,4040,live
1099925079347,782888,4041,4041,live
1099925079348,782888,4042,4042,live
1099925079349,782888,4043,4043,live
1099925079350,782888,4044,4044,live
1099925079351,782888,4045,4045,live
1099925079352,782888,4046,4046,live
1099925079353,782888,4047,4047,live
1099925079354,782888,4048,4048,live
1099925079355,782888,4049,4049,live
1099925079356,782888,4050,4050,live
1099925079357,782888,4051,4051,live
1099925079358,782888,4052,4052,live
1099925079359,782888,4053,4053,live
1099925079360,782888,4054,4054,live
1099925079361,782888,4055,4055,live
1099925079362,782888,4056,4056,live
1099925079363,782888,4057,4057,live
1099925079364,782888,4058,4058,live
1099925079365,782888,4059,4059,live
1099925079366,782888,4060,4060,live
1099925079367,782888,4061,4061,live
1099925079368,782888,4062,4062,live
1099925079369,782888,4063,4063,live
1099925079370,782888,4064,4064,live
1099925079371,782888,4065,4065,live
1099925079372,782888,4066,4066,live
1099925079373,782888,4067,4067,live
1099925079374,782888,4068,4068,live
1099925079375,782888,4069,4069,live
1099925079376,782888,4070,4070,live
1099925079377,782888,4071,4071,live
1099925079378,782888,4072,4072,live
1099925079379,782888,4073,4073,live
1099925079380,782888,4074,4074,live
1099925079381,782888,4075,4075,live
1099925079382,782888,4076,4076,live
1099925079383,782888,4077,4077,live
1099925079384,782888,4078,4078,live
1099925079385,782888,4079,4079,live
1099925079386,782888,4080,4080,live
1099925079387,782888,4081,4081,live
1099925079388,782888,4082,4082,live
1099925079389,782888,4083,4083,live
1099925079390,782888,4084,4084,live
1099925079391,782888,4085,4085,live
1099925079392,782888,4086,4086,live
1099925079393,782888,4087,4087,live
1099925079394,782888,4088,4088,live
1099925079395,782888,4089,4089,live
1099925079396,782888,4090,4090,live
1099925079397,782888,4091,4091,live
1099925079398,782888,4092,4092,live
1099925079399,782888,4093,4093,live
1099925079400,782888,4094,4094,live
1099925079401,782888,4095,4095,live
1099925079402,782888,4096,4096,live
1099925079403,782888,4097,4097,live
1099925079404,782888,4098,4098,live
1099925079405,782888,4099,4099,live
1099925079406,782888,4100,4100,live
1099925079407,782888,4101,4101,live
1099925079408,782888,4102,4102,live
1099925079409,782888,4103,4103,live
1099925079410,782888,4104,4104,live
1099925079411,782888,4105,4105,live
1099925079412,782888,4106,4106,live
1099925079413,782888,4107,4107,live
1099925079414,782888,4108,4108,live
1099925079415,782888,4109,4109,live
1099925079416,782888,4110,4110,live
1099925079417,782888,4111,4111,live
1099925079418,782888,4112,4112,live
1099925079419,782888,4113,4113,live
1099925079420,782888,4114,4114,live
1099925079421,782888,4115,4115,live
1099925079422,782888,4116,4116,live
1099925079423,782888,4117,4117,live
1099925079424,782888,4118,4118,live
1099925079425,782888,4119,4119,live
1099925079426,782888,4120,4120,live
1099925079427,782888,4121,4121,live
1099925079428,782888,4122,4122,live
1099925079429,782888,4123,4123,live
1099925079430,782888,4124,4124,live
1099925079431,782888,4125,4125,live
1099925079432,782888,4126,4126,live
1099925079433,782888,4127,4127,live
1099925079434,782888,4128,4128,live
1099925079435,782888,4129,4129,live
1099925079436,782888,4130,4130,live
1099925079437,782888,4131,4131,live
1099925079438,782888,4132,4132,live
1099925079439,782888,4133,4133,live
1099925079440,782888,4134,4134,live
1099925079441,782888,4135,4135,live
1099925079442,782888,4136,4136,live
1099925079443,782888,4137,4137,live
1099925079444,782888,4138,4138,live
1099925079445,782888,4139,4139,live
1099925079446,782888,4140,4140,live
1099925079447,782888,4141,4141,live
1099925079448,782888,4142,4142,live
1099925079449,782888,4143,4143,live
1099925079450,782888,4144,4144,live
1099925079451,782888,4145,4145,live
1099925079452,782888,4146,4146,live
1099925079453,782888,4147,4147,live
1099925079454,782888,4148,4148,live
1099925079455,782888,4149,4149,live
1099925079456,782888,4150,4150,live
1099925079457,782888,4151,4151,live
1099925079458,782888,4152,4152,live
1099925079459,782888,4153,4153,live
1099925079460,782888,4154,4154,live
1099925079461,782888,4155,4155,live
1099925079462,782888,4156,4156,live
1099925079463,782888,4157,4157,live
1099925079464,782888,4158,4158,live
1099925079465,782888,4159,4159,live
1099925079466,782888,4160,4160,live
1099925079467,782888,4161,4161,live
1099925079468,782888,4162,4162,live
1099925079469,782888,4163,4163,live
1099925079470,782888,4164,4164,live
1099925079471,782888,4165,4165,live
1099925079472,782888,4166,4166,live
1099925079473,782888,4167,4167,live
1099925079474,782888,4168,4168,live
1099925079475,782888,4169,4169,live
1099925079476,782888,4170,4170,live
1099925079477,782888,4171,4171,live
1099925079478,782888,4172,4172,live
1099925079479,782888,4173,4173,live
1099925079480,782888,4174,4174,live
1099925079481,782888,4175,4175,live
1099925079482,782888,4176,4176,live
1099925079483,782888,4177,4177,live
1099925079484,782888,4178,4178,live
1099925079485,782888,4179,4179,live
1099925079486,782888,4180,4180,live
1099925079487,782888,4181,4181,live
1099925079488,782888,4182,4182,live
1099925079489,782888,4183,4183,live
1099925079490,782888,4184,4184,live
1099925079491,782888,4185,4185,live
1099925079492,782888,4186,4186,live
1099925079493,782888,4187,4187,live
1099925079494,782888,4188,4188,live
1099925079495,782888,4189,4189,live
1099925079496,782888,4190,4190,live
1099925079497,782888,4191,4191,live
1099925079498,782888,4192,4192,live
1099925079499,782888,4193,4193,live
1099925079500,782888,4194,4194,live
1099925079501,782888,4195,4195,live
1099925079502,782888,4196,4196,live
1099925079503,782888,4197,4197,live
1099925079504,782888,4198,4198,live
1099925079505,782888,4199,4199,live
1099925079506,782888,4200,4200,live
1099925079507,782888,4201,4201,live
1099925079508,782888,4202,4202,live
1099925079509,782888,4203,4203,live
1099925079510,782888,4204,4204,live
1099925079511,782888,4205,4205,live
1099925079512,782888,4206,4206,live
1099925079513,782888,4207,4207,live
1099925079514,782888,4208,4208,live
1099925079515,782888,4209,4209,live
1099925079516,782888,4210,4210,live
1099925079517,782888,4211,4211,live
1099925079518,782888,4212,4212,live
1099925079519,782888,4213,4213,live
1099925079520,782888,4214,4214,live
1099925079521,782888,4215,4215,live
1099925079522,782888,4216,4216,live
1099925079523,782888,4217,4217,live
1099925079524,782888,4218,4218,live
1099925079525,782888,4219,4219,live
1099925079526,782888,4220,4220,live
1099925079527,782888,4221,4221,live
1099925079528,782888,4222,4222,live
1099925079529,782888,4223,4223,live
1099925079530,782888,4224,4224,live
1099925079531,782888,4225,4225,live
1099925079532,782888,4226,4226,live
1099925079533,782888,4227,4227,live
1099925079534,782888,4228,4228,live
1099925079535,782888,4229,4229,live
1099925079536,782888,4230,4230,live
1099925079537,782888,4231,4231,live
1099925079538,782888,4232,4232,live
1099925079539,782888,4233,4233,live
1099925079540,782888,4234,4234,live
1099925079541,782888,4235,4235,live
1099925079542,782888,4236,4236,live
1099925079543,782888,4237,4237,live
1099925079544,782888,4238,4238,live
1099925079545,782888,4239,4239,live
1099925079546,782888,4240,4240,live
1099925079547,782888,4241,4241,live
1099925079548,782888,4242,4242,live
1099925079549,782888,4243,4243,live
1099925079550,782888,4244,4244,live
1099925079551,782888,4245,4245,live
1099925079552,782888,4246,4246,live
1099925079553,782888,4247,4247,live
1099925079554,782888,4248,4248,live
1099925079555,782888,4249,4249,live
1099925079556,782888,4250,4250,live
1099925079557,782888,4251,4251,live
1099925079558,782888,4252,4252,live
1099925079559,782888,4253,4253,live
1099925079560,782888,4254,4254,live
1099925079561,782888,4255,4255,live
1099925079562,782888,4256,4256,live
1099925079563,782888,4257,4257,live
1099925079564,782888,4258,4258,live
1099925079565,782888,4259,4259,live
1099925079566,782888,4260,4260,live
1099925079567,782888,4261,4261,live
1099925079568,782888,4262,4262,live
1099925079569,782888,4263,4263,live
1099925079570,782888,4264,4264,live
1099925079571,782888,4265,4265,live
1099925079572,782888,4266,4266,live
1099925079573,782888,4267,4267,live
1099925079574,782888,4268,4268,live
1099925079575,782888,4269,4269,live
1099925079576,782888,4270,4270,live
1099925079577,782888,4271,4271,live
1099925079578,782888,4272,4272,live
1099925079579,782888,4273,4273,live
1099925079580,782888,4274,4274,live
1099925079581,782888,4275,4275,live
1099925079582,782888,4276,4276,live
1099925079583,782888,4277,4277,live
1099925079584,782888,4278,4278,live
1099925079585,782888,4279,4279,live
1099925079586,782888,4280,4280,live
1099925079587,782888,4281,4281,live
1099925079588,782888,4282,4282,live
1099925079589,782888,4283,4283,live
1099925079590,782888,4284,4284,live
1099925079591,782888,4285,4285,live
1099925079592,782888,4286,4286,live
1099925079593,782888,4287,4287,live
1099925079594,782888,4288,4288,live
1099925079595,782888,4289,4289,live
1099925079596,782888,4290,4290,live
1099925079597,782888,4291,4291,live
1099925079598,782888,4292,4292,live
1099925079599,782888,4293,4293,live
1099925079600,782888,4294,4294,live
1099925079601,782888,4295,4295,live
1099925079602,782888,4296,4296,live
1099925079603,782888,4297,4297,live
1099925079604,782888,4298,4298,live
1099925079605,782888,4299,4299,live
1099925079606,782888,4300,4300,live
1099925079607,782888,4301,4301,live
1099925079608,782888,4302,4302,live
1099925079609,782888,4303,4303,live
1099925079610,782888,4304,4304,live
1099925079611,782888,4305,4305,live
1099925079612,782888,4306,4306,live
1099925079613,782888,4307,4307,live
1099925079614,782888,4308,4308,live
1099925079615,782888,4309,4309,live
1099925079616,782888,4310,4310,live
1099925079617,782888,4311,4311,live
1099925079618,782888,4312,4312,live
1099925079619,782888,4313,4313,live
1099925079620,782888,4314,4314,live
1099925079621,782888,4315,4315,live
1099925079622,782888,4316,4316,live
1099925079623,782888,4317,4317,live
1099925079624,782888,4318,4318,live
1099925079625,782888,4319,4319,live
1099925079626,782888,4320,4320,live
1099925079627,782888,4321,4321,live
1099925079628,782888,4322,4322,live
1099925079629,782888,4323,4323,live
1099925079630,782888,4324,4324,live
1099925079631,782888,4325,4325,live
1099925079632,782888,4326,4326,live
1099925079633,782888,4327,4327,live
1099925079634,782888,4328,4328,live
1099925079635,782888,4329,4329,live
1099925079636,782888,4330,4330,live
1099925079637,782888,4331,4331,live
1099925079638,782888,4332,4332,live
1099925079639,782888,4333,4333,live
1099925079640,782888,4334,4334,live
1099925079641,782888,4335,4335,live
1099925079642,782888,4336,4336,live
1099925079643,782888,4337,4337,live
1099925079644,782888,4338,4338,live
1099925079645,782888,4339,4339,live
1099925079646,782888,4340,4340,live
1099925079647,782888,4341,4341,live
1099925079648,782888,4342,4342,live
1099925079649,782888,4343,4343,live
1099925079650,782888,4344,4344,live
1099925079651,782888,4345,4345,live
1099925079652,782888,4346,4346,live
1099925079653,782888,4347,4347,live
1099925079654,782888,4348,4348,live
1099925079655,782888,4349,4349,live
1099925079656,782888,4350,4350,live
1099925079657,782888,4351,4351,live
1099925079658,782888,4352,4352,live
1099925079659,782888,4353,4353,live
1099925079660,782888,4354,4354,live
1099925079661,782888,4355,4355,live
1099925079662,782888,4356,4356,live
1099925079663,782888,4357,4357,live
1099925079664,782888,4358,4358,live
1099925079665,782888,4359,4359,live
1099925079666,782888,4360,4360,live
1099925079667,782888,4361,4361,live
1099925079668,782888,4362,4362,live
1099925079669,782888,4363,4363,live
1099925079670,782888,4364,4364,live
1099925079671,782888,4365,4365,live
1099925079672,782888,4366,4366,live
1099925079673,782888,4367,4367,live
1099925079674,782888,4368,4368,live
1099925079675,782888,4369,4369,live
1099925079676,782888,4370,4370,live
1099925079677,782888,4371,4371,live
1099925079678,782888,4372,4372,live
1099925079679,782888,4373,4373,live
1099925079680,782888,4374,4374,live
1099925079681,782888,4375,4375,live
1099925079682,782888,4376,4376,live
1099925079683,782888,4377,4377,live
1099925079684,782888,4378,4378,live
1099925079685,782888,4379,4379,live
1099925079686,782888,4380,4380,live
1099925079687,782888,4381,4381,live
1099925079688,782888,4382,4382,live
1099925079689,782888,4383,4383,live
1099925079690,782888,4384,4384,live
1099925079691,782888,4385,4385,live
1099925079692,782888,4386,4386,live
1099925079693,782888,4387,4387,live
1099925079694,782888,4388,4388,live
1099925079695,782888,4389,4389,live
1099925079696,782888,4390,4390,live
1099925079697,782888,4391,4391,live
1099925079698,782888,4392,4392,live
1099925079699,782888,4393,4393,live
1099925079700,782888,4394,4394,live
1099925079701,782888,4395,4395,live
1099925079702,782888,4396,4396,live
1099925079703,782888,4397,4397,live
1099925079704,782888,4398,4398,live
1099925079705,782888,4399,4399,live
1099925079706,782888,4400,4400,live
1099925079719,782888,4401,4401,live
1099925079720,782888,4402,4402,live
1099925079721,782888,4403,4403,live
1099925079722,782888,4404,4404,live
1099925079723,782888,4405,4405,live
1099925079724,782888,4406,4406,live
1099925079725,782888,4407,4407,live
1099925079726,782888,4408,4408,live
1099925079727,782888,4409,4409,live
1099925079728,782888,4410,4410,live
1099925079729,782888,4411,4411,live
1099925079730,782888,4412,4412,live
1099925079731,782888,4413,4413,live
1099925079732,782888,4414,4414,live
1099925079733,782888,4415,4415,live
1099925079734,782888,4416,4416,live
1099925079735,782888,4417,4417,live
1099925079736,782888,4418,4418,live
1099925079737,782888,4419,4419,live
1099925079738,782888,4420,4420,live
1099925079739,782888,4421,4421,live
1099925079740,782888,4422,4422,live
1099925079741,782888,4423,4423,live
1099925079742,782888,4424,4424,live
1099925079743,782888,4425,4425,live
1099925079744,782888,4426,4426,live
1099925079745,782888,4427,4427,live
1099925079746,782888,4428,4428,live
1099925079747,782888,4429,4429,live
1099925079748,782888,4430,4430,live
1099925079749,782888,4431,4431,live
1099925079750,782888,4432,4432,live
1099925079751,782888,4433,4433,live
1099925079752,782888,4434,4434,live
1099925079753,782888,4435,4435,live
1099925079754,782888,4436,4436,live
1099925079755,782888,4437,4437,live
1099925079756,782888,4438,4438,live
1099925079757,782888,4439,4439,live
1099925079758,782888,4440,4440,live
1099925079759,782888,4441,4441,live
1099925079760,782888,4442,4442,live
1099925079761,782888,4443,4443,live
1099925079762,782888,4444,4444,live
1099925079763,782888,4445,4445,live
1099925079764,782888,4446,4446,live
1099925079765,782888,4447,4447,live
1099925079766,782888,4448,4448,live
1099925079767,782888,4449,4449,live
1099925079768,782888,4450,4450,live
1099925079769,782888,4451,4451,live
1099925079770,782888,4452,4452,live
1099925079771,782888,4453,4453,live
1099925079772,782888,4454,4454,live
1099925079773,782888,4455,4455,live
1099925079774,782888,4456,4456,live
1099925079775,782888,4457,4457,live
1099925079776,782888,4458,4458,live
1099925079777,782888,4459,4459,live
1099925079778,782888,4460,4460,live
1099925079779,782888,4461,4461,live
1099925079780,782888,4462,4462,live
1099925079781,782888,4463,4463,live
1099925079782,782888,4464,4464,live
1099925079783,782888,4465,4465,live
1099925079784,782888,4466,4466,live
1099925079785,782888,4467,4467,live
1099925079786,782888,4468,4468,live
1099925079787,782888,4469,4469,live
1099925079788,782888,4470,4470,live
1099925079789,782888,4471,4471,live
1099925079790,782888,4472,4472,live
1099925079791,782888,4473,4473,live
1099925079792,782888,4474,4474,live
1099925079793,782888,4475,4475,live
1099925079794,782888,4476,4476,live
1099925079795,782888,4477,4477,live
1099925079796,782888,4478,4478,live
1099925079797,782888,4479,4479,live
1099925079798,782888,4480,4480,live
1099925079799,782888,4481,4481,live
1099925079800,782888,4482,4482,live
1099925079801,782888,4483,4483,live
1099925079802,782888,4484,4484,live
1099925079803,782888,4485,4485,live
1099925079804,782888,4486,4486,live
1099925079805,782888,4487,4487,live
1099925079806,782888,4488,4488,live
1099925079807,782888,4489,4489,live
1099925079808,782888,4490,4490,live
1099925079809,782888,4491,4491,live
1099925079810,782888,4492,4492,live
1099925079811,782888,4493,4493,live
1099925079812,782888,4494,4494,live
1099925079813,782888,4495,4495,live
1099925079814,782888,4496,4496,live
1099925079815,782888,4497,4497,live
1099925079816,782888,4498,4498,live
1099925079817,782888,4499,4499,live
1099925079818,782888,4500,4500,live
1099925079819,782888,4501,4501,live
1099925079820,782888,4502,4502,live
1099925079821,782888,4503,4503,live
1099925079822,782888,4504,4504,live
1099925079823,782888,4505,4505,live
1099925079824,782888,4506,4506,live
1099925079825,782888,4507,4507,live
1099925079826,782888,4508,4508,live
1099925079827,782888,4509,4509,live
1099925079828,782888,4510,4510,live
1099925079829,782888,4511,4511,live
1099925079830,782888,4512,4512,live
1099925079831,782888,4513,4513,live
1099925079832,782888,4514,4514,live
1099925079833,782888,4515,4515,live
1099925079834,782888,4516,4516,live
1099925079835,782888,4517,4517,live
1099925079836,782888,4518,4518,live
1099925079837,782888,4519,4519,live
1099925079838,782888,4520,4520,live
1099925079839,782888,4521,4521,live
1099925079840,782888,4522,4522,live
1099925079841,782888,4523,4523,live
1099925079842,782888,4524,4524,live
1099925079843,782888,4525,4525,live
1099925079844,782888,4526,4526,live
1099925079845,782888,4527,4527,live
1099925079846,782888,4528,4528,live
1099925079847,782888,4529,4529,live
1099925079848,782888,4530,4530,live
1099925079849,782888,4531,4531,live
1099925079850,782888,4532,4532,live
1099925079851,782888,4533,4533,live
1099925079852,782888,4534,4534,live
1099925079853,782888,4535,4535,live
1099925079854,782888,4536,4536,live
1099925079855,782888,4537,4537,live
1099925079856,782888,4538,4538,live
1099925079857,782888,4539,4539,live
1099925079858,782888,4540,4540,live
1099925079859,782888,4541,4541,live
1099925079860,782888,4542,4542,live
1099925079861,782888,4543,4543,live
1099925079862,782888,4544,4544,live
1099925079863,782888,4545,4545,live
1099925079864,782888,4546,4546,live
1099925079865,782888,4547,4547,live
1099925079866,782888,4548,4548,live
1099925079867,782888,4549,4549,live
1099925079868,782888,4550,4550,live
1099925079869,782888,4551,4551,live
1099925079870,782888,4552,4552,live
1099925079871,782888,4553,4553,live
1099925079872,782888,4554,4554,live
1099925079873,782888,4555,4555,live
1099925079874,782888,4556,4556,live
1099925079875,782888,4557,4557,live
1099925079876,782888,4558,4558,live
1099925079877,782888,4559,4559,live
1099925079878,782888,4560,4560,live
1099925079879,782888,4561,4561,live
1099925079880,782888,4562,4562,live
1099925079881,782888,4563,4563,live
1099925079882,782888,4564,4564,live
1099925079883,782888,4565,4565,live
1099925079884,782888,4566,4566,live
1099925079885,782888,4567,4567,live
1099925079886,782888,4568,4568,live
1099925079887,782888,4569,4569,live
1099925079888,782888,4570,4570,live
1099925079889,782888,4571,4571,live
1099925079890,782888,4572,4572,live
1099925079891,782888,4573,4573,live
1099925079892,782888,4574,4574,live
1099925079893,782888,4575,4575,live
1099925079894,782888,4576,4576,live
1099925079895,782888,4577,4577,live
1099925079896,782888,4578,4578,live
1099925079897,782888,4579,4579,live
1099925079898,782888,4580,4580,live
1099925079899,782888,4581,4581,live
1099925079900,782888,4582,4582,live
1099925079901,782888,4583,4583,live
1099925079902,782888,4584,4584,live
1099925079903,782888,4585,4585,live
1099925079904,782888,4586,4586,live
1099925079905,782888,4587,4587,live
1099925079906,782888,4588,4588,live
1099925079907,782888,4589,4589,live
1099925079908,782888,4590,4590,live
1099925079909,782888,4591,4591,live
1099925079910,782888,4592,4592,live
1099925079911,782888,4593,4593,live
1099925079912,782888,4594,4594,live
1099925079913,782888,4595,4595,live
1099925079914,782888,4596,4596,live
1099925079915,782888,4597,4597,live
1099925079916,782888,4598,4598,live
1099925079917,782888,4599,4599,live
1099925079918,782888,4600,4600,live
1099925079919,782888,4601,4601,live
1099925079920,782888,4602,4602,live
1099925079921,782888,4603,4603,live
1099925079922,782888,4604,4604,live
1099925079923,782888,4605,4605,live
1099925079924,782888,4606,4606,live
1099925079925,782888,4607,4607,live
1099925079926,782888,4608,4608,live
1099925079927,782888,4609,4609,live
1099925079928,782888,4610,4610,live
1099925079929,782888,4611,4611,live
1099925079930,782888,4612,4612,live
1099925079931,782888,4613,4613,live
1099925079932,782888,4614,4614,live
1099925079933,782888,4615,4615,live
1099925079934,782888,4616,4616,live
1099925079935,782888,4617,4617,live
1099925079936,782888,4618,4618,live
1099925079937,782888,4619,4619,live
1099925079938,782888,4620,4620,live
1099925079939,782888,4621,4621,live
1099925079940,782888,4622,4622,live
1099925079941,782888,4623,4623,live
1099925079942,782888,4624,4624,live
1099925079943,782888,4625,4625,live
1099925079944,782888,4626,4626,live
1099925079945,782888,4627,4627,live
1099925079946,782888,4628,4628,live
1099925079947,782888,4629,4629,live
1099925079948,782888,4630,4630,live
1099925079949,782888,4631,4631,live
1099925079950,782888,4632,4632,live
1099925079951,782888,4633,4633,live
1099925079952,782888,4634,4634,live
1099925079953,782888,4635,4635,live
1099925079954,782888,4636,4636,live
1099925079955,782888,4637,4637,live
1099925079956,782888,4638,4638,live
1099925079957,782888,4639,4639,live
1099925079958,782888,4640,4640,live
1099925079959,782888,4641,4641,live
1099925079960,782888,4642,4642,live
1099925079961,782888,4643,4643,live
1099925079962,782888,4644,4644,live
1099925079963,782888,4645,4645,live
1099925079964,782888,4646,4646,live
1099925079965,782888,4647,4647,live
1099925079966,782888,4648,4648,live
1099925079967,782888,4649,4649,live
1099925079968,782888,4650,4650,live
1099925079969,782888,4651,4651,live
1099925079970,782888,4652,4652,live
1099925079971,782888,4653,4653,live
1099925079972,782888,4654,4654,live
1099925079973,782888,4655,4655,live
1099925079974,782888,4656,4656,live
1099925079975,782888,4657,4657,live
1099925079976,782888,4658,4658,live
1099925079977,782888,4659,4659,live
1099925079978,782888,4660,4660,live
1099925079979,782888,4661,4661,live
1099925079980,782888,4662,4662,live
1099925079981,782888,4663,4663,live
1099925079982,782888,4664,4664,live
1099925079983,782888,4665,4665,live
1099925079984,782888,4666,4666,live
1099925079985,782888,4667,4667,live
1099925079986,782888,4668,4668,live
1099925079987,782888,4669,4669,live
1099925079988,782888,4670,4670,live
1099925079989,782888,4671,4671,live
1099925079990,782888,4672,4672,live
1099925079991,782888,4673,4673,live
1099925079992,782888,4674,4674,live
1099925079993,782888,4675,4675,live
1099925079994,782888,4676,4676,live
1099925079995,782888,4677,4677,live
1099925079996,782888,4678,4678,live
1099925079997,782888,4679,4679,live
1099925079998,782888,4680,4680,live
1099925079999,782888,4681,4681,live
1099925080000,782888,4682,4682,live
1099925080001,782888,4683,4683,live
1099925080002,782888,4684,4684,live
1099925080003,782888,4685,4685,live
1099925080004,782888,4686,4686,live
1099925080005,782888,4687,4687,live
1099925080006,782888,4688,4688,live
1099925080007,782888,4689,4689,live
1099925080008,782888,4690,4690,live
1099925080009,782888,4691,4691,live
1099925080010,782888,4692,4692,live
1099925080011,782888,4693,4693,live
1099925080012,782888,4694,4694,live
1099925080013,782888,4695,4695,live
1099925080014,782888,4696,4696,live
1099925080015,782888,4697,4697,live
1099925080016,782888,4698,4698,live
1099925080017,782888,4699,4699,live
1099925080018,782888,4700,4700,live
1099925080019,782888,4701,4701,live
1099925080020,782888,4702,4702,live
1099925080021,782888,4703,4703,live
1099925080022,782888,4704,4704,live
1099925080023,782888,4705,4705,live
1099925080024,782888,4706,4706,live
1099925080025,782888,4707,4707,live
1099925080026,782888,4708,4708,live
1099925080027,782888,4709,4709,live
1099925080028,782888,4710,4710,live
1099925080029,782888,4711,4711,live
1099925080030,782888,4712,4712,live
1099925080031,782888,4713,4713,live
1099925080032,782888,4714,4714,live
1099925080033,782888,4715,4715,live
1099925080034,782888,4716,4716,live
1099925080035,782888,4717,4717,live
1099925080036,782888,4718,4718,live
1099925080037,782888,4719,4719,live
1099925080038,782888,4720,4720,live
1099925080039,782888,4721,4721,live
1099925080040,782888,4722,4722,live
1099925080041,782888,4723,4723,live
1099925080042,782888,4724,4724,live
1099925080043,782888,4725,4725,live
1099925080044,782888,4726,4726,live
1099925080045,782888,4727,4727,live
1099925080046,782888,4728,4728,live
1099925080047,782888,4729,4729,live
1099925080048,782888,4730,4730,live
1099925080049,782888,4731,4731,live
1099925080050,782888,4732,4732,live
1099925080051,782888,4733,4733,live
1099925080052,782888,4734,4734,live
1099925080053,782888,4735,4735,live
1099925080054,782888,4736,4736,live
1099925080055,782888,4737,4737,live
1099925080056,782888,4738,4738,live
1099925080057,782888,4739,4739,live
1099925080058,782888,4740,4740,live
1099925080059,782888,4741,4741,live
1099925080060,782888,4742,4742,live
1099925080061,782888,4743,4743,live
1099925080062,782888,4744,4744,live
1099925080063,782888,4745,4745,live
1099925080064,782888,4746,4746,live
1099925080065,782888,4747,4747,live
1099925080066,782888,4748,4748,live
1099925080067,782888,4749,4749,live
1099925080068,782888,4750,4750,live
1099925080069,782888,4751,4751,live
1099925080070,782888,4752,4752,live
1099925080071,782888,4753,4753,live
1099925080072,782888,4754,4754,live
1099925080073,782888,4755,4755,live
1099925080074,782888,4756,4756,live
1099925080075,782888,4757,4757,live
1099925080076,782888,4758,4758,live
1099925080077,782888,4759,4759,live
1099925080078,782888,4760,4760,live
1099925080079,782888,4761,4761,live
1099925080080,782888,4762,4762,live
1099925080081,782888,4763,4763,live
1099925080082,782888,4764,4764,live
1099925080083,782888,4765,4765,live
1099925080084,782888,4766,4766,live
1099925080085,782888,4767,4767,live
1099925080086,782888,4768,4768,live
1099925080087,782888,4769,4769,live
1099925080088,782888,4770,4770,live
1099925080089,782888,4771,4771,live
1099925080090,782888,4772,4772,live
1099925080091,782888,4773,4773,live
1099925080092,782888,4774,4774,live
1099925080093,782888,4775,4775,live
1099925080094,782888,4776,4776,live
1099925080095,782888,4777,4777,live
1099925080096,782888,4778,4778,live
1099925080097,782888,4779,4779,live
1099925080098,782888,4780,4780,live
1099925080099,782888,4781,4781,live
1099925080100,782888,4782,4782,live
1099925080101,782888,4783,4783,live
1099925080102,782888,4784,4784,live
1099925080103,782888,4785,4785,live
1099925080104,782888,4786,4786,live
1099925080105,782888,4787,4787,live
1099925080106,782888,4788,4788,live
1099925080107,782888,4789,4789,live
1099925080108,782888,4790,4790,live
1099925080109,782888,4791,4791,live
1099925080110,782888,4792,4792,live
1099925080111,782888,4793,4793,live
1099925080112,782888,4794,4794,live
1099925080113,782888,4795,4795,live
1099925080114,782888,4796,4796,live
1099925080115,782888,4797,4797,live
1099925080116,782888,4798,4798,live
1099925080117,782888,4799,4799,live
1099925080118,782888,4800,4800,live
1099925080119,782888,4801,4801,live
1099925080120,782888,4802,4802,live
1099925080121,782888,4803,4803,live
1099925080122,782888,4804,4804,live
1099925080123,782888,4805,4805,live
1099925080124,782888,4806,4806,live
1099925080125,782888,4807,4807,live
1099925080126,782888,4808,4808,live
1099925080127,782888,4809,4809,live
1099925080128,782888,4810,4810,live
1099925080129,782888,4811,4811,live
1099925080130,782888,4812,4812,live
1099925080131,782888,4813,4813,live
1099925080132,782888,4814,4814,live
1099925080133,782888,4815,4815,live
1099925080134,782888,4816,4816,live
1099925080135,782888,4817,4817,live
1099925080136,782888,4818,4818,live
1099925080137,782888,4819,4819,live
1099925080138,782888,4820,4820,live
1099925080139,782888,4821,4821,live
1099925080140,782888,4822,4822,live
1099925080141,782888,4823,4823,live
1099925080142,782888,4824,4824,live
1099925080143,782888,4825,4825,live
1099925080144,782888,4826,4826,live
1099925080145,782888,4827,4827,live
1099925080146,782888,4828,4828,live
1099925080147,782888,4829,4829,live
1099925080148,782888,4830,4830,live
1099925080149,782888,4831,4831,live
1099925080150,782888,4832,4832,live
1099925080151,782888,4833,4833,live
1099925080152,782888,4834,4834,live
1099925080153,782888,4835,4835,live
1099925080154,782888,4836,4836,live
1099925080155,782888,4837,4837,live
1099925080156,782888,4838,4838,live
1099925080157,782888,4839,4839,live
1099925080158,782888,4840,4840,live
1099925080159,782888,4841,4841,live
1099925080160,782888,4842,4842,live
1099925080161,782888,4843,4843,live
1099925080162,782888,4844,4844,live
1099925080163,782888,4845,4845,live
1099925080164,782888,4846,4846,live
1099925080165,782888,4847,4847,live
1099925080166,782888,4848,4848,live
1099925080167,782888,4849,4849,live
1099925080168,782888,4850,4850,live
1099925080169,782888,4851,4851,live
1099925080170,782888,4852,4852,live
1099925080171,782888,4853,4853,live
1099925080172,782888,4854,4854,live
1099925080173,782888,4855,4855,live
1099925080174,782888,4856,4856,live
1099925080175,782888,4857,4857,live
1099925080176,782888,4858,4858,live
1099925080177,782888,4859,4859,live
1099925080178,782888,4860,4860,live
1099925080179,782888,4861,4861,live
1099925080180,782888,4862,4862,live
1099925080181,782888,4863,4863,live
1099925080182,782888,4864,4864,live
1099925080183,782888,4865,4865,live
1099925080184,782888,4866,4866,live
1099925080185,782888,4867,4867,live
1099925080186,782888,4868,4868,live
1099925080187,782888,4869,4869,live
1099925080188,782888,4870,4870,live
1099925080189,782888,4871,4871,live
1099925080190,782888,4872,4872,live
1099925080191,782888,4873,4873,live
1099925080192,782888,4874,4874,live
1099925080193,782888,4875,4875,live
1099925080194,782888,4876,4876,live
1099925080195,782888,4877,4877,live
1099925080196,782888,4878,4878,live
1099925080197,782888,4879,4879,live
1099925080198,782888,4880,4880,live
1099925080199,782888,4881,4881,live
1099925080200,782888,4882,4882,live
1099925080201,782888,4883,4883,live
1099925080202,782888,4884,4884,live
1099925080203,782888,4885,4885,live
1099925080204,782888,4886,4886,live
1099925080205,782888,4887,4887,live
1099925080206,782888,4888,4888,live
1099925080207,782888,4889,4889,live
1099925080208,782888,4890,4890,live
1099925080209,782888,4891,4891,live
1099925080210,782888,4892,4892,live
1099925080211,782888,4893,4893,live
1099925080212,782888,4894,4894,live
1099925080213,782888,4895,4895,live
1099925080214,782888,4896,4896,live
1099925080215,782888,4897,4897,live
1099925080216,782888,4898,4898,live
1099925080217,782888,4899,4899,live
1099925080218,782888,4900,4900,live
1099925080219,782888,4901,4901,live
1099925080220,782888,4902,4902,live
1099925080221,782888,4903,4903,live
1099925080222,782888,4904,4904,live
1099925080223,782888,4905,4905,live
1099925080224,782888,4906,4906,live
1099925080225,782888,4907,4907,live
1099925080226,782888,4908,4908,live
1099925080227,782888,4909,4909,live
1099925080228,782888,4910,4910,live
1099925080229,782888,4911,4911,live
1099925080230,782888,4912,4912,live
1099925080231,782888,4913,4913,live
1099925080232,782888,4914,4914,live
1099925080233,782888,4915,4915,live
1099925080234,782888,4916,4916,live
1099925080235,782888,4917,4917,live
1099925080236,782888,4918,4918,live
1099925080237,782888,4919,4919,live
1099925080238,782888,4920,4920,live
1099925080239,782888,4921,4921,live
1099925080240,782888,4922,4922,live
1099925080241,782888,4923,4923,live
1099925080242,782888,4924,4924,live
1099925080243,782888,4925,4925,live
1099925080244,782888,4926,4926,live
1099925080245,782888,4927,4927,live
1099925080246,782888,4928,4928,live
1099925080247,782888,4929,4929,live
1099925080248,782888,4930,4930,live
1099925080249,782888,4931,4931,live
1099925080250,782888,4932,4932,live
1099925080251,782888,4933,4933,live
1099925080252,782888,4934,4934,live
1099925080253,782888,4935,4935,live
1099925080254,782888,4936,4936,live
1099925080255,782888,4937,4937,live
1099925080256,782888,4938,4938,live
1099925080257,782888,4939,4939,live
1099925080258,782888,4940,4940,live
1099925080259,782888,4941,4941,live
1099925080260,782888,4942,4942,live
1099925080261,782888,4943,4943,live
1099925080262,782888,4944,4944,live
1099925080263,782888,4945,4945,live
1099925080264,782888,4946,4946,live
1099925080265,782888,4947,4947,live
1099925080266,782888,4948,4948,live
1099925080267,782888,4949,4949,live
1099925080268,782888,4950,4950,live
1099925080269,782888,4951,4951,live
1099925080270,782888,4952,4952,live
1099925080271,782888,4953,4953,live
1099925080272,782888,4954,4954,live
1099925080273,782888,4955,4955,live
1099925080274,782888,4956,4956,live
1099925080275,782888,4957,4957,live
1099925080276,782888,4958,4958,live
1099925080277,782888,4959,4959,live
1099925080278,782888,4960,4960,live
1099925080279,782888,4961,4961,live
1099925080280,782888,4962,4962,live
1099925080281,782888,4963,4963,live
1099925080282,782888,4964,4964,live
1099925080283,782888,4965,4965,live
1099925080284,782888,4966,4966,live
1099925080285,782888,4967,4967,live
1099925080286,782888,4968,4968,live
1099925080287,782888,4969,4969,live
1099925080288,782888,4970,4970,live
1099925080289,782888,4971,4971,live
1099925080290,782888,4972,4972,live
1099925080291,782888,4973,4973,live
1099925080292,782888,4974,4974,live
1099925080293,782888,4975,4975,live
1099925080294,782888,4976,4976,live
1099925080295,782888,4977,4977,live
1099925080296,782888,4978,4978,live
1099925080297,782888,4979,4979,live
1099925080298,782888,4980,4980,live
1099925080299,782888,4981,4981,live
1099925080300,782888,4982,4982,live
1099925080301,782888,4983,4983,live
1099925080302,782888,4984,4984,live
1099925080303,782888,4985,4985,live
1099925080304,782888,4986,4986,live
1099925080305,782888,4987,4987,live
1099925080306,782888,4988,4988,live
1099925080307,782888,4989,4989,live
1099925080308,782888,4990,4990,live
1099925080309,782888,4991,4991,live
1099925080310,782888,4992,4992,live
1099925080311,782888,4993,4993,live
1099925080312,782888,4994,4994,live
1099925080313,782888,4995,4995,live
1099925080314,782888,4996,4996,live
1099925080315,782888,4997,4997,live
1099925080316,782888,4998,4998,live
1099925080317,782888,4999,4999,live
1099925080318,782888,5000,5000,live
1099925080320,782888,5001,5001,live
1099925080321,782888,5002,5002,live
1099925080322,782888,5003,5003,live
1099925080323,782888,5004,5004,live
1099925080324,782888,5005,5005,live
1099925080325,782888,5006,5006,live
1099925080326,782888,5007,5007,live
1099925080327,782888,5008,5008,live
1099925080328,782888,5009,5009,live
1099925080329,782888,5010,5010,live
1099925080330,782888,5011,5011,live
1099925080331,782888,5012,5012,live
1099925080332,782888,5013,5013,live
1099925080333,782888,5014,5014,live
1099925080334,782888,5015,5015,live
1099925080335,782888,5016,5016,live
1099925080336,782888,5017,5017,live
1099925080337,782888,5018,5018,live
1099925080338,782888,5019,5019,live
1099925080339,782888,5020,5020,live
1099925080340,782888,5021,5021,live
1099925080341,782888,5022,5022,live
1099925080342,782888,5023,5023,live
1099925080343,782888,5024,5024,live
1099925080344,782888,5025,5025,live
1099925080345,782888,5026,5026,live
1099925080346,782888,5027,5027,live
1099925080347,782888,5028,5028,live
1099925080348,782888,5029,5029,live
1099925080349,782888,5030,5030,live
1099925080350,782888,5031,5031,live
1099925080351,782888,5032,5032,live
1099925080352,782888,5033,5033,live
1099925080353,782888,5034,5034,live
1099925080354,782888,5035,5035,live
1099925080355,782888,5036,5036,live
1099925080356,782888,5037,5037,live
1099925080357,782888,5038,5038,live
1099925080358,782888,5039,5039,live
1099925080359,782888,5040,5040,live
1099925080360,782888,5041,5041,live
1099925080361,782888,5042,5042,live
1099925080362,782888,5043,5043,live
1099925080363,782888,5044,5044,live
1099925080364,782888,5045,5045,live
1099925080365,782888,5046,5046,live
1099925080366,782888,5047,5047,live
1099925080367,782888,5048,5048,live
1099925080368,782888,5049,5049,live
1099925080369,782888,5050,5050,live
1099925080370,782888,5051,5051,live
1099925080371,782888,5052,5052,live
1099925080372,782888,5053,5053,live
1099925080373,782888,5054,5054,live
1099925080374,782888,5055,5055,live
1099925080375,782888,5056,5056,live
1099925080376,782888,5057,5057,live
1099925080377,782888,5058,5058,live
1099925080378,782888,5059,5059,live
1099925080379,782888,5060,5060,live
1099925080380,782888,5061,5061,live
1099925080381,782888,5062,5062,live
1099925080382,782888,5063,5063,live
1099925080383,782888,5064,5064,live
1099925080384,782888,5065,5065,live
1099925080385,782888,5066,5066,live
1099925080386,782888,5067,5067,live
1099925080387,782888,5068,5068,live
1099925080388,782888,5069,5069,live
1099925080389,782888,5070,5070,live
1099925080390,782888,5071,5071,live
1099925080391,782888,5072,5072,live
1099925080392,782888,5073,5073,live
1099925080393,782888,5074,5074,live
1099925080394,782888,5075,5075,live
1099925080395,782888,5076,5076,live
1099925080396,782888,5077,5077,live
1099925080397,782888,5078,5078,live
1099925080398,782888,5079,5079,live
1099925080399,782888,5080,5080,live
1099925080400,782888,5081,5081,live
1099925080401,782888,5082,5082,live
1099925080402,782888,5083,5083,live
1099925080403,782888,5084,5084,live
1099925080404,782888,5085,5085,live
1099925080405,782888,5086,5086,live
1099925080406,782888,5087,5087,live
1099925080407,782888,5088,5088,live
1099925080408,782888,5089,5089,live
1099925080409,782888,5090,5090,live
1099925080410,782888,5091,5091,live
1099925080411,782888,5092,5092,live
1099925080412,782888,5093,5093,live
1099925080413,782888,5094,5094,live
1099925080414,782888,5095,5095,live
1099925080415,782888,5096,5096,live
1099925080416,782888,5097,5097,live
1099925080417,782888,5098,5098,live
1099925080418,782888,5099,5099,live
1099925080419,782888,5100,5100,live
1099925080420,782888,5101,5101,live
1099925080421,782888,5102,5102,live
1099925080422,782888,5103,5103,live
1099925080423,782888,5104,5104,live
1099925080424,782888,5105,5105,live
1099925080425,782888,5106,5106,live
1099925080426,782888,5107,5107,live
1099925080427,782888,5108,5108,live
1099925080428,782888,5109,5109,live
1099925080429,782888,5110,5110,live
1099925080430,782888,5111,5111,live
1099925080431,782888,5112,5112,live
1099925080432,782888,5113,5113,live
1099925080433,782888,5114,5114,live
1099925080434,782888,5115,5115,live
1099925080435,782888,5116,5116,live
1099925080436,782888,5117,5117,live
1099925080437,782888,5118,5118,live
1099925080438,782888,5119,5119,live
1099925080439,782888,5120,5120,live
1099925080440,782888,5121,5121,live
1099925080441,782888,5122,5122,live
1099925080442,782888,5123,5123,live
1099925080443,782888,5124,5124,live
1099925080444,782888,5125,5125,live
1099925080445,782888,5126,5126,live
1099925080446,782888,5127,5127,live
1099925080447,782888,5128,5128,live
1099925080448,782888,5129,5129,live
1099925080449,782888,5130,5130,live
1099925080450,782888,5131,5131,live
1099925080451,782888,5132,5132,live
1099925080452,782888,5133,5133,live
1099925080453,782888,5134,5134,live
1099925080454,782888,5135,5135,live
1099925080455,782888,5136,5136,live
1099925080456,782888,5137,5137,live
1099925080457,782888,5138,5138,live
1099925080458,782888,5139,5139,live
1099925080459,782888,5140,5140,live
1099925080460,782888,5141,5141,live
1099925080461,782888,5142,5142,live
1099925080462,782888,5143,5143,live
1099925080463,782888,5144,5144,live
1099925080464,782888,5145,5145,live
1099925080465,782888,5146,5146,live
1099925080466,782888,5147,5147,live
1099925080467,782888,5148,5148,live
1099925080468,782888,5149,5149,live
1099925080469,782888,5150,5150,live
1099925080470,782888,5151,5151,live
1099925080471,782888,5152,5152,live
1099925080472,782888,5153,5153,live
1099925080473,782888,5154,5154,live
1099925080474,782888,5155,5155,live
1099925080475,782888,5156,5156,live
1099925080476,782888,5157,5157,live
1099925080477,782888,5158,5158,live
1099925080478,782888,5159,5159,live
1099925080479,782888,5160,5160,live
1099925080480,782888,5161,5161,live
1099925080481,782888,5162,5162,live
1099925080482,782888,5163,5163,live
1099925080483,782888,5164,5164,live
1099925080484,782888,5165,5165,live
1099925080485,782888,5166,5166,live
1099925080486,782888,5167,5167,live
1099925080487,782888,5168,5168,live
1099925080488,782888,5169,5169,live
1099925080489,782888,5170,5170,live
1099925080490,782888,5171,5171,live
1099925080491,782888,5172,5172,live
1099925080492,782888,5173,5173,live
1099925080493,782888,5174,5174,live
1099925080494,782888,5175,5175,live
1099925080495,782888,5176,5176,live
1099925080496,782888,5177,5177,live
1099925080497,782888,5178,5178,live
1099925080498,782888,5179,5179,live
1099925080499,782888,5180,5180,live
1099925080500,782888,5181,5181,live
1099925080501,782888,5182,5182,live
1099925080502,782888,5183,5183,live
1099925080503,782888,5184,5184,live
1099925080504,782888,5185,5185,live
1099925080505,782888,5186,5186,live
1099925080506,782888,5187,5187,live
1099925080507,782888,5188,5188,live
1099925080508,782888,5189,5189,live
1099925080509,782888,5190,5190,live
1099925080510,782888,5191,5191,live
1099925080511,782888,5192,5192,live
1099925080512,782888,5193,5193,live
1099925080513,782888,5194,5194,live
1099925080514,782888,5195,5195,live
1099925080515,782888,5196,5196,live
1099925080516,782888,5197,5197,live
1099925080517,782888,5198,5198,live
1099925080518,782888,5199,5199,live
1099925080519,782888,5200,5200,live
1099925080541,782888,5201,5201,live
1099925080542,782888,5202,5202,live
1099925080543,782888,5203,5203,live
1099925080544,782888,5204,5204,live
1099925080545,782888,5205,5205,live
1099925080546,782888,5206,5206,live
1099925080547,782888,5207,5207,live
1099925080548,782888,5208,5208,live
1099925080549,782888,5209,5209,live
1099925080550,782888,5210,5210,live
1099925080551,782888,5211,5211,live
1099925080552,782888,5212,5212,live
1099925080553,782888,5213,5213,live
1099925080554,782888,5214,5214,live
1099925080555,782888,5215,5215,live
1099925080556,782888,5216,5216,live
1099925080557,782888,5217,5217,live
1099925080558,782888,5218,5218,live
1099925080559,782888,5219,5219,live
1099925080560,782888,5220,5220,live
1099925080561,782888,5221,5221,live
1099925080562,782888,5222,5222,live
1099925080563,782888,5223,5223,live
1099925080564,782888,5224,5224,live
1099925080565,782888,5225,5225,live
1099925080566,782888,5226,5226,live
1099925080567,782888,5227,5227,live
1099925080568,782888,5228,5228,live
1099925080569,782888,5229,5229,live
1099925080570,782888,5230,5230,live
1099925080571,782888,5231,5231,live
1099925080572,782888,5232,5232,live
1099925080573,782888,5233,5233,live
1099925080574,782888,5234,5234,live
1099925080575,782888,5235,5235,live
1099925080576,782888,5236,5236,live
1099925080577,782888,5237,5237,live
1099925080578,782888,5238,5238,live
1099925080579,782888,5239,5239,live
1099925080580,782888,5240,5240,live
1099925080581,782888,5241,5241,live
1099925080582,782888,5242,5242,live
1099925080583,782888,5243,5243,live
1099925080584,782888,5244,5244,live
1099925080585,782888,5245,5245,live
1099925080586,782888,5246,5246,live
1099925080587,782888,5247,5247,live
1099925080588,782888,5248,5248,live
1099925080589,782888,5249,5249,live
1099925080590,782888,5250,5250,live
1099925080591,782888,5251,5251,live
1099925080592,782888,5252,5252,live
1099925080593,782888,5253,5253,live
1099925080594,782888,5254,5254,live
1099925080595,782888,5255,5255,live
1099925080596,782888,5256,5256,live
1099925080597,782888,5257,5257,live
1099925080598,782888,5258,5258,live
1099925080599,782888,5259,5259,live
1099925080600,782888,5260,5260,live
1099925080601,782888,5261,5261,live
1099925080602,782888,5262,5262,live
1099925080603,782888,5263,5263,live
1099925080604,782888,5264,5264,live
1099925080605,782888,5265,5265,live
1099925080606,782888,5266,5266,live
1099925080607,782888,5267,5267,live
1099925080608,782888,5268,5268,live
1099925080609,782888,5269,5269,live
1099925080610,782888,5270,5270,live
1099925080611,782888,5271,5271,live
1099925080612,782888,5272,5272,live
1099925080613,782888,5273,5273,live
1099925080614,782888,5274,5274,live
1099925080615,782888,5275,5275,live
1099925080616,782888,5276,5276,live
1099925080617,782888,5277,5277,live
1099925080618,782888,5278,5278,live
1099925080619,782888,5279,5279,live
1099925080620,782888,5280,5280,live
1099925080621,782888,5281,5281,live
1099925080622,782888,5282,5282,live
1099925080623,782888,5283,5283,live
1099925080624,782888,5284,5284,live
1099925080625,782888,5285,5285,live
1099925080626,782888,5286,5286,live
1099925080627,782888,5287,5287,live
1099925080628,782888,5288,5288,live
1099925080629,782888,5289,5289,live
1099925080630,782888,5290,5290,live
1099925080631,782888,5291,5291,live
1099925080632,782888,5292,5292,live
1099925080633,782888,5293,5293,live
1099925080634,782888,5294,5294,live
1099925080635,782888,5295,5295,live
1099925080636,782888,5296,5296,live
1099925080637,782888,5297,5297,live
1099925080638,782888,5298,5298,live
1099925080639,782888,5299,5299,live
1099925080640,782888,5300,5300,live
1099925080641,782888,5301,5301,live
1099925080642,782888,5302,5302,live
1099925080643,782888,5303,5303,live
1099925080644,782888,5304,5304,live
1099925080645,782888,5305,5305,live
1099925080646,782888,5306,5306,live
1099925080647,782888,5307,5307,live
1099925080648,782888,5308,5308,live
1099925080649,782888,5309,5309,live
1099925080650,782888,5310,5310,live
1099925080651,782888,5311,5311,live
1099925080652,782888,5312,5312,live
1099925080653,782888,5313,5313,live
1099925080654,782888,5314,5314,live
1099925080655,782888,5315,5315,live
1099925080656,782888,5316,5316,live
1099925080657,782888,5317,5317,live
1099925080658,782888,5318,5318,live
1099925080659,782888,5319,5319,live
1099925080660,782888,5320,5320,live
1099925080661,782888,5321,5321,live
1099925080662,782888,5322,5322,live
1099925080663,782888,5323,5323,live
1099925080664,782888,5324,5324,live
1099925080665,782888,5325,5325,live
1099925080666,782888,5326,5326,live
1099925080667,782888,5327,5327,live
1099925080668,782888,5328,5328,live
1099925080669,782888,5329,5329,live
1099925080670,782888,5330,5330,live
1099925080671,782888,5331,5331,live
1099925080672,782888,5332,5332,live
1099925080673,782888,5333,5333,live
1099925080674,782888,5334,5334,live
1099925080675,782888,5335,5335,live
1099925080676,782888,5336,5336,live
1099925080677,782888,5337,5337,live
1099925080678,782888,5338,5338,live
1099925080679,782888,5339,5339,live
1099925080680,782888,5340,5340,live
1099925080681,782888,5341,5341,live
1099925080682,782888,5342,5342,live
1099925080683,782888,5343,5343,live
1099925080684,782888,5344,5344,live
1099925080685,782888,5345,5345,live
1099925080686,782888,5346,5346,live
1099925080687,782888,5347,5347,live
1099925080688,782888,5348,5348,live
1099925080689,782888,5349,5349,live
1099925080690,782888,5350,5350,live
1099925080691,782888,5351,5351,live
1099925080692,782888,5352,5352,live
1099925080693,782888,5353,5353,live
1099925080694,782888,5354,5354,live
1099925080695,782888,5355,5355,live
1099925080696,782888,5356,5356,live
1099925080697,782888,5357,5357,live
1099925080698,782888,5358,5358,live
1099925080699,782888,5359,5359,live
1099925080700,782888,5360,5360,live
1099925080701,782888,5361,5361,live
1099925080702,782888,5362,5362,live
1099925080703,782888,5363,5363,live
1099925080704,782888,5364,5364,live
1099925080705,782888,5365,5365,live
1099925080706,782888,5366,5366,live
1099925080707,782888,5367,5367,live
1099925080708,782888,5368,5368,live
1099925080709,782888,5369,5369,live
1099925080710,782888,5370,5370,live
1099925080711,782888,5371,5371,live
1099925080712,782888,5372,5372,live
1099925080713,782888,5373,5373,live
1099925080714,782888,5374,5374,live
1099925080715,782888,5375,5375,live
1099925080716,782888,5376,5376,live
1099925080717,782888,5377,5377,live
1099925080718,782888,5378,5378,live
1099925080719,782888,5379,5379,live
1099925080720,782888,5380,5380,live
1099925080721,782888,5381,5381,live
1099925080722,782888,5382,5382,live
1099925080723,782888,5383,5383,live
1099925080724,782888,5384,5384,live
1099925080725,782888,5385,5385,live
1099925080726,782888,5386,5386,live
1099925080727,782888,5387,5387,live
1099925080728,782888,5388,5388,live
1099925080729,782888,5389,5389,live
1099925080730,782888,5390,5390,live
1099925080731,782888,5391,5391,live
1099925080732,782888,5392,5392,live
1099925080733,782888,5393,5393,live
1099925080734,782888,5394,5394,live
1099925080735,782888,5395,5395,live
1099925080736,782888,5396,5396,live
1099925080737,782888,5397,5397,live
1099925080738,782888,5398,5398,live
1099925080739,782888,5399,5399,live
1099925080740,782888,5400,5400,live
1099925080759,782888,5401,5401,live
1099925080760,782888,5402,5402,live
1099925080761,782888,5403,5403,live
1099925080762,782888,5404,5404,live
1099925080763,782888,5405,5405,live
1099925080764,782888,5406,5406,live
1099925080765,782888,5407,5407,live
1099925080766,782888,5408,5408,live
1099925080767,782888,5409,5409,live
1099925080768,782888,5410,5410,live
1099925080769,782888,5411,5411,live
1099925080770,782888,5412,5412,live
1099925080771,782888,5413,5413,live
1099925080772,782888,5414,5414,live
1099925080773,782888,5415,5415,live
1099925080774,782888,5416,5416,live
1099925080775,782888,5417,5417,live
1099925080776,782888,5418,5418,live
1099925080777,782888,5419,5419,live
1099925080778,782888,5420,5420,live
1099925080779,782888,5421,5421,live
1099925080780,782888,5422,5422,live
1099925080781,782888,5423,5423,live
1099925080782,782888,5424,5424,live
1099925080783,782888,5425,5425,live
1099925080784,782888,5426,5426,live
1099925080785,782888,5427,5427,live
1099925080786,782888,5428,5428,live
1099925080787,782888,5429,5429,live
1099925080788,782888,5430,5430,live
1099925080789,782888,5431,5431,live
1099925080790,782888,5432,5432,live
1099925080791,782888,5433,5433,live
1099925080792,782888,5434,5434,live
1099925080793,782888,5435,5435,live
1099925080794,782888,5436,5436,live
1099925080795,782888,5437,5437,live
1099925080796,782888,5438,5438,live
1099925080797,782888,5439,5439,live
1099925080798,782888,5440,5440,live
1099925080799,782888,5441,5441,live
1099925080800,782888,5442,5442,live
1099925080801,782888,5443,5443,live
1099925080802,782888,5444,5444,live
1099925080803,782888,5445,5445,live
1099925080804,782888,5446,5446,live
1099925080805,782888,5447,5447,live
1099925080806,782888,5448,5448,live
1099925080807,782888,5449,5449,live
1099925080808,782888,5450,5450,live
1099925080809,782888,5451,5451,live
1099925080810,782888,5452,5452,live
1099925080811,782888,5453,5453,live
1099925080812,782888,5454,5454,live
1099925080813,782888,5455,5455,live
1099925080814,782888,5456,5456,live
1099925080815,782888,5457,5457,live
1099925080816,782888,5458,5458,live
1099925080817,782888,5459,5459,live
1099925080818,782888,5460,5460,live
1099925080819,782888,5461,5461,live
1099925080820,782888,5462,5462,live
1099925080821,782888,5463,5463,live
1099925080822,782888,5464,5464,live
1099925080823,782888,5465,5465,live
1099925080824,782888,5466,5466,live
1099925080825,782888,5467,5467,live
1099925080826,782888,5468,5468,live
1099925080827,782888,5469,5469,live
1099925080828,782888,5470,5470,live
1099925080829,782888,5471,5471,live
1099925080830,782888,5472,5472,live
1099925080831,782888,5473,5473,live
1099925080832,782888,5474,5474,live
1099925080833,782888,5475,5475,live
1099925080834,782888,5476,5476,live
1099925080835,782888,5477,5477,live
1099925080836,782888,5478,5478,live
1099925080837,782888,5479,5479,live
1099925080838,782888,5480,5480,live
1099925080839,782888,5481,5481,live
1099925080840,782888,5482,5482,live
1099925080841,782888,5483,5483,live
1099925080842,782888,5484,5484,live
1099925080843,782888,5485,5485,live
1099925080844,782888,5486,5486,live
1099925080845,782888,5487,5487,live
1099925080846,782888,5488,5488,live
1099925080847,782888,5489,5489,live
1099925080848,782888,5490,5490,live
1099925080849,782888,5491,5491,live
1099925080850,782888,5492,5492,live
1099925080851,782888,5493,5493,live
1099925080852,782888,5494,5494,live
1099925080853,782888,5495,5495,live
1099925080854,782888,5496,5496,live
1099925080855,782888,5497,5497,live
1099925080856,782888,5498,5498,live
1099925080857,782888,5499,5499,live
1099925080858,782888,5500,5500,live
1099925080859,782888,5501,5501,live
1099925080860,782888,5502,5502,live
1099925080861,782888,5503,5503,live
1099925080862,782888,5504,5504,live
1099925080863,782888,5505,5505,live
1099925080864,782888,5506,5506,live
1099925080865,782888,5507,5507,live
1099925080866,782888,5508,5508,live
1099925080867,782888,5509,5509,live
1099925080868,782888,5510,5510,live
1099925080869,782888,5511,5511,live
1099925080870,782888,5512,5512,live
1099925080871,782888,5513,5513,live
1099925080872,782888,5514,5514,live
1099925080873,782888,5515,5515,live
1099925080874,782888,5516,5516,live
1099925080875,782888,5517,5517,live
1099925080876,782888,5518,5518,live
1099925080877,782888,5519,5519,live
1099925080878,782888,5520,5520,live
1099925080879,782888,5521,5521,live
1099925080880,782888,5522,5522,live
1099925080881,782888,5523,5523,live
1099925080882,782888,5524,5524,live
1099925080883,782888,5525,5525,live
1099925080884,782888,5526,5526,live
1099925080885,782888,5527,5527,live
1099925080886,782888,5528,5528,live
1099925080887,782888,5529,5529,live
1099925080888,782888,5530,5530,live
1099925080889,782888,5531,5531,live
1099925080890,782888,5532,5532,live
1099925080891,782888,5533,5533,live
1099925080892,782888,5534,5534,live
1099925080893,782888,5535,5535,live
1099925080894,782888,5536,5536,live
1099925080895,782888,5537,5537,live
1099925080896,782888,5538,5538,live
1099925080897,782888,5539,5539,live
1099925080898,782888,5540,5540,live
1099925080899,782888,5541,5541,live
1099925080900,782888,5542,5542,live
1099925080901,782888,5543,5543,live
1099925080902,782888,5544,5544,live
1099925080903,782888,5545,5545,live
1099925080904,782888,5546,5546,live
1099925080905,782888,5547,5547,live
1099925080906,782888,5548,5548,live
1099925080907,782888,5549,5549,live
1099925080908,782888,5550,5550,live
1099925080909,782888,5551,5551,live
1099925080910,782888,5552,5552,live
1099925080911,782888,5553,5553,live
1099925080912,782888,5554,5554,live
1099925080913,782888,5555,5555,live
1099925080914,782888,5556,5556,live
1099925080915,782888,5557,5557,live
1099925080916,782888,5558,5558,live
1099925080917,782888,5559,5559,live
1099925080918,782888,5560,5560,live
1099925080919,782888,5561,5561,live
1099925080920,782888,5562,5562,live
1099925080921,782888,5563,5563,live
1099925080922,782888,5564,5564,live
1099925080923,782888,5565,5565,live
1099925080924,782888,5566,5566,live
1099925080925,782888,5567,5567,live
1099925080926,782888,5568,5568,live
1099925080927,782888,5569,5569,live
1099925080928,782888,5570,5570,live
1099925080929,782888,5571,5571,live
1099925080930,782888,5572,5572,live
1099925080931,782888,5573,5573,live
1099925080932,782888,5574,5574,live
1099925080933,782888,5575,5575,live
1099925080934,782888,5576,5576,live
1099925080935,782888,5577,5577,live
1099925080936,782888,5578,5578,live
1099925080937,782888,5579,5579,live
1099925080938,782888,5580,5580,live
1099925080939,782888,5581,5581,live
1099925080940,782888,5582,5582,live
1099925080941,782888,5583,5583,live
1099925080942,782888,5584,5584,live
1099925080943,782888,5585,5585,live
1099925080944,782888,5586,5586,live
1099925080945,782888,5587,5587,live
1099925080946,782888,5588,5588,live
1099925080947,782888,5589,5589,live
1099925080948,782888,5590,5590,live
1099925080949,782888,5591,5591,live
1099925080950,782888,5592,5592,live
1099925080951,782888,5593,5593,live
1099925080952,782888,5594,5594,live
1099925080953,782888,5595,5595,live
1099925080954,782888,5596,5596,live
1099925080955,782888,5597,5597,live
1099925080956,782888,5598,5598,live
1099925080957,782888,5599,5599,live
1099925080958,782888,5600,5600,live
1099925080959,782888,5601,5601,live
1099925080960,782888,5602,5602,live
1099925080961,782888,5603,5603,live
1099925080962,782888,5604,5604,live
1099925080963,782888,5605,5605,live
1099925080964,782888,5606,5606,live
1099925080965,782888,5607,5607,live
1099925080966,782888,5608,5608,live
1099925080967,782888,5609,5609,live
1099925080968,782888,5610,5610,live
1099925080969,782888,5611,5611,live
1099925080970,782888,5612,5612,live
1099925080971,782888,5613,5613,live
1099925080972,782888,5614,5614,live
1099925080973,782888,5615,5615,live
1099925080974,782888,5616,5616,live
1099925080975,782888,5617,5617,live
1099925080976,782888,5618,5618,live
1099925080977,782888,5619,5619,live
1099925080978,782888,5620,5620,live
1099925080979,782888,5621,5621,live
1099925080980,782888,5622,5622,live
1099925080981,782888,5623,5623,live
1099925080982,782888,5624,5624,live
1099925080983,782888,5625,5625,live
1099925080984,782888,5626,5626,live
1099925080985,782888,5627,5627,live
1099925080986,782888,5628,5628,live
1099925080987,782888,5629,5629,live
1099925080988,782888,5630,5630,live
1099925080989,782888,5631,5631,live
1099925080990,782888,5632,5632,live
1099925080991,782888,5633,5633,live
1099925080992,782888,5634,5634,live
1099925080993,782888,5635,5635,live
1099925080994,782888,5636,5636,live
1099925080995,782888,5637,5637,live
1099925080996,782888,5638,5638,live
1099925080997,782888,5639,5639,live
1099925080998,782888,5640,5640,live
1099925080999,782888,5641,5641,live
1099925081000,782888,5642,5642,live
1099925081001,782888,5643,5643,live
1099925081002,782888,5644,5644,live
1099925081003,782888,5645,5645,live
1099925081004,782888,5646,5646,live
1099925081005,782888,5647,5647,live
1099925081006,782888,5648,5648,live
1099925081007,782888,5649,5649,live
1099925081008,782888,5650,5650,live
1099925081009,782888,5651,5651,live
1099925081010,782888,5652,5652,live
1099925081011,782888,5653,5653,live
1099925081012,782888,5654,5654,live
1099925081013,782888,5655,5655,live
1099925081014,782888,5656,5656,live
1099925081015,782888,5657,5657,live
1099925081016,782888,5658,5658,live
1099925081017,782888,5659,5659,live
1099925081018,782888,5660,5660,live
1099925081019,782888,5661,5661,live
1099925081020,782888,5662,5662,live
1099925081021,782888,5663,5663,live
1099925081022,782888,5664,5664,live
1099925081023,782888,5665,5665,live
1099925081024,782888,5666,5666,live
1099925081025,782888,5667,5667,live
1099925081026,782888,5668,5668,live
1099925081027,782888,5669,5669,live
1099925081028,782888,5670,5670,live
1099925081029,782888,5671,5671,live
1099925081030,782888,5672,5672,live
1099925081031,782888,5673,5673,live
1099925081032,782888,5674,5674,live
1099925081033,782888,5675,5675,live
1099925081034,782888,5676,5676,live
1099925081035,782888,5677,5677,live
1099925081036,782888,5678,5678,live
1099925081037,782888,5679,5679,live
1099925081038,782888,5680,5680,live
1099925081039,782888,5681,5681,live
1099925081040,782888,5682,5682,live
1099925081041,782888,5683,5683,live
1099925081042,782888,5684,5684,live
1099925081043,782888,5685,5685,live
1099925081044,782888,5686,5686,live
1099925081045,782888,5687,5687,live
1099925081046,782888,5688,5688,live
1099925081047,782888,5689,5689,live
1099925081048,782888,5690,5690,live
1099925081049,782888,5691,5691,live
1099925081050,782888,5692,5692,live
1099925081051,782888,5693,5693,live
1099925081052,782888,5694,5694,live
1099925081053,782888,5695,5695,live
1099925081054,782888,5696,5696,live
1099925081055,782888,5697,5697,live
1099925081056,782888,5698,5698,live
1099925081057,782888,5699,5699,live
1099925081058,782888,5700,5700,live
1099925081059,782888,5701,5701,live
1099925081060,782888,5702,5702,live
1099925081061,782888,5703,5703,live
1099925081062,782888,5704,5704,live
1099925081063,782888,5705,5705,live
1099925081064,782888,5706,5706,live
1099925081065,782888,5707,5707,live
1099925081066,782888,5708,5708,live
1099925081067,782888,5709,5709,live
1099925081068,782888,5710,5710,live
1099925081069,782888,5711,5711,live
1099925081070,782888,5712,5712,live
1099925081071,782888,5713,5713,live
1099925081072,782888,5714,5714,live
1099925081073,782888,5715,5715,live
1099925081074,782888,5716,5716,live
1099925081075,782888,5717,5717,live
1099925081076,782888,5718,5718,live
1099925081077,782888,5719,5719,live
1099925081078,782888,5720,5720,live
1099925081079,782888,5721,5721,live
1099925081080,782888,5722,5722,live
1099925081081,782888,5723,5723,live
1099925081082,782888,5724,5724,live
1099925081083,782888,5725,5725,live
1099925081084,782888,5726,5726,live
1099925081085,782888,5727,5727,live
1099925081086,782888,5728,5728,live
1099925081087,782888,5729,5729,live
1099925081088,782888,5730,5730,live
1099925081089,782888,5731,5731,live
1099925081090,782888,5732,5732,live
1099925081091,782888,5733,5733,live
1099925081092,782888,5734,5734,live
1099925081093,782888,5735,5735,live
1099925081094,782888,5736,5736,live
1099925081095,782888,5737,5737,live
1099925081096,782888,5738,5738,live
1099925081097,782888,5739,5739,live
1099925081098,782888,5740,5740,live
1099925081099,782888,5741,5741,live
1099925081100,782888,5742,5742,live
1099925081101,782888,5743,5743,live
1099925081102,782888,5744,5744,live
1099925081103,782888,5745,5745,live
1099925081104,782888,5746,5746,live
1099925081105,782888,5747,5747,live
1099925081106,782888,5748,5748,live
1099925081107,782888,5749,5749,live
1099925081108,782888,5750,5750,live
1099925081109,782888,5751,5751,live
1099925081110,782888,5752,5752,live
1099925081111,782888,5753,5753,live
1099925081112,782888,5754,5754,live
1099925081113,782888,5755,5755,live
1099925081114,782888,5756,5756,live
1099925081115,782888,5757,5757,live
1099925081116,782888,5758,5758,live
1099925081117,782888,5759,5759,live
1099925081118,782888,5760,5760,live
1099925081119,782888,5761,5761,live
1099925081120,782888,5762,5762,live
1099925081121,782888,5763,5763,live
1099925081122,782888,5764,5764,live
1099925081123,782888,5765,5765,live
1099925081124,782888,5766,5766,live
1099925081125,782888,5767,5767,live
1099925081126,782888,5768,5768,live
1099925081127,782888,5769,5769,live
1099925081128,782888,5770,5770,live
1099925081129,782888,5771,5771,live
1099925081130,782888,5772,5772,live
1099925081131,782888,5773,5773,live
1099925081132,782888,5774,5774,live
1099925081133,782888,5775,5775,live
1099925081134,782888,5776,5776,live
1099925081135,782888,5777,5777,live
1099925081136,782888,5778,5778,live
1099925081137,782888,5779,5779,live
1099925081138,782888,5780,5780,live
1099925081139,782888,5781,5781,live
1099925081140,782888,5782,5782,live
1099925081141,782888,5783,5783,live
1099925081142,782888,5784,5784,live
1099925081143,782888,5785,5785,live
1099925081144,782888,5786,5786,live
1099925081145,782888,5787,5787,live
1099925081146,782888,5788,5788,live
1099925081147,782888,5789,5789,live
1099925081148,782888,5790,5790,live
1099925081149,782888,5791,5791,live
1099925081150,782888,5792,5792,live
1099925081151,782888,5793,5793,live
1099925081152,782888,5794,5794,live
1099925081153,782888,5795,5795,live
1099925081154,782888,5796,5796,live
1099925081155,782888,5797,5797,live
1099925081156,782888,5798,5798,live
1099925081157,782888,5799,5799,live
1099925081158,782888,5800,5800,live
1099925081159,782888,5801,5801,live
1099925081160,782888,5802,5802,live
1099925081161,782888,5803,5803,live
1099925081162,782888,5804,5804,live
1099925081163,782888,5805,5805,live
1099925081164,782888,5806,5806,live
1099925081165,782888,5807,5807,live
1099925081166,782888,5808,5808,live
1099925081167,782888,5809,5809,live
1099925081168,782888,5810,5810,live
1099925081169,782888,5811,5811,live
1099925081170,782888,5812,5812,live
1099925081171,782888,5813,5813,live
1099925081172,782888,5814,5814,live
1099925081173,782888,5815,5815,live
1099925081174,782888,5816,5816,live
1099925081175,782888,5817,5817,live
1099925081176,782888,5818,5818,live
1099925081177,782888,5819,5819,live
1099925081178,782888,5820,5820,live
1099925081179,782888,5821,5821,live
1099925081180,782888,5822,5822,live
1099925081181,782888,5823,5823,live
1099925081182,782888,5824,5824,live
1099925081183,782888,5825,5825,live
1099925081184,782888,5826,5826,live
1099925081185,782888,5827,5827,live
1099925081186,782888,5828,5828,live
1099925081187,782888,5829,5829,live
1099925081188,782888,5830,5830,live
1099925081189,782888,5831,5831,live
1099925081190,782888,5832,5832,live
1099925081191,782888,5833,5833,live
1099925081192,782888,5834,5834,live
1099925081193,782888,5835,5835,live
1099925081194,782888,5836,5836,live
1099925081195,782888,5837,5837,live
1099925081196,782888,5838,5838,live
1099925081197,782888,5839,5839,live
1099925081198,782888,5840,5840,live
1099925081199,782888,5841,5841,live
1099925081200,782888,5842,5842,live
1099925081201,782888,5843,5843,live
1099925081202,782888,5844,5844,live
1099925081203,782888,5845,5845,live
1099925081204,782888,5846,5846,live
1099925081205,782888,5847,5847,live
1099925081206,782888,5848,5848,live
1099925081207,782888,5849,5849,live
1099925081208,782888,5850,5850,live
1099925081209,782888,5851,5851,live
1099925081210,782888,5852,5852,live
1099925081211,782888,5853,5853,live
1099925081212,782888,5854,5854,live
1099925081213,782888,5855,5855,live
1099925081214,782888,5856,5856,live
1099925081215,782888,5857,5857,live
1099925081216,782888,5858,5858,live
1099925081217,782888,5859,5859,live
1099925081218,782888,5860,5860,live
1099925081219,782888,5861,5861,live
1099925081220,782888,5862,5862,live
1099925081221,782888,5863,5863,live
1099925081222,782888,5864,5864,live
1099925081223,782888,5865,5865,live
1099925081224,782888,5866,5866,live
1099925081225,782888,5867,5867,live
1099925081226,782888,5868,5868,live
1099925081227,782888,5869,5869,live
1099925081228,782888,5870,5870,live
1099925081229,782888,5871,5871,live
1099925081230,782888,5872,5872,live
1099925081231,782888,5873,5873,live
1099925081232,782888,5874,5874,live
1099925081233,782888,5875,5875,live
1099925081234,782888,5876,5876,live
1099925081235,782888,5877,5877,live
1099925081236,782888,5878,5878,live
1099925081237,782888,5879,5879,live
1099925081238,782888,5880,5880,live
1099925081239,782888,5881,5881,live
1099925081240,782888,5882,5882,live
1099925081241,782888,5883,5883,live
1099925081242,782888,5884,5884,live
1099925081243,782888,5885,5885,live
1099925081244,782888,5886,5886,live
1099925081245,782888,5887,5887,live
1099925081246,782888,5888,5888,live
1099925081247,782888,5889,5889,live
1099925081248,782888,5890,5890,live
1099925081249,782888,5891,5891,live
1099925081250,782888,5892,5892,live
1099925081251,782888,5893,5893,live
1099925081252,782888,5894,5894,live
1099925081253,782888,5895,5895,live
1099925081254,782888,5896,5896,live
1099925081255,782888,5897,5897,live
1099925081256,782888,5898,5898,live
1099925081257,782888,5899,5899,live
1099925081258,782888,5900,5900,live
1099925081259,782888,5901,5901,live
1099925081260,782888,5902,5902,live
1099925081261,782888,5903,5903,live
1099925081262,782888,5904,5904,live
1099925081263,782888,5905,5905,live
1099925081264,782888,5906,5906,live
1099925081265,782888,5907,5907,live
1099925081266,782888,5908,5908,live
1099925081267,782888,5909,5909,live
1099925081268,782888,5910,5910,live
1099925081269,782888,5911,5911,live
1099925081270,782888,5912,5912,live
1099925081271,782888,5913,5913,live
1099925081272,782888,5914,5914,live
1099925081273,782888,5915,5915,live
1099925081274,782888,5916,5916,live
1099925081275,782888,5917,5917,live
1099925081276,782888,5918,5918,live
1099925081277,782888,5919,5919,live
1099925081278,782888,5920,5920,live
1099925081279,782888,5921,5921,live
1099925081280,782888,5922,5922,live
1099925081281,782888,5923,5923,live
1099925081282,782888,5924,5924,live
1099925081283,782888,5925,5925,live
1099925081284,782888,5926,5926,live
1099925081285,782888,5927,5927,live
1099925081286,782888,5928,5928,live
1099925081287,782888,5929,5929,live
1099925081288,782888,5930,5930,live
1099925081289,782888,5931,5931,live
1099925081290,782888,5932,5932,live
1099925081291,782888,5933,5933,live
1099925081292,782888,5934,5934,live
1099925081293,782888,5935,5935,live
1099925081294,782888,5936,5936,live
1099925081295,782888,5937,5937,live
1099925081296,782888,5938,5938,live
1099925081297,782888,5939,5939,live
1099925081298,782888,5940,5940,live
1099925081299,782888,5941,5941,live
1099925081300,782888,5942,5942,live
1099925081301,782888,5943,5943,live
1099925081302,782888,5944,5944,live
1099925081303,782888,5945,5945,live
1099925081304,782888,5946,5946,live
1099925081305,782888,5947,5947,live
1099925081306,782888,5948,5948,live
1099925081307,782888,5949,5949,live
1099925081308,782888,5950,5950,live
1099925081309,782888,5951,5951,live
1099925081310,782888,5952,5952,live
1099925081311,782888,5953,5953,live
1099925081312,782888,5954,5954,live
1099925081313,782888,5955,5955,live
1099925081314,782888,5956,5956,live
1099925081315,782888,5957,5957,live
1099925081316,782888,5958,5958,live
1099925081317,782888,5959,5959,live
1099925081318,782888,5960,5960,live
1099925081319,782888,5961,5961,live
1099925081320,782888,5962,5962,live
1099925081321,782888,5963,5963,live
1099925081322,782888,5964,5964,live
1099925081323,782888,5965,5965,live
1099925081324,782888,5966,5966,live
1099925081325,782888,5967,5967,live
1099925081326,782888,5968,5968,live
1099925081327,782888,5969,5969,live
1099925081328,782888,5970,5970,live
1099925081329,782888,5971,5971,live
1099925081330,782888,5972,5972,live
1099925081331,782888,5973,5973,live
1099925081332,782888,5974,5974,live
1099925081333,782888,5975,5975,live
1099925081334,782888,5976,5976,live
1099925081335,782888,5977,5977,live
1099925081336,782888,5978,5978,live
1099925081337,782888,5979,5979,live
1099925081338,782888,5980,5980,live
1099925081339,782888,5981,5981,live
1099925081340,782888,5982,5982,live
1099925081341,782888,5983,5983,live
1099925081342,782888,5984,5984,live
1099925081343,782888,5985,5985,live
1099925081344,782888,5986,5986,live
1099925081345,782888,5987,5987,live
1099925081346,782888,5988,5988,live
1099925081347,782888,5989,5989,live
1099925081348,782888,5990,5990,live
1099925081349,782888,5991,5991,live
1099925081350,782888,5992,5992,live
1099925081351,782888,5993,5993,live
1099925081352,782888,5994,5994,live
1099925081353,782888,5995,5995,live
1099925081354,782888,5996,5996,live
1099925081355,782888,5997,5997,live
1099925081356,782888,5998,5998,live
1099925081357,782888,5999,5999,live
1099925081358,782888,6000,6000,live
1099925081362,782888,6001,6001,live
1099925081363,782888,6002,6002,live
1099925081364,782888,6003,6003,live
1099925081365,782888,6004,6004,live
1099925081366,782888,6005,6005,live
1099925081367,782888,6006,6006,live
1099925081368,782888,6007,6007,live
1099925081369,782888,6008,6008,live
1099925081370,782888,6009,6009,live
1099925081371,782888,6010,6010,live
1099925081372,782888,6011,6011,live
1099925081373,782888,6012,6012,live
1099925081374,782888,6013,6013,live
1099925081375,782888,6014,6014,live
1099925081376,782888,6015,6015,live
1099925081377,782888,6016,6016,live
1099925081378,782888,6017,6017,live
1099925081379,782888,6018,6018,live
1099925081380,782888,6019,6019,live
1099925081381,782888,6020,6020,live
1099925081382,782888,6021,6021,live
1099925081383,782888,6022,6022,live
1099925081384,782888,6023,6023,live
1099925081385,782888,6024,6024,live
1099925081386,782888,6025,6025,live
1099925081387,782888,6026,6026,live
1099925081388,782888,6027,6027,live
1099925081389,782888,6028,6028,live
1099925081390,782888,6029,6029,live
1099925081391,782888,6030,6030,live
1099925081392,782888,6031,6031,live
1099925081393,782888,6032,6032,live
1099925081394,782888,6033,6033,live
1099925081395,782888,6034,6034,live
1099925081396,782888,6035,6035,live
1099925081397,782888,6036,6036,live
1099925081398,782888,6037,6037,live
1099925081399,782888,6038,6038,live
1099925081400,782888,6039,6039,live
1099925081401,782888,6040,6040,live
1099925081402,782888,6041,6041,live
1099925081403,782888,6042,6042,live
1099925081404,782888,6043,6043,live
1099925081405,782888,6044,6044,live
1099925081406,782888,6045,6045,live
1099925081407,782888,6046,6046,live
1099925081408,782888,6047,6047,live
1099925081409,782888,6048,6048,live
1099925081410,782888,6049,6049,live
1099925081411,782888,6050,6050,live
1099925081412,782888,6051,6051,live
1099925081413,782888,6052,6052,live
1099925081414,782888,6053,6053,live
1099925081415,782888,6054,6054,live
1099925081416,782888,6055,6055,live
1099925081417,782888,6056,6056,live
1099925081418,782888,6057,6057,live
1099925081419,782888,6058,6058,live
1099925081420,782888,6059,6059,live
1099925081421,782888,6060,6060,live
1099925081422,782888,6061,6061,live
1099925081423,782888,6062,6062,live
1099925081424,782888,6063,6063,live
1099925081425,782888,6064,6064,live
1099925081426,782888,6065,6065,live
1099925081427,782888,6066,6066,live
1099925081428,782888,6067,6067,live
1099925081429,782888,6068,6068,live
1099925081430,782888,6069,6069,live
1099925081431,782888,6070,6070,live
1099925081432,782888,6071,6071,live
1099925081433,782888,6072,6072,live
1099925081434,782888,6073,6073,live
1099925081435,782888,6074,6074,live
1099925081436,782888,6075,6075,live
1099925081437,782888,6076,6076,live
1099925081438,782888,6077,6077,live
1099925081439,782888,6078,6078,live
1099925081440,782888,6079,6079,live
1099925081441,782888,6080,6080,live
1099925081442,782888,6081,6081,live
1099925081443,782888,6082,6082,live
1099925081444,782888,6083,6083,live
1099925081445,782888,6084,6084,live
1099925081446,782888,6085,6085,live
1099925081447,782888,6086,6086,live
1099925081448,782888,6087,6087,live
1099925081449,782888,6088,6088,live
1099925081450,782888,6089,6089,live
1099925081451,782888,6090,6090,live
1099925081452,782888,6091,6091,live
1099925081453,782888,6092,6092,live
1099925081454,782888,6093,6093,live
1099925081455,782888,6094,6094,live
1099925081456,782888,6095,6095,live
1099925081457,782888,6096,6096,live
1099925081458,782888,6097,6097,live
1099925081459,782888,6098,6098,live
1099925081460,782888,6099,6099,live
1099925081461,782888,6100,6100,live
1099925081462,782888,6101,6101,live
1099925081463,782888,6102,6102,live
1099925081464,782888,6103,6103,live
1099925081465,782888,6104,6104,live
1099925081466,782888,6105,6105,live
1099925081467,782888,6106,6106,live
1099925081468,782888,6107,6107,live
1099925081469,782888,6108,6108,live
1099925081470,782888,6109,6109,live
1099925081471,782888,6110,6110,live
1099925081472,782888,6111,6111,live
1099925081473,782888,6112,6112,live
1099925081474,782888,6113,6113,live
1099925081475,782888,6114,6114,live
1099925081476,782888,6115,6115,live
1099925081477,782888,6116,6116,live
1099925081478,782888,6117,6117,live
1099925081479,782888,6118,6118,live
1099925081480,782888,6119,6119,live
1099925081481,782888,6120,6120,live
1099925081482,782888,6121,6121,live
1099925081483,782888,6122,6122,live
1099925081484,782888,6123,6123,live
1099925081485,782888,6124,6124,live
1099925081486,782888,6125,6125,live
1099925081487,782888,6126,6126,live
1099925081488,782888,6127,6127,live
1099925081489,782888,6128,6128,live
1099925081490,782888,6129,6129,live
1099925081491,782888,6130,6130,live
1099925081492,782888,6131,6131,live
1099925081493,782888,6132,6132,live
1099925081494,782888,6133,6133,live
1099925081495,782888,6134,6134,live
1099925081496,782888,6135,6135,live
1099925081497,782888,6136,6136,live
1099925081498,782888,6137,6137,live
1099925081499,782888,6138,6138,live
1099925081500,782888,6139,6139,live
1099925081501,782888,6140,6140,live
1099925081502,782888,6141,6141,live
1099925081503,782888,6142,6142,live
1099925081504,782888,6143,6143,live
1099925081505,782888,6144,6144,live
1099925081506,782888,6145,6145,live
1099925081507,782888,6146,6146,live
1099925081508,782888,6147,6147,live
1099925081509,782888,6148,6148,live
1099925081510,782888,6149,6149,live
1099925081511,782888,6150,6150,live
1099925081512,782888,6151,6151,live
1099925081513,782888,6152,6152,live
1099925081514,782888,6153,6153,live
1099925081515,782888,6154,6154,live
1099925081516,782888,6155,6155,live
1099925081517,782888,6156,6156,live
1099925081518,782888,6157,6157,live
1099925081519,782888,6158,6158,live
1099925081520,782888,6159,6159,live
1099925081521,782888,6160,6160,live
1099925081522,782888,6161,6161,live
1099925081523,782888,6162,6162,live
1099925081524,782888,6163,6163,live
1099925081525,782888,6164,6164,live
1099925081526,782888,6165,6165,live
1099925081527,782888,6166,6166,live
1099925081528,782888,6167,6167,live
1099925081529,782888,6168,6168,live
1099925081530,782888,6169,6169,live
1099925081531,782888,6170,6170,live
1099925081532,782888,6171,6171,live
1099925081533,782888,6172,6172,live
1099925081534,782888,6173,6173,live
1099925081535,782888,6174,6174,live
1099925081536,782888,6175,6175,live
1099925081537,782888,6176,6176,live
1099925081538,782888,6177,6177,live
1099925081539,782888,6178,6178,live
1099925081540,782888,6179,6179,live
1099925081541,782888,6180,6180,live
1099925081542,782888,6181,6181,live
1099925081543,782888,6182,6182,live
1099925081544,782888,6183,6183,live
1099925081545,782888,6184,6184,live
1099925081546,782888,6185,6185,live
1099925081547,782888,6186,6186,live
1099925081548,782888,6187,6187,live
1099925081549,782888,6188,6188,live
1099925081550,782888,6189,6189,live
1099925081551,782888,6190,6190,live
1099925081552,782888,6191,6191,live
1099925081553,782888,6192,6192,live
1099925081554,782888,6193,6193,live
1099925081555,782888,6194,6194,live
1099925081556,782888,6195,6195,live
1099925081557,782888,6196,6196,live
1099925081558,782888,6197,6197,live
1099925081559,782888,6198,6198,live
1099925081560,782888,6199,6199,live
1099925081561,782888,6200,6200,live
1099925081567,782888,6201,6201,live
1099925081568,782888,6202,6202,live
1099925081569,782888,6203,6203,live
1099925081570,782888,6204,6204,live
1099925081571,782888,6205,6205,live
1099925081572,782888,6206,6206,live
1099925081573,782888,6207,6207,live
1099925081574,782888,6208,6208,live
1099925081575,782888,6209,6209,live
1099925081576,782888,6210,6210,live
1099925081577,782888,6211,6211,live
1099925081578,782888,6212,6212,live
1099925081579,782888,6213,6213,live
1099925081580,782888,6214,6214,live
1099925081581,782888,6215,6215,live
1099925081582,782888,6216,6216,live
1099925081583,782888,6217,6217,live
1099925081584,782888,6218,6218,live
1099925081585,782888,6219,6219,live
1099925081586,782888,6220,6220,live
1099925081587,782888,6221,6221,live
1099925081588,782888,6222,6222,live
1099925081589,782888,6223,6223,live
1099925081590,782888,6224,6224,live
1099925081591,782888,6225,6225,live
1099925081592,782888,6226,6226,live
1099925081593,782888,6227,6227,live
1099925081594,782888,6228,6228,live
1099925081595,782888,6229,6229,live
1099925081596,782888,6230,6230,live
1099925081597,782888,6231,6231,live
1099925081598,782888,6232,6232,live
1099925081599,782888,6233,6233,live
1099925081600,782888,6234,6234,live
1099925081601,782888,6235,6235,live
1099925081602,782888,6236,6236,live
1099925081603,782888,6237,6237,live
1099925081604,782888,6238,6238,live
1099925081605,782888,6239,6239,live
1099925081606,782888,6240,6240,live
1099925081607,782888,6241,6241,live
1099925081608,782888,6242,6242,live
1099925081609,782888,6243,6243,live
1099925081610,782888,6244,6244,live
1099925081611,782888,6245,6245,live
1099925081612,782888,6246,6246,live
1099925081613,782888,6247,6247,live
1099925081614,782888,6248,6248,live
1099925081615,782888,6249,6249,live
1099925081616,782888,6250,6250,live
1099925081617,782888,6251,6251,live
1099925081618,782888,6252,6252,live
1099925081619,782888,6253,6253,live
1099925081620,782888,6254,6254,live
1099925081621,782888,6255,6255,live
1099925081622,782888,6256,6256,live
1099925081623,782888,6257,6257,live
1099925081624,782888,6258,6258,live
1099925081625,782888,6259,6259,live
1099925081626,782888,6260,6260,live
1099925081627,782888,6261,6261,live
1099925081628,782888,6262,6262,live
1099925081629,782888,6263,6263,live
1099925081630,782888,6264,6264,live
1099925081631,782888,6265,6265,live
1099925081632,782888,6266,6266,live
1099925081633,782888,6267,6267,live
1099925081634,782888,6268,6268,live
1099925081635,782888,6269,6269,live
1099925081636,782888,6270,6270,live
1099925081637,782888,6271,6271,live
1099925081638,782888,6272,6272,live
1099925081639,782888,6273,6273,live
1099925081640,782888,6274,6274,live
1099925081641,782888,6275,6275,live
1099925081642,782888,6276,6276,live
1099925081643,782888,6277,6277,live
1099925081644,782888,6278,6278,live
1099925081645,782888,6279,6279,live
1099925081646,782888,6280,6280,live
1099925081647,782888,6281,6281,live
1099925081648,782888,6282,6282,live
1099925081649,782888,6283,6283,live
1099925081650,782888,6284,6284,live
1099925081651,782888,6285,6285,live
1099925081652,782888,6286,6286,live
1099925081653,782888,6287,6287,live
1099925081654,782888,6288,6288,live
1099925081655,782888,6289,6289,live
1099925081656,782888,6290,6290,live
1099925081657,782888,6291,6291,live
1099925081658,782888,6292,6292,live
1099925081659,782888,6293,6293,live
1099925081660,782888,6294,6294,live
1099925081661,782888,6295,6295,live
1099925081662,782888,6296,6296,live
1099925081663,782888,6297,6297,live
1099925081664,782888,6298,6298,live
1099925081665,782888,6299,6299,live
1099925081666,782888,6300,6300,live
1099925081667,782888,6301,6301,live
1099925081668,782888,6302,6302,live
1099925081669,782888,6303,6303,live
1099925081670,782888,6304,6304,live
1099925081671,782888,6305,6305,live
1099925081672,782888,6306,6306,live
1099925081673,782888,6307,6307,live
1099925081674,782888,6308,6308,live
1099925081675,782888,6309,6309,live
1099925081676,782888,6310,6310,live
1099925081677,782888,6311,6311,live
1099925081678,782888,6312,6312,live
1099925081679,782888,6313,6313,live
1099925081680,782888,6314,6314,live
1099925081681,782888,6315,6315,live
1099925081682,782888,6316,6316,live
1099925081683,782888,6317,6317,live
1099925081684,782888,6318,6318,live
1099925081685,782888,6319,6319,live
1099925081686,782888,6320,6320,live
1099925081687,782888,6321,6321,live
1099925081688,782888,6322,6322,live
1099925081689,782888,6323,6323,live
1099925081690,782888,6324,6324,live
1099925081691,782888,6325,6325,live
1099925081692,782888,6326,6326,live
1099925081693,782888,6327,6327,live
1099925081694,782888,6328,6328,live
1099925081695,782888,6329,6329,live
1099925081696,782888,6330,6330,live
1099925081697,782888,6331,6331,live
1099925081698,782888,6332,6332,live
1099925081699,782888,6333,6333,live
1099925081700,782888,6334,6334,live
1099925081701,782888,6335,6335,live
1099925081702,782888,6336,6336,live
1099925081703,782888,6337,6337,live
1099925081704,782888,6338,6338,live
1099925081705,782888,6339,6339,live
1099925081706,782888,6340,6340,live
1099925081707,782888,6341,6341,live
1099925081708,782888,6342,6342,live
1099925081709,782888,6343,6343,live
1099925081710,782888,6344,6344,live
1099925081711,782888,6345,6345,live
1099925081712,782888,6346,6346,live
1099925081713,782888,6347,6347,live
1099925081714,782888,6348,6348,live
1099925081715,782888,6349,6349,live
1099925081716,782888,6350,6350,live
1099925081717,782888,6351,6351,live
1099925081718,782888,6352,6352,live
1099925081719,782888,6353,6353,live
1099925081720,782888,6354,6354,live
1099925081721,782888,6355,6355,live
1099925081722,782888,6356,6356,live
1099925081723,782888,6357,6357,live
1099925081724,782888,6358,6358,live
1099925081725,782888,6359,6359,live
1099925081726,782888,6360,6360,live
1099925081727,782888,6361,6361,live
1099925081728,782888,6362,6362,live
1099925081729,782888,6363,6363,live
1099925081730,782888,6364,6364,live
1099925081731,782888,6365,6365,live
1099925081732,782888,6366,6366,live
1099925081733,782888,6367,6367,live
1099925081734,782888,6368,6368,live
1099925081735,782888,6369,6369,live
1099925081736,782888,6370,6370,live
1099925081737,782888,6371,6371,live
1099925081738,782888,6372,6372,live
1099925081739,782888,6373,6373,live
1099925081740,782888,6374,6374,live
1099925081741,782888,6375,6375,live
1099925081742,782888,6376,6376,live
1099925081743,782888,6377,6377,live
1099925081744,782888,6378,6378,live
1099925081745,782888,6379,6379,live
1099925081746,782888,6380,6380,live
1099925081747,782888,6381,6381,live
1099925081748,782888,6382,6382,live
1099925081749,782888,6383,6383,live
1099925081750,782888,6384,6384,live
1099925081751,782888,6385,6385,live
1099925081752,782888,6386,6386,live
1099925081753,782888,6387,6387,live
1099925081754,782888,6388,6388,live
1099925081755,782888,6389,6389,live
1099925081756,782888,6390,6390,live
1099925081757,782888,6391,6391,live
1099925081758,782888,6392,6392,live
1099925081759,782888,6393,6393,live
1099925081760,782888,6394,6394,live
1099925081761,782888,6395,6395,live
1099925081762,782888,6396,6396,live
1099925081763,782888,6397,6397,live
1099925081764,782888,6398,6398,live
1099925081765,782888,6399,6399,live
1099925081766,782888,6400,6400,live
1099925081767,782888,6401,6401,live
1099925081768,782888,6402,6402,live
1099925081769,782888,6403,6403,live
1099925081770,782888,6404,6404,live
1099925081771,782888,6405,6405,live
1099925081772,782888,6406,6406,live
1099925081773,782888,6407,6407,live
1099925081774,782888,6408,6408,live
1099925081775,782888,6409,6409,live
1099925081776,782888,6410,6410,live
1099925081777,782888,6411,6411,live
1099925081778,782888,6412,6412,live
1099925081779,782888,6413,6413,live
1099925081780,782888,6414,6414,live
1099925081781,782888,6415,6415,live
1099925081782,782888,6416,6416,live
1099925081783,782888,6417,6417,live
1099925081784,782888,6418,6418,live
1099925081785,782888,6419,6419,live
1099925081786,782888,6420,6420,live
1099925081787,782888,6421,6421,live
1099925081788,782888,6422,6422,live
1099925081789,782888,6423,6423,live
1099925081790,782888,6424,6424,live
1099925081791,782888,6425,6425,live
1099925081792,782888,6426,6426,live
1099925081793,782888,6427,6427,live
1099925081794,782888,6428,6428,live
1099925081795,782888,6429,6429,live
1099925081796,782888,6430,6430,live
1099925081797,782888,6431,6431,live
1099925081798,782888,6432,6432,live
1099925081799,782888,6433,6433,live
1099925081800,782888,6434,6434,live
1099925081801,782888,6435,6435,live
1099925081802,782888,6436,6436,live
1099925081803,782888,6437,6437,live
1099925081804,782888,6438,6438,live
1099925081805,782888,6439,6439,live
1099925081806,782888,6440,6440,live
1099925081807,782888,6441,6441,live
1099925081808,782888,6442,6442,live
1099925081809,782888,6443,6443,live
1099925081810,782888,6444,6444,live
1099925081811,782888,6445,6445,live
1099925081812,782888,6446,6446,live
1099925081813,782888,6447,6447,live
1099925081814,782888,6448,6448,live
1099925081815,782888,6449,6449,live
1099925081816,782888,6450,6450,live
1099925081817,782888,6451,6451,live
1099925081818,782888,6452,6452,live
1099925081819,782888,6453,6453,live
1099925081820,782888,6454,6454,live
1099925081821,782888,6455,6455,live
1099925081822,782888,6456,6456,live
1099925081823,782888,6457,6457,live
1099925081824,782888,6458,6458,live
1099925081825,782888,6459,6459,live
1099925081826,782888,6460,6460,live
1099925081827,782888,6461,6461,live
1099925081828,782888,6462,6462,live
1099925081829,782888,6463,6463,live
1099925081830,782888,6464,6464,live
1099925081831,782888,6465,6465,live
1099925081832,782888,6466,6466,live
1099925081833,782888,6467,6467,live
1099925081834,782888,6468,6468,live
1099925081835,782888,6469,6469,live
1099925081836,782888,6470,6470,live
1099925081837,782888,6471,6471,live
1099925081838,782888,6472,6472,live
1099925081839,782888,6473,6473,live
1099925081840,782888,6474,6474,live
1099925081841,782888,6475,6475,live
1099925081842,782888,6476,6476,live
1099925081843,782888,6477,6477,live
1099925081844,782888,6478,6478,live
1099925081845,782888,6479,6479,live
1099925081846,782888,6480,6480,live
1099925081847,782888,6481,6481,live
1099925081848,782888,6482,6482,live
1099925081849,782888,6483,6483,live
1099925081850,782888,6484,6484,live
1099925081851,782888,6485,6485,live
1099925081852,782888,6486,6486,live
1099925081853,782888,6487,6487,live
1099925081854,782888,6488,6488,live
1099925081855,782888,6489,6489,live
1099925081856,782888,6490,6490,live
1099925081857,782888,6491,6491,live
1099925081858,782888,6492,6492,live
1099925081859,782888,6493,6493,live
1099925081860,782888,6494,6494,live
1099925081861,782888,6495,6495,live
1099925081862,782888,6496,6496,live
1099925081863,782888,6497,6497,live
1099925081864,782888,6498,6498,live
1099925081865,782888,6499,6499,live
1099925081866,782888,6500,6500,live
1099925081867,782888,6501,6501,live
1099925081868,782888,6502,6502,live
1099925081869,782888,6503,6503,live
1099925081870,782888,6504,6504,live
1099925081871,782888,6505,6505,live
1099925081872,782888,6506,6506,live
1099925081873,782888,6507,6507,live
1099925081874,782888,6508,6508,live
1099925081875,782888,6509,6509,live
1099925081876,782888,6510,6510,live
1099925081877,782888,6511,6511,live
1099925081878,782888,6512,6512,live
1099925081879,782888,6513,6513,live
1099925081880,782888,6514,6514,live
1099925081881,782888,6515,6515,live
1099925081882,782888,6516,6516,live
1099925081883,782888,6517,6517,live
1099925081884,782888,6518,6518,live
1099925081885,782888,6519,6519,live
1099925081886,782888,6520,6520,live
1099925081887,782888,6521,6521,live
1099925081888,782888,6522,6522,live
1099925081889,782888,6523,6523,live
1099925081890,782888,6524,6524,live
1099925081891,782888,6525,6525,live
1099925081892,782888,6526,6526,live
1099925081893,782888,6527,6527,live
1099925081894,782888,6528,6528,live
1099925081895,782888,6529,6529,live
1099925081896,782888,6530,6530,live
1099925081897,782888,6531,6531,live
1099925081898,782888,6532,6532,live
1099925081899,782888,6533,6533,live
1099925081900,782888,6534,6534,live
1099925081901,782888,6535,6535,live
1099925081902,782888,6536,6536,live
1099925081903,782888,6537,6537,live
1099925081904,782888,6538,6538,live
1099925081905,782888,6539,6539,live
1099925081906,782888,6540,6540,live
1099925081907,782888,6541,6541,live
1099925081908,782888,6542,6542,live
1099925081909,782888,6543,6543,live
1099925081910,782888,6544,6544,live
1099925081911,782888,6545,6545,live
1099925081912,782888,6546,6546,live
1099925081913,782888,6547,6547,live
1099925081914,782888,6548,6548,live
1099925081915,782888,6549,6549,live
1099925081916,782888,6550,6550,live
1099925081917,782888,6551,6551,live
1099925081918,782888,6552,6552,live
1099925081919,782888,6553,6553,live
1099925081920,782888,6554,6554,live
1099925081921,782888,6555,6555,live
1099925081922,782888,6556,6556,live
1099925081923,782888,6557,6557,live
1099925081924,782888,6558,6558,live
1099925081925,782888,6559,6559,live
1099925081926,782888,6560,6560,live
1099925081927,782888,6561,6561,live
1099925081928,782888,6562,6562,live
1099925081929,782888,6563,6563,live
1099925081930,782888,6564,6564,live
1099925081931,782888,6565,6565,live
1099925081932,782888,6566,6566,live
1099925081933,782888,6567,6567,live
1099925081934,782888,6568,6568,live
1099925081935,782888,6569,6569,live
1099925081936,782888,6570,6570,live
1099925081937,782888,6571,6571,live
1099925081938,782888,6572,6572,live
1099925081939,782888,6573,6573,live
1099925081940,782888,6574,6574,live
1099925081941,782888,6575,6575,live
1099925081942,782888,6576,6576,live
1099925081943,782888,6577,6577,live
1099925081944,782888,6578,6578,live
1099925081945,782888,6579,6579,live
1099925081946,782888,6580,6580,live
1099925081947,782888,6581,6581,live
1099925081948,782888,6582,6582,live
1099925081949,782888,6583,6583,live
1099925081950,782888,6584,6584,live
1099925081951,782888,6585,6585,live
1099925081952,782888,6586,6586,live
1099925081953,782888,6587,6587,live
1099925081954,782888,6588,6588,live
1099925081955,782888,6589,6589,live
1099925081956,782888,6590,6590,live
1099925081957,782888,6591,6591,live
1099925081958,782888,6592,6592,live
1099925081959,782888,6593,6593,live
1099925081960,782888,6594,6594,live
1099925081961,782888,6595,6595,live
1099925081962,782888,6596,6596,live
1099925081963,782888,6597,6597,live
1099925081964,782888,6598,6598,live
1099925081965,782888,6599,6599,live
1099925081966,782888,6600,6600,live
1099925081967,782888,6601,6601,live
1099925081968,782888,6602,6602,live
1099925081969,782888,6603,6603,live
1099925081970,782888,6604,6604,live
1099925081971,782888,6605,6605,live
1099925081972,782888,6606,6606,live
1099925081973,782888,6607,6607,live
1099925081974,782888,6608,6608,live
1099925081975,782888,6609,6609,live
1099925081976,782888,6610,6610,live
1099925081977,782888,6611,6611,live
1099925081978,782888,6612,6612,live
1099925081979,782888,6613,6613,live
1099925081980,782888,6614,6614,live
1099925081981,782888,6615,6615,live
1099925081982,782888,6616,6616,live
1099925081983,782888,6617,6617,live
1099925081984,782888,6618,6618,live
1099925081985,782888,6619,6619,live
1099925081986,782888,6620,6620,live
1099925081987,782888,6621,6621,live
1099925081988,782888,6622,6622,live
1099925081989,782888,6623,6623,live
1099925081990,782888,6624,6624,live
1099925081991,782888,6625,6625,live
1099925081992,782888,6626,6626,live
1099925081993,782888,6627,6627,live
1099925081994,782888,6628,6628,live
1099925081995,782888,6629,6629,live
1099925081996,782888,6630,6630,live
1099925081997,782888,6631,6631,live
1099925081998,782888,6632,6632,live
1099925081999,782888,6633,6633,live
1099925082000,782888,6634,6634,live
1099925082001,782888,6635,6635,live
1099925082002,782888,6636,6636,live
1099925082003,782888,6637,6637,live
1099925082004,782888,6638,6638,live
1099925082005,782888,6639,6639,live
1099925082006,782888,6640,6640,live
1099925082007,782888,6641,6641,live
1099925082008,782888,6642,6642,live
1099925082009,782888,6643,6643,live
1099925082010,782888,6644,6644,live
1099925082011,782888,6645,6645,live
1099925082012,782888,6646,6646,live
1099925082013,782888,6647,6647,live
1099925082014,782888,6648,6648,live
1099925082015,782888,6649,6649,live
1099925082016,782888,6650,6650,live
1099925082017,782888,6651,6651,live
1099925082018,782888,6652,6652,live
1099925082019,782888,6653,6653,live
1099925082020,782888,6654,6654,live
1099925082021,782888,6655,6655,live
1099925082022,782888,6656,6656,live
1099925082023,782888,6657,6657,live
1099925082024,782888,6658,6658,live
1099925082025,782888,6659,6659,live
1099925082026,782888,6660,6660,live
1099925082027,782888,6661,6661,live
1099925082028,782888,6662,6662,live
1099925082029,782888,6663,6663,live
1099925082030,782888,6664,6664,live
1099925082031,782888,6665,6665,live
1099925082032,782888,6666,6666,live
1099925082033,782888,6667,6667,live
1099925082034,782888,6668,6668,live
1099925082035,782888,6669,6669,live
1099925082036,782888,6670,6670,live
1099925082037,782888,6671,6671,live
1099925082038,782888,6672,6672,live
1099925082039,782888,6673,6673,live
1099925082040,782888,6674,6674,live
1099925082041,782888,6675,6675,live
1099925082042,782888,6676,6676,live
1099925082043,782888,6677,6677,live
1099925082044,782888,6678,6678,live
1099925082045,782888,6679,6679,live
1099925082046,782888,6680,6680,live
1099925082047,782888,6681,6681,live
1099925082048,782888,6682,6682,live
1099925082049,782888,6683,6683,live
1099925082050,782888,6684,6684,live
1099925082051,782888,6685,6685,live
1099925082052,782888,6686,6686,live
1099925082053,782888,6687,6687,live
1099925082054,782888,6688,6688,live
1099925082055,782888,6689,6689,live
1099925082056,782888,6690,6690,live
1099925082057,782888,6691,6691,live
1099925082058,782888,6692,6692,live
1099925082059,782888,6693,6693,live
1099925082060,782888,6694,6694,live
1099925082061,782888,6695,6695,live
1099925082062,782888,6696,6696,live
1099925082063,782888,6697,6697,live
1099925082064,782888,6698,6698,live
1099925082065,782888,6699,6699,live
1099925082066,782888,6700,6700,live
1099925082067,782888,6701,6701,live
1099925082068,782888,6702,6702,live
1099925082069,782888,6703,6703,live
1099925082070,782888,6704,6704,live
1099925082071,782888,6705,6705,live
1099925082072,782888,6706,6706,live
1099925082073,782888,6707,6707,live
1099925082074,782888,6708,6708,live
1099925082075,782888,6709,6709,live
1099925082076,782888,6710,6710,live
1099925082077,782888,6711,6711,live
1099925082078,782888,6712,6712,live
1099925082079,782888,6713,6713,live
1099925082080,782888,6714,6714,live
1099925082081,782888,6715,6715,live
1099925082082,782888,6716,6716,live
1099925082083,782888,6717,6717,live
1099925082084,782888,6718,6718,live
1099925082085,782888,6719,6719,live
1099925082086,782888,6720,6720,live
1099925082087,782888,6721,6721,live
1099925082088,782888,6722,6722,live
1099925082089,782888,6723,6723,live
1099925082090,782888,6724,6724,live
1099925082091,782888,6725,6725,live
1099925082092,782888,6726,6726,live
1099925082093,782888,6727,6727,live
1099925082094,782888,6728,6728,live
1099925082095,782888,6729,6729,live
1099925082096,782888,6730,6730,live
1099925082097,782888,6731,6731,live
1099925082098,782888,6732,6732,live
1099925082099,782888,6733,6733,live
1099925082100,782888,6734,6734,live
1099925082101,782888,6735,6735,live
1099925082102,782888,6736,6736,live
1099925082103,782888,6737,6737,live
1099925082104,782888,6738,6738,live
1099925082105,782888,6739,6739,live
1099925082106,782888,6740,6740,live
1099925082107,782888,6741,6741,live
1099925082108,782888,6742,6742,live
1099925082109,782888,6743,6743,live
1099925082110,782888,6744,6744,live
1099925082111,782888,6745,6745,live
1099925082112,782888,6746,6746,live
1099925082113,782888,6747,6747,live
1099925082114,782888,6748,6748,live
1099925082115,782888,6749,6749,live
1099925082116,782888,6750,6750,live
1099925082117,782888,6751,6751,live
1099925082118,782888,6752,6752,live
1099925082119,782888,6753,6753,live
1099925082120,782888,6754,6754,live
1099925082121,782888,6755,6755,live
1099925082122,782888,6756,6756,live
1099925082123,782888,6757,6757,live
1099925082124,782888,6758,6758,live
1099925082125,782888,6759,6759,live
1099925082126,782888,6760,6760,live
1099925082127,782888,6761,6761,live
1099925082128,782888,6762,6762,live
1099925082129,782888,6763,6763,live
1099925082130,782888,6764,6764,live
1099925082131,782888,6765,6765,live
1099925082132,782888,6766,6766,live
1099925082133,782888,6767,6767,live
1099925082134,782888,6768,6768,live
1099925082135,782888,6769,6769,live
1099925082136,782888,6770,6770,live
1099925082137,782888,6771,6771,live
1099925082138,782888,6772,6772,live
1099925082139,782888,6773,6773,live
1099925082140,782888,6774,6774,live
1099925082141,782888,6775,6775,live
1099925082142,782888,6776,6776,live
1099925082143,782888,6777,6777,live
1099925082144,782888,6778,6778,live
1099925082145,782888,6779,6779,live
1099925082146,782888,6780,6780,live
1099925082147,782888,6781,6781,live
1099925082148,782888,6782,6782,live
1099925082149,782888,6783,6783,live
1099925082150,782888,6784,6784,live
1099925082151,782888,6785,6785,live
1099925082152,782888,6786,6786,live
1099925082153,782888,6787,6787,live
1099925082154,782888,6788,6788,live
1099925082155,782888,6789,6789,live
1099925082156,782888,6790,6790,live
1099925082157,782888,6791,6791,live
1099925082158,782888,6792,6792,live
1099925082159,782888,6793,6793,live
1099925082160,782888,6794,6794,live
1099925082161,782888,6795,6795,live
1099925082162,782888,6796,6796,live
1099925082163,782888,6797,6797,live
1099925082164,782888,6798,6798,live
1099925082165,782888,6799,6799,live
1099925082166,782888,6800,6800,live
1099925082170,782888,6801,6801,live
1099925082171,782888,6802,6802,live
1099925082172,782888,6803,6803,live
1099925082173,782888,6804,6804,live
1099925082174,782888,6805,6805,live
1099925082175,782888,6806,6806,live
1099925082176,782888,6807,6807,live
1099925082177,782888,6808,6808,live
1099925082178,782888,6809,6809,live
1099925082179,782888,6810,6810,live
1099925082180,782888,6811,6811,live
1099925082181,782888,6812,6812,live
1099925082182,782888,6813,6813,live
1099925082183,782888,6814,6814,live
1099925082184,782888,6815,6815,live
1099925082185,782888,6816,6816,live
1099925082186,782888,6817,6817,live
1099925082187,782888,6818,6818,live
1099925082188,782888,6819,6819,live
1099925082189,782888,6820,6820,live
1099925082190,782888,6821,6821,live
1099925082191,782888,6822,6822,live
1099925082192,782888,6823,6823,live
1099925082193,782888,6824,6824,live
1099925082194,782888,6825,6825,live
1099925082195,782888,6826,6826,live
1099925082196,782888,6827,6827,live
1099925082197,782888,6828,6828,live
1099925082198,782888,6829,6829,live
1099925082199,782888,6830,6830,live
1099925082200,782888,6831,6831,live
1099925082201,782888,6832,6832,live
1099925082202,782888,6833,6833,live
1099925082203,782888,6834,6834,live
1099925082204,782888,6835,6835,live
1099925082205,782888,6836,6836,live
1099925082206,782888,6837,6837,live
1099925082207,782888,6838,6838,live
1099925082208,782888,6839,6839,live
1099925082209,782888,6840,6840,live
1099925082210,782888,6841,6841,live
1099925082211,782888,6842,6842,live
1099925082212,782888,6843,6843,live
1099925082213,782888,6844,6844,live
1099925082214,782888,6845,6845,live
1099925082215,782888,6846,6846,live
1099925082216,782888,6847,6847,live
1099925082217,782888,6848,6848,live
1099925082218,782888,6849,6849,live
1099925082219,782888,6850,6850,live
1099925082220,782888,6851,6851,live
1099925082221,782888,6852,6852,live
1099925082222,782888,6853,6853,live
1099925082223,782888,6854,6854,live
1099925082224,782888,6855,6855,live
1099925082225,782888,6856,6856,live
1099925082226,782888,6857,6857,live
1099925082227,782888,6858,6858,live
1099925082228,782888,6859,6859,live
1099925082229,782888,6860,6860,live
1099925082230,782888,6861,6861,live
1099925082231,782888,6862,6862,live
1099925082232,782888,6863,6863,live
1099925082233,782888,6864,6864,live
1099925082234,782888,6865,6865,live
1099925082235,782888,6866,6866,live
1099925082236,782888,6867,6867,live
1099925082237,782888,6868,6868,live
1099925082238,782888,6869,6869,live
1099925082239,782888,6870,6870,live
1099925082240,782888,6871,6871,live
1099925082241,782888,6872,6872,live
1099925082242,782888,6873,6873,live
1099925082243,782888,6874,6874,live
1099925082244,782888,6875,6875,live
1099925082245,782888,6876,6876,live
1099925082246,782888,6877,6877,live
1099925082247,782888,6878,6878,live
1099925082248,782888,6879,6879,live
1099925082249,782888,6880,6880,live
1099925082250,782888,6881,6881,live
1099925082251,782888,6882,6882,live
1099925082252,782888,6883,6883,live
1099925082253,782888,6884,6884,live
1099925082254,782888,6885,6885,live
1099925082255,782888,6886,6886,live
1099925082256,782888,6887,6887,live
1099925082257,782888,6888,6888,live
1099925082258,782888,6889,6889,live
1099925082259,782888,6890,6890,live
1099925082260,782888,6891,6891,live
1099925082261,782888,6892,6892,live
1099925082262,782888,6893,6893,live
1099925082263,782888,6894,6894,live
1099925082264,782888,6895,6895,live
1099925082265,782888,6896,6896,live
1099925082266,782888,6897,6897,live
1099925082267,782888,6898,6898,live
1099925082268,782888,6899,6899,live
1099925082269,782888,6900,6900,live
1099925082270,782888,6901,6901,live
1099925082271,782888,6902,6902,live
1099925082272,782888,6903,6903,live
1099925082273,782888,6904,6904,live
1099925082274,782888,6905,6905,live
1099925082275,782888,6906,6906,live
1099925082276,782888,6907,6907,live
1099925082277,782888,6908,6908,live
1099925082278,782888,6909,6909,live
1099925082279,782888,6910,6910,live
1099925082280,782888,6911,6911,live
1099925082281,782888,6912,6912,live
1099925082282,782888,6913,6913,live
1099925082283,782888,6914,6914,live
1099925082284,782888,6915,6915,live
1099925082285,782888,6916,6916,live
1099925082286,782888,6917,6917,live
1099925082287,782888,6918,6918,live
1099925082288,782888,6919,6919,live
1099925082289,782888,6920,6920,live
1099925082290,782888,6921,6921,live
1099925082291,782888,6922,6922,live
1099925082292,782888,6923,6923,live
1099925082293,782888,6924,6924,live
1099925082294,782888,6925,6925,live
1099925082295,782888,6926,6926,live
1099925082296,782888,6927,6927,live
1099925082297,782888,6928,6928,live
1099925082298,782888,6929,6929,live
1099925082299,782888,6930,6930,live
1099925082300,782888,6931,6931,live
1099925082301,782888,6932,6932,live
1099925082302,782888,6933,6933,live
1099925082303,782888,6934,6934,live
1099925082304,782888,6935,6935,live
1099925082305,782888,6936,6936,live
1099925082306,782888,6937,6937,live
1099925082307,782888,6938,6938,live
1099925082308,782888,6939,6939,live
1099925082309,782888,6940,6940,live
1099925082310,782888,6941,6941,live
1099925082311,782888,6942,6942,live
1099925082312,782888,6943,6943,live
1099925082313,782888,6944,6944,live
1099925082314,782888,6945,6945,live
1099925082315,782888,6946,6946,live
1099925082316,782888,6947,6947,live
1099925082317,782888,6948,6948,live
1099925082318,782888,6949,6949,live
1099925082319,782888,6950,6950,live
1099925082320,782888,6951,6951,live
1099925082321,782888,6952,6952,live
1099925082322,782888,6953,6953,live
1099925082323,782888,6954,6954,live
1099925082324,782888,6955,6955,live
1099925082325,782888,6956,6956,live
1099925082326,782888,6957,6957,live
1099925082327,782888,6958,6958,live
1099925082328,782888,6959,6959,live
1099925082329,782888,6960,6960,live
1099925082330,782888,6961,6961,live
1099925082331,782888,6962,6962,live
1099925082332,782888,6963,6963,live
1099925082333,782888,6964,6964,live
1099925082334,782888,6965,6965,live
1099925082335,782888,6966,6966,live
1099925082336,782888,6967,6967,live
1099925082337,782888,6968,6968,live
1099925082338,782888,6969,6969,live
1099925082339,782888,6970,6970,live
1099925082340,782888,6971,6971,live
1099925082341,782888,6972,6972,live
1099925082342,782888,6973,6973,live
1099925082343,782888,6974,6974,live
1099925082344,782888,6975,6975,live
1099925082345,782888,6976,6976,live
1099925082346,782888,6977,6977,live
1099925082347,782888,6978,6978,live
1099925082348,782888,6979,6979,live
1099925082349,782888,6980,6980,live
1099925082350,782888,6981,6981,live
1099925082351,782888,6982,6982,live
1099925082352,782888,6983,6983,live
1099925082353,782888,6984,6984,live
1099925082354,782888,6985,6985,live
1099925082355,782888,6986,6986,live
1099925082356,782888,6987,6987,live
1099925082357,782888,6988,6988,live
1099925082358,782888,6989,6989,live
1099925082359,782888,6990,6990,live
1099925082360,782888,6991,6991,live
1099925082361,782888,6992,6992,live
1099925082362,782888,6993,6993,live
1099925082363,782888,6994,6994,live
1099925082364,782888,6995,6995,live
1099925082365,782888,6996,6996,live
1099925082366,782888,6997,6997,live
1099925082367,782888,6998,6998,live
1099925082368,782888,6999,6999,live
1099925082369,782888,7000,7000,live
1099925082370,782888,7001,7001,live
1099925082371,782888,7002,7002,live
1099925082372,782888,7003,7003,live
1099925082373,782888,7004,7004,live
1099925082374,782888,7005,7005,live
1099925082375,782888,7006,7006,live
1099925082376,782888,7007,7007,live
1099925082377,782888,7008,7008,live
1099925082378,782888,7009,7009,live
1099925082379,782888,7010,7010,live
1099925082380,782888,7011,7011,live
1099925082381,782888,7012,7012,live
1099925082382,782888,7013,7013,live
1099925082383,782888,7014,7014,live
1099925082384,782888,7015,7015,live
1099925082385,782888,7016,7016,live
1099925082386,782888,7017,7017,live
1099925082387,782888,7018,7018,live
1099925082388,782888,7019,7019,live
1099925082389,782888,7020,7020,live
1099925082390,782888,7021,7021,live
1099925082391,782888,7022,7022,live
1099925082392,782888,7023,7023,live
1099925082393,782888,7024,7024,live
1099925082394,782888,7025,7025,live
1099925082395,782888,7026,7026,live
1099925082396,782888,7027,7027,live
1099925082397,782888,7028,7028,live
1099925082398,782888,7029,7029,live
1099925082399,782888,7030,7030,live
1099925082400,782888,7031,7031,live
1099925082401,782888,7032,7032,live
1099925082402,782888,7033,7033,live
1099925082403,782888,7034,7034,live
1099925082404,782888,7035,7035,live
1099925082405,782888,7036,7036,live
1099925082406,782888,7037,7037,live
1099925082407,782888,7038,7038,live
1099925082408,782888,7039,7039,live
1099925082409,782888,7040,7040,live
1099925082410,782888,7041,7041,live
1099925082411,782888,7042,7042,live
1099925082412,782888,7043,7043,live
1099925082413,782888,7044,7044,live
1099925082414,782888,7045,7045,live
1099925082415,782888,7046,7046,live
1099925082416,782888,7047,7047,live
1099925082417,782888,7048,7048,live
1099925082418,782888,7049,7049,live
1099925082419,782888,7050,7050,live
1099925082420,782888,7051,7051,live
1099925082421,782888,7052,7052,live
1099925082422,782888,7053,7053,live
1099925082423,782888,7054,7054,live
1099925082424,782888,7055,7055,live
1099925082425,782888,7056,7056,live
1099925082426,782888,7057,7057,live
1099925082427,782888,7058,7058,live
1099925082428,782888,7059,7059,live
1099925082429,782888,7060,7060,live
1099925082430,782888,7061,7061,live
1099925082431,782888,7062,7062,live
1099925082432,782888,7063,7063,live
1099925082433,782888,7064,7064,live
1099925082434,782888,7065,7065,live
1099925082435,782888,7066,7066,live
1099925082436,782888,7067,7067,live
1099925082437,782888,7068,7068,live
1099925082438,782888,7069,7069,live
1099925082439,782888,7070,7070,live
1099925082440,782888,7071,7071,live
1099925082441,782888,7072,7072,live
1099925082442,782888,7073,7073,live
1099925082443,782888,7074,7074,live
1099925082444,782888,7075,7075,live
1099925082445,782888,7076,7076,live
1099925082446,782888,7077,7077,live
1099925082447,782888,7078,7078,live
1099925082448,782888,7079,7079,live
1099925082449,782888,7080,7080,live
1099925082450,782888,7081,7081,live
1099925082451,782888,7082,7082,live
1099925082452,782888,7083,7083,live
1099925082453,782888,7084,7084,live
1099925082454,782888,7085,7085,live
1099925082455,782888,7086,7086,live
1099925082456,782888,7087,7087,live
1099925082457,782888,7088,7088,live
1099925082458,782888,7089,7089,live
1099925082459,782888,7090,7090,live
1099925082460,782888,7091,7091,live
1099925082461,782888,7092,7092,live
1099925082462,782888,7093,7093,live
1099925082463,782888,7094,7094,live
1099925082464,782888,7095,7095,live
1099925082465,782888,7096,7096,live
1099925082466,782888,7097,7097,live
1099925082467,782888,7098,7098,live
1099925082468,782888,7099,7099,live
1099925082469,782888,7100,7100,live
1099925082470,782888,7101,7101,live
1099925082471,782888,7102,7102,live
1099925082472,782888,7103,7103,live
1099925082473,782888,7104,7104,live
1099925082474,782888,7105,7105,live
1099925082475,782888,7106,7106,live
1099925082476,782888,7107,7107,live
1099925082477,782888,7108,7108,live
1099925082478,782888,7109,7109,live
1099925082479,782888,7110,7110,live
1099925082480,782888,7111,7111,live
1099925082481,782888,7112,7112,live
1099925082482,782888,7113,7113,live
1099925082483,782888,7114,7114,live
1099925082484,782888,7115,7115,live
1099925082485,782888,7116,7116,live
1099925082486,782888,7117,7117,live
1099925082487,782888,7118,7118,live
1099925082488,782888,7119,7119,live
1099925082489,782888,7120,7120,live
1099925082490,782888,7121,7121,live
1099925082491,782888,7122,7122,live
1099925082492,782888,7123,7123,live
1099925082493,782888,7124,7124,live
1099925082494,782888,7125,7125,live
1099925082495,782888,7126,7126,live
1099925082496,782888,7127,7127,live
1099925082497,782888,7128,7128,live
1099925082498,782888,7129,7129,live
1099925082499,782888,7130,7130,live
1099925082500,782888,7131,7131,live
1099925082501,782888,7132,7132,live
1099925082502,782888,7133,7133,live
1099925082503,782888,7134,7134,live
1099925082504,782888,7135,7135,live
1099925082505,782888,7136,7136,live
1099925082506,782888,7137,7137,live
1099925082507,782888,7138,7138,live
1099925082508,782888,7139,7139,live
1099925082509,782888,7140,7140,live
1099925082510,782888,7141,7141,live
1099925082511,782888,7142,7142,live
1099925082512,782888,7143,7143,live
1099925082513,782888,7144,7144,live
1099925082514,782888,7145,7145,live
1099925082515,782888,7146,7146,live
1099925082516,782888,7147,7147,live
1099925082517,782888,7148,7148,live
1099925082518,782888,7149,7149,live
1099925082519,782888,7150,7150,live
1099925082520,782888,7151,7151,live
1099925082521,782888,7152,7152,live
1099925082522,782888,7153,7153,live
1099925082523,782888,7154,7154,live
1099925082524,782888,7155,7155,live
1099925082525,782888,7156,7156,live
1099925082526,782888,7157,7157,live
1099925082527,782888,7158,7158,live
1099925082528,782888,7159,7159,live
1099925082529,782888,7160,7160,live
1099925082530,782888,7161,7161,live
1099925082531,782888,7162,7162,live
1099925082532,782888,7163,7163,live
1099925082533,782888,7164,7164,live
1099925082534,782888,7165,7165,live
1099925082535,782888,7166,7166,live
1099925082536,782888,7167,7167,live
1099925082537,782888,7168,7168,live
1099925082538,782888,7169,7169,live
1099925082539,782888,7170,7170,live
1099925082540,782888,7171,7171,live
1099925082541,782888,7172,7172,live
1099925082542,782888,7173,7173,live
1099925082543,782888,7174,7174,live
1099925082544,782888,7175,7175,live
1099925082545,782888,7176,7176,live
1099925082546,782888,7177,7177,live
1099925082547,782888,7178,7178,live
1099925082548,782888,7179,7179,live
1099925082549,782888,7180,7180,live
1099925082550,782888,7181,7181,live
1099925082551,782888,7182,7182,live
1099925082552,782888,7183,7183,live
1099925082553,782888,7184,7184,live
1099925082554,782888,7185,7185,live
1099925082555,782888,7186,7186,live
1099925082556,782888,7187,7187,live
1099925082557,782888,7188,7188,live
1099925082558,782888,7189,7189,live
1099925082559,782888,7190,7190,live
1099925082560,782888,7191,7191,live
1099925082561,782888,7192,7192,live
1099925082562,782888,7193,7193,live
1099925082563,782888,7194,7194,live
1099925082564,782888,7195,7195,live
1099925082565,782888,7196,7196,live
1099925082566,782888,7197,7197,live
1099925082567,782888,7198,7198,live
1099925082568,782888,7199,7199,live
1099925082569,782888,7200,7200,live
1099925082571,782888,7201,7201,live
1099925082572,782888,7202,7202,live
1099925082573,782888,7203,7203,live
1099925082574,782888,7204,7204,live
1099925082575,782888,7205,7205,live
1099925082576,782888,7206,7206,live
1099925082577,782888,7207,7207,live
1099925082578,782888,7208,7208,live
1099925082579,782888,7209,7209,live
1099925082580,782888,7210,7210,live
1099925082581,782888,7211,7211,live
1099925082582,782888,7212,7212,live
1099925082583,782888,7213,7213,live
1099925082584,782888,7214,7214,live
1099925082585,782888,7215,7215,live
1099925082586,782888,7216,7216,live
1099925082587,782888,7217,7217,live
1099925082588,782888,7218,7218,live
1099925082589,782888,7219,7219,live
1099925082590,782888,7220,7220,live
1099925082591,782888,7221,7221,live
1099925082592,782888,7222,7222,live
1099925082593,782888,7223,7223,live
1099925082594,782888,7224,7224,live
1099925082595,782888,7225,7225,live
1099925082596,782888,7226,7226,live
1099925082597,782888,7227,7227,live
1099925082598,782888,7228,7228,live
1099925082599,782888,7229,7229,live
1099925082600,782888,7230,7230,live
1099925082601,782888,7231,7231,live
1099925082602,782888,7232,7232,live
1099925082603,782888,7233,7233,live
1099925082604,782888,7234,7234,live
1099925082605,782888,7235,7235,live
1099925082606,782888,7236,7236,live
1099925082607,782888,7237,7237,live
1099925082608,782888,7238,7238,live
1099925082609,782888,7239,7239,live
1099925082610,782888,7240,7240,live
1099925082611,782888,7241,7241,live
1099925082612,782888,7242,7242,live
1099925082613,782888,7243,7243,live
1099925082614,782888,7244,7244,live
1099925082615,782888,7245,7245,live
1099925082616,782888,7246,7246,live
1099925082617,782888,7247,7247,live
1099925082618,782888,7248,7248,live
1099925082619,782888,7249,7249,live
1099925082620,782888,7250,7250,live
1099925082621,782888,7251,7251,live
1099925082622,782888,7252,7252,live
1099925082623,782888,7253,7253,live
1099925082624,782888,7254,7254,live
1099925082625,782888,7255,7255,live
1099925082626,782888,7256,7256,live
1099925082627,782888,7257,7257,live
1099925082628,782888,7258,7258,live
1099925082629,782888,7259,7259,live
1099925082630,782888,7260,7260,live
1099925082631,782888,7261,7261,live
1099925082632,782888,7262,7262,live
1099925082633,782888,7263,7263,live
1099925082634,782888,7264,7264,live
1099925082635,782888,7265,7265,live
1099925082636,782888,7266,7266,live
1099925082637,782888,7267,7267,live
1099925082638,782888,7268,7268,live
1099925082639,782888,7269,7269,live
1099925082640,782888,7270,7270,live
1099925082641,782888,7271,7271,live
1099925082642,782888,7272,7272,live
1099925082643,782888,7273,7273,live
1099925082644,782888,7274,7274,live
1099925082645,782888,7275,7275,live
1099925082646,782888,7276,7276,live
1099925082647,782888,7277,7277,live
1099925082648,782888,7278,7278,live
1099925082649,782888,7279,7279,live
1099925082650,782888,7280,7280,live
1099925082651,782888,7281,7281,live
1099925082652,782888,7282,7282,live
1099925082653,782888,7283,7283,live
1099925082654,782888,7284,7284,live
1099925082655,782888,7285,7285,live
1099925082656,782888,7286,7286,live
1099925082657,782888,7287,7287,live
1099925082658,782888,7288,7288,live
1099925082659,782888,7289,7289,live
1099925082660,782888,7290,7290,live
1099925082661,782888,7291,7291,live
1099925082662,782888,7292,7292,live
1099925082663,782888,7293,7293,live
1099925082664,782888,7294,7294,live
1099925082665,782888,7295,7295,live
1099925082666,782888,7296,7296,live
1099925082667,782888,7297,7297,live
1099925082668,782888,7298,7298,live
1099925082669,782888,7299,7299,live
1099925082670,782888,7300,7300,live
1099925082671,782888,7301,7301,live
1099925082672,782888,7302,7302,live
1099925082673,782888,7303,7303,live
1099925082674,782888,7304,7304,live
1099925082675,782888,7305,7305,live
1099925082676,782888,7306,7306,live
1099925082677,782888,7307,7307,live
1099925082678,782888,7308,7308,live
1099925082679,782888,7309,7309,live
1099925082680,782888,7310,7310,live
1099925082681,782888,7311,7311,live
1099925082682,782888,7312,7312,live
1099925082683,782888,7313,7313,live
1099925082684,782888,7314,7314,live
1099925082685,782888,7315,7315,live
1099925082686,782888,7316,7316,live
1099925082687,782888,7317,7317,live
1099925082688,782888,7318,7318,live
1099925082689,782888,7319,7319,live
1099925082690,782888,7320,7320,live
1099925082691,782888,7321,7321,live
1099925082692,782888,7322,7322,live
1099925082693,782888,7323,7323,live
1099925082694,782888,7324,7324,live
1099925082695,782888,7325,7325,live
1099925082696,782888,7326,7326,live
1099925082697,782888,7327,7327,live
1099925082698,782888,7328,7328,live
1099925082699,782888,7329,7329,live
1099925082700,782888,7330,7330,live
1099925082701,782888,7331,7331,live
1099925082702,782888,7332,7332,live
1099925082703,782888,7333,7333,live
1099925082704,782888,7334,7334,live
1099925082705,782888,7335,7335,live
1099925082706,782888,7336,7336,live
1099925082707,782888,7337,7337,live
1099925082708,782888,7338,7338,live
1099925082709,782888,7339,7339,live
1099925082710,782888,7340,7340,live
1099925082711,782888,7341,7341,live
1099925082712,782888,7342,7342,live
1099925082713,782888,7343,7343,live
1099925082714,782888,7344,7344,live
1099925082715,782888,7345,7345,live
1099925082716,782888,7346,7346,live
1099925082717,782888,7347,7347,live
1099925082718,782888,7348,7348,live
1099925082719,782888,7349,7349,live
1099925082720,782888,7350,7350,live
1099925082721,782888,7351,7351,live
1099925082722,782888,7352,7352,live
1099925082723,782888,7353,7353,live
1099925082724,782888,7354,7354,live
1099925082725,782888,7355,7355,live
1099925082726,782888,7356,7356,live
1099925082727,782888,7357,7357,live
1099925082728,782888,7358,7358,live
1099925082729,782888,7359,7359,live
1099925082730,782888,7360,7360,live
1099925082731,782888,7361,7361,live
1099925082732,782888,7362,7362,live
1099925082733,782888,7363,7363,live
1099925082734,782888,7364,7364,live
1099925082735,782888,7365,7365,live
1099925082736,782888,7366,7366,live
1099925082737,782888,7367,7367,live
1099925082738,782888,7368,7368,live
1099925082739,782888,7369,7369,live
1099925082740,782888,7370,7370,live
1099925082741,782888,7371,7371,live
1099925082742,782888,7372,7372,live
1099925082743,782888,7373,7373,live
1099925082744,782888,7374,7374,live
1099925082745,782888,7375,7375,live
1099925082746,782888,7376,7376,live
1099925082747,782888,7377,7377,live
1099925082748,782888,7378,7378,live
1099925082749,782888,7379,7379,live
1099925082750,782888,7380,7380,live
1099925082751,782888,7381,7381,live
1099925082752,782888,7382,7382,live
1099925082753,782888,7383,7383,live
1099925082754,782888,7384,7384,live
1099925082755,782888,7385,7385,live
1099925082756,782888,7386,7386,live
1099925082757,782888,7387,7387,live
1099925082758,782888,7388,7388,live
1099925082759,782888,7389,7389,live
1099925082760,782888,7390,7390,live
1099925082761,782888,7391,7391,live
1099925082762,782888,7392,7392,live
1099925082763,782888,7393,7393,live
1099925082764,782888,7394,7394,live
1099925082765,782888,7395,7395,live
1099925082766,782888,7396,7396,live
1099925082767,782888,7397,7397,live
1099925082768,782888,7398,7398,live
1099925082769,782888,7399,7399,live
1099925082770,782888,7400,7400,live
1099925082783,782888,7401,7401,live
1099925082784,782888,7402,7402,live
1099925082785,782888,7403,7403,live
1099925082786,782888,7404,7404,live
1099925082787,782888,7405,7405,live
1099925082788,782888,7406,7406,live
1099925082789,782888,7407,7407,live
1099925082790,782888,7408,7408,live
1099925082791,782888,7409,7409,live
1099925082792,782888,7410,7410,live
1099925082793,782888,7411,7411,live
1099925082794,782888,7412,7412,live
1099925082795,782888,7413,7413,live
1099925082796,782888,7414,7414,live
1099925082797,782888,7415,7415,live
1099925082798,782888,7416,7416,live
1099925082799,782888,7417,7417,live
1099925082800,782888,7418,7418,live
1099925082801,782888,7419,7419,live
1099925082802,782888,7420,7420,live
1099925082803,782888,7421,7421,live
1099925082804,782888,7422,7422,live
1099925082805,782888,7423,7423,live
1099925082806,782888,7424,7424,live
1099925082807,782888,7425,7425,live
1099925082808,782888,7426,7426,live
1099925082809,782888,7427,7427,live
1099925082810,782888,7428,7428,live
1099925082811,782888,7429,7429,live
1099925082812,782888,7430,7430,live
1099925082813,782888,7431,7431,live
1099925082814,782888,7432,7432,live
1099925082815,782888,7433,7433,live
1099925082816,782888,7434,7434,live
1099925082817,782888,7435,7435,live
1099925082818,782888,7436,7436,live
1099925082819,782888,7437,7437,live
1099925082820,782888,7438,7438,live
1099925082821,782888,7439,7439,live
1099925082822,782888,7440,7440,live
1099925082823,782888,7441,7441,live
1099925082824,782888,7442,7442,live
1099925082825,782888,7443,7443,live
1099925082826,782888,7444,7444,live
1099925082827,782888,7445,7445,live
1099925082828,782888,7446,7446,live
1099925082829,782888,7447,7447,live
1099925082830,782888,7448,7448,live
1099925082831,782888,7449,7449,live
1099925082832,782888,7450,7450,live
1099925082833,782888,7451,7451,live
1099925082834,782888,7452,7452,live
1099925082835,782888,7453,7453,live
1099925082836,782888,7454,7454,live
1099925082837,782888,7455,7455,live
1099925082838,782888,7456,7456,live
1099925082839,782888,7457,7457,live
1099925082840,782888,7458,7458,live
1099925082841,782888,7459,7459,live
1099925082842,782888,7460,7460,live
1099925082843,782888,7461,7461,live
1099925082844,782888,7462,7462,live
1099925082845,782888,7463,7463,live
1099925082846,782888,7464,7464,live
1099925082847,782888,7465,7465,live
1099925082848,782888,7466,7466,live
1099925082849,782888,7467,7467,live
1099925082850,782888,7468,7468,live
1099925082851,782888,7469,7469,live
1099925082852,782888,7470,7470,live
1099925082853,782888,7471,7471,live
1099925082854,782888,7472,7472,live
1099925082855,782888,7473,7473,live
1099925082856,782888,7474,7474,live
1099925082857,782888,7475,7475,live
1099925082858,782888,7476,7476,live
1099925082859,782888,7477,7477,live
1099925082860,782888,7478,7478,live
1099925082861,782888,7479,7479,live
1099925082862,782888,7480,7480,live
1099925082863,782888,7481,7481,live
1099925082864,782888,7482,7482,live
1099925082865,782888,7483,7483,live
1099925082866,782888,7484,7484,live
1099925082867,782888,7485,7485,live
1099925082868,782888,7486,7486,live
1099925082869,782888,7487,7487,live
1099925082870,782888,7488,7488,live
1099925082871,782888,7489,7489,live
1099925082872,782888,7490,7490,live
1099925082873,782888,7491,7491,live
1099925082874,782888,7492,7492,live
1099925082875,782888,7493,7493,live
1099925082876,782888,7494,7494,live
1099925082877,782888,7495,7495,live
1099925082878,782888,7496,7496,live
1099925082879,782888,7497,7497,live
1099925082880,782888,7498,7498,live
1099925082881,782888,7499,7499,live
1099925082882,782888,7500,7500,live
1099925082883,782888,7501,7501,live
1099925082884,782888,7502,7502,live
1099925082885,782888,7503,7503,live
1099925082886,782888,7504,7504,live
1099925082887,782888,7505,7505,live
1099925082888,782888,7506,7506,live
1099925082889,782888,7507,7507,live
1099925082890,782888,7508,7508,live
1099925082891,782888,7509,7509,live
1099925082892,782888,7510,7510,live
1099925082893,782888,7511,7511,live
1099925082894,782888,7512,7512,live
1099925082895,782888,7513,7513,live
1099925082896,782888,7514,7514,live
1099925082897,782888,7515,7515,live
1099925082898,782888,7516,7516,live
1099925082899,782888,7517,7517,live
1099925082900,782888,7518,7518,live
1099925082901,782888,7519,7519,live
1099925082902,782888,7520,7520,live
1099925082903,782888,7521,7521,live
1099925082904,782888,7522,7522,live
1099925082905,782888,7523,7523,live
1099925082906,782888,7524,7524,live
1099925082907,782888,7525,7525,live
1099925082908,782888,7526,7526,live
1099925082909,782888,7527,7527,live
1099925082910,782888,7528,7528,live
1099925082911,782888,7529,7529,live
1099925082912,782888,7530,7530,live
1099925082913,782888,7531,7531,live
1099925082914,782888,7532,7532,live
1099925082915,782888,7533,7533,live
1099925082916,782888,7534,7534,live
1099925082917,782888,7535,7535,live
1099925082918,782888,7536,7536,live
1099925082919,782888,7537,7537,live
1099925082920,782888,7538,7538,live
1099925082921,782888,7539,7539,live
1099925082922,782888,7540,7540,live
1099925082923,782888,7541,7541,live
1099925082924,782888,7542,7542,live
1099925082925,782888,7543,7543,live
1099925082926,782888,7544,7544,live
1099925082927,782888,7545,7545,live
1099925082928,782888,7546,7546,live
1099925082929,782888,7547,7547,live
1099925082930,782888,7548,7548,live
1099925082931,782888,7549,7549,live
1099925082932,782888,7550,7550,live
1099925082933,782888,7551,7551,live
1099925082934,782888,7552,7552,live
1099925082935,782888,7553,7553,live
1099925082936,782888,7554,7554,live
1099925082937,782888,7555,7555,live
1099925082938,782888,7556,7556,live
1099925082939,782888,7557,7557,live
1099925082940,782888,7558,7558,live
1099925082941,782888,7559,7559,live
1099925082942,782888,7560,7560,live
1099925082943,782888,7561,7561,live
1099925082944,782888,7562,7562,live
1099925082945,782888,7563,7563,live
1099925082946,782888,7564,7564,live
1099925082947,782888,7565,7565,live
1099925082948,782888,7566,7566,live
1099925082949,782888,7567,7567,live
1099925082950,782888,7568,7568,live
1099925082951,782888,7569,7569,live
1099925082952,782888,7570,7570,live
1099925082953,782888,7571,7571,live
1099925082954,782888,7572,7572,live
1099925082955,782888,7573,7573,live
1099925082956,782888,7574,7574,live
1099925082957,782888,7575,7575,live
1099925082958,782888,7576,7576,live
1099925082959,782888,7577,7577,live
1099925082960,782888,7578,7578,live
1099925082961,782888,7579,7579,live
1099925082962,782888,7580,7580,live
1099925082963,782888,7581,7581,live
1099925082964,782888,7582,7582,live
1099925082965,782888,7583,7583,live
1099925082966,782888,7584,7584,live
1099925082967,782888,7585,7585,live
1099925082968,782888,7586,7586,live
1099925082969,782888,7587,7587,live
1099925082970,782888,7588,7588,live
1099925082971,782888,7589,7589,live
1099925082972,782888,7590,7590,live
1099925082973,782888,7591,7591,live
1099925082974,782888,7592,7592,live
1099925082975,782888,7593,7593,live
1099925082976,782888,7594,7594,live
1099925082977,782888,7595,7595,live
1099925082978,782888,7596,7596,live
1099925082979,782888,7597,7597,live
1099925082980,782888,7598,7598,live
1099925082981,782888,7599,7599,live
1099925082982,782888,7600,7600,live
1099925082983,782888,7601,7601,live
1099925082984,782888,7602,7602,live
1099925082985,782888,7603,7603,live
1099925082986,782888,7604,7604,live
1099925082987,782888,7605,7605,live
1099925082988,782888,7606,7606,live
1099925082989,782888,7607,7607,live
1099925082990,782888,7608,7608,live
1099925082991,782888,7609,7609,live
1099925082992,782888,7610,7610,live
1099925082993,782888,7611,7611,live
1099925082994,782888,7612,7612,live
1099925082995,782888,7613,7613,live
1099925082996,782888,7614,7614,live
1099925082997,782888,7615,7615,live
1099925082998,782888,7616,7616,live
1099925082999,782888,7617,7617,live
1099925083000,782888,7618,7618,live
1099925083001,782888,7619,7619,live
1099925083002,782888,7620,7620,live
1099925083003,782888,7621,7621,live
1099925083004,782888,7622,7622,live
1099925083005,782888,7623,7623,live
1099925083006,782888,7624,7624,live
1099925083007,782888,7625,7625,live
1099925083008,782888,7626,7626,live
1099925083009,782888,7627,7627,live
1099925083010,782888,7628,7628,live
1099925083011,782888,7629,7629,live
1099925083012,782888,7630,7630,live
1099925083013,782888,7631,7631,live
1099925083014,782888,7632,7632,live
1099925083015,782888,7633,7633,live
1099925083016,782888,7634,7634,live
1099925083017,782888,7635,7635,live
1099925083018,782888,7636,7636,live
1099925083019,782888,7637,7637,live
1099925083020,782888,7638,7638,live
1099925083021,782888,7639,7639,live
1099925083022,782888,7640,7640,live
1099925083023,782888,7641,7641,live
1099925083024,782888,7642,7642,live
1099925083025,782888,7643,7643,live
1099925083026,782888,7644,7644,live
1099925083027,782888,7645,7645,live
1099925083028,782888,7646,7646,live
1099925083029,782888,7647,7647,live
1099925083030,782888,7648,7648,live
1099925083031,782888,7649,7649,live
1099925083032,782888,7650,7650,live
1099925083033,782888,7651,7651,live
1099925083034,782888,7652,7652,live
1099925083035,782888,7653,7653,live
1099925083036,782888,7654,7654,live
1099925083037,782888,7655,7655,live
1099925083038,782888,7656,7656,live
1099925083039,782888,7657,7657,live
1099925083040,782888,7658,7658,live
1099925083041,782888,7659,7659,live
1099925083042,782888,7660,7660,live
1099925083043,782888,7661,7661,live
1099925083044,782888,7662,7662,live
1099925083045,782888,7663,7663,live
1099925083046,782888,7664,7664,live
1099925083047,782888,7665,7665,live
1099925083048,782888,7666,7666,live
1099925083049,782888,7667,7667,live
1099925083050,782888,7668,7668,live
1099925083051,782888,7669,7669,live
1099925083052,782888,7670,7670,live
1099925083053,782888,7671,7671,live
1099925083054,782888,7672,7672,live
1099925083055,782888,7673,7673,live
1099925083056,782888,7674,7674,live
1099925083057,782888,7675,7675,live
1099925083058,782888,7676,7676,live
1099925083059,782888,7677,7677,live
1099925083060,782888,7678,7678,live
1099925083061,782888,7679,7679,live
1099925083062,782888,7680,7680,live
1099925083063,782888,7681,7681,live
1099925083064,782888,7682,7682,live
1099925083065,782888,7683,7683,live
1099925083066,782888,7684,7684,live
1099925083067,782888,7685,7685,live
1099925083068,782888,7686,7686,live
1099925083069,782888,7687,7687,live
1099925083070,782888,7688,7688,live
1099925083071,782888,7689,7689,live
1099925083072,782888,7690,7690,live
1099925083073,782888,7691,7691,live
1099925083074,782888,7692,7692,live
1099925083075,782888,7693,7693,live
1099925083076,782888,7694,7694,live
1099925083077,782888,7695,7695,live
1099925083078,782888,7696,7696,live
1099925083079,782888,7697,7697,live
1099925083080,782888,7698,7698,live
1099925083081,782888,7699,7699,live
1099925083082,782888,7700,7700,live
1099925083083,782888,7701,7701,live
1099925083084,782888,7702,7702,live
1099925083085,782888,7703,7703,live
1099925083086,782888,7704,7704,live
1099925083087,782888,7705,7705,live
1099925083088,782888,7706,7706,live
1099925083089,782888,7707,7707,live
1099925083090,782888,7708,7708,live
1099925083091,782888,7709,7709,live
1099925083092,782888,7710,7710,live
1099925083093,782888,7711,7711,live
1099925083094,782888,7712,7712,live
1099925083095,782888,7713,7713,live
1099925083096,782888,7714,7714,live
1099925083097,782888,7715,7715,live
1099925083098,782888,7716,7716,live
1099925083099,782888,7717,7717,live
1099925083100,782888,7718,7718,live
1099925083101,782888,7719,7719,live
1099925083102,782888,7720,7720,live
1099925083103,782888,7721,7721,live
1099925083104,782888,7722,7722,live
1099925083105,782888,7723,7723,live
1099925083106,782888,7724,7724,live
1099925083107,782888,7725,7725,live
1099925083108,782888,7726,7726,live
1099925083109,782888,7727,7727,live
1099925083110,782888,7728,7728,live
1099925083111,782888,7729,7729,live
1099925083112,782888,7730,7730,live
1099925083113,782888,7731,7731,live
1099925083114,782888,7732,7732,live
1099925083115,782888,7733,7733,live
1099925083116,782888,7734,7734,live
1099925083117,782888,7735,7735,live
1099925083118,782888,7736,7736,live
1099925083119,782888,7737,7737,live
1099925083120,782888,7738,7738,live
1099925083121,782888,7739,7739,live
1099925083122,782888,7740,7740,live
1099925083123,782888,7741,7741,live
1099925083124,782888,7742,7742,live
1099925083125,782888,7743,7743,live
1099925083126,782888,7744,7744,live
1099925083127,782888,7745,7745,live
1099925083128,782888,7746,7746,live
1099925083129,782888,7747,7747,live
1099925083130,782888,7748,7748,live
1099925083131,782888,7749,7749,live
1099925083132,782888,7750,7750,live
1099925083133,782888,7751,7751,live
1099925083134,782888,7752,7752,live
1099925083135,782888,7753,7753,live
1099925083136,782888,7754,7754,live
1099925083137,782888,7755,7755,live
1099925083138,782888,7756,7756,live
1099925083139,782888,7757,7757,live
1099925083140,782888,7758,7758,live
1099925083141,782888,7759,7759,live
1099925083142,782888,7760,7760,live
1099925083143,782888,7761,7761,live
1099925083144,782888,7762,7762,live
1099925083145,782888,7763,7763,live
1099925083146,782888,7764,7764,live
1099925083147,782888,7765,7765,live
1099925083148,782888,7766,7766,live
1099925083149,782888,7767,7767,live
1099925083150,782888,7768,7768,live
1099925083151,782888,7769,7769,live
1099925083152,782888,7770,7770,live
1099925083153,782888,7771,7771,live
1099925083154,782888,7772,7772,live
1099925083155,782888,7773,7773,live
1099925083156,782888,7774,7774,live
1099925083157,782888,7775,7775,live
1099925083158,782888,7776,7776,live
1099925083159,782888,7777,7777,live
1099925083160,782888,7778,7778,live
1099925083161,782888,7779,7779,live
1099925083162,782888,7780,7780,live
1099925083163,782888,7781,7781,live
1099925083164,782888,7782,7782,live
1099925083165,782888,7783,7783,live
1099925083166,782888,7784,7784,live
1099925083167,782888,7785,7785,live
1099925083168,782888,7786,7786,live
1099925083169,782888,7787,7787,live
1099925083170,782888,7788,7788,live
1099925083171,782888,7789,7789,live
1099925083172,782888,7790,7790,live
1099925083173,782888,7791,7791,live
1099925083174,782888,7792,7792,live
1099925083175,782888,7793,7793,live
1099925083176,782888,7794,7794,live
1099925083177,782888,7795,7795,live
1099925083178,782888,7796,7796,live
1099925083179,782888,7797,7797,live
1099925083180,782888,7798,7798,live
1099925083181,782888,7799,7799,live
1099925083182,782888,7800,7800,live
1099925083183,782888,7801,7801,live
1099925083184,782888,7802,7802,live
1099925083185,782888,7803,7803,live
1099925083186,782888,7804,7804,live
1099925083187,782888,7805,7805,live
1099925083188,782888,7806,7806,live
1099925083189,782888,7807,7807,live
1099925083190,782888,7808,7808,live
1099925083191,782888,7809,7809,live
1099925083192,782888,7810,7810,live
1099925083193,782888,7811,7811,live
1099925083194,782888,7812,7812,live
1099925083195,782888,7813,7813,live
1099925083196,782888,7814,7814,live
1099925083197,782888,7815,7815,live
1099925083198,782888,7816,7816,live
1099925083199,782888,7817,7817,live
1099925083200,782888,7818,7818,live
1099925083201,782888,7819,7819,live
1099925083202,782888,7820,7820,live
1099925083203,782888,7821,7821,live
1099925083204,782888,7822,7822,live
1099925083205,782888,7823,7823,live
1099925083206,782888,7824,7824,live
1099925083207,782888,7825,7825,live
1099925083208,782888,7826,7826,live
1099925083209,782888,7827,7827,live
1099925083210,782888,7828,7828,live
1099925083211,782888,7829,7829,live
1099925083212,782888,7830,7830,live
1099925083213,782888,7831,7831,live
1099925083214,782888,7832,7832,live
1099925083215,782888,7833,7833,live
1099925083216,782888,7834,7834,live
1099925083217,782888,7835,7835,live
1099925083218,782888,7836,7836,live
1099925083219,782888,7837,7837,live
1099925083220,782888,7838,7838,live
1099925083221,782888,7839,7839,live
1099925083222,782888,7840,7840,live
1099925083223,782888,7841,7841,live
1099925083224,782888,7842,7842,live
1099925083225,782888,7843,7843,live
1099925083226,782888,7844,7844,live
1099925083227,782888,7845,7845,live
1099925083228,782888,7846,7846,live
1099925083229,782888,7847,7847,live
1099925083230,782888,7848,7848,live
1099925083231,782888,7849,7849,live
1099925083232,782888,7850,7850,live
1099925083233,782888,7851,7851,live
1099925083234,782888,7852,7852,live
1099925083235,782888,7853,7853,live
1099925083236,782888,7854,7854,live
1099925083237,782888,7855,7855,live
1099925083238,782888,7856,7856,live
1099925083239,782888,7857,7857,live
1099925083240,782888,7858,7858,live
1099925083241,782888,7859,7859,live
1099925083242,782888,7860,7860,live
1099925083243,782888,7861,7861,live
1099925083244,782888,7862,7862,live
1099925083245,782888,7863,7863,live
1099925083246,782888,7864,7864,live
1099925083247,782888,7865,7865,live
1099925083248,782888,7866,7866,live
1099925083249,782888,7867,7867,live
1099925083250,782888,7868,7868,live
1099925083251,782888,7869,7869,live
1099925083252,782888,7870,7870,live
1099925083253,782888,7871,7871,live
1099925083254,782888,7872,7872,live
1099925083255,782888,7873,7873,live
1099925083256,782888,7874,7874,live
1099925083257,782888,7875,7875,live
1099925083258,782888,7876,7876,live
1099925083259,782888,7877,7877,live
1099925083260,782888,7878,7878,live
1099925083261,782888,7879,7879,live
1099925083262,782888,7880,7880,live
1099925083263,782888,7881,7881,live
1099925083264,782888,7882,7882,live
1099925083265,782888,7883,7883,live
1099925083266,782888,7884,7884,live
1099925083267,782888,7885,7885,live
1099925083268,782888,7886,7886,live
1099925083269,782888,7887,7887,live
1099925083270,782888,7888,7888,live
1099925083271,782888,7889,7889,live
1099925083272,782888,7890,7890,live
1099925083273,782888,7891,7891,live
1099925083274,782888,7892,7892,live
1099925083275,782888,7893,7893,live
1099925083276,782888,7894,7894,live
1099925083277,782888,7895,7895,live
1099925083278,782888,7896,7896,live
1099925083279,782888,7897,7897,live
1099925083280,782888,7898,7898,live
1099925083281,782888,7899,7899,live
1099925083282,782888,7900,7900,live
1099925083283,782888,7901,7901,live
1099925083284,782888,7902,7902,live
1099925083285,782888,7903,7903,live
1099925083286,782888,7904,7904,live
1099925083287,782888,7905,7905,live
1099925083288,782888,7906,7906,live
1099925083289,782888,7907,7907,live
1099925083290,782888,7908,7908,live
1099925083291,782888,7909,7909,live
1099925083292,782888,7910,7910,live
1099925083293,782888,7911,7911,live
1099925083294,782888,7912,7912,live
1099925083295,782888,7913,7913,live
1099925083296,782888,7914,7914,live
1099925083297,782888,7915,7915,live
1099925083298,782888,7916,7916,live
1099925083299,782888,7917,7917,live
1099925083300,782888,7918,7918,live
1099925083301,782888,7919,7919,live
1099925083302,782888,7920,7920,live
1099925083303,782888,7921,7921,live
1099925083304,782888,7922,7922,live
1099925083305,782888,7923,7923,live
1099925083306,782888,7924,7924,live
1099925083307,782888,7925,7925,live
1099925083308,782888,7926,7926,live
1099925083309,782888,7927,7927,live
1099925083310,782888,7928,7928,live
1099925083311,782888,7929,7929,live
1099925083312,782888,7930,7930,live
1099925083313,782888,7931,7931,live
1099925083314,782888,7932,7932,live
1099925083315,782888,7933,7933,live
1099925083316,782888,7934,7934,live
1099925083317,782888,7935,7935,live
1099925083318,782888,7936,7936,live
1099925083319,782888,7937,7937,live
1099925083320,782888,7938,7938,live
1099925083321,782888,7939,7939,live
1099925083322,782888,7940,7940,live
1099925083323,782888,7941,7941,live
1099925083324,782888,7942,7942,live
1099925083325,782888,7943,7943,live
1099925083326,782888,7944,7944,live
1099925083327,782888,7945,7945,live
1099925083328,782888,7946,7946,live
1099925083329,782888,7947,7947,live
1099925083330,782888,7948,7948,live
1099925083331,782888,7949,7949,live
1099925083332,782888,7950,7950,live
1099925083333,782888,7951,7951,live
1099925083334,782888,7952,7952,live
1099925083335,782888,7953,7953,live
1099925083336,782888,7954,7954,live
1099925083337,782888,7955,7955,live
1099925083338,782888,7956,7956,live
1099925083339,782888,7957,7957,live
1099925083340,782888,7958,7958,live
1099925083341,782888,7959,7959,live
1099925083342,782888,7960,7960,live
1099925083343,782888,7961,7961,live
1099925083344,782888,7962,7962,live
1099925083345,782888,7963,7963,live
1099925083346,782888,7964,7964,live
1099925083347,782888,7965,7965,live
1099925083348,782888,7966,7966,live
1099925083349,782888,7967,7967,live
1099925083350,782888,7968,7968,live
1099925083351,782888,7969,7969,live
1099925083352,782888,7970,7970,live
1099925083353,782888,7971,7971,live
1099925083354,782888,7972,7972,live
1099925083355,782888,7973,7973,live
1099925083356,782888,7974,7974,live
1099925083357,782888,7975,7975,live
1099925083358,782888,7976,7976,live
1099925083359,782888,7977,7977,live
1099925083360,782888,7978,7978,live
1099925083361,782888,7979,7979,live
1099925083362,782888,7980,7980,live
1099925083363,782888,7981,7981,live
1099925083364,782888,7982,7982,live
1099925083365,782888,7983,7983,live
1099925083366,782888,7984,7984,live
1099925083367,782888,7985,7985,live
1099925083368,782888,7986,7986,live
1099925083369,782888,7987,7987,live
1099925083370,782888,7988,7988,live
1099925083371,782888,7989,7989,live
1099925083372,782888,7990,7990,live
1099925083373,782888,7991,7991,live
1099925083374,782888,7992,7992,live
1099925083375,782888,7993,7993,live
1099925083376,782888,7994,7994,live
1099925083377,782888,7995,7995,live
1099925083378,782888,7996,7996,live
1099925083379,782888,7997,7997,live
1099925083380,782888,7998,7998,live
1099925083381,782888,7999,7999,live
1099925083382,782888,8000,8000,live
1099925083383,782888,8001,8001,live
1099925083384,782888,8002,8002,live
1099925083385,782888,8003,8003,live
1099925083386,782888,8004,8004,live
1099925083387,782888,8005,8005,live
1099925083388,782888,8006,8006,live
1099925083389,782888,8007,8007,live
1099925083390,782888,8008,8008,live
1099925083391,782888,8009,8009,live
1099925083392,782888,8010,8010,live
1099925083393,782888,8011,8011,live
1099925083394,782888,8012,8012,live
1099925083395,782888,8013,8013,live
1099925083396,782888,8014,8014,live
1099925083397,782888,8015,8015,live
1099925083398,782888,8016,8016,live
1099925083399,782888,8017,8017,live
1099925083400,782888,8018,8018,live
1099925083401,782888,8019,8019,live
1099925083402,782888,8020,8020,live
1099925083403,782888,8021,8021,live
1099925083404,782888,8022,8022,live
1099925083405,782888,8023,8023,live
1099925083406,782888,8024,8024,live
1099925083407,782888,8025,8025,live
1099925083408,782888,8026,8026,live
1099925083409,782888,8027,8027,live
1099925083410,782888,8028,8028,live
1099925083411,782888,8029,8029,live
1099925083412,782888,8030,8030,live
1099925083413,782888,8031,8031,live
1099925083414,782888,8032,8032,live
1099925083415,782888,8033,8033,live
1099925083416,782888,8034,8034,live
1099925083417,782888,8035,8035,live
1099925083418,782888,8036,8036,live
1099925083419,782888,8037,8037,live
1099925083420,782888,8038,8038,live
1099925083421,782888,8039,8039,live
1099925083422,782888,8040,8040,live
1099925083423,782888,8041,8041,live
1099925083424,782888,8042,8042,live
1099925083425,782888,8043,8043,live
1099925083426,782888,8044,8044,live
1099925083427,782888,8045,8045,live
1099925083428,782888,8046,8046,live
1099925083429,782888,8047,8047,live
1099925083430,782888,8048,8048,live
1099925083431,782888,8049,8049,live
1099925083432,782888,8050,8050,live
1099925083433,782888,8051,8051,live
1099925083434,782888,8052,8052,live
1099925083435,782888,8053,8053,live
1099925083436,782888,8054,8054,live
1099925083437,782888,8055,8055,live
1099925083438,782888,8056,8056,live
1099925083439,782888,8057,8057,live
1099925083440,782888,8058,8058,live
1099925083441,782888,8059,8059,live
1099925083442,782888,8060,8060,live
1099925083443,782888,8061,8061,live
1099925083444,782888,8062,8062,live
1099925083445,782888,8063,8063,live
1099925083446,782888,8064,8064,live
1099925083447,782888,8065,8065,live
1099925083448,782888,8066,8066,live
1099925083449,782888,8067,8067,live
1099925083450,782888,8068,8068,live
1099925083451,782888,8069,8069,live
1099925083452,782888,8070,8070,live
1099925083453,782888,8071,8071,live
1099925083454,782888,8072,8072,live
1099925083455,782888,8073,8073,live
1099925083456,782888,8074,8074,live
1099925083457,782888,8075,8075,live
1099925083458,782888,8076,8076,live
1099925083459,782888,8077,8077,live
1099925083460,782888,8078,8078,live
1099925083461,782888,8079,8079,live
1099925083462,782888,8080,8080,live
1099925083463,782888,8081,8081,live
1099925083464,782888,8082,8082,live
1099925083465,782888,8083,8083,live
1099925083466,782888,8084,8084,live
1099925083467,782888,8085,8085,live
1099925083468,782888,8086,8086,live
1099925083469,782888,8087,8087,live
1099925083470,782888,8088,8088,live
1099925083471,782888,8089,8089,live
1099925083472,782888,8090,8090,live
1099925083473,782888,8091,8091,live
1099925083474,782888,8092,8092,live
1099925083475,782888,8093,8093,live
1099925083476,782888,8094,8094,live
1099925083477,782888,8095,8095,live
1099925083478,782888,8096,8096,live
1099925083479,782888,8097,8097,live
1099925083480,782888,8098,8098,live
1099925083481,782888,8099,8099,live
1099925083482,782888,8100,8100,live
1099925083483,782888,8101,8101,live
1099925083484,782888,8102,8102,live
1099925083485,782888,8103,8103,live
1099925083486,782888,8104,8104,live
1099925083487,782888,8105,8105,live
1099925083488,782888,8106,8106,live
1099925083489,782888,8107,8107,live
1099925083490,782888,8108,8108,live
1099925083491,782888,8109,8109,live
1099925083492,782888,8110,8110,live
1099925083493,782888,8111,8111,live
1099925083494,782888,8112,8112,live
1099925083495,782888,8113,8113,live
1099925083496,782888,8114,8114,live
1099925083497,782888,8115,8115,live
1099925083498,782888,8116,8116,live
1099925083499,782888,8117,8117,live
1099925083500,782888,8118,8118,live
1099925083501,782888,8119,8119,live
1099925083502,782888,8120,8120,live
1099925083503,782888,8121,8121,live
1099925083504,782888,8122,8122,live
1099925083505,782888,8123,8123,live
1099925083506,782888,8124,8124,live
1099925083507,782888,8125,8125,live
1099925083508,782888,8126,8126,live
1099925083509,782888,8127,8127,live
1099925083510,782888,8128,8128,live
1099925083511,782888,8129,8129,live
1099925083512,782888,8130,8130,live
1099925083513,782888,8131,8131,live
1099925083514,782888,8132,8132,live
1099925083515,782888,8133,8133,live
1099925083516,782888,8134,8134,live
1099925083517,782888,8135,8135,live
1099925083518,782888,8136,8136,live
1099925083519,782888,8137,8137,live
1099925083520,782888,8138,8138,live
1099925083521,782888,8139,8139,live
1099925083522,782888,8140,8140,live
1099925083523,782888,8141,8141,live
1099925083524,782888,8142,8142,live
1099925083525,782888,8143,8143,live
1099925083526,782888,8144,8144,live
1099925083527,782888,8145,8145,live
1099925083528,782888,8146,8146,live
1099925083529,782888,8147,8147,live
1099925083530,782888,8148,8148,live
1099925083531,782888,8149,8149,live
1099925083532,782888,8150,8150,live
1099925083533,782888,8151,8151,live
1099925083534,782888,8152,8152,live
1099925083535,782888,8153,8153,live
1099925083536,782888,8154,8154,live
1099925083537,782888,8155,8155,live
1099925083538,782888,8156,8156,live
1099925083539,782888,8157,8157,live
1099925083540,782888,8158,8158,live
1099925083541,782888,8159,8159,live
1099925083542,782888,8160,8160,live
1099925083543,782888,8161,8161,live
1099925083544,782888,8162,8162,live
1099925083545,782888,8163,8163,live
1099925083546,782888,8164,8164,live
1099925083547,782888,8165,8165,live
1099925083548,782888,8166,8166,live
1099925083549,782888,8167,8167,live
1099925083550,782888,8168,8168,live
1099925083551,782888,8169,8169,live
1099925083552,782888,8170,8170,live
1099925083553,782888,8171,8171,live
1099925083554,782888,8172,8172,live
1099925083555,782888,8173,8173,live
1099925083556,782888,8174,8174,live
1099925083557,782888,8175,8175,live
1099925083558,782888,8176,8176,live
1099925083559,782888,8177,8177,live
1099925083560,782888,8178,8178,live
1099925083561,782888,8179,8179,live
1099925083562,782888,8180,8180,live
1099925083563,782888,8181,8181,live
1099925083564,782888,8182,8182,live
1099925083565,782888,8183,8183,live
1099925083566,782888,8184,8184,live
1099925083567,782888,8185,8185,live
1099925083568,782888,8186,8186,live
1099925083569,782888,8187,8187,live
1099925083570,782888,8188,8188,live
1099925083571,782888,8189,8189,live
1099925083572,782888,8190,8190,live
1099925083573,782888,8191,8191,live
1099925083574,782888,8192,8192,live
1099925083575,782888,8193,8193,live
1099925083576,782888,8194,8194,live
1099925083577,782888,8195,8195,live
1099925083578,782888,8196,8196,live
1099925083579,782888,8197,8197,live
1099925083580,782888,8198,8198,live
1099925083581,782888,8199,8199,live
1099925083582,782888,8200,8200,live
1099925083591,782888,8201,8201,live
1099925083592,782888,8202,8202,live
1099925083593,782888,8203,8203,live
1099925083594,782888,8204,8204,live
1099925083595,782888,8205,8205,live
1099925083596,782888,8206,8206,live
1099925083597,782888,8207,8207,live
1099925083598,782888,8208,8208,live
1099925083599,782888,8209,8209,live
1099925083600,782888,8210,8210,live
1099925083601,782888,8211,8211,live
1099925083602,782888,8212,8212,live
1099925083603,782888,8213,8213,live
1099925083604,782888,8214,8214,live
1099925083605,782888,8215,8215,live
1099925083606,782888,8216,8216,live
1099925083607,782888,8217,8217,live
1099925083608,782888,8218,8218,live
1099925083609,782888,8219,8219,live
1099925083610,782888,8220,8220,live
1099925083611,782888,8221,8221,live
1099925083612,782888,8222,8222,live
1099925083613,782888,8223,8223,live
1099925083614,782888,8224,8224,live
1099925083615,782888,8225,8225,live
1099925083616,782888,8226,8226,live
1099925083617,782888,8227,8227,live
1099925083618,782888,8228,8228,live
1099925083619,782888,8229,8229,live
1099925083620,782888,8230,8230,live
1099925083621,782888,8231,8231,live
1099925083622,782888,8232,8232,live
1099925083623,782888,8233,8233,live
1099925083624,782888,8234,8234,live
1099925083625,782888,8235,8235,live
1099925083626,782888,8236,8236,live
1099925083627,782888,8237,8237,live
1099925083628,782888,8238,8238,live
1099925083629,782888,8239,8239,live
1099925083630,782888,8240,8240,live
1099925083631,782888,8241,8241,live
1099925083632,782888,8242,8242,live
1099925083633,782888,8243,8243,live
1099925083634,782888,8244,8244,live
1099925083635,782888,8245,8245,live
1099925083636,782888,8246,8246,live
1099925083637,782888,8247,8247,live
1099925083638,782888,8248,8248,live
1099925083639,782888,8249,8249,live
1099925083640,782888,8250,8250,live
1099925083641,782888,8251,8251,live
1099925083642,782888,8252,8252,live
1099925083643,782888,8253,8253,live
1099925083644,782888,8254,8254,live
1099925083645,782888,8255,8255,live
1099925083646,782888,8256,8256,live
1099925083647,782888,8257,8257,live
1099925083648,782888,8258,8258,live
1099925083649,782888,8259,8259,live
1099925083650,782888,8260,8260,live
1099925083651,782888,8261,8261,live
1099925083652,782888,8262,8262,live
1099925083653,782888,8263,8263,live
1099925083654,782888,8264,8264,live
1099925083655,782888,8265,8265,live
1099925083656,782888,8266,8266,live
1099925083657,782888,8267,8267,live
1099925083658,782888,8268,8268,live
1099925083659,782888,8269,8269,live
1099925083660,782888,8270,8270,live
1099925083661,782888,8271,8271,live
1099925083662,782888,8272,8272,live
1099925083663,782888,8273,8273,live
1099925083664,782888,8274,8274,live
1099925083665,782888,8275,8275,live
1099925083666,782888,8276,8276,live
1099925083667,782888,8277,8277,live
1099925083668,782888,8278,8278,live
1099925083669,782888,8279,8279,live
1099925083670,782888,8280,8280,live
1099925083671,782888,8281,8281,live
1099925083672,782888,8282,8282,live
1099925083673,782888,8283,8283,live
1099925083674,782888,8284,8284,live
1099925083675,782888,8285,8285,live
1099925083676,782888,8286,8286,live
1099925083677,782888,8287,8287,live
1099925083678,782888,8288,8288,live
1099925083679,782888,8289,8289,live
1099925083680,782888,8290,8290,live
1099925083681,782888,8291,8291,live
1099925083682,782888,8292,8292,live
1099925083683,782888,8293,8293,live
1099925083684,782888,8294,8294,live
1099925083685,782888,8295,8295,live
1099925083686,782888,8296,8296,live
1099925083687,782888,8297,8297,live
1099925083688,782888,8298,8298,live
1099925083689,782888,8299,8299,live
1099925083690,782888,8300,8300,live
1099925083691,782888,8301,8301,live
1099925083692,782888,8302,8302,live
1099925083693,782888,8303,8303,live
1099925083694,782888,8304,8304,live
1099925083695,782888,8305,8305,live
1099925083696,782888,8306,8306,live
1099925083697,782888,8307,8307,live
1099925083698,782888,8308,8308,live
1099925083699,782888,8309,8309,live
1099925083700,782888,8310,8310,live
1099925083701,782888,8311,8311,live
1099925083702,782888,8312,8312,live
1099925083703,782888,8313,8313,live
1099925083704,782888,8314,8314,live
1099925083705,782888,8315,8315,live
1099925083706,782888,8316,8316,live
1099925083707,782888,8317,8317,live
1099925083708,782888,8318,8318,live
1099925083709,782888,8319,8319,live
1099925083710,782888,8320,8320,live
1099925083711,782888,8321,8321,live
1099925083712,782888,8322,8322,live
1099925083713,782888,8323,8323,live
1099925083714,782888,8324,8324,live
1099925083715,782888,8325,8325,live
1099925083716,782888,8326,8326,live
1099925083717,782888,8327,8327,live
1099925083718,782888,8328,8328,live
1099925083719,782888,8329,8329,live
1099925083720,782888,8330,8330,live
1099925083721,782888,8331,8331,live
1099925083722,782888,8332,8332,live
1099925083723,782888,8333,8333,live
1099925083724,782888,8334,8334,live
1099925083725,782888,8335,8335,live
1099925083726,782888,8336,8336,live
1099925083727,782888,8337,8337,live
1099925083728,782888,8338,8338,live
1099925083729,782888,8339,8339,live
1099925083730,782888,8340,8340,live
1099925083731,782888,8341,8341,live
1099925083732,782888,8342,8342,live
1099925083733,782888,8343,8343,live
1099925083734,782888,8344,8344,live
1099925083735,782888,8345,8345,live
1099925083736,782888,8346,8346,live
1099925083737,782888,8347,8347,live
1099925083738,782888,8348,8348,live
1099925083739,782888,8349,8349,live
1099925083740,782888,8350,8350,live
1099925083741,782888,8351,8351,live
1099925083742,782888,8352,8352,live
1099925083743,782888,8353,8353,live
1099925083744,782888,8354,8354,live
1099925083745,782888,8355,8355,live
1099925083746,782888,8356,8356,live
1099925083747,782888,8357,8357,live
1099925083748,782888,8358,8358,live
1099925083749,782888,8359,8359,live
1099925083750,782888,8360,8360,live
1099925083751,782888,8361,8361,live
1099925083752,782888,8362,8362,live
1099925083753,782888,8363,8363,live
1099925083754,782888,8364,8364,live
1099925083755,782888,8365,8365,live
1099925083756,782888,8366,8366,live
1099925083757,782888,8367,8367,live
1099925083758,782888,8368,8368,live
1099925083759,782888,8369,8369,live
1099925083760,782888,8370,8370,live
1099925083761,782888,8371,8371,live
1099925083762,782888,8372,8372,live
1099925083763,782888,8373,8373,live
1099925083764,782888,8374,8374,live
1099925083765,782888,8375,8375,live
1099925083766,782888,8376,8376,live
1099925083767,782888,8377,8377,live
1099925083768,782888,8378,8378,live
1099925083769,782888,8379,8379,live
1099925083770,782888,8380,8380,live
1099925083771,782888,8381,8381,live
1099925083772,782888,8382,8382,live
1099925083773,782888,8383,8383,live
1099925083774,782888,8384,8384,live
1099925083775,782888,8385,8385,live
1099925083776,782888,8386,8386,live
1099925083777,782888,8387,8387,live
1099925083778,782888,8388,8388,live
1099925083779,782888,8389,8389,live
1099925083780,782888,8390,8390,live
1099925083781,782888,8391,8391,live
1099925083782,782888,8392,8392,live
1099925083783,782888,8393,8393,live
1099925083784,782888,8394,8394,live
1099925083785,782888,8395,8395,live
1099925083786,782888,8396,8396,live
1099925083787,782888,8397,8397,live
1099925083788,782888,8398,8398,live
1099925083789,782888,8399,8399,live
1099925083790,782888,8400,8400,live
1099925083791,782888,8401,8401,live
1099925083792,782888,8402,8402,live
1099925083793,782888,8403,8403,live
1099925083794,782888,8404,8404,live
1099925083795,782888,8405,8405,live
1099925083796,782888,8406,8406,live
1099925083797,782888,8407,8407,live
1099925083798,782888,8408,8408,live
1099925083799,782888,8409,8409,live
1099925083800,782888,8410,8410,live
1099925083801,782888,8411,8411,live
1099925083802,782888,8412,8412,live
1099925083803,782888,8413,8413,live
1099925083804,782888,8414,8414,live
1099925083805,782888,8415,8415,live
1099925083806,782888,8416,8416,live
1099925083807,782888,8417,8417,live
1099925083808,782888,8418,8418,live
1099925083809,782888,8419,8419,live
1099925083810,782888,8420,8420,live
1099925083811,782888,8421,8421,live
1099925083812,782888,8422,8422,live
1099925083813,782888,8423,8423,live
1099925083814,782888,8424,8424,live
1099925083815,782888,8425,8425,live
1099925083816,782888,8426,8426,live
1099925083817,782888,8427,8427,live
1099925083818,782888,8428,8428,live
1099925083819,782888,8429,8429,live
1099925083820,782888,8430,8430,live
1099925083821,782888,8431,8431,live
1099925083822,782888,8432,8432,live
1099925083823,782888,8433,8433,live
1099925083824,782888,8434,8434,live
1099925083825,782888,8435,8435,live
1099925083826,782888,8436,8436,live
1099925083827,782888,8437,8437,live
1099925083828,782888,8438,8438,live
1099925083829,782888,8439,8439,live
1099925083830,782888,8440,8440,live
1099925083831,782888,8441,8441,live
1099925083832,782888,8442,8442,live
1099925083833,782888,8443,8443,live
1099925083834,782888,8444,8444,live
1099925083835,782888,8445,8445,live
1099925083836,782888,8446,8446,live
1099925083837,782888,8447,8447,live
1099925083838,782888,8448,8448,live
1099925083839,782888,8449,8449,live
1099925083840,782888,8450,8450,live
1099925083841,782888,8451,8451,live
1099925083842,782888,8452,8452,live
1099925083843,782888,8453,8453,live
1099925083844,782888,8454,8454,live
1099925083845,782888,8455,8455,live
1099925083846,782888,8456,8456,live
1099925083847,782888,8457,8457,live
1099925083848,782888,8458,8458,live
1099925083849,782888,8459,8459,live
1099925083850,782888,8460,8460,live
1099925083851,782888,8461,8461,live
1099925083852,782888,8462,8462,live
1099925083853,782888,8463,8463,live
1099925083854,782888,8464,8464,live
1099925083855,782888,8465,8465,live
1099925083856,782888,8466,8466,live
1099925083857,782888,8467,8467,live
1099925083858,782888,8468,8468,live
1099925083859,782888,8469,8469,live
1099925083860,782888,8470,8470,live
1099925083861,782888,8471,8471,live
1099925083862,782888,8472,8472,live
1099925083863,782888,8473,8473,live
1099925083864,782888,8474,8474,live
1099925083865,782888,8475,8475,live
1099925083866,782888,8476,8476,live
1099925083867,782888,8477,8477,live
1099925083868,782888,8478,8478,live
1099925083869,782888,8479,8479,live
1099925083870,782888,8480,8480,live
1099925083871,782888,8481,8481,live
1099925083872,782888,8482,8482,live
1099925083873,782888,8483,8483,live
1099925083874,782888,8484,8484,live
1099925083875,782888,8485,8485,live
1099925083876,782888,8486,8486,live
1099925083877,782888,8487,8487,live
1099925083878,782888,8488,8488,live
1099925083879,782888,8489,8489,live
1099925083880,782888,8490,8490,live
1099925083881,782888,8491,8491,live
1099925083882,782888,8492,8492,live
1099925083883,782888,8493,8493,live
1099925083884,782888,8494,8494,live
1099925083885,782888,8495,8495,live
1099925083886,782888,8496,8496,live
1099925083887,782888,8497,8497,live
1099925083888,782888,8498,8498,live
1099925083889,782888,8499,8499,live
1099925083890,782888,8500,8500,live
1099925083891,782888,8501,8501,live
1099925083892,782888,8502,8502,live
1099925083893,782888,8503,8503,live
1099925083894,782888,8504,8504,live
1099925083895,782888,8505,8505,live
1099925083896,782888,8506,8506,live
1099925083897,782888,8507,8507,live
1099925083898,782888,8508,8508,live
1099925083899,782888,8509,8509,live
1099925083900,782888,8510,8510,live
1099925083901,782888,8511,8511,live
1099925083902,782888,8512,8512,live
1099925083903,782888,8513,8513,live
1099925083904,782888,8514,8514,live
1099925083905,782888,8515,8515,live
1099925083906,782888,8516,8516,live
1099925083907,782888,8517,8517,live
1099925083908,782888,8518,8518,live
1099925083909,782888,8519,8519,live
1099925083910,782888,8520,8520,live
1099925083911,782888,8521,8521,live
1099925083912,782888,8522,8522,live
1099925083913,782888,8523,8523,live
1099925083914,782888,8524,8524,live
1099925083915,782888,8525,8525,live
1099925083916,782888,8526,8526,live
1099925083917,782888,8527,8527,live
1099925083918,782888,8528,8528,live
1099925083919,782888,8529,8529,live
1099925083920,782888,8530,8530,live
1099925083921,782888,8531,8531,live
1099925083922,782888,8532,8532,live
1099925083923,782888,8533,8533,live
1099925083924,782888,8534,8534,live
1099925083925,782888,8535,8535,live
1099925083926,782888,8536,8536,live
1099925083927,782888,8537,8537,live
1099925083928,782888,8538,8538,live
1099925083929,782888,8539,8539,live
1099925083930,782888,8540,8540,live
1099925083931,782888,8541,8541,live
1099925083932,782888,8542,8542,live
1099925083933,782888,8543,8543,live
1099925083934,782888,8544,8544,live
1099925083935,782888,8545,8545,live
1099925083936,782888,8546,8546,live
1099925083937,782888,8547,8547,live
1099925083938,782888,8548,8548,live
1099925083939,782888,8549,8549,live
1099925083940,782888,8550,8550,live
1099925083941,782888,8551,8551,live
1099925083942,782888,8552,8552,live
1099925083943,782888,8553,8553,live
1099925083944,782888,8554,8554,live
1099925083945,782888,8555,8555,live
1099925083946,782888,8556,8556,live
1099925083947,782888,8557,8557,live
1099925083948,782888,8558,8558,live
1099925083949,782888,8559,8559,live
1099925083950,782888,8560,8560,live
1099925083951,782888,8561,8561,live
1099925083952,782888,8562,8562,live
1099925083953,782888,8563,8563,live
1099925083954,782888,8564,8564,live
1099925083955,782888,8565,8565,live
1099925083956,782888,8566,8566,live
1099925083957,782888,8567,8567,live
1099925083958,782888,8568,8568,live
1099925083959,782888,8569,8569,live
1099925083960,782888,8570,8570,live
1099925083961,782888,8571,8571,live
1099925083962,782888,8572,8572,live
1099925083963,782888,8573,8573,live
1099925083964,782888,8574,8574,live
1099925083965,782888,8575,8575,live
1099925083966,782888,8576,8576,live
1099925083967,782888,8577,8577,live
1099925083968,782888,8578,8578,live
1099925083969,782888,8579,8579,live
1099925083970,782888,8580,8580,live
1099925083971,782888,8581,8581,live
1099925083972,782888,8582,8582,live
1099925083973,782888,8583,8583,live
1099925083974,782888,8584,8584,live
1099925083975,782888,8585,8585,live
1099925083976,782888,8586,8586,live
1099925083977,782888,8587,8587,live
1099925083978,782888,8588,8588,live
1099925083979,782888,8589,8589,live
1099925083980,782888,8590,8590,live
1099925083981,782888,8591,8591,live
1099925083982,782888,8592,8592,live
1099925083983,782888,8593,8593,live
1099925083984,782888,8594,8594,live
1099925083985,782888,8595,8595,live
1099925083986,782888,8596,8596,live
1099925083987,782888,8597,8597,live
1099925083988,782888,8598,8598,live
1099925083989,782888,8599,8599,live
1099925083990,782888,8600,8600,live
1099925083992,782888,8601,8601,live
1099925083993,782888,8602,8602,live
1099925083994,782888,8603,8603,live
1099925083995,782888,8604,8604,live
1099925083996,782888,8605,8605,live
1099925083997,782888,8606,8606,live
1099925083998,782888,8607,8607,live
1099925083999,782888,8608,8608,live
1099925084000,782888,8609,8609,live
1099925084001,782888,8610,8610,live
1099925084002,782888,8611,8611,live
1099925084003,782888,8612,8612,live
1099925084004,782888,8613,8613,live
1099925084005,782888,8614,8614,live
1099925084006,782888,8615,8615,live
1099925084007,782888,8616,8616,live
1099925084008,782888,8617,8617,live
1099925084009,782888,8618,8618,live
1099925084010,782888,8619,8619,live
1099925084011,782888,8620,8620,live
1099925084012,782888,8621,8621,live
1099925084013,782888,8622,8622,live
1099925084014,782888,8623,8623,live
1099925084015,782888,8624,8624,live
1099925084016,782888,8625,8625,live
1099925084017,782888,8626,8626,live
1099925084018,782888,8627,8627,live
1099925084019,782888,8628,8628,live
1099925084020,782888,8629,8629,live
1099925084021,782888,8630,8630,live
1099925084022,782888,8631,8631,live
1099925084023,782888,8632,8632,live
1099925084024,782888,8633,8633,live
1099925084025,782888,8634,8634,live
1099925084026,782888,8635,8635,live
1099925084027,782888,8636,8636,live
1099925084028,782888,8637,8637,live
1099925084029,782888,8638,8638,live
1099925084030,782888,8639,8639,live
1099925084031,782888,8640,8640,live
1099925084032,782888,8641,8641,live
1099925084033,782888,8642,8642,live
1099925084034,782888,8643,8643,live
1099925084035,782888,8644,8644,live
1099925084036,782888,8645,8645,live
1099925084037,782888,8646,8646,live
1099925084038,782888,8647,8647,live
1099925084039,782888,8648,8648,live
1099925084040,782888,8649,8649,live
1099925084041,782888,8650,8650,live
1099925084042,782888,8651,8651,live
1099925084043,782888,8652,8652,live
1099925084044,782888,8653,8653,live
1099925084045,782888,8654,8654,live
1099925084046,782888,8655,8655,live
1099925084047,782888,8656,8656,live
1099925084048,782888,8657,8657,live
1099925084049,782888,8658,8658,live
1099925084050,782888,8659,8659,live
1099925084051,782888,8660,8660,live
1099925084052,782888,8661,8661,live
1099925084053,782888,8662,8662,live
1099925084054,782888,8663,8663,live
1099925084055,782888,8664,8664,live
1099925084056,782888,8665,8665,live
1099925084057,782888,8666,8666,live
1099925084058,782888,8667,8667,live
1099925084059,782888,8668,8668,live
1099925084060,782888,8669,8669,live
1099925084061,782888,8670,8670,live
1099925084062,782888,8671,8671,live
1099925084063,782888,8672,8672,live
1099925084064,782888,8673,8673,live
1099925084065,782888,8674,8674,live
1099925084066,782888,8675,8675,live
1099925084067,782888,8676,8676,live
1099925084068,782888,8677,8677,live
1099925084069,782888,8678,8678,live
1099925084070,782888,8679,8679,live
1099925084071,782888,8680,8680,live
1099925084072,782888,8681,8681,live
1099925084073,782888,8682,8682,live
1099925084074,782888,8683,8683,live
1099925084075,782888,8684,8684,live
1099925084076,782888,8685,8685,live
1099925084077,782888,8686,8686,live
1099925084078,782888,8687,8687,live
1099925084079,782888,8688,8688,live
1099925084080,782888,8689,8689,live
1099925084081,782888,8690,8690,live
1099925084082,782888,8691,8691,live
1099925084083,782888,8692,8692,live
1099925084084,782888,8693,8693,live
1099925084085,782888,8694,8694,live
1099925084086,782888,8695,8695,live
1099925084087,782888,8696,8696,live
1099925084088,782888,8697,8697,live
1099925084089,782888,8698,8698,live
1099925084090,782888,8699,8699,live
1099925084091,782888,8700,8700,live
1099925084092,782888,8701,8701,live
1099925084093,782888,8702,8702,live
1099925084094,782888,8703,8703,live
1099925084095,782888,8704,8704,live
1099925084096,782888,8705,8705,live
1099925084097,782888,8706,8706,live
1099925084098,782888,8707,8707,live
1099925084099,782888,8708,8708,live
1099925084100,782888,8709,8709,live
1099925084101,782888,8710,8710,live
1099925084102,782888,8711,8711,live
1099925084103,782888,8712,8712,live
1099925084104,782888,8713,8713,live
1099925084105,782888,8714,8714,live
1099925084106,782888,8715,8715,live
1099925084107,782888,8716,8716,live
1099925084108,782888,8717,8717,live
1099925084109,782888,8718,8718,live
1099925084110,782888,8719,8719,live
1099925084111,782888,8720,8720,live
1099925084112,782888,8721,8721,live
1099925084113,782888,8722,8722,live
1099925084114,782888,8723,8723,live
1099925084115,782888,8724,8724,live
1099925084116,782888,8725,8725,live
1099925084117,782888,8726,8726,live
1099925084118,782888,8727,8727,live
1099925084119,782888,8728,8728,live
1099925084120,782888,8729,8729,live
1099925084121,782888,8730,8730,live
1099925084122,782888,8731,8731,live
1099925084123,782888,8732,8732,live
1099925084124,782888,8733,8733,live
1099925084125,782888,8734,8734,live
1099925084126,782888,8735,8735,live
1099925084127,782888,8736,8736,live
1099925084128,782888,8737,8737,live
1099925084129,782888,8738,8738,live
1099925084130,782888,8739,8739,live
1099925084131,782888,8740,8740,live
1099925084132,782888,8741,8741,live
1099925084133,782888,8742,8742,live
1099925084134,782888,8743,8743,live
1099925084135,782888,8744,8744,live
1099925084136,782888,8745,8745,live
1099925084137,782888,8746,8746,live
1099925084138,782888,8747,8747,live
1099925084139,782888,8748,8748,live
1099925084140,782888,8749,8749,live
1099925084141,782888,8750,8750,live
1099925084142,782888,8751,8751,live
1099925084143,782888,8752,8752,live
1099925084144,782888,8753,8753,live
1099925084145,782888,8754,8754,live
1099925084146,782888,8755,8755,live
1099925084147,782888,8756,8756,live
1099925084148,782888,8757,8757,live
1099925084149,782888,8758,8758,live
1099925084150,782888,8759,8759,live
1099925084151,782888,8760,8760,live
1099925084152,782888,8761,8761,live
1099925084153,782888,8762,8762,live
1099925084154,782888,8763,8763,live
1099925084155,782888,8764,8764,live
1099925084156,782888,8765,8765,live
1099925084157,782888,8766,8766,live
1099925084158,782888,8767,8767,live
1099925084159,782888,8768,8768,live
1099925084160,782888,8769,8769,live
1099925084161,782888,8770,8770,live
1099925084162,782888,8771,8771,live
1099925084163,782888,8772,8772,live
1099925084164,782888,8773,8773,live
1099925084165,782888,8774,8774,live
1099925084166,782888,8775,8775,live
1099925084167,782888,8776,8776,live
1099925084168,782888,8777,8777,live
1099925084169,782888,8778,8778,live
1099925084170,782888,8779,8779,live
1099925084171,782888,8780,8780,live
1099925084172,782888,8781,8781,live
1099925084173,782888,8782,8782,live
1099925084174,782888,8783,8783,live
1099925084175,782888,8784,8784,live
1099925084176,782888,8785,8785,live
1099925084177,782888,8786,8786,live
1099925084178,782888,8787,8787,live
1099925084179,782888,8788,8788,live
1099925084180,782888,8789,8789,live
1099925084181,782888,8790,8790,live
1099925084182,782888,8791,8791,live
1099925084183,782888,8792,8792,live
1099925084184,782888,8793,8793,live
1099925084185,782888,8794,8794,live
1099925084186,782888,8795,8795,live
1099925084187,782888,8796,8796,live
1099925084188,782888,8797,8797,live
1099925084189,782888,8798,8798,live
1099925084190,782888,8799,8799,live
1099925084191,782888,8800,8800,live
1099925084199,782888,8801,8801,live
1099925084200,782888,8802,8802,live
1099925084201,782888,8803,8803,live
1099925084202,782888,8804,8804,live
1099925084203,782888,8805,8805,live
1099925084204,782888,8806,8806,live
1099925084205,782888,8807,8807,live
1099925084206,782888,8808,8808,live
1099925084207,782888,8809,8809,live
1099925084208,782888,8810,8810,live
1099925084209,782888,8811,8811,live
1099925084210,782888,8812,8812,live
1099925084211,782888,8813,8813,live
1099925084212,782888,8814,8814,live
1099925084213,782888,8815,8815,live
1099925084214,782888,8816,8816,live
1099925084215,782888,8817,8817,live
1099925084216,782888,8818,8818,live
1099925084217,782888,8819,8819,live
1099925084218,782888,8820,8820,live
1099925084219,782888,8821,8821,live
1099925084220,782888,8822,8822,live
1099925084221,782888,8823,8823,live
1099925084222,782888,8824,8824,live
1099925084223,782888,8825,8825,live
1099925084224,782888,8826,8826,live
1099925084225,782888,8827,8827,live
1099925084226,782888,8828,8828,live
1099925084227,782888,8829,8829,live
1099925084228,782888,8830,8830,live
1099925084229,782888,8831,8831,live
1099925084230,782888,8832,8832,live
1099925084231,782888,8833,8833,live
1099925084232,782888,8834,8834,live
1099925084233,782888,8835,8835,live
1099925084234,782888,8836,8836,live
1099925084235,782888,8837,8837,live
1099925084236,782888,8838,8838,live
1099925084237,782888,8839,8839,live
1099925084238,782888,8840,8840,live
1099925084239,782888,8841,8841,live
1099925084240,782888,8842,8842,live
1099925084241,782888,8843,8843,live
1099925084242,782888,8844,8844,live
1099925084243,782888,8845,8845,live
1099925084244,782888,8846,8846,live
1099925084245,782888,8847,8847,live
1099925084246,782888,8848,8848,live
1099925084247,782888,8849,8849,live
1099925084248,782888,8850,8850,live
1099925084249,782888,8851,8851,live
1099925084250,782888,8852,8852,live
1099925084251,782888,8853,8853,live
1099925084252,782888,8854,8854,live
1099925084253,782888,8855,8855,live
1099925084254,782888,8856,8856,live
1099925084255,782888,8857,8857,live
1099925084256,782888,8858,8858,live
1099925084257,782888,8859,8859,live
1099925084258,782888,8860,8860,live
1099925084259,782888,8861,8861,live
1099925084260,782888,8862,8862,live
1099925084261,782888,8863,8863,live
1099925084262,782888,8864,8864,live
1099925084263,782888,8865,8865,live
1099925084264,782888,8866,8866,live
1099925084265,782888,8867,8867,live
1099925084266,782888,8868,8868,live
1099925084267,782888,8869,8869,live
1099925084268,782888,8870,8870,live
1099925084269,782888,8871,8871,live
1099925084270,782888,8872,8872,live
1099925084271,782888,8873,8873,live
1099925084272,782888,8874,8874,live
1099925084273,782888,8875,8875,live
1099925084274,782888,8876,8876,live
1099925084275,782888,8877,8877,live
1099925084276,782888,8878,8878,live
1099925084277,782888,8879,8879,live
1099925084278,782888,8880,8880,live
1099925084279,782888,8881,8881,live
1099925084280,782888,8882,8882,live
1099925084281,782888,8883,8883,live
1099925084282,782888,8884,8884,live
1099925084283,782888,8885,8885,live
1099925084284,782888,8886,8886,live
1099925084285,782888,8887,8887,live
1099925084286,782888,8888,8888,live
1099925084287,782888,8889,8889,live
1099925084288,782888,8890,8890,live
1099925084289,782888,8891,8891,live
1099925084290,782888,8892,8892,live
1099925084291,782888,8893,8893,live
1099925084292,782888,8894,8894,live
1099925084293,782888,8895,8895,live
1099925084294,782888,8896,8896,live
1099925084295,782888,8897,8897,live
1099925084296,782888,8898,8898,live
1099925084297,782888,8899,8899,live
1099925084298,782888,8900,8900,live
1099925084299,782888,8901,8901,live
1099925084300,782888,8902,8902,live
1099925084301,782888,8903,8903,live
1099925084302,782888,8904,8904,live
1099925084303,782888,8905,8905,live
1099925084304,782888,8906,8906,live
1099925084305,782888,8907,8907,live
1099925084306,782888,8908,8908,live
1099925084307,782888,8909,8909,live
1099925084308,782888,8910,8910,live
1099925084309,782888,8911,8911,live
1099925084310,782888,8912,8912,live
1099925084311,782888,8913,8913,live
1099925084312,782888,8914,8914,live
1099925084313,782888,8915,8915,live
1099925084314,782888,8916,8916,live
1099925084315,782888,8917,8917,live
1099925084316,782888,8918,8918,live
1099925084317,782888,8919,8919,live
1099925084318,782888,8920,8920,live
1099925084319,782888,8921,8921,live
1099925084320,782888,8922,8922,live
1099925084321,782888,8923,8923,live
1099925084322,782888,8924,8924,live
1099925084323,782888,8925,8925,live
1099925084324,782888,8926,8926,live
1099925084325,782888,8927,8927,live
1099925084326,782888,8928,8928,live
1099925084327,782888,8929,8929,live
1099925084328,782888,8930,8930,live
1099925084329,782888,8931,8931,live
1099925084330,782888,8932,8932,live
1099925084331,782888,8933,8933,live
1099925084332,782888,8934,8934,live
1099925084333,782888,8935,8935,live
1099925084334,782888,8936,8936,live
1099925084335,782888,8937,8937,live
1099925084336,782888,8938,8938,live
1099925084337,782888,8939,8939,live
1099925084338,782888,8940,8940,live
1099925084339,782888,8941,8941,live
1099925084340,782888,8942,8942,live
1099925084341,782888,8943,8943,live
1099925084342,782888,8944,8944,live
1099925084343,782888,8945,8945,live
1099925084344,782888,8946,8946,live
1099925084345,782888,8947,8947,live
1099925084346,782888,8948,8948,live
1099925084347,782888,8949,8949,live
1099925084348,782888,8950,8950,live
1099925084349,782888,8951,8951,live
1099925084350,782888,8952,8952,live
1099925084351,782888,8953,8953,live
1099925084352,782888,8954,8954,live
1099925084353,782888,8955,8955,live
1099925084354,782888,8956,8956,live
1099925084355,782888,8957,8957,live
1099925084356,782888,8958,8958,live
1099925084357,782888,8959,8959,live
1099925084358,782888,8960,8960,live
1099925084359,782888,8961,8961,live
1099925084360,782888,8962,8962,live
1099925084361,782888,8963,8963,live
1099925084362,782888,8964,8964,live
1099925084363,782888,8965,8965,live
1099925084364,782888,8966,8966,live
1099925084365,782888,8967,8967,live
1099925084366,782888,8968,8968,live
1099925084367,782888,8969,8969,live
1099925084368,782888,8970,8970,live
1099925084369,782888,8971,8971,live
1099925084370,782888,8972,8972,live
1099925084371,782888,8973,8973,live
1099925084372,782888,8974,8974,live
1099925084373,782888,8975,8975,live
1099925084374,782888,8976,8976,live
1099925084375,782888,8977,8977,live
1099925084376,782888,8978,8978,live
1099925084377,782888,8979,8979,live
1099925084378,782888,8980,8980,live
1099925084379,782888,8981,8981,live
1099925084380,782888,8982,8982,live
1099925084381,782888,8983,8983,live
1099925084382,782888,8984,8984,live
1099925084383,782888,8985,8985,live
1099925084384,782888,8986,8986,live
1099925084385,782888,8987,8987,live
1099925084386,782888,8988,8988,live
1099925084387,782888,8989,8989,live
1099925084388,782888,8990,8990,live
1099925084389,782888,8991,8991,live
1099925084390,782888,8992,8992,live
1099925084391,782888,8993,8993,live
1099925084392,782888,8994,8994,live
1099925084393,782888,8995,8995,live
1099925084394,782888,8996,8996,live
1099925084395,782888,8997,8997,live
1099925084396,782888,8998,8998,live
1099925084397,782888,8999,8999,live
1099925084398,782888,9000,9000,live
1099925084405,782888,9001,9001,live
1099925084406,782888,9002,9002,live
1099925084407,782888,9003,9003,live
1099925084408,782888,9004,9004,live
1099925084409,782888,9005,9005,live
1099925084410,782888,9006,9006,live
1099925084411,782888,9007,9007,live
1099925084412,782888,9008,9008,live
1099925084413,782888,9009,9009,live
1099925084414,782888,9010,9010,live
1099925084415,782888,9011,9011,live
1099925084416,782888,9012,9012,live
1099925084417,782888,9013,9013,live
1099925084418,782888,9014,9014,live
1099925084419,782888,9015,9015,live
1099925084420,782888,9016,9016,live
1099925084421,782888,9017,9017,live
1099925084422,782888,9018,9018,live
1099925084423,782888,9019,9019,live
1099925084424,782888,9020,9020,live
1099925084425,782888,9021,9021,live
1099925084426,782888,9022,9022,live
1099925084427,782888,9023,9023,live
1099925084428,782888,9024,9024,live
1099925084429,782888,9025,9025,live
1099925084430,782888,9026,9026,live
1099925084431,782888,9027,9027,live
1099925084432,782888,9028,9028,live
1099925084433,782888,9029,9029,live
1099925084434,782888,9030,9030,live
1099925084435,782888,9031,9031,live
1099925084436,782888,9032,9032,live
1099925084437,782888,9033,9033,live
1099925084438,782888,9034,9034,live
1099925084439,782888,9035,9035,live
1099925084440,782888,9036,9036,live
1099925084441,782888,9037,9037,live
1099925084442,782888,9038,9038,live
1099925084443,782888,9039,9039,live
1099925084444,782888,9040,9040,live
1099925084445,782888,9041,9041,live
1099925084446,782888,9042,9042,live
1099925084447,782888,9043,9043,live
1099925084448,782888,9044,9044,live
1099925084449,782888,9045,9045,live
1099925084450,782888,9046,9046,live
1099925084451,782888,9047,9047,live
1099925084452,782888,9048,9048,live
1099925084453,782888,9049,9049,live
1099925084454,782888,9050,9050,live
1099925084455,782888,9051,9051,live
1099925084456,782888,9052,9052,live
1099925084457,782888,9053,9053,live
1099925084458,782888,9054,9054,live
1099925084459,782888,9055,9055,live
1099925084460,782888,9056,9056,live
1099925084461,782888,9057,9057,live
1099925084462,782888,9058,9058,live
1099925084463,782888,9059,9059,live
1099925084464,782888,9060,9060,live
1099925084465,782888,9061,9061,live
1099925084466,782888,9062,9062,live
1099925084467,782888,9063,9063,live
1099925084468,782888,9064,9064,live
1099925084469,782888,9065,9065,live
1099925084470,782888,9066,9066,live
1099925084471,782888,9067,9067,live
1099925084472,782888,9068,9068,live
1099925084473,782888,9069,9069,live
1099925084474,782888,9070,9070,live
1099925084475,782888,9071,9071,live
1099925084476,782888,9072,9072,live
1099925084477,782888,9073,9073,live
1099925084478,782888,9074,9074,live
1099925084479,782888,9075,9075,live
1099925084480,782888,9076,9076,live
1099925084481,782888,9077,9077,live
1099925084482,782888,9078,9078,live
1099925084483,782888,9079,9079,live
1099925084484,782888,9080,9080,live
1099925084485,782888,9081,9081,live
1099925084486,782888,9082,9082,live
1099925084487,782888,9083,9083,live
1099925084488,782888,9084,9084,live
1099925084489,782888,9085,9085,live
1099925084490,782888,9086,9086,live
1099925084491,782888,9087,9087,live
1099925084492,782888,9088,9088,live
1099925084493,782888,9089,9089,live
1099925084494,782888,9090,9090,live
1099925084495,782888,9091,9091,live
1099925084496,782888,9092,9092,live
1099925084497,782888,9093,9093,live
1099925084498,782888,9094,9094,live
1099925084499,782888,9095,9095,live
1099925084500,782888,9096,9096,live
1099925084501,782888,9097,9097,live
1099925084502,782888,9098,9098,live
1099925084503,782888,9099,9099,live
1099925084504,782888,9100,9100,live
1099925084505,782888,9101,9101,live
1099925084506,782888,9102,9102,live
1099925084507,782888,9103,9103,live
1099925084508,782888,9104,9104,live
1099925084509,782888,9105,9105,live
1099925084510,782888,9106,9106,live
1099925084511,782888,9107,9107,live
1099925084512,782888,9108,9108,live
1099925084513,782888,9109,9109,live
1099925084514,782888,9110,9110,live
1099925084515,782888,9111,9111,live
1099925084516,782888,9112,9112,live
1099925084517,782888,9113,9113,live
1099925084518,782888,9114,9114,live
1099925084519,782888,9115,9115,live
1099925084520,782888,9116,9116,live
1099925084521,782888,9117,9117,live
1099925084522,782888,9118,9118,live
1099925084523,782888,9119,9119,live
1099925084524,782888,9120,9120,live
1099925084525,782888,9121,9121,live
1099925084526,782888,9122,9122,live
1099925084527,782888,9123,9123,live
1099925084528,782888,9124,9124,live
1099925084529,782888,9125,9125,live
1099925084530,782888,9126,9126,live
1099925084531,782888,9127,9127,live
1099925084532,782888,9128,9128,live
1099925084533,782888,9129,9129,live
1099925084534,782888,9130,9130,live
1099925084535,782888,9131,9131,live
1099925084536,782888,9132,9132,live
1099925084537,782888,9133,9133,live
1099925084538,782888,9134,9134,live
1099925084539,782888,9135,9135,live
1099925084540,782888,9136,9136,live
1099925084541,782888,9137,9137,live
1099925084542,782888,9138,9138,live
1099925084543,782888,9139,9139,live
1099925084544,782888,9140,9140,live
1099925084545,782888,9141,9141,live
1099925084546,782888,9142,9142,live
1099925084547,782888,9143,9143,live
1099925084548,782888,9144,9144,live
1099925084549,782888,9145,9145,live
1099925084550,782888,9146,9146,live
1099925084551,782888,9147,9147,live
1099925084552,782888,9148,9148,live
1099925084553,782888,9149,9149,live
1099925084554,782888,9150,9150,live
1099925084555,782888,9151,9151,live
1099925084556,782888,9152,9152,live
1099925084557,782888,9153,9153,live
1099925084558,782888,9154,9154,live
1099925084559,782888,9155,9155,live
1099925084560,782888,9156,9156,live
1099925084561,782888,9157,9157,live
1099925084562,782888,9158,9158,live
1099925084563,782888,9159,9159,live
1099925084564,782888,9160,9160,live
1099925084565,782888,9161,9161,live
1099925084566,782888,9162,9162,live
1099925084567,782888,9163,9163,live
1099925084568,782888,9164,9164,live
1099925084569,782888,9165,9165,live
1099925084570,782888,9166,9166,live
1099925084571,782888,9167,9167,live
1099925084572,782888,9168,9168,live
1099925084573,782888,9169,9169,live
1099925084574,782888,9170,9170,live
1099925084575,782888,9171,9171,live
1099925084576,782888,9172,9172,live
1099925084577,782888,9173,9173,live
1099925084578,782888,9174,9174,live
1099925084579,782888,9175,9175,live
1099925084580,782888,9176,9176,live
1099925084581,782888,9177,9177,live
1099925084582,782888,9178,9178,live
1099925084583,782888,9179,9179,live
1099925084584,782888,9180,9180,live
1099925084585,782888,9181,9181,live
1099925084586,782888,9182,9182,live
1099925084587,782888,9183,9183,live
1099925084588,782888,9184,9184,live
1099925084589,782888,9185,9185,live
1099925084590,782888,9186,9186,live
1099925084591,782888,9187,9187,live
1099925084592,782888,9188,9188,live
1099925084593,782888,9189,9189,live
1099925084594,782888,9190,9190,live
1099925084595,782888,9191,9191,live
1099925084596,782888,9192,9192,live
1099925084597,782888,9193,9193,live
1099925084598,782888,9194,9194,live
1099925084599,782888,9195,9195,live
1099925084600,782888,9196,9196,live
1099925084601,782888,9197,9197,live
1099925084602,782888,9198,9198,live
1099925084603,782888,9199,9199,live
1099925084604,782888,9200,9200,live
1099925084605,782888,9201,9201,live
1099925084606,782888,9202,9202,live
1099925084607,782888,9203,9203,live
1099925084608,782888,9204,9204,live
1099925084609,782888,9205,9205,live
1099925084610,782888,9206,9206,live
1099925084611,782888,9207,9207,live
1099925084612,782888,9208,9208,live
1099925084613,782888,9209,9209,live
1099925084614,782888,9210,9210,live
1099925084615,782888,9211,9211,live
1099925084616,782888,9212,9212,live
1099925084617,782888,9213,9213,live
1099925084618,782888,9214,9214,live
1099925084619,782888,9215,9215,live
1099925084620,782888,9216,9216,live
1099925084621,782888,9217,9217,live
1099925084622,782888,9218,9218,live
1099925084623,782888,9219,9219,live
1099925084624,782888,9220,9220,live
1099925084625,782888,9221,9221,live
1099925084626,782888,9222,9222,live
1099925084627,782888,9223,9223,live
1099925084628,782888,9224,9224,live
1099925084629,782888,9225,9225,live
1099925084630,782888,9226,9226,live
1099925084631,782888,9227,9227,live
1099925084632,782888,9228,9228,live
1099925084633,782888,9229,9229,live
1099925084634,782888,9230,9230,live
1099925084635,782888,9231,9231,live
1099925084636,782888,9232,9232,live
1099925084637,782888,9233,9233,live
1099925084638,782888,9234,9234,live
1099925084639,782888,9235,9235,live
1099925084640,782888,9236,9236,live
1099925084641,782888,9237,9237,live
1099925084642,782888,9238,9238,live
1099925084643,782888,9239,9239,live
1099925084644,782888,9240,9240,live
1099925084645,782888,9241,9241,live
1099925084646,782888,9242,9242,live
1099925084647,782888,9243,9243,live
1099925084648,782888,9244,9244,live
1099925084649,782888,9245,9245,live
1099925084650,782888,9246,9246,live
1099925084651,782888,9247,9247,live
1099925084652,782888,9248,9248,live
1099925084653,782888,9249,9249,live
1099925084654,782888,9250,9250,live
1099925084655,782888,9251,9251,live
1099925084656,782888,9252,9252,live
1099925084657,782888,9253,9253,live
1099925084658,782888,9254,9254,live
1099925084659,782888,9255,9255,live
1099925084660,782888,9256,9256,live
1099925084661,782888,9257,9257,live
1099925084662,782888,9258,9258,live
1099925084663,782888,9259,9259,live
1099925084664,782888,9260,9260,live
1099925084665,782888,9261,9261,live
1099925084666,782888,9262,9262,live
1099925084667,782888,9263,9263,live
1099925084668,782888,9264,9264,live
1099925084669,782888,9265,9265,live
1099925084670,782888,9266,9266,live
1099925084671,782888,9267,9267,live
1099925084672,782888,9268,9268,live
1099925084673,782888,9269,9269,live
1099925084674,782888,9270,9270,live
1099925084675,782888,9271,9271,live
1099925084676,782888,9272,9272,live
1099925084677,782888,9273,9273,live
1099925084678,782888,9274,9274,live
1099925084679,782888,9275,9275,live
1099925084680,782888,9276,9276,live
1099925084681,782888,9277,9277,live
1099925084682,782888,9278,9278,live
1099925084683,782888,9279,9279,live
1099925084684,782888,9280,9280,live
1099925084685,782888,9281,9281,live
1099925084686,782888,9282,9282,live
1099925084687,782888,9283,9283,live
1099925084688,782888,9284,9284,live
1099925084689,782888,9285,9285,live
1099925084690,782888,9286,9286,live
1099925084691,782888,9287,9287,live
1099925084692,782888,9288,9288,live
1099925084693,782888,9289,9289,live
1099925084694,782888,9290,9290,live
1099925084695,782888,9291,9291,live
1099925084696,782888,9292,9292,live
1099925084697,782888,9293,9293,live
1099925084698,782888,9294,9294,live
1099925084699,782888,9295,9295,live
1099925084700,782888,9296,9296,live
1099925084701,782888,9297,9297,live
1099925084702,782888,9298,9298,live
1099925084703,782888,9299,9299,live
1099925084704,782888,9300,9300,live
1099925084705,782888,9301,9301,live
1099925084706,782888,9302,9302,live
1099925084707,782888,9303,9303,live
1099925084708,782888,9304,9304,live
1099925084709,782888,9305,9305,live
1099925084710,782888,9306,9306,live
1099925084711,782888,9307,9307,live
1099925084712,782888,9308,9308,live
1099925084713,782888,9309,9309,live
1099925084714,782888,9310,9310,live
1099925084715,782888,9311,9311,live
1099925084716,782888,9312,9312,live
1099925084717,782888,9313,9313,live
1099925084718,782888,9314,9314,live
1099925084719,782888,9315,9315,live
1099925084720,782888,9316,9316,live
1099925084721,782888,9317,9317,live
1099925084722,782888,9318,9318,live
1099925084723,782888,9319,9319,live
1099925084724,782888,9320,9320,live
1099925084725,782888,9321,9321,live
1099925084726,782888,9322,9322,live
1099925084727,782888,9323,9323,live
1099925084728,782888,9324,9324,live
1099925084729,782888,9325,9325,live
1099925084730,782888,9326,9326,live
1099925084731,782888,9327,9327,live
1099925084732,782888,9328,9328,live
1099925084733,782888,9329,9329,live
1099925084734,782888,9330,9330,live
1099925084735,782888,9331,9331,live
1099925084736,782888,9332,9332,live
1099925084737,782888,9333,9333,live
1099925084738,782888,9334,9334,live
1099925084739,782888,9335,9335,live
1099925084740,782888,9336,9336,live
1099925084741,782888,9337,9337,live
1099925084742,782888,9338,9338,live
1099925084743,782888,9339,9339,live
1099925084744,782888,9340,9340,live
1099925084745,782888,9341,9341,live
1099925084746,782888,9342,9342,live
1099925084747,782888,9343,9343,live
1099925084748,782888,9344,9344,live
1099925084749,782888,9345,9345,live
1099925084750,782888,9346,9346,live
1099925084751,782888,9347,9347,live
1099925084752,782888,9348,9348,live
1099925084753,782888,9349,9349,live
1099925084754,782888,9350,9350,live
1099925084755,782888,9351,9351,live
1099925084756,782888,9352,9352,live
1099925084757,782888,9353,9353,live
1099925084758,782888,9354,9354,live
1099925084759,782888,9355,9355,live
1099925084760,782888,9356,9356,live
1099925084761,782888,9357,9357,live
1099925084762,782888,9358,9358,live
1099925084763,782888,9359,9359,live
1099925084764,782888,9360,9360,live
1099925084765,782888,9361,9361,live
1099925084766,782888,9362,9362,live
1099925084767,782888,9363,9363,live
1099925084768,782888,9364,9364,live
1099925084769,782888,9365,9365,live
1099925084770,782888,9366,9366,live
1099925084771,782888,9367,9367,live
1099925084772,782888,9368,9368,live
1099925084773,782888,9369,9369,live
1099925084774,782888,9370,9370,live
1099925084775,782888,9371,9371,live
1099925084776,782888,9372,9372,live
1099925084777,782888,9373,9373,live
1099925084778,782888,9374,9374,live
1099925084779,782888,9375,9375,live
1099925084780,782888,9376,9376,live
1099925084781,782888,9377,9377,live
1099925084782,782888,9378,9378,live
1099925084783,782888,9379,9379,live
1099925084784,782888,9380,9380,live
1099925084785,782888,9381,9381,live
1099925084786,782888,9382,9382,live
1099925084787,782888,9383,9383,live
1099925084788,782888,9384,9384,live
1099925084789,782888,9385,9385,live
1099925084790,782888,9386,9386,live
1099925084791,782888,9387,9387,live
1099925084792,782888,9388,9388,live
1099925084793,782888,9389,9389,live
1099925084794,782888,9390,9390,live
1099925084795,782888,9391,9391,live
1099925084796,782888,9392,9392,live
1099925084797,782888,9393,9393,live
1099925084798,782888,9394,9394,live
1099925084799,782888,9395,9395,live
1099925084800,782888,9396,9396,live
1099925084801,782888,9397,9397,live
1099925084802,782888,9398,9398,live
1099925084803,782888,9399,9399,live
1099925084804,782888,9400,9400,live
1099925084820,782888,9401,9401,live
1099925084821,782888,9402,9402,live
1099925084822,782888,9403,9403,live
1099925084823,782888,9404,9404,live
1099925084824,782888,9405,9405,live
1099925084825,782888,9406,9406,live
1099925084826,782888,9407,9407,live
1099925084827,782888,9408,9408,live
1099925084828,782888,9409,9409,live
1099925084829,782888,9410,9410,live
1099925084830,782888,9411,9411,live
1099925084831,782888,9412,9412,live
1099925084832,782888,9413,9413,live
1099925084833,782888,9414,9414,live
1099925084834,782888,9415,9415,live
1099925084835,782888,9416,9416,live
1099925084836,782888,9417,9417,live
1099925084837,782888,9418,9418,live
1099925084838,782888,9419,9419,live
1099925084839,782888,9420,9420,live
1099925084840,782888,9421,9421,live
1099925084841,782888,9422,9422,live
1099925084842,782888,9423,9423,live
1099925084843,782888,9424,9424,live
1099925084844,782888,9425,9425,live
1099925084845,782888,9426,9426,live
1099925084846,782888,9427,9427,live
1099925084847,782888,9428,9428,live
1099925084848,782888,9429,9429,live
1099925084849,782888,9430,9430,live
1099925084850,782888,9431,9431,live
1099925084851,782888,9432,9432,live
1099925084852,782888,9433,9433,live
1099925084853,782888,9434,9434,live
1099925084854,782888,9435,9435,live
1099925084855,782888,9436,9436,live
1099925084856,782888,9437,9437,live
1099925084857,782888,9438,9438,live
1099925084858,782888,9439,9439,live
1099925084859,782888,9440,9440,live
1099925084860,782888,9441,9441,live
1099925084861,782888,9442,9442,live
1099925084862,782888,9443,9443,live
1099925084863,782888,9444,9444,live
1099925084864,782888,9445,9445,live
1099925084865,782888,9446,9446,live
1099925084866,782888,9447,9447,live
1099925084867,782888,9448,9448,live
1099925084868,782888,9449,9449,live
1099925084869,782888,9450,9450,live
1099925084870,782888,9451,9451,live
1099925084871,782888,9452,9452,live
1099925084872,782888,9453,9453,live
1099925084873,782888,9454,9454,live
1099925084874,782888,9455,9455,live
1099925084875,782888,9456,9456,live
1099925084876,782888,9457,9457,live
1099925084877,782888,9458,9458,live
1099925084878,782888,9459,9459,live
1099925084879,782888,9460,9460,live
1099925084880,782888,9461,9461,live
1099925084881,782888,9462,9462,live
1099925084882,782888,9463,9463,live
1099925084883,782888,9464,9464,live
1099925084884,782888,9465,9465,live
1099925084885,782888,9466,9466,live
1099925084886,782888,9467,9467,live
1099925084887,782888,9468,9468,live
1099925084888,782888,9469,9469,live
1099925084889,782888,9470,9470,live
1099925084890,782888,9471,9471,live
1099925084891,782888,9472,9472,live
1099925084892,782888,9473,9473,live
1099925084893,782888,9474,9474,live
1099925084894,782888,9475,9475,live
1099925084895,782888,9476,9476,live
1099925084896,782888,9477,9477,live
1099925084897,782888,9478,9478,live
1099925084898,782888,9479,9479,live
1099925084899,782888,9480,9480,live
1099925084900,782888,9481,9481,live
1099925084901,782888,9482,9482,live
1099925084902,782888,9483,9483,live
1099925084903,782888,9484,9484,live
1099925084904,782888,9485,9485,live
1099925084905,782888,9486,9486,live
1099925084906,782888,9487,9487,live
1099925084907,782888,9488,9488,live
1099925084908,782888,9489,9489,live
1099925084909,782888,9490,9490,live
1099925084910,782888,9491,9491,live
1099925084911,782888,9492,9492,live
1099925084912,782888,9493,9493,live
1099925084913,782888,9494,9494,live
1099925084914,782888,9495,9495,live
1099925084915,782888,9496,9496,live
1099925084916,782888,9497,9497,live
1099925084917,782888,9498,9498,live
1099925084918,782888,9499,9499,live
1099925084919,782888,9500,9500,live
1099925084920,782888,9501,9501,live
1099925084921,782888,9502,9502,live
1099925084922,782888,9503,9503,live
1099925084923,782888,9504,9504,live
1099925084924,782888,9505,9505,live
1099925084925,782888,9506,9506,live
1099925084926,782888,9507,9507,live
1099925084927,782888,9508,9508,live
1099925084928,782888,9509,9509,live
1099925084929,782888,9510,9510,live
1099925084930,782888,9511,9511,live
1099925084931,782888,9512,9512,live
1099925084932,782888,9513,9513,live
1099925084933,782888,9514,9514,live
1099925084934,782888,9515,9515,live
1099925084935,782888,9516,9516,live
1099925084936,782888,9517,9517,live
1099925084937,782888,9518,9518,live
1099925084938,782888,9519,9519,live
1099925084939,782888,9520,9520,live
1099925084940,782888,9521,9521,live
1099925084941,782888,9522,9522,live
1099925084942,782888,9523,9523,live
1099925084943,782888,9524,9524,live
1099925084944,782888,9525,9525,live
1099925084945,782888,9526,9526,live
1099925084946,782888,9527,9527,live
1099925084947,782888,9528,9528,live
1099925084948,782888,9529,9529,live
1099925084949,782888,9530,9530,live
1099925084950,782888,9531,9531,live
1099925084951,782888,9532,9532,live
1099925084952,782888,9533,9533,live
1099925084953,782888,9534,9534,live
1099925084954,782888,9535,9535,live
1099925084955,782888,9536,9536,live
1099925084956,782888,9537,9537,live
1099925084957,782888,9538,9538,live
1099925084958,782888,9539,9539,live
1099925084959,782888,9540,9540,live
1099925084960,782888,9541,9541,live
1099925084961,782888,9542,9542,live
1099925084962,782888,9543,9543,live
1099925084963,782888,9544,9544,live
1099925084964,782888,9545,9545,live
1099925084965,782888,9546,9546,live
1099925084966,782888,9547,9547,live
1099925084967,782888,9548,9548,live
1099925084968,782888,9549,9549,live
1099925084969,782888,9550,9550,live
1099925084970,782888,9551,9551,live
1099925084971,782888,9552,9552,live
1099925084972,782888,9553,9553,live
1099925084973,782888,9554,9554,live
1099925084974,782888,9555,9555,live
1099925084975,782888,9556,9556,live
1099925084976,782888,9557,9557,live
1099925084977,782888,9558,9558,live
1099925084978,782888,9559,9559,live
1099925084979,782888,9560,9560,live
1099925084980,782888,9561,9561,live
1099925084981,782888,9562,9562,live
1099925084982,782888,9563,9563,live
1099925084983,782888,9564,9564,live
1099925084984,782888,9565,9565,live
1099925084985,782888,9566,9566,live
1099925084986,782888,9567,9567,live
1099925084987,782888,9568,9568,live
1099925084988,782888,9569,9569,live
1099925084989,782888,9570,9570,live
1099925084990,782888,9571,9571,live
1099925084991,782888,9572,9572,live
1099925084992,782888,9573,9573,live
1099925084993,782888,9574,9574,live
1099925084994,782888,9575,9575,live
1099925084995,782888,9576,9576,live
1099925084996,782888,9577,9577,live
1099925084997,782888,9578,9578,live
1099925084998,782888,9579,9579,live
1099925084999,782888,9580,9580,live
1099925085000,782888,9581,9581,live
1099925085001,782888,9582,9582,live
1099925085002,782888,9583,9583,live
1099925085003,782888,9584,9584,live
1099925085004,782888,9585,9585,live
1099925085005,782888,9586,9586,live
1099925085006,782888,9587,9587,live
1099925085007,782888,9588,9588,live
1099925085008,782888,9589,9589,live
1099925085009,782888,9590,9590,live
1099925085010,782888,9591,9591,live
1099925085011,782888,9592,9592,live
1099925085012,782888,9593,9593,live
1099925085013,782888,9594,9594,live
1099925085014,782888,9595,9595,live
1099925085015,782888,9596,9596,live
1099925085016,782888,9597,9597,live
1099925085017,782888,9598,9598,live
1099925085018,782888,9599,9599,live
1099925085019,782888,9600,9600,live
1099925085020,782888,9601,9601,live
1099925085021,782888,9602,9602,live
1099925085022,782888,9603,9603,live
1099925085023,782888,9604,9604,live
1099925085024,782888,9605,9605,live
1099925085025,782888,9606,9606,live
1099925085026,782888,9607,9607,live
1099925085027,782888,9608,9608,live
1099925085028,782888,9609,9609,live
1099925085029,782888,9610,9610,live
1099925085030,782888,9611,9611,live
1099925085031,782888,9612,9612,live
1099925085032,782888,9613,9613,live
1099925085033,782888,9614,9614,live
1099925085034,782888,9615,9615,live
1099925085035,782888,9616,9616,live
1099925085036,782888,9617,9617,live
1099925085037,782888,9618,9618,live
1099925085038,782888,9619,9619,live
1099925085039,782888,9620,9620,live
1099925085040,782888,9621,9621,live
1099925085041,782888,9622,9622,live
1099925085042,782888,9623,9623,live
1099925085043,782888,9624,9624,live
1099925085044,782888,9625,9625,live
1099925085045,782888,9626,9626,live
1099925085046,782888,9627,9627,live
1099925085047,782888,9628,9628,live
1099925085048,782888,9629,9629,live
1099925085049,782888,9630,9630,live
1099925085050,782888,9631,9631,live
1099925085051,782888,9632,9632,live
1099925085052,782888,9633,9633,live
1099925085053,782888,9634,9634,live
1099925085054,782888,9635,9635,live
1099925085055,782888,9636,9636,live
1099925085056,782888,9637,9637,live
1099925085057,782888,9638,9638,live
1099925085058,782888,9639,9639,live
1099925085059,782888,9640,9640,live
1099925085060,782888,9641,9641,live
1099925085061,782888,9642,9642,live
1099925085062,782888,9643,9643,live
1099925085063,782888,9644,9644,live
1099925085064,782888,9645,9645,live
1099925085065,782888,9646,9646,live
1099925085066,782888,9647,9647,live
1099925085067,782888,9648,9648,live
1099925085068,782888,9649,9649,live
1099925085069,782888,9650,9650,live
1099925085070,782888,9651,9651,live
1099925085071,782888,9652,9652,live
1099925085072,782888,9653,9653,live
1099925085073,782888,9654,9654,live
1099925085074,782888,9655,9655,live
1099925085075,782888,9656,9656,live
1099925085076,782888,9657,9657,live
1099925085077,782888,9658,9658,live
1099925085078,782888,9659,9659,live
1099925085079,782888,9660,9660,live
1099925085080,782888,9661,9661,live
1099925085081,782888,9662,9662,live
1099925085082,782888,9663,9663,live
1099925085083,782888,9664,9664,live
1099925085084,782888,9665,9665,live
1099925085085,782888,9666,9666,live
1099925085086,782888,9667,9667,live
1099925085087,782888,9668,9668,live
1099925085088,782888,9669,9669,live
1099925085089,782888,9670,9670,live
1099925085090,782888,9671,9671,live
1099925085091,782888,9672,9672,live
1099925085092,782888,9673,9673,live
1099925085093,782888,9674,9674,live
1099925085094,782888,9675,9675,live
1099925085095,782888,9676,9676,live
1099925085096,782888,9677,9677,live
1099925085097,782888,9678,9678,live
1099925085098,782888,9679,9679,live
1099925085099,782888,9680,9680,live
1099925085100,782888,9681,9681,live
1099925085101,782888,9682,9682,live
1099925085102,782888,9683,9683,live
1099925085103,782888,9684,9684,live
1099925085104,782888,9685,9685,live
1099925085105,782888,9686,9686,live
1099925085106,782888,9687,9687,live
1099925085107,782888,9688,9688,live
1099925085108,782888,9689,9689,live
1099925085109,782888,9690,9690,live
1099925085110,782888,9691,9691,live
1099925085111,782888,9692,9692,live
1099925085112,782888,9693,9693,live
1099925085113,782888,9694,9694,live
1099925085114,782888,9695,9695,live
1099925085115,782888,9696,9696,live
1099925085116,782888,9697,9697,live
1099925085117,782888,9698,9698,live
1099925085118,782888,9699,9699,live
1099925085119,782888,9700,9700,live
1099925085120,782888,9701,9701,live
1099925085121,782888,9702,9702,live
1099925085122,782888,9703,9703,live
1099925085123,782888,9704,9704,live
1099925085124,782888,9705,9705,live
1099925085125,782888,9706,9706,live
1099925085126,782888,9707,9707,live
1099925085127,782888,9708,9708,live
1099925085128,782888,9709,9709,live
1099925085129,782888,9710,9710,live
1099925085130,782888,9711,9711,live
1099925085131,782888,9712,9712,live
1099925085132,782888,9713,9713,live
1099925085133,782888,9714,9714,live
1099925085134,782888,9715,9715,live
1099925085135,782888,9716,9716,live
1099925085136,782888,9717,9717,live
1099925085137,782888,9718,9718,live
1099925085138,782888,9719,9719,live
1099925085139,782888,9720,9720,live
1099925085140,782888,9721,9721,live
1099925085141,782888,9722,9722,live
1099925085142,782888,9723,9723,live
1099925085143,782888,9724,9724,live
1099925085144,782888,9725,9725,live
1099925085145,782888,9726,9726,live
1099925085146,782888,9727,9727,live
1099925085147,782888,9728,9728,live
1099925085148,782888,9729,9729,live
1099925085149,782888,9730,9730,live
1099925085150,782888,9731,9731,live
1099925085151,782888,9732,9732,live
1099925085152,782888,9733,9733,live
1099925085153,782888,9734,9734,live
1099925085154,782888,9735,9735,live
1099925085155,782888,9736,9736,live
1099925085156,782888,9737,9737,live
1099925085157,782888,9738,9738,live
1099925085158,782888,9739,9739,live
1099925085159,782888,9740,9740,live
1099925085160,782888,9741,9741,live
1099925085161,782888,9742,9742,live
1099925085162,782888,9743,9743,live
1099925085163,782888,9744,9744,live
1099925085164,782888,9745,9745,live
1099925085165,782888,9746,9746,live
1099925085166,782888,9747,9747,live
1099925085167,782888,9748,9748,live
1099925085168,782888,9749,9749,live
1099925085169,782888,9750,9750,live
1099925085170,782888,9751,9751,live
1099925085171,782888,9752,9752,live
1099925085172,782888,9753,9753,live
1099925085173,782888,9754,9754,live
1099925085174,782888,9755,9755,live
1099925085175,782888,9756,9756,live
1099925085176,782888,9757,9757,live
1099925085177,782888,9758,9758,live
1099925085178,782888,9759,9759,live
1099925085179,782888,9760,9760,live
1099925085180,782888,9761,9761,live
1099925085181,782888,9762,9762,live
1099925085182,782888,9763,9763,live
1099925085183,782888,9764,9764,live
1099925085184,782888,9765,9765,live
1099925085185,782888,9766,9766,live
1099925085186,782888,9767,9767,live
1099925085187,782888,9768,9768,live
1099925085188,782888,9769,9769,live
1099925085189,782888,9770,9770,live
1099925085190,782888,9771,9771,live
1099925085191,782888,9772,9772,live
1099925085192,782888,9773,9773,live
1099925085193,782888,9774,9774,live
1099925085194,782888,9775,9775,live
1099925085195,782888,9776,9776,live
1099925085196,782888,9777,9777,live
1099925085197,782888,9778,9778,live
1099925085198,782888,9779,9779,live
1099925085199,782888,9780,9780,live
1099925085200,782888,9781,9781,live
1099925085201,782888,9782,9782,live
1099925085202,782888,9783,9783,live
1099925085203,782888,9784,9784,live
1099925085204,782888,9785,9785,live
1099925085205,782888,9786,9786,live
1099925085206,782888,9787,9787,live
1099925085207,782888,9788,9788,live
1099925085208,782888,9789,9789,live
1099925085209,782888,9790,9790,live
1099925085210,782888,9791,9791,live
1099925085211,782888,9792,9792,live
1099925085212,782888,9793,9793,live
1099925085213,782888,9794,9794,live
1099925085214,782888,9795,9795,live
1099925085215,782888,9796,9796,live
1099925085216,782888,9797,9797,live
1099925085217,782888,9798,9798,live
1099925085218,782888,9799,9799,live
1099925085219,782888,9800,9800,live
1099925085220,782888,9801,9801,live
1099925085221,782888,9802,9802,live
1099925085222,782888,9803,9803,live
1099925085223,782888,9804,9804,live
1099925085224,782888,9805,9805,live
1099925085225,782888,9806,9806,live
1099925085226,782888,9807,9807,live
1099925085227,782888,9808,9808,live
1099925085228,782888,9809,9809,live
1099925085229,782888,9810,9810,live
1099925085230,782888,9811,9811,live
1099925085231,782888,9812,9812,live
1099925085232,782888,9813,9813,live
1099925085233,782888,9814,9814,live
1099925085234,782888,9815,9815,live
1099925085235,782888,9816,9816,live
1099925085236,782888,9817,9817,live
1099925085237,782888,9818,9818,live
1099925085238,782888,9819,9819,live
1099925085239,782888,9820,9820,live
1099925085240,782888,9821,9821,live
1099925085241,782888,9822,9822,live
1099925085242,782888,9823,9823,live
1099925085243,782888,9824,9824,live
1099925085244,782888,9825,9825,live
1099925085245,782888,9826,9826,live
1099925085246,782888,9827,9827,live
1099925085247,782888,9828,9828,live
1099925085248,782888,9829,9829,live
1099925085249,782888,9830,9830,live
1099925085250,782888,9831,9831,live
1099925085251,782888,9832,9832,live
1099925085252,782888,9833,9833,live
1099925085253,782888,9834,9834,live
1099925085254,782888,9835,9835,live
1099925085255,782888,9836,9836,live
1099925085256,782888,9837,9837,live
1099925085257,782888,9838,9838,live
1099925085258,782888,9839,9839,live
1099925085259,782888,9840,9840,live
1099925085260,782888,9841,9841,live
1099925085261,782888,9842,9842,live
1099925085262,782888,9843,9843,live
1099925085263,782888,9844,9844,live
1099925085264,782888,9845,9845,live
1099925085265,782888,9846,9846,live
1099925085266,782888,9847,9847,live
1099925085267,782888,9848,9848,live
1099925085268,782888,9849,9849,live
1099925085269,782888,9850,9850,live
1099925085270,782888,9851,9851,live
1099925085271,782888,9852,9852,live
1099925085272,782888,9853,9853,live
1099925085273,782888,9854,9854,live
1099925085274,782888,9855,9855,live
1099925085275,782888,9856,9856,live
1099925085276,782888,9857,9857,live
1099925085277,782888,9858,9858,live
1099925085278,782888,9859,9859,live
1099925085279,782888,9860,9860,live
1099925085280,782888,9861,9861,live
1099925085281,782888,9862,9862,live
1099925085282,782888,9863,9863,live
1099925085283,782888,9864,9864,live
1099925085284,782888,9865,9865,live
1099925085285,782888,9866,9866,live
1099925085286,782888,9867,9867,live
1099925085287,782888,9868,9868,live
1099925085288,782888,9869,9869,live
1099925085289,782888,9870,9870,live
1099925085290,782888,9871,9871,live
1099925085291,782888,9872,9872,live
1099925085292,782888,9873,9873,live
1099925085293,782888,9874,9874,live
1099925085294,782888,9875,9875,live
1099925085295,782888,9876,9876,live
1099925085296,782888,9877,9877,live
1099925085297,782888,9878,9878,live
1099925085298,782888,9879,9879,live
1099925085299,782888,9880,9880,live
1099925085300,782888,9881,9881,live
1099925085301,782888,9882,9882,live
1099925085302,782888,9883,9883,live
1099925085303,782888,9884,9884,live
1099925085304,782888,9885,9885,live
1099925085305,782888,9886,9886,live
1099925085306,782888,9887,9887,live
1099925085307,782888,9888,9888,live
1099925085308,782888,9889,9889,live
1099925085309,782888,9890,9890,live
1099925085310,782888,9891,9891,live
1099925085311,782888,9892,9892,live
1099925085312,782888,9893,9893,live
1099925085313,782888,9894,9894,live
1099925085314,782888,9895,9895,live
1099925085315,782888,9896,9896,live
1099925085316,782888,9897,9897,live
1099925085317,782888,9898,9898,live
1099925085318,782888,9899,9899,live
1099925085319,782888,9900,9900,live
1099925085320,782888,9901,9901,live
1099925085321,782888,9902,9902,live
1099925085322,782888,9903,9903,live
1099925085323,782888,9904,9904,live
1099925085324,782888,9905,9905,live
1099925085325,782888,9906,9906,live
1099925085326,782888,9907,9907,live
1099925085327,782888,9908,9908,live
1099925085328,782888,9909,9909,live
1099925085329,782888,9910,9910,live
1099925085330,782888,9911,9911,live
1099925085331,782888,9912,9912,live
1099925085332,782888,9913,9913,live
1099925085333,782888,9914,9914,live
1099925085334,782888,9915,9915,live
1099925085335,782888,9916,9916,live
1099925085336,782888,9917,9917,live
1099925085337,782888,9918,9918,live
1099925085338,782888,9919,9919,live
1099925085339,782888,9920,9920,live
1099925085340,782888,9921,9921,live
1099925085341,782888,9922,9922,live
1099925085342,782888,9923,9923,live
1099925085343,782888,9924,9924,live
1099925085344,782888,9925,9925,live
1099925085345,782888,9926,9926,live
1099925085346,782888,9927,9927,live
1099925085347,782888,9928,9928,live
1099925085348,782888,9929,9929,live
1099925085349,782888,9930,9930,live
1099925085350,782888,9931,9931,live
1099925085351,782888,9932,9932,live
1099925085352,782888,9933,9933,live
1099925085353,782888,9934,9934,live
1099925085354,782888,9935,9935,live
1099925085355,782888,9936,9936,live
1099925085356,782888,9937,9937,live
1099925085357,782888,9938,9938,live
1099925085358,782888,9939,9939,live
1099925085359,782888,9940,9940,live
1099925085360,782888,9941,9941,live
1099925085361,782888,9942,9942,live
1099925085362,782888,9943,9943,live
1099925085363,782888,9944,9944,live
1099925085364,782888,9945,9945,live
1099925085365,782888,9946,9946,live
1099925085366,782888,9947,9947,live
1099925085367,782888,9948,9948,live
1099925085368,782888,9949,9949,live
1099925085369,782888,9950,9950,live
1099925085370,782888,9951,9951,live
1099925085371,782888,9952,9952,live
1099925085372,782888,9953,9953,live
1099925085373,782888,9954,9954,live
1099925085374,782888,9955,9955,live
1099925085375,782888,9956,9956,live
1099925085376,782888,9957,9957,live
1099925085377,782888,9958,9958,live
1099925085378,782888,9959,9959,live
1099925085379,782888,9960,9960,live
1099925085380,782888,9961,9961,live
1099925085381,782888,9962,9962,live
1099925085382,782888,9963,9963,live
1099925085383,782888,9964,9964,live
1099925085384,782888,9965,9965,live
1099925085385,782888,9966,9966,live
1099925085386,782888,9967,9967,live
1099925085387,782888,9968,9968,live
1099925085388,782888,9969,9969,live
1099925085389,782888,9970,9970,live
1099925085390,782888,9971,9971,live
1099925085391,782888,9972,9972,live
1099925085392,782888,9973,9973,live
1099925085393,782888,9974,9974,live
1099925085394,782888,9975,9975,live
1099925085395,782888,9976,9976,live
1099925085396,782888,9977,9977,live
1099925085397,782888,9978,9978,live
1099925085398,782888,9979,9979,live
1099925085399,782888,9980,9980,live
1099925085400,782888,9981,9981,live
1099925085401,782888,9982,9982,live
1099925085402,782888,9983,9983,live
1099925085403,782888,9984,9984,live
1099925085404,782888,9985,9985,live
1099925085405,782888,9986,9986,live
1099925085406,782888,9987,9987,live
1099925085407,782888,9988,9988,live
1099925085408,782888,9989,9989,live
1099925085409,782888,9990,9990,live
1099925085410,782888,9991,9991,live
1099925085411,782888,9992,9992,live
1099925085412,782888,9993,9993,live
1099925085413,782888,9994,9994,live
1099925085414,782888,9995,9995,live
1099925085415,782888,9996,9996,live
1099925085416,782888,9997,9997,live
1099925085417,782888,9998,9998,live
1099925085418,782888,9999,9999,live
1099925085419,782888,10000,10000,live
1099925085420,782888,10001,10001,live
1099925085421,782888,10002,10002,live
1099925085422,782888,10003,10003,live
1099925085423,782888,10004,10004,live
1099925085424,782888,10005,10005,live
1099925085425,782888,10006,10006,live
1099925085426,782888,10007,10007,live
1099925085427,782888,10008,10008,live
1099925085428,782888,10009,10009,live
1099925085429,782888,10010,10010,live
1099925085430,782888,10011,10011,live
1099925085431,782888,10012,10012,live
1099925085432,782888,10013,10013,live
1099925085433,782888,10014,10014,live
1099925085434,782888,10015,10015,live
1099925085435,782888,10016,10016,live
1099925085436,782888,10017,10017,live
1099925085437,782888,10018,10018,live
1099925085438,782888,10019,10019,live
1099925085439,782888,10020,10020,live
1099925085440,782888,10021,10021,live
1099925085441,782888,10022,10022,live
1099925085442,782888,10023,10023,live
1099925085443,782888,10024,10024,live
1099925085444,782888,10025,10025,live
1099925085445,782888,10026,10026,live
1099925085446,782888,10027,10027,live
1099925085447,782888,10028,10028,live
1099925085448,782888,10029,10029,live
1099925085449,782888,10030,10030,live
1099925085450,782888,10031,10031,live
1099925085451,782888,10032,10032,live
1099925085452,782888,10033,10033,live
1099925085453,782888,10034,10034,live
1099925085454,782888,10035,10035,live
1099925085455,782888,10036,10036,live
1099925085456,782888,10037,10037,live
1099925085457,782888,10038,10038,live
1099925085458,782888,10039,10039,live
1099925085459,782888,10040,10040,live
1099925085460,782888,10041,10041,live
1099925085461,782888,10042,10042,live
1099925085462,782888,10043,10043,live
1099925085463,782888,10044,10044,live
1099925085464,782888,10045,10045,live
1099925085465,782888,10046,10046,live
1099925085466,782888,10047,10047,live
1099925085467,782888,10048,10048,live
1099925085468,782888,10049,10049,live
1099925085469,782888,10050,10050,live
1099925085470,782888,10051,10051,live
1099925085471,782888,10052,10052,live
1099925085472,782888,10053,10053,live
1099925085473,782888,10054,10054,live
1099925085474,782888,10055,10055,live
1099925085475,782888,10056,10056,live
1099925085476,782888,10057,10057,live
1099925085477,782888,10058,10058,live
1099925085478,782888,10059,10059,live
1099925085479,782888,10060,10060,live
1099925085480,782888,10061,10061,live
1099925085481,782888,10062,10062,live
1099925085482,782888,10063,10063,live
1099925085483,782888,10064,10064,live
1099925085484,782888,10065,10065,live
1099925085485,782888,10066,10066,live
1099925085486,782888,10067,10067,live
1099925085487,782888,10068,10068,live
1099925085488,782888,10069,10069,live
1099925085489,782888,10070,10070,live
1099925085490,782888,10071,10071,live
1099925085491,782888,10072,10072,live
1099925085492,782888,10073,10073,live
1099925085493,782888,10074,10074,live
1099925085494,782888,10075,10075,live
1099925085495,782888,10076,10076,live
1099925085496,782888,10077,10077,live
1099925085497,782888,10078,10078,live
1099925085498,782888,10079,10079,live
1099925085499,782888,10080,10080,live
1099925085500,782888,10081,10081,live
1099925085501,782888,10082,10082,live
1099925085502,782888,10083,10083,live
1099925085503,782888,10084,10084,live
1099925085504,782888,10085,10085,live
1099925085505,782888,10086,10086,live
1099925085506,782888,10087,10087,live
1099925085507,782888,10088,10088,live
1099925085508,782888,10089,10089,live
1099925085509,782888,10090,10090,live
1099925085510,782888,10091,10091,live
1099925085511,782888,10092,10092,live
1099925085512,782888,10093,10093,live
1099925085513,782888,10094,10094,live
1099925085514,782888,10095,10095,live
1099925085515,782888,10096,10096,live
1099925085516,782888,10097,10097,live
1099925085517,782888,10098,10098,live
1099925085518,782888,10099,10099,live
1099925085519,782888,10100,10100,live
1099925085520,782888,10101,10101,live
1099925085521,782888,10102,10102,live
1099925085522,782888,10103,10103,live
1099925085523,782888,10104,10104,live
1099925085524,782888,10105,10105,live
1099925085525,782888,10106,10106,live
1099925085526,782888,10107,10107,live
1099925085527,782888,10108,10108,live
1099925085528,782888,10109,10109,live
1099925085529,782888,10110,10110,live
1099925085530,782888,10111,10111,live
1099925085531,782888,10112,10112,live
1099925085532,782888,10113,10113,live
1099925085533,782888,10114,10114,live
1099925085534,782888,10115,10115,live
1099925085535,782888,10116,10116,live
1099925085536,782888,10117,10117,live
1099925085537,782888,10118,10118,live
1099925085538,782888,10119,10119,live
1099925085539,782888,10120,10120,live
1099925085540,782888,10121,10121,live
1099925085541,782888,10122,10122,live
1099925085542,782888,10123,10123,live
1099925085543,782888,10124,10124,live
1099925085544,782888,10125,10125,live
1099925085545,782888,10126,10126,live
1099925085546,782888,10127,10127,live
1099925085547,782888,10128,10128,live
1099925085548,782888,10129,10129,live
1099925085549,782888,10130,10130,live
1099925085550,782888,10131,10131,live
1099925085551,782888,10132,10132,live
1099925085552,782888,10133,10133,live
1099925085553,782888,10134,10134,live
1099925085554,782888,10135,10135,live
1099925085555,782888,10136,10136,live
1099925085556,782888,10137,10137,live
1099925085557,782888,10138,10138,live
1099925085558,782888,10139,10139,live
1099925085559,782888,10140,10140,live
1099925085560,782888,10141,10141,live
1099925085561,782888,10142,10142,live
1099925085562,782888,10143,10143,live
1099925085563,782888,10144,10144,live
1099925085564,782888,10145,10145,live
1099925085565,782888,10146,10146,live
1099925085566,782888,10147,10147,live
1099925085567,782888,10148,10148,live
1099925085568,782888,10149,10149,live
1099925085569,782888,10150,10150,live
1099925085570,782888,10151,10151,live
1099925085571,782888,10152,10152,live
1099925085572,782888,10153,10153,live
1099925085573,782888,10154,10154,live
1099925085574,782888,10155,10155,live
1099925085575,782888,10156,10156,live
1099925085576,782888,10157,10157,live
1099925085577,782888,10158,10158,live
1099925085578,782888,10159,10159,live
1099925085579,782888,10160,10160,live
1099925085580,782888,10161,10161,live
1099925085581,782888,10162,10162,live
1099925085582,782888,10163,10163,live
1099925085583,782888,10164,10164,live
1099925085584,782888,10165,10165,live
1099925085585,782888,10166,10166,live
1099925085586,782888,10167,10167,live
1099925085587,782888,10168,10168,live
1099925085588,782888,10169,10169,live
1099925085589,782888,10170,10170,live
1099925085590,782888,10171,10171,live
1099925085591,782888,10172,10172,live
1099925085592,782888,10173,10173,live
1099925085593,782888,10174,10174,live
1099925085594,782888,10175,10175,live
1099925085595,782888,10176,10176,live
1099925085596,782888,10177,10177,live
1099925085597,782888,10178,10178,live
1099925085598,782888,10179,10179,live
1099925085599,782888,10180,10180,live
1099925085600,782888,10181,10181,live
1099925085601,782888,10182,10182,live
1099925085602,782888,10183,10183,live
1099925085603,782888,10184,10184,live
1099925085604,782888,10185,10185,live
1099925085605,782888,10186,10186,live
1099925085606,782888,10187,10187,live
1099925085607,782888,10188,10188,live
1099925085608,782888,10189,10189,live
1099925085609,782888,10190,10190,live
1099925085610,782888,10191,10191,live
1099925085611,782888,10192,10192,live
1099925085612,782888,10193,10193,live
1099925085613,782888,10194,10194,live
1099925085614,782888,10195,10195,live
1099925085615,782888,10196,10196,live
1099925085616,782888,10197,10197,live
1099925085617,782888,10198,10198,live
1099925085618,782888,10199,10199,live
1099925085619,782888,10200,10200,live
1099925085620,782888,10201,10201,live
1099925085621,782888,10202,10202,live
1099925085622,782888,10203,10203,live
1099925085623,782888,10204,10204,live
1099925085624,782888,10205,10205,live
1099925085625,782888,10206,10206,live
1099925085626,782888,10207,10207,live
1099925085627,782888,10208,10208,live
1099925085628,782888,10209,10209,live
1099925085629,782888,10210,10210,live
1099925085630,782888,10211,10211,live
1099925085631,782888,10212,10212,live
1099925085632,782888,10213,10213,live
1099925085633,782888,10214,10214,live
1099925085634,782888,10215,10215,live
1099925085635,782888,10216,10216,live
1099925085636,782888,10217,10217,live
1099925085637,782888,10218,10218,live
1099925085638,782888,10219,10219,live
1099925085639,782888,10220,10220,live
1099925085640,782888,10221,10221,live
1099925085641,782888,10222,10222,live
1099925085642,782888,10223,10223,live
1099925085643,782888,10224,10224,live
1099925085644,782888,10225,10225,live
1099925085645,782888,10226,10226,live
1099925085646,782888,10227,10227,live
1099925085647,782888,10228,10228,live
1099925085648,782888,10229,10229,live
1099925085649,782888,10230,10230,live
1099925085650,782888,10231,10231,live
1099925085651,782888,10232,10232,live
1099925085652,782888,10233,10233,live
1099925085653,782888,10234,10234,live
1099925085654,782888,10235,10235,live
1099925085655,782888,10236,10236,live
1099925085656,782888,10237,10237,live
1099925085657,782888,10238,10238,live
1099925085658,782888,10239,10239,live
1099925085659,782888,10240,10240,live
1099925085660,782888,10241,10241,live
1099925085661,782888,10242,10242,live
1099925085662,782888,10243,10243,live
1099925085663,782888,10244,10244,live
1099925085664,782888,10245,10245,live
1099925085665,782888,10246,10246,live
1099925085666,782888,10247,10247,live
1099925085667,782888,10248,10248,live
1099925085668,782888,10249,10249,live
1099925085669,782888,10250,10250,live
1099925085670,782888,10251,10251,live
1099925085671,782888,10252,10252,live
1099925085672,782888,10253,10253,live
1099925085673,782888,10254,10254,live
1099925085674,782888,10255,10255,live
1099925085675,782888,10256,10256,live
1099925085676,782888,10257,10257,live
1099925085677,782888,10258,10258,live
1099925085678,782888,10259,10259,live
1099925085679,782888,10260,10260,live
1099925085680,782888,10261,10261,live
1099925085681,782888,10262,10262,live
1099925085682,782888,10263,10263,live
1099925085683,782888,10264,10264,live
1099925085684,782888,10265,10265,live
1099925085685,782888,10266,10266,live
1099925085686,782888,10267,10267,live
1099925085687,782888,10268,10268,live
1099925085688,782888,10269,10269,live
1099925085689,782888,10270,10270,live
1099925085690,782888,10271,10271,live
1099925085691,782888,10272,10272,live
1099925085692,782888,10273,10273,live
1099925085693,782888,10274,10274,live
1099925085694,782888,10275,10275,live
1099925085695,782888,10276,10276,live
1099925085696,782888,10277,10277,live
1099925085697,782888,10278,10278,live
1099925085698,782888,10279,10279,live
1099925085699,782888,10280,10280,live
1099925085700,782888,10281,10281,live
1099925085701,782888,10282,10282,live
1099925085702,782888,10283,10283,live
1099925085703,782888,10284,10284,live
1099925085704,782888,10285,10285,live
1099925085705,782888,10286,10286,live
1099925085706,782888,10287,10287,live
1099925085707,782888,10288,10288,live
1099925085708,782888,10289,10289,live
1099925085709,782888,10290,10290,live
1099925085710,782888,10291,10291,live
1099925085711,782888,10292,10292,live
1099925085712,782888,10293,10293,live
1099925085713,782888,10294,10294,live
1099925085714,782888,10295,10295,live
1099925085715,782888,10296,10296,live
1099925085716,782888,10297,10297,live
1099925085717,782888,10298,10298,live
1099925085718,782888,10299,10299,live
1099925085719,782888,10300,10300,live
1099925085720,782888,10301,10301,live
1099925085721,782888,10302,10302,live
1099925085722,782888,10303,10303,live
1099925085723,782888,10304,10304,live
1099925085724,782888,10305,10305,live
1099925085725,782888,10306,10306,live
1099925085726,782888,10307,10307,live
1099925085727,782888,10308,10308,live
1099925085728,782888,10309,10309,live
1099925085729,782888,10310,10310,live
1099925085730,782888,10311,10311,live
1099925085731,782888,10312,10312,live
1099925085732,782888,10313,10313,live
1099925085733,782888,10314,10314,live
1099925085734,782888,10315,10315,live
1099925085735,782888,10316,10316,live
1099925085736,782888,10317,10317,live
1099925085737,782888,10318,10318,live
1099925085738,782888,10319,10319,live
1099925085739,782888,10320,10320,live
1099925085740,782888,10321,10321,live
1099925085741,782888,10322,10322,live
1099925085742,782888,10323,10323,live
1099925085743,782888,10324,10324,live
1099925085744,782888,10325,10325,live
1099925085745,782888,10326,10326,live
1099925085746,782888,10327,10327,live
1099925085747,782888,10328,10328,live
1099925085748,782888,10329,10329,live
1099925085749,782888,10330,10330,live
1099925085750,782888,10331,10331,live
1099925085751,782888,10332,10332,live
1099925085752,782888,10333,10333,live
1099925085753,782888,10334,10334,live
1099925085754,782888,10335,10335,live
1099925085755,782888,10336,10336,live
1099925085756,782888,10337,10337,live
1099925085757,782888,10338,10338,live
1099925085758,782888,10339,10339,live
1099925085759,782888,10340,10340,live
1099925085760,782888,10341,10341,live
1099925085761,782888,10342,10342,live
1099925085762,782888,10343,10343,live
1099925085763,782888,10344,10344,live
1099925085764,782888,10345,10345,live
1099925085765,782888,10346,10346,live
1099925085766,782888,10347,10347,live
1099925085767,782888,10348,10348,live
1099925085768,782888,10349,10349,live
1099925085769,782888,10350,10350,live
1099925085770,782888,10351,10351,live
1099925085771,782888,10352,10352,live
1099925085772,782888,10353,10353,live
1099925085773,782888,10354,10354,live
1099925085774,782888,10355,10355,live
1099925085775,782888,10356,10356,live
1099925085776,782888,10357,10357,live
1099925085777,782888,10358,10358,live
1099925085778,782888,10359,10359,live
1099925085779,782888,10360,10360,live
1099925085780,782888,10361,10361,live
1099925085781,782888,10362,10362,live
1099925085782,782888,10363,10363,live
1099925085783,782888,10364,10364,live
1099925085784,782888,10365,10365,live
1099925085785,782888,10366,10366,live
1099925085786,782888,10367,10367,live
1099925085787,782888,10368,10368,live
1099925085788,782888,10369,10369,live
1099925085789,782888,10370,10370,live
1099925085790,782888,10371,10371,live
1099925085791,782888,10372,10372,live
1099925085792,782888,10373,10373,live
1099925085793,782888,10374,10374,live
1099925085794,782888,10375,10375,live
1099925085795,782888,10376,10376,live
1099925085796,782888,10377,10377,live
1099925085797,782888,10378,10378,live
1099925085798,782888,10379,10379,live
1099925085799,782888,10380,10380,live
1099925085800,782888,10381,10381,live
1099925085801,782888,10382,10382,live
1099925085802,782888,10383,10383,live
1099925085803,782888,10384,10384,live
1099925085804,782888,10385,10385,live
1099925085805,782888,10386,10386,live
1099925085806,782888,10387,10387,live
1099925085807,782888,10388,10388,live
1099925085808,782888,10389,10389,live
1099925085809,782888,10390,10390,live
1099925085810,782888,10391,10391,live
1099925085811,782888,10392,10392,live
1099925085812,782888,10393,10393,live
1099925085813,782888,10394,10394,live
1099925085814,782888,10395,10395,live
1099925085815,782888,10396,10396,live
1099925085816,782888,10397,10397,live
1099925085817,782888,10398,10398,live
1099925085818,782888,10399,10399,live
1099925085819,782888,10400,10400,live
1099925085833,782888,10401,10401,live
1099925085834,782888,10402,10402,live
1099925085835,782888,10403,10403,live
1099925085836,782888,10404,10404,live
1099925085837,782888,10405,10405,live
1099925085838,782888,10406,10406,live
1099925085839,782888,10407,10407,live
1099925085840,782888,10408,10408,live
1099925085841,782888,10409,10409,live
1099925085842,782888,10410,10410,live
1099925085843,782888,10411,10411,live
1099925085844,782888,10412,10412,live
1099925085845,782888,10413,10413,live
1099925085846,782888,10414,10414,live
1099925085847,782888,10415,10415,live
1099925085848,782888,10416,10416,live
1099925085849,782888,10417,10417,live
1099925085850,782888,10418,10418,live
1099925085851,782888,10419,10419,live
1099925085852,782888,10420,10420,live
1099925085853,782888,10421,10421,live
1099925085854,782888,10422,10422,live
1099925085855,782888,10423,10423,live
1099925085856,782888,10424,10424,live
1099925085857,782888,10425,10425,live
1099925085858,782888,10426,10426,live
1099925085859,782888,10427,10427,live
1099925085860,782888,10428,10428,live
1099925085861,782888,10429,10429,live
1099925085862,782888,10430,10430,live
1099925085863,782888,10431,10431,live
1099925085864,782888,10432,10432,live
1099925085865,782888,10433,10433,live
1099925085866,782888,10434,10434,live
1099925085867,782888,10435,10435,live
1099925085868,782888,10436,10436,live
1099925085869,782888,10437,10437,live
1099925085870,782888,10438,10438,live
1099925085871,782888,10439,10439,live
1099925085872,782888,10440,10440,live
1099925085873,782888,10441,10441,live
1099925085874,782888,10442,10442,live
1099925085875,782888,10443,10443,live
1099925085876,782888,10444,10444,live
1099925085877,782888,10445,10445,live
1099925085878,782888,10446,10446,live
1099925085879,782888,10447,10447,live
1099925085880,782888,10448,10448,live
1099925085881,782888,10449,10449,live
1099925085882,782888,10450,10450,live
1099925085883,782888,10451,10451,live
1099925085884,782888,10452,10452,live
1099925085885,782888,10453,10453,live
1099925085886,782888,10454,10454,live
1099925085887,782888,10455,10455,live
1099925085888,782888,10456,10456,live
1099925085889,782888,10457,10457,live
1099925085890,782888,10458,10458,live
1099925085891,782888,10459,10459,live
1099925085892,782888,10460,10460,live
1099925085893,782888,10461,10461,live
1099925085894,782888,10462,10462,live
1099925085895,782888,10463,10463,live
1099925085896,782888,10464,10464,live
1099925085897,782888,10465,10465,live
1099925085898,782888,10466,10466,live
1099925085899,782888,10467,10467,live
1099925085900,782888,10468,10468,live
1099925085901,782888,10469,10469,live
1099925085902,782888,10470,10470,live
1099925085903,782888,10471,10471,live
1099925085904,782888,10472,10472,live
1099925085905,782888,10473,10473,live
1099925085906,782888,10474,10474,live
1099925085907,782888,10475,10475,live
1099925085908,782888,10476,10476,live
1099925085909,782888,10477,10477,live
1099925085910,782888,10478,10478,live
1099925085911,782888,10479,10479,live
1099925085912,782888,10480,10480,live
1099925085913,782888,10481,10481,live
1099925085914,782888,10482,10482,live
1099925085915,782888,10483,10483,live
1099925085916,782888,10484,10484,live
1099925085917,782888,10485,10485,live
1099925085918,782888,10486,10486,live
1099925085919,782888,10487,10487,live
1099925085920,782888,10488,10488,live
1099925085921,782888,10489,10489,live
1099925085922,782888,10490,10490,live
1099925085923,782888,10491,10491,live
1099925085924,782888,10492,10492,live
1099925085925,782888,10493,10493,live
1099925085926,782888,10494,10494,live
1099925085927,782888,10495,10495,live
1099925085928,782888,10496,10496,live
1099925085929,782888,10497,10497,live
1099925085930,782888,10498,10498,live
1099925085931,782888,10499,10499,live
1099925085932,782888,10500,10500,live
1099925085933,782888,10501,10501,live
1099925085934,782888,10502,10502,live
1099925085935,782888,10503,10503,live
1099925085936,782888,10504,10504,live
1099925085937,782888,10505,10505,live
1099925085938,782888,10506,10506,live
1099925085939,782888,10507,10507,live
1099925085940,782888,10508,10508,live
1099925085941,782888,10509,10509,live
1099925085942,782888,10510,10510,live
1099925085943,782888,10511,10511,live
1099925085944,782888,10512,10512,live
1099925085945,782888,10513,10513,live
1099925085946,782888,10514,10514,live
1099925085947,782888,10515,10515,live
1099925085948,782888,10516,10516,live
1099925085949,782888,10517,10517,live
1099925085950,782888,10518,10518,live
1099925085951,782888,10519,10519,live
1099925085952,782888,10520,10520,live
1099925085953,782888,10521,10521,live
1099925085954,782888,10522,10522,live
1099925085955,782888,10523,10523,live
1099925085956,782888,10524,10524,live
1099925085957,782888,10525,10525,live
1099925085958,782888,10526,10526,live
1099925085959,782888,10527,10527,live
1099925085960,782888,10528,10528,live
1099925085961,782888,10529,10529,live
1099925085962,782888,10530,10530,live
1099925085963,782888,10531,10531,live
1099925085964,782888,10532,10532,live
1099925085965,782888,10533,10533,live
1099925085966,782888,10534,10534,live
1099925085967,782888,10535,10535,live
1099925085968,782888,10536,10536,live
1099925085969,782888,10537,10537,live
1099925085970,782888,10538,10538,live
1099925085971,782888,10539,10539,live
1099925085972,782888,10540,10540,live
1099925085973,782888,10541,10541,live
1099925085974,782888,10542,10542,live
1099925085975,782888,10543,10543,live
1099925085976,782888,10544,10544,live
1099925085977,782888,10545,10545,live
1099925085978,782888,10546,10546,live
1099925085979,782888,10547,10547,live
1099925085980,782888,10548,10548,live
1099925085981,782888,10549,10549,live
1099925085982,782888,10550,10550,live
1099925085983,782888,10551,10551,live
1099925085984,782888,10552,10552,live
1099925085985,782888,10553,10553,live
1099925085986,782888,10554,10554,live
1099925085987,782888,10555,10555,live
1099925085988,782888,10556,10556,live
1099925085989,782888,10557,10557,live
1099925085990,782888,10558,10558,live
1099925085991,782888,10559,10559,live
1099925085992,782888,10560,10560,live
1099925085993,782888,10561,10561,live
1099925085994,782888,10562,10562,live
1099925085995,782888,10563,10563,live
1099925085996,782888,10564,10564,live
1099925085997,782888,10565,10565,live
1099925085998,782888,10566,10566,live
1099925085999,782888,10567,10567,live
1099925086000,782888,10568,10568,live
1099925086001,782888,10569,10569,live
1099925086002,782888,10570,10570,live
1099925086003,782888,10571,10571,live
1099925086004,782888,10572,10572,live
1099925086005,782888,10573,10573,live
1099925086006,782888,10574,10574,live
1099925086007,782888,10575,10575,live
1099925086008,782888,10576,10576,live
1099925086009,782888,10577,10577,live
1099925086010,782888,10578,10578,live
1099925086011,782888,10579,10579,live
1099925086012,782888,10580,10580,live
1099925086013,782888,10581,10581,live
1099925086014,782888,10582,10582,live
1099925086015,782888,10583,10583,live
1099925086016,782888,10584,10584,live
1099925086017,782888,10585,10585,live
1099925086018,782888,10586,10586,live
1099925086019,782888,10587,10587,live
1099925086020,782888,10588,10588,live
1099925086021,782888,10589,10589,live
1099925086022,782888,10590,10590,live
1099925086023,782888,10591,10591,live
1099925086024,782888,10592,10592,live
1099925086025,782888,10593,10593,live
1099925086026,782888,10594,10594,live
1099925086027,782888,10595,10595,live
1099925086028,782888,10596,10596,live
1099925086029,782888,10597,10597,live
1099925086030,782888,10598,10598,live
1099925086031,782888,10599,10599,live
1099925086032,782888,10600,10600,live
1099925086073,782888,10601,10601,live
1099925086074,782888,10602,10602,live
1099925086075,782888,10603,10603,live
1099925086076,782888,10604,10604,live
1099925086077,782888,10605,10605,live
1099925086078,782888,10606,10606,live
1099925086079,782888,10607,10607,live
1099925086080,782888,10608,10608,live
1099925086081,782888,10609,10609,live
1099925086082,782888,10610,10610,live
1099925086083,782888,10611,10611,live
1099925086084,782888,10612,10612,live
1099925086085,782888,10613,10613,live
1099925086086,782888,10614,10614,live
1099925086087,782888,10615,10615,live
1099925086088,782888,10616,10616,live
1099925086089,782888,10617,10617,live
1099925086090,782888,10618,10618,live
1099925086091,782888,10619,10619,live
1099925086092,782888,10620,10620,live
1099925086093,782888,10621,10621,live
1099925086094,782888,10622,10622,live
1099925086095,782888,10623,10623,live
1099925086096,782888,10624,10624,live
1099925086097,782888,10625,10625,live
1099925086098,782888,10626,10626,live
1099925086099,782888,10627,10627,live
1099925086100,782888,10628,10628,live
1099925086101,782888,10629,10629,live
1099925086102,782888,10630,10630,live
1099925086103,782888,10631,10631,live
1099925086104,782888,10632,10632,live
1099925086105,782888,10633,10633,live
1099925086106,782888,10634,10634,live
1099925086107,782888,10635,10635,live
1099925086108,782888,10636,10636,live
1099925086109,782888,10637,10637,live
1099925086110,782888,10638,10638,live
1099925086111,782888,10639,10639,live
1099925086112,782888,10640,10640,live
1099925086113,782888,10641,10641,live
1099925086114,782888,10642,10642,live
1099925086115,782888,10643,10643,live
1099925086116,782888,10644,10644,live
1099925086117,782888,10645,10645,live
1099925086118,782888,10646,10646,live
1099925086119,782888,10647,10647,live
1099925086120,782888,10648,10648,live
1099925086121,782888,10649,10649,live
1099925086122,782888,10650,10650,live
1099925086123,782888,10651,10651,live
1099925086124,782888,10652,10652,live
1099925086125,782888,10653,10653,live
1099925086126,782888,10654,10654,live
1099925086127,782888,10655,10655,live
1099925086128,782888,10656,10656,live
1099925086129,782888,10657,10657,live
1099925086130,782888,10658,10658,live
1099925086131,782888,10659,10659,live
1099925086132,782888,10660,10660,live
1099925086133,782888,10661,10661,live
1099925086134,782888,10662,10662,live
1099925086135,782888,10663,10663,live
1099925086136,782888,10664,10664,live
1099925086137,782888,10665,10665,live
1099925086138,782888,10666,10666,live
1099925086139,782888,10667,10667,live
1099925086140,782888,10668,10668,live
1099925086141,782888,10669,10669,live
1099925086142,782888,10670,10670,live
1099925086143,782888,10671,10671,live
1099925086144,782888,10672,10672,live
1099925086145,782888,10673,10673,live
1099925086146,782888,10674,10674,live
1099925086147,782888,10675,10675,live
1099925086148,782888,10676,10676,live
1099925086149,782888,10677,10677,live
1099925086150,782888,10678,10678,live
1099925086151,782888,10679,10679,live
1099925086152,782888,10680,10680,live
1099925086153,782888,10681,10681,live
1099925086154,782888,10682,10682,live
1099925086155,782888,10683,10683,live
1099925086156,782888,10684,10684,live
1099925086157,782888,10685,10685,live
1099925086158,782888,10686,10686,live
1099925086159,782888,10687,10687,live
1099925086160,782888,10688,10688,live
1099925086161,782888,10689,10689,live
1099925086162,782888,10690,10690,live
1099925086163,782888,10691,10691,live
1099925086164,782888,10692,10692,live
1099925086165,782888,10693,10693,live
1099925086166,782888,10694,10694,live
1099925086167,782888,10695,10695,live
1099925086168,782888,10696,10696,live
1099925086169,782888,10697,10697,live
1099925086170,782888,10698,10698,live
1099925086171,782888,10699,10699,live
1099925086172,782888,10700,10700,live
1099925086173,782888,10701,10701,live
1099925086174,782888,10702,10702,live
1099925086175,782888,10703,10703,live
1099925086176,782888,10704,10704,live
1099925086177,782888,10705,10705,live
1099925086178,782888,10706,10706,live
1099925086179,782888,10707,10707,live
1099925086180,782888,10708,10708,live
1099925086181,782888,10709,10709,live
1099925086182,782888,10710,10710,live
1099925086183,782888,10711,10711,live
1099925086184,782888,10712,10712,live
1099925086185,782888,10713,10713,live
1099925086186,782888,10714,10714,live
1099925086187,782888,10715,10715,live
1099925086188,782888,10716,10716,live
1099925086189,782888,10717,10717,live
1099925086190,782888,10718,10718,live
1099925086191,782888,10719,10719,live
1099925086192,782888,10720,10720,live
1099925086193,782888,10721,10721,live
1099925086194,782888,10722,10722,live
1099925086195,782888,10723,10723,live
1099925086196,782888,10724,10724,live
1099925086197,782888,10725,10725,live
1099925086198,782888,10726,10726,live
1099925086199,782888,10727,10727,live
1099925086200,782888,10728,10728,live
1099925086201,782888,10729,10729,live
1099925086202,782888,10730,10730,live
1099925086203,782888,10731,10731,live
1099925086204,782888,10732,10732,live
1099925086205,782888,10733,10733,live
1099925086206,782888,10734,10734,live
1099925086207,782888,10735,10735,live
1099925086208,782888,10736,10736,live
1099925086209,782888,10737,10737,live
1099925086210,782888,10738,10738,live
1099925086211,782888,10739,10739,live
1099925086212,782888,10740,10740,live
1099925086213,782888,10741,10741,live
1099925086214,782888,10742,10742,live
1099925086215,782888,10743,10743,live
1099925086216,782888,10744,10744,live
1099925086217,782888,10745,10745,live
1099925086218,782888,10746,10746,live
1099925086219,782888,10747,10747,live
1099925086220,782888,10748,10748,live
1099925086221,782888,10749,10749,live
1099925086222,782888,10750,10750,live
1099925086223,782888,10751,10751,live
1099925086224,782888,10752,10752,live
1099925086225,782888,10753,10753,live
1099925086226,782888,10754,10754,live
1099925086227,782888,10755,10755,live
1099925086228,782888,10756,10756,live
1099925086229,782888,10757,10757,live
1099925086230,782888,10758,10758,live
1099925086231,782888,10759,10759,live
1099925086232,782888,10760,10760,live
1099925086233,782888,10761,10761,live
1099925086234,782888,10762,10762,live
1099925086235,782888,10763,10763,live
1099925086236,782888,10764,10764,live
1099925086237,782888,10765,10765,live
1099925086238,782888,10766,10766,live
1099925086239,782888,10767,10767,live
1099925086240,782888,10768,10768,live
1099925086241,782888,10769,10769,live
1099925086242,782888,10770,10770,live
1099925086243,782888,10771,10771,live
1099925086244,782888,10772,10772,live
1099925086245,782888,10773,10773,live
1099925086246,782888,10774,10774,live
1099925086247,782888,10775,10775,live
1099925086248,782888,10776,10776,live
1099925086249,782888,10777,10777,live
1099925086250,782888,10778,10778,live
1099925086251,782888,10779,10779,live
1099925086252,782888,10780,10780,live
1099925086253,782888,10781,10781,live
1099925086254,782888,10782,10782,live
1099925086255,782888,10783,10783,live
1099925086256,782888,10784,10784,live
1099925086257,782888,10785,10785,live
1099925086258,782888,10786,10786,live
1099925086259,782888,10787,10787,live
1099925086260,782888,10788,10788,live
1099925086261,782888,10789,10789,live
1099925086262,782888,10790,10790,live
1099925086263,782888,10791,10791,live
1099925086264,782888,10792,10792,live
1099925086265,782888,10793,10793,live
1099925086266,782888,10794,10794,live
1099925086267,782888,10795,10795,live
1099925086268,782888,10796,10796,live
1099925086269,782888,10797,10797,live
1099925086270,782888,10798,10798,live
1099925086271,782888,10799,10799,live
1099925086272,782888,10800,10800,live
1099925086273,782888,10801,10801,live
1099925086274,782888,10802,10802,live
1099925086275,782888,10803,10803,live
1099925086276,782888,10804,10804,live
1099925086277,782888,10805,10805,live
1099925086278,782888,10806,10806,live
1099925086279,782888,10807,10807,live
1099925086280,782888,10808,10808,live
1099925086281,782888,10809,10809,live
1099925086282,782888,10810,10810,live
1099925086283,782888,10811,10811,live
1099925086284,782888,10812,10812,live
1099925086285,782888,10813,10813,live
1099925086286,782888,10814,10814,live
1099925086287,782888,10815,10815,live
1099925086288,782888,10816,10816,live
1099925086289,782888,10817,10817,live
1099925086290,782888,10818,10818,live
1099925086291,782888,10819,10819,live
1099925086292,782888,10820,10820,live
1099925086293,782888,10821,10821,live
1099925086294,782888,10822,10822,live
1099925086295,782888,10823,10823,live
1099925086296,782888,10824,10824,live
1099925086297,782888,10825,10825,live
1099925086298,782888,10826,10826,live
1099925086299,782888,10827,10827,live
1099925086300,782888,10828,10828,live
1099925086301,782888,10829,10829,live
1099925086302,782888,10830,10830,live
1099925086303,782888,10831,10831,live
1099925086304,782888,10832,10832,live
1099925086305,782888,10833,10833,live
1099925086306,782888,10834,10834,live
1099925086307,782888,10835,10835,live
1099925086308,782888,10836,10836,live
1099925086309,782888,10837,10837,live
1099925086310,782888,10838,10838,live
1099925086311,782888,10839,10839,live
1099925086312,782888,10840,10840,live
1099925086313,782888,10841,10841,live
1099925086314,782888,10842,10842,live
1099925086315,782888,10843,10843,live
1099925086316,782888,10844,10844,live
1099925086317,782888,10845,10845,live
1099925086318,782888,10846,10846,live
1099925086319,782888,10847,10847,live
1099925086320,782888,10848,10848,live
1099925086321,782888,10849,10849,live
1099925086322,782888,10850,10850,live
1099925086323,782888,10851,10851,live
1099925086324,782888,10852,10852,live
1099925086325,782888,10853,10853,live
1099925086326,782888,10854,10854,live
1099925086327,782888,10855,10855,live
1099925086328,782888,10856,10856,live
1099925086329,782888,10857,10857,live
1099925086330,782888,10858,10858,live
1099925086331,782888,10859,10859,live
1099925086332,782888,10860,10860,live
1099925086333,782888,10861,10861,live
1099925086334,782888,10862,10862,live
1099925086335,782888,10863,10863,live
1099925086336,782888,10864,10864,live
1099925086337,782888,10865,10865,live
1099925086338,782888,10866,10866,live
1099925086339,782888,10867,10867,live
1099925086340,782888,10868,10868,live
1099925086341,782888,10869,10869,live
1099925086342,782888,10870,10870,live
1099925086343,782888,10871,10871,live
1099925086344,782888,10872,10872,live
1099925086345,782888,10873,10873,live
1099925086346,782888,10874,10874,live
1099925086347,782888,10875,10875,live
1099925086348,782888,10876,10876,live
1099925086349,782888,10877,10877,live
1099925086350,782888,10878,10878,live
1099925086351,782888,10879,10879,live
1099925086352,782888,10880,10880,live
1099925086353,782888,10881,10881,live
1099925086354,782888,10882,10882,live
1099925086355,782888,10883,10883,live
1099925086356,782888,10884,10884,live
1099925086357,782888,10885,10885,live
1099925086358,782888,10886,10886,live
1099925086359,782888,10887,10887,live
1099925086360,782888,10888,10888,live
1099925086361,782888,10889,10889,live
1099925086362,782888,10890,10890,live
1099925086363,782888,10891,10891,live
1099925086364,782888,10892,10892,live
1099925086365,782888,10893,10893,live
1099925086366,782888,10894,10894,live
1099925086367,782888,10895,10895,live
1099925086368,782888,10896,10896,live
1099925086369,782888,10897,10897,live
1099925086370,782888,10898,10898,live
1099925086371,782888,10899,10899,live
1099925086372,782888,10900,10900,live
1099925086373,782888,10901,10901,live
1099925086374,782888,10902,10902,live
1099925086375,782888,10903,10903,live
1099925086376,782888,10904,10904,live
1099925086377,782888,10905,10905,live
1099925086378,782888,10906,10906,live
1099925086379,782888,10907,10907,live
1099925086380,782888,10908,10908,live
1099925086381,782888,10909,10909,live
1099925086382,782888,10910,10910,live
1099925086383,782888,10911,10911,live
1099925086384,782888,10912,10912,live
1099925086385,782888,10913,10913,live
1099925086386,782888,10914,10914,live
1099925086387,782888,10915,10915,live
1099925086388,782888,10916,10916,live
1099925086389,782888,10917,10917,live
1099925086390,782888,10918,10918,live
1099925086391,782888,10919,10919,live
1099925086392,782888,10920,10920,live
1099925086393,782888,10921,10921,live
1099925086394,782888,10922,10922,live
1099925086395,782888,10923,10923,live
1099925086396,782888,10924,10924,live
1099925086397,782888,10925,10925,live
1099925086398,782888,10926,10926,live
1099925086399,782888,10927,10927,live
1099925086400,782888,10928,10928,live
1099925086401,782888,10929,10929,live
1099925086402,782888,10930,10930,live
1099925086403,782888,10931,10931,live
1099925086404,782888,10932,10932,live
1099925086405,782888,10933,10933,live
1099925086406,782888,10934,10934,live
1099925086407,782888,10935,10935,live
1099925086408,782888,10936,10936,live
1099925086409,782888,10937,10937,live
1099925086410,782888,10938,10938,live
1099925086411,782888,10939,10939,live
1099925086412,782888,10940,10940,live
1099925086413,782888,10941,10941,live
1099925086414,782888,10942,10942,live
1099925086415,782888,10943,10943,live
1099925086416,782888,10944,10944,live
1099925086417,782888,10945,10945,live
1099925086418,782888,10946,10946,live
1099925086419,782888,10947,10947,live
1099925086420,782888,10948,10948,live
1099925086421,782888,10949,10949,live
1099925086422,782888,10950,10950,live
1099925086423,782888,10951,10951,live
1099925086424,782888,10952,10952,live
1099925086425,782888,10953,10953,live
1099925086426,782888,10954,10954,live
1099925086427,782888,10955,10955,live
1099925086428,782888,10956,10956,live
1099925086429,782888,10957,10957,live
1099925086430,782888,10958,10958,live
1099925086431,782888,10959,10959,live
1099925086432,782888,10960,10960,live
1099925086433,782888,10961,10961,live
1099925086434,782888,10962,10962,live
1099925086435,782888,10963,10963,live
1099925086436,782888,10964,10964,live
1099925086437,782888,10965,10965,live
1099925086438,782888,10966,10966,live
1099925086439,782888,10967,10967,live
1099925086440,782888,10968,10968,live
1099925086441,782888,10969,10969,live
1099925086442,782888,10970,10970,live
1099925086443,782888,10971,10971,live
1099925086444,782888,10972,10972,live
1099925086445,782888,10973,10973,live
1099925086446,782888,10974,10974,live
1099925086447,782888,10975,10975,live
1099925086448,782888,10976,10976,live
1099925086449,782888,10977,10977,live
1099925086450,782888,10978,10978,live
1099925086451,782888,10979,10979,live
1099925086452,782888,10980,10980,live
1099925086453,782888,10981,10981,live
1099925086454,782888,10982,10982,live
1099925086455,782888,10983,10983,live
1099925086456,782888,10984,10984,live
1099925086457,782888,10985,10985,live
1099925086458,782888,10986,10986,live
1099925086459,782888,10987,10987,live
1099925086460,782888,10988,10988,live
1099925086461,782888,10989,10989,live
1099925086462,782888,10990,10990,live
1099925086463,782888,10991,10991,live
1099925086464,782888,10992,10992,live
1099925086465,782888,10993,10993,live
1099925086466,782888,10994,10994,live
1099925086467,782888,10995,10995,live
1099925086468,782888,10996,10996,live
1099925086469,782888,10997,10997,live
1099925086470,782888,10998,10998,live
1099925086471,782888,10999,10999,live
1099925086472,782888,11000,11000,live
1099925086473,782888,11001,11001,live
1099925086474,782888,11002,11002,live
1099925086475,782888,11003,11003,live
1099925086476,782888,11004,11004,live
1099925086477,782888,11005,11005,live
1099925086478,782888,11006,11006,live
1099925086479,782888,11007,11007,live
1099925086480,782888,11008,11008,live
1099925086481,782888,11009,11009,live
1099925086482,782888,11010,11010,live
1099925086483,782888,11011,11011,live
1099925086484,782888,11012,11012,live
1099925086485,782888,11013,11013,live
1099925086486,782888,11014,11014,live
1099925086487,782888,11015,11015,live
1099925086488,782888,11016,11016,live
1099925086489,782888,11017,11017,live
1099925086490,782888,11018,11018,live
1099925086491,782888,11019,11019,live
1099925086492,782888,11020,11020,live
1099925086493,782888,11021,11021,live
1099925086494,782888,11022,11022,live
1099925086495,782888,11023,11023,live
1099925086496,782888,11024,11024,live
1099925086497,782888,11025,11025,live
1099925086498,782888,11026,11026,live
1099925086499,782888,11027,11027,live
1099925086500,782888,11028,11028,live
1099925086501,782888,11029,11029,live
1099925086502,782888,11030,11030,live
1099925086503,782888,11031,11031,live
1099925086504,782888,11032,11032,live
1099925086505,782888,11033,11033,live
1099925086506,782888,11034,11034,live
1099925086507,782888,11035,11035,live
1099925086508,782888,11036,11036,live
1099925086509,782888,11037,11037,live
1099925086510,782888,11038,11038,live
1099925086511,782888,11039,11039,live
1099925086512,782888,11040,11040,live
1099925086513,782888,11041,11041,live
1099925086514,782888,11042,11042,live
1099925086515,782888,11043,11043,live
1099925086516,782888,11044,11044,live
1099925086517,782888,11045,11045,live
1099925086518,782888,11046,11046,live
1099925086519,782888,11047,11047,live
1099925086520,782888,11048,11048,live
1099925086521,782888,11049,11049,live
1099925086522,782888,11050,11050,live
1099925086523,782888,11051,11051,live
1099925086524,782888,11052,11052,live
1099925086525,782888,11053,11053,live
1099925086526,782888,11054,11054,live
1099925086527,782888,11055,11055,live
1099925086528,782888,11056,11056,live
1099925086529,782888,11057,11057,live
1099925086530,782888,11058,11058,live
1099925086531,782888,11059,11059,live
1099925086532,782888,11060,11060,live
1099925086533,782888,11061,11061,live
1099925086534,782888,11062,11062,live
1099925086535,782888,11063,11063,live
1099925086536,782888,11064,11064,live
1099925086537,782888,11065,11065,live
1099925086538,782888,11066,11066,live
1099925086539,782888,11067,11067,live
1099925086540,782888,11068,11068,live
1099925086541,782888,11069,11069,live
1099925086542,782888,11070,11070,live
1099925086543,782888,11071,11071,live
1099925086544,782888,11072,11072,live
1099925086545,782888,11073,11073,live
1099925086546,782888,11074,11074,live
1099925086547,782888,11075,11075,live
1099925086548,782888,11076,11076,live
1099925086549,782888,11077,11077,live
1099925086550,782888,11078,11078,live
1099925086551,782888,11079,11079,live
1099925086552,782888,11080,11080,live
1099925086553,782888,11081,11081,live
1099925086554,782888,11082,11082,live
1099925086555,782888,11083,11083,live
1099925086556,782888,11084,11084,live
1099925086557,782888,11085,11085,live
1099925086558,782888,11086,11086,live
1099925086559,782888,11087,11087,live
1099925086560,782888,11088,11088,live
1099925086561,782888,11089,11089,live
1099925086562,782888,11090,11090,live
1099925086563,782888,11091,11091,live
1099925086564,782888,11092,11092,live
1099925086565,782888,11093,11093,live
1099925086566,782888,11094,11094,live
1099925086567,782888,11095,11095,live
1099925086568,782888,11096,11096,live
1099925086569,782888,11097,11097,live
1099925086570,782888,11098,11098,live
1099925086571,782888,11099,11099,live
1099925086572,782888,11100,11100,live
1099925086573,782888,11101,11101,live
1099925086574,782888,11102,11102,live
1099925086575,782888,11103,11103,live
1099925086576,782888,11104,11104,live
1099925086577,782888,11105,11105,live
1099925086578,782888,11106,11106,live
1099925086579,782888,11107,11107,live
1099925086580,782888,11108,11108,live
1099925086581,782888,11109,11109,live
1099925086582,782888,11110,11110,live
1099925086583,782888,11111,11111,live
1099925086584,782888,11112,11112,live
1099925086585,782888,11113,11113,live
1099925086586,782888,11114,11114,live
1099925086587,782888,11115,11115,live
1099925086588,782888,11116,11116,live
1099925086589,782888,11117,11117,live
1099925086590,782888,11118,11118,live
1099925086591,782888,11119,11119,live
1099925086592,782888,11120,11120,live
1099925086593,782888,11121,11121,live
1099925086594,782888,11122,11122,live
1099925086595,782888,11123,11123,live
1099925086596,782888,11124,11124,live
1099925086597,782888,11125,11125,live
1099925086598,782888,11126,11126,live
1099925086599,782888,11127,11127,live
1099925086600,782888,11128,11128,live
1099925086601,782888,11129,11129,live
1099925086602,782888,11130,11130,live
1099925086603,782888,11131,11131,live
1099925086604,782888,11132,11132,live
1099925086605,782888,11133,11133,live
1099925086606,782888,11134,11134,live
1099925086607,782888,11135,11135,live
1099925086608,782888,11136,11136,live
1099925086609,782888,11137,11137,live
1099925086610,782888,11138,11138,live
1099925086611,782888,11139,11139,live
1099925086612,782888,11140,11140,live
1099925086613,782888,11141,11141,live
1099925086614,782888,11142,11142,live
1099925086615,782888,11143,11143,live
1099925086616,782888,11144,11144,live
1099925086617,782888,11145,11145,live
1099925086618,782888,11146,11146,live
1099925086619,782888,11147,11147,live
1099925086620,782888,11148,11148,live
1099925086621,782888,11149,11149,live
1099925086622,782888,11150,11150,live
1099925086623,782888,11151,11151,live
1099925086624,782888,11152,11152,live
1099925086625,782888,11153,11153,live
1099925086626,782888,11154,11154,live
1099925086627,782888,11155,11155,live
1099925086628,782888,11156,11156,live
1099925086629,782888,11157,11157,live
1099925086630,782888,11158,11158,live
1099925086631,782888,11159,11159,live
1099925086632,782888,11160,11160,live
1099925086633,782888,11161,11161,live
1099925086634,782888,11162,11162,live
1099925086635,782888,11163,11163,live
1099925086636,782888,11164,11164,live
1099925086637,782888,11165,11165,live
1099925086638,782888,11166,11166,live
1099925086639,782888,11167,11167,live
1099925086640,782888,11168,11168,live
1099925086641,782888,11169,11169,live
1099925086642,782888,11170,11170,live
1099925086643,782888,11171,11171,live
1099925086644,782888,11172,11172,live
1099925086645,782888,11173,11173,live
1099925086646,782888,11174,11174,live
1099925086647,782888,11175,11175,live
1099925086648,782888,11176,11176,live
1099925086649,782888,11177,11177,live
1099925086650,782888,11178,11178,live
1099925086651,782888,11179,11179,live
1099925086652,782888,11180,11180,live
1099925086653,782888,11181,11181,live
1099925086654,782888,11182,11182,live
1099925086655,782888,11183,11183,live
1099925086656,782888,11184,11184,live
1099925086657,782888,11185,11185,live
1099925086658,782888,11186,11186,live
1099925086659,782888,11187,11187,live
1099925086660,782888,11188,11188,live
1099925086661,782888,11189,11189,live
1099925086662,782888,11190,11190,live
1099925086663,782888,11191,11191,live
1099925086664,782888,11192,11192,live
1099925086665,782888,11193,11193,live
1099925086666,782888,11194,11194,live
1099925086667,782888,11195,11195,live
1099925086668,782888,11196,11196,live
1099925086669,782888,11197,11197,live
1099925086670,782888,11198,11198,live
1099925086671,782888,11199,11199,live
1099925086672,782888,11200,11200,live
1099925086673,782888,11201,11201,live
1099925086674,782888,11202,11202,live
1099925086675,782888,11203,11203,live
1099925086676,782888,11204,11204,live
1099925086677,782888,11205,11205,live
1099925086678,782888,11206,11206,live
1099925086679,782888,11207,11207,live
1099925086680,782888,11208,11208,live
1099925086681,782888,11209,11209,live
1099925086682,782888,11210,11210,live
1099925086683,782888,11211,11211,live
1099925086684,782888,11212,11212,live
1099925086685,782888,11213,11213,live
1099925086686,782888,11214,11214,live
1099925086687,782888,11215,11215,live
1099925086688,782888,11216,11216,live
1099925086689,782888,11217,11217,live
1099925086690,782888,11218,11218,live
1099925086691,782888,11219,11219,live
1099925086692,782888,11220,11220,live
1099925086693,782888,11221,11221,live
1099925086694,782888,11222,11222,live
1099925086695,782888,11223,11223,live
1099925086696,782888,11224,11224,live
1099925086697,782888,11225,11225,live
1099925086698,782888,11226,11226,live
1099925086699,782888,11227,11227,live
1099925086700,782888,11228,11228,live
1099925086701,782888,11229,11229,live
1099925086702,782888,11230,11230,live
1099925086703,782888,11231,11231,live
1099925086704,782888,11232,11232,live
1099925086705,782888,11233,11233,live
1099925086706,782888,11234,11234,live
1099925086707,782888,11235,11235,live
1099925086708,782888,11236,11236,live
1099925086709,782888,11237,11237,live
1099925086710,782888,11238,11238,live
1099925086711,782888,11239,11239,live
1099925086712,782888,11240,11240,live
1099925086713,782888,11241,11241,live
1099925086714,782888,11242,11242,live
1099925086715,782888,11243,11243,live
1099925086716,782888,11244,11244,live
1099925086717,782888,11245,11245,live
1099925086718,782888,11246,11246,live
1099925086719,782888,11247,11247,live
1099925086720,782888,11248,11248,live
1099925086721,782888,11249,11249,live
1099925086722,782888,11250,11250,live
1099925086723,782888,11251,11251,live
1099925086724,782888,11252,11252,live
1099925086725,782888,11253,11253,live
1099925086726,782888,11254,11254,live
1099925086727,782888,11255,11255,live
1099925086728,782888,11256,11256,live
1099925086729,782888,11257,11257,live
1099925086730,782888,11258,11258,live
1099925086731,782888,11259,11259,live
1099925086732,782888,11260,11260,live
1099925086733,782888,11261,11261,live
1099925086734,782888,11262,11262,live
1099925086735,782888,11263,11263,live
1099925086736,782888,11264,11264,live
1099925086737,782888,11265,11265,live
1099925086738,782888,11266,11266,live
1099925086739,782888,11267,11267,live
1099925086740,782888,11268,11268,live
1099925086741,782888,11269,11269,live
1099925086742,782888,11270,11270,live
1099925086743,782888,11271,11271,live
1099925086744,782888,11272,11272,live
1099925086745,782888,11273,11273,live
1099925086746,782888,11274,11274,live
1099925086747,782888,11275,11275,live
1099925086748,782888,11276,11276,live
1099925086749,782888,11277,11277,live
1099925086750,782888,11278,11278,live
1099925086751,782888,11279,11279,live
1099925086752,782888,11280,11280,live
1099925086753,782888,11281,11281,live
1099925086754,782888,11282,11282,live
1099925086755,782888,11283,11283,live
1099925086756,782888,11284,11284,live
1099925086757,782888,11285,11285,live
1099925086758,782888,11286,11286,live
1099925086759,782888,11287,11287,live
1099925086760,782888,11288,11288,live
1099925086761,782888,11289,11289,live
1099925086762,782888,11290,11290,live
1099925086763,782888,11291,11291,live
1099925086764,782888,11292,11292,live
1099925086765,782888,11293,11293,live
1099925086766,782888,11294,11294,live
1099925086767,782888,11295,11295,live
1099925086768,782888,11296,11296,live
1099925086769,782888,11297,11297,live
1099925086770,782888,11298,11298,live
1099925086771,782888,11299,11299,live
1099925086772,782888,11300,11300,live
1099925086773,782888,11301,11301,live
1099925086774,782888,11302,11302,live
1099925086775,782888,11303,11303,live
1099925086776,782888,11304,11304,live
1099925086777,782888,11305,11305,live
1099925086778,782888,11306,11306,live
1099925086779,782888,11307,11307,live
1099925086780,782888,11308,11308,live
1099925086781,782888,11309,11309,live
1099925086782,782888,11310,11310,live
1099925086783,782888,11311,11311,live
1099925086784,782888,11312,11312,live
1099925086785,782888,11313,11313,live
1099925086786,782888,11314,11314,live
1099925086787,782888,11315,11315,live
1099925086788,782888,11316,11316,live
1099925086789,782888,11317,11317,live
1099925086790,782888,11318,11318,live
1099925086791,782888,11319,11319,live
1099925086792,782888,11320,11320,live
1099925086793,782888,11321,11321,live
1099925086794,782888,11322,11322,live
1099925086795,782888,11323,11323,live
1099925086796,782888,11324,11324,live
1099925086797,782888,11325,11325,live
1099925086798,782888,11326,11326,live
1099925086799,782888,11327,11327,live
1099925086800,782888,11328,11328,live
1099925086801,782888,11329,11329,live
1099925086802,782888,11330,11330,live
1099925086803,782888,11331,11331,live
1099925086804,782888,11332,11332,live
1099925086805,782888,11333,11333,live
1099925086806,782888,11334,11334,live
1099925086807,782888,11335,11335,live
1099925086808,782888,11336,11336,live
1099925086809,782888,11337,11337,live
1099925086810,782888,11338,11338,live
1099925086811,782888,11339,11339,live
1099925086812,782888,11340,11340,live
1099925086813,782888,11341,11341,live
1099925086814,782888,11342,11342,live
1099925086815,782888,11343,11343,live
1099925086816,782888,11344,11344,live
1099925086817,782888,11345,11345,live
1099925086818,782888,11346,11346,live
1099925086819,782888,11347,11347,live
1099925086820,782888,11348,11348,live
1099925086821,782888,11349,11349,live
1099925086822,782888,11350,11350,live
1099925086823,782888,11351,11351,live
1099925086824,782888,11352,11352,live
1099925086825,782888,11353,11353,live
1099925086826,782888,11354,11354,live
1099925086827,782888,11355,11355,live
1099925086828,782888,11356,11356,live
1099925086829,782888,11357,11357,live
1099925086830,782888,11358,11358,live
1099925086831,782888,11359,11359,live
1099925086832,782888,11360,11360,live
1099925086833,782888,11361,11361,live
1099925086834,782888,11362,11362,live
1099925086835,782888,11363,11363,live
1099925086836,782888,11364,11364,live
1099925086837,782888,11365,11365,live
1099925086838,782888,11366,11366,live
1099925086839,782888,11367,11367,live
1099925086840,782888,11368,11368,live
1099925086841,782888,11369,11369,live
1099925086842,782888,11370,11370,live
1099925086843,782888,11371,11371,live
1099925086844,782888,11372,11372,live
1099925086845,782888,11373,11373,live
1099925086846,782888,11374,11374,live
1099925086847,782888,11375,11375,live
1099925086848,782888,11376,11376,live
1099925086849,782888,11377,11377,live
1099925086850,782888,11378,11378,live
1099925086851,782888,11379,11379,live
1099925086852,782888,11380,11380,live
1099925086853,782888,11381,11381,live
1099925086854,782888,11382,11382,live
1099925086855,782888,11383,11383,live
1099925086856,782888,11384,11384,live
1099925086857,782888,11385,11385,live
1099925086858,782888,11386,11386,live
1099925086859,782888,11387,11387,live
1099925086860,782888,11388,11388,live
1099925086861,782888,11389,11389,live
1099925086862,782888,11390,11390,live
1099925086863,782888,11391,11391,live
1099925086864,782888,11392,11392,live
1099925086865,782888,11393,11393,live
1099925086866,782888,11394,11394,live
1099925086867,782888,11395,11395,live
1099925086868,782888,11396,11396,live
1099925086869,782888,11397,11397,live
1099925086870,782888,11398,11398,live
1099925086871,782888,11399,11399,live
1099925086872,782888,11400,11400,live
1099925086873,782888,11401,11401,live
1099925086874,782888,11402,11402,live
1099925086875,782888,11403,11403,live
1099925086876,782888,11404,11404,live
1099925086877,782888,11405,11405,live
1099925086878,782888,11406,11406,live
1099925086879,782888,11407,11407,live
1099925086880,782888,11408,11408,live
1099925086881,782888,11409,11409,live
1099925086882,782888,11410,11410,live
1099925086883,782888,11411,11411,live
1099925086884,782888,11412,11412,live
1099925086885,782888,11413,11413,live
1099925086886,782888,11414,11414,live
1099925086887,782888,11415,11415,live
1099925086888,782888,11416,11416,live
1099925086889,782888,11417,11417,live
1099925086890,782888,11418,11418,live
1099925086891,782888,11419,11419,live
1099925086892,782888,11420,11420,live
1099925086893,782888,11421,11421,live
1099925086894,782888,11422,11422,live
1099925086895,782888,11423,11423,live
1099925086896,782888,11424,11424,live
1099925086897,782888,11425,11425,live
1099925086898,782888,11426,11426,live
1099925086899,782888,11427,11427,live
1099925086900,782888,11428,11428,live
1099925086901,782888,11429,11429,live
1099925086902,782888,11430,11430,live
1099925086903,782888,11431,11431,live
1099925086904,782888,11432,11432,live
1099925086905,782888,11433,11433,live
1099925086906,782888,11434,11434,live
1099925086907,782888,11435,11435,live
1099925086908,782888,11436,11436,live
1099925086909,782888,11437,11437,live
1099925086910,782888,11438,11438,live
1099925086911,782888,11439,11439,live
1099925086912,782888,11440,11440,live
1099925086913,782888,11441,11441,live
1099925086914,782888,11442,11442,live
1099925086915,782888,11443,11443,live
1099925086916,782888,11444,11444,live
1099925086917,782888,11445,11445,live
1099925086918,782888,11446,11446,live
1099925086919,782888,11447,11447,live
1099925086920,782888,11448,11448,live
1099925086921,782888,11449,11449,live
1099925086922,782888,11450,11450,live
1099925086923,782888,11451,11451,live
1099925086924,782888,11452,11452,live
1099925086925,782888,11453,11453,live
1099925086926,782888,11454,11454,live
1099925086927,782888,11455,11455,live
1099925086928,782888,11456,11456,live
1099925086929,782888,11457,11457,live
1099925086930,782888,11458,11458,live
1099925086931,782888,11459,11459,live
1099925086932,782888,11460,11460,live
1099925086933,782888,11461,11461,live
1099925086934,782888,11462,11462,live
1099925086935,782888,11463,11463,live
1099925086936,782888,11464,11464,live
1099925086937,782888,11465,11465,live
1099925086938,782888,11466,11466,live
1099925086939,782888,11467,11467,live
1099925086940,782888,11468,11468,live
1099925086941,782888,11469,11469,live
1099925086942,782888,11470,11470,live
1099925086943,782888,11471,11471,live
1099925086944,782888,11472,11472,live
1099925086945,782888,11473,11473,live
1099925086946,782888,11474,11474,live
1099925086947,782888,11475,11475,live
1099925086948,782888,11476,11476,live
1099925086949,782888,11477,11477,live
1099925086950,782888,11478,11478,live
1099925086951,782888,11479,11479,live
1099925086952,782888,11480,11480,live
1099925086953,782888,11481,11481,live
1099925086954,782888,11482,11482,live
1099925086955,782888,11483,11483,live
1099925086956,782888,11484,11484,live
1099925086957,782888,11485,11485,live
1099925086958,782888,11486,11486,live
1099925086959,782888,11487,11487,live
1099925086960,782888,11488,11488,live
1099925086961,782888,11489,11489,live
1099925086962,782888,11490,11490,live
1099925086963,782888,11491,11491,live
1099925086964,782888,11492,11492,live
1099925086965,782888,11493,11493,live
1099925086966,782888,11494,11494,live
1099925086967,782888,11495,11495,live
1099925086968,782888,11496,11496,live
1099925086969,782888,11497,11497,live
1099925086970,782888,11498,11498,live
1099925086971,782888,11499,11499,live
1099925086972,782888,11500,11500,live
1099925086973,782888,11501,11501,live
1099925086974,782888,11502,11502,live
1099925086975,782888,11503,11503,live
1099925086976,782888,11504,11504,live
1099925086977,782888,11505,11505,live
1099925086978,782888,11506,11506,live
1099925086979,782888,11507,11507,live
1099925086980,782888,11508,11508,live
1099925086981,782888,11509,11509,live
1099925086982,782888,11510,11510,live
1099925086983,782888,11511,11511,live
1099925086984,782888,11512,11512,live
1099925086985,782888,11513,11513,live
1099925086986,782888,11514,11514,live
1099925086987,782888,11515,11515,live
1099925086988,782888,11516,11516,live
1099925086989,782888,11517,11517,live
1099925086990,782888,11518,11518,live
1099925086991,782888,11519,11519,live
1099925086992,782888,11520,11520,live
1099925086993,782888,11521,11521,live
1099925086994,782888,11522,11522,live
1099925086995,782888,11523,11523,live
1099925086996,782888,11524,11524,live
1099925086997,782888,11525,11525,live
1099925086998,782888,11526,11526,live
1099925086999,782888,11527,11527,live
1099925087000,782888,11528,11528,live
1099925087001,782888,11529,11529,live
1099925087002,782888,11530,11530,live
1099925087003,782888,11531,11531,live
1099925087004,782888,11532,11532,live
1099925087005,782888,11533,11533,live
1099925087006,782888,11534,11534,live
1099925087007,782888,11535,11535,live
1099925087008,782888,11536,11536,live
1099925087009,782888,11537,11537,live
1099925087010,782888,11538,11538,live
1099925087011,782888,11539,11539,live
1099925087012,782888,11540,11540,live
1099925087013,782888,11541,11541,live
1099925087014,782888,11542,11542,live
1099925087015,782888,11543,11543,live
1099925087016,782888,11544,11544,live
1099925087017,782888,11545,11545,live
1099925087018,782888,11546,11546,live
1099925087019,782888,11547,11547,live
1099925087020,782888,11548,11548,live
1099925087021,782888,11549,11549,live
1099925087022,782888,11550,11550,live
1099925087023,782888,11551,11551,live
1099925087024,782888,11552,11552,live
1099925087025,782888,11553,11553,live
1099925087026,782888,11554,11554,live
1099925087027,782888,11555,11555,live
1099925087028,782888,11556,11556,live
1099925087029,782888,11557,11557,live
1099925087030,782888,11558,11558,live
1099925087031,782888,11559,11559,live
1099925087032,782888,11560,11560,live
1099925087033,782888,11561,11561,live
1099925087034,782888,11562,11562,live
1099925087035,782888,11563,11563,live
1099925087036,782888,11564,11564,live
1099925087037,782888,11565,11565,live
1099925087038,782888,11566,11566,live
1099925087039,782888,11567,11567,live
1099925087040,782888,11568,11568,live
1099925087041,782888,11569,11569,live
1099925087042,782888,11570,11570,live
1099925087043,782888,11571,11571,live
1099925087044,782888,11572,11572,live
1099925087045,782888,11573,11573,live
1099925087046,782888,11574,11574,live
1099925087047,782888,11575,11575,live
1099925087048,782888,11576,11576,live
1099925087049,782888,11577,11577,live
1099925087050,782888,11578,11578,live
1099925087051,782888,11579,11579,live
1099925087052,782888,11580,11580,live
1099925087053,782888,11581,11581,live
1099925087054,782888,11582,11582,live
1099925087055,782888,11583,11583,live
1099925087056,782888,11584,11584,live
1099925087057,782888,11585,11585,live
1099925087058,782888,11586,11586,live
1099925087059,782888,11587,11587,live
1099925087060,782888,11588,11588,live
1099925087061,782888,11589,11589,live
1099925087062,782888,11590,11590,live
1099925087063,782888,11591,11591,live
1099925087064,782888,11592,11592,live
1099925087065,782888,11593,11593,live
1099925087066,782888,11594,11594,live
1099925087067,782888,11595,11595,live
1099925087068,782888,11596,11596,live
1099925087069,782888,11597,11597,live
1099925087070,782888,11598,11598,live
1099925087071,782888,11599,11599,live
1099925087072,782888,11600,11600,live
1099925087083,782888,11601,11601,live
1099925087084,782888,11602,11602,live
1099925087085,782888,11603,11603,live
1099925087086,782888,11604,11604,live
1099925087087,782888,11605,11605,live
1099925087088,782888,11606,11606,live
1099925087089,782888,11607,11607,live
1099925087090,782888,11608,11608,live
1099925087091,782888,11609,11609,live
1099925087092,782888,11610,11610,live
1099925087093,782888,11611,11611,live
1099925087094,782888,11612,11612,live
1099925087095,782888,11613,11613,live
1099925087096,782888,11614,11614,live
1099925087097,782888,11615,11615,live
1099925087098,782888,11616,11616,live
1099925087099,782888,11617,11617,live
1099925087100,782888,11618,11618,live
1099925087101,782888,11619,11619,live
1099925087102,782888,11620,11620,live
1099925087103,782888,11621,11621,live
1099925087104,782888,11622,11622,live
1099925087105,782888,11623,11623,live
1099925087106,782888,11624,11624,live
1099925087107,782888,11625,11625,live
1099925087108,782888,11626,11626,live
1099925087109,782888,11627,11627,live
1099925087110,782888,11628,11628,live
1099925087111,782888,11629,11629,live
1099925087112,782888,11630,11630,live
1099925087113,782888,11631,11631,live
1099925087114,782888,11632,11632,live
1099925087115,782888,11633,11633,live
1099925087116,782888,11634,11634,live
1099925087117,782888,11635,11635,live
1099925087118,782888,11636,11636,live
1099925087119,782888,11637,11637,live
1099925087120,782888,11638,11638,live
1099925087121,782888,11639,11639,live
1099925087122,782888,11640,11640,live
1099925087123,782888,11641,11641,live
1099925087124,782888,11642,11642,live
1099925087125,782888,11643,11643,live
1099925087126,782888,11644,11644,live
1099925087127,782888,11645,11645,live
1099925087128,782888,11646,11646,live
1099925087129,782888,11647,11647,live
1099925087130,782888,11648,11648,live
1099925087131,782888,11649,11649,live
1099925087132,782888,11650,11650,live
1099925087133,782888,11651,11651,live
1099925087134,782888,11652,11652,live
1099925087135,782888,11653,11653,live
1099925087136,782888,11654,11654,live
1099925087137,782888,11655,11655,live
1099925087138,782888,11656,11656,live
1099925087139,782888,11657,11657,live
1099925087140,782888,11658,11658,live
1099925087141,782888,11659,11659,live
1099925087142,782888,11660,11660,live
1099925087143,782888,11661,11661,live
1099925087144,782888,11662,11662,live
1099925087145,782888,11663,11663,live
1099925087146,782888,11664,11664,live
1099925087147,782888,11665,11665,live
1099925087148,782888,11666,11666,live
1099925087149,782888,11667,11667,live
1099925087150,782888,11668,11668,live
1099925087151,782888,11669,11669,live
1099925087152,782888,11670,11670,live
1099925087153,782888,11671,11671,live
1099925087154,782888,11672,11672,live
1099925087155,782888,11673,11673,live
1099925087156,782888,11674,11674,live
1099925087157,782888,11675,11675,live
1099925087158,782888,11676,11676,live
1099925087159,782888,11677,11677,live
1099925087160,782888,11678,11678,live
1099925087161,782888,11679,11679,live
1099925087162,782888,11680,11680,live
1099925087163,782888,11681,11681,live
1099925087164,782888,11682,11682,live
1099925087165,782888,11683,11683,live
1099925087166,782888,11684,11684,live
1099925087167,782888,11685,11685,live
1099925087168,782888,11686,11686,live
1099925087169,782888,11687,11687,live
1099925087170,782888,11688,11688,live
1099925087171,782888,11689,11689,live
1099925087172,782888,11690,11690,live
1099925087173,782888,11691,11691,live
1099925087174,782888,11692,11692,live
1099925087175,782888,11693,11693,live
1099925087176,782888,11694,11694,live
1099925087177,782888,11695,11695,live
1099925087178,782888,11696,11696,live
1099925087179,782888,11697,11697,live
1099925087180,782888,11698,11698,live
1099925087181,782888,11699,11699,live
1099925087182,782888,11700,11700,live
1099925087183,782888,11701,11701,live
1099925087184,782888,11702,11702,live
1099925087185,782888,11703,11703,live
1099925087186,782888,11704,11704,live
1099925087187,782888,11705,11705,live
1099925087188,782888,11706,11706,live
1099925087189,782888,11707,11707,live
1099925087190,782888,11708,11708,live
1099925087191,782888,11709,11709,live
1099925087192,782888,11710,11710,live
1099925087193,782888,11711,11711,live
1099925087194,782888,11712,11712,live
1099925087195,782888,11713,11713,live
1099925087196,782888,11714,11714,live
1099925087197,782888,11715,11715,live
1099925087198,782888,11716,11716,live
1099925087199,782888,11717,11717,live
1099925087200,782888,11718,11718,live
1099925087201,782888,11719,11719,live
1099925087202,782888,11720,11720,live
1099925087203,782888,11721,11721,live
1099925087204,782888,11722,11722,live
1099925087205,782888,11723,11723,live
1099925087206,782888,11724,11724,live
1099925087207,782888,11725,11725,live
1099925087208,782888,11726,11726,live
1099925087209,782888,11727,11727,live
1099925087210,782888,11728,11728,live
1099925087211,782888,11729,11729,live
1099925087212,782888,11730,11730,live
1099925087213,782888,11731,11731,live
1099925087214,782888,11732,11732,live
1099925087215,782888,11733,11733,live
1099925087216,782888,11734,11734,live
1099925087217,782888,11735,11735,live
1099925087218,782888,11736,11736,live
1099925087219,782888,11737,11737,live
1099925087220,782888,11738,11738,live
1099925087221,782888,11739,11739,live
1099925087222,782888,11740,11740,live
1099925087223,782888,11741,11741,live
1099925087224,782888,11742,11742,live
1099925087225,782888,11743,11743,live
1099925087226,782888,11744,11744,live
1099925087227,782888,11745,11745,live
1099925087228,782888,11746,11746,live
1099925087229,782888,11747,11747,live
1099925087230,782888,11748,11748,live
1099925087231,782888,11749,11749,live
1099925087232,782888,11750,11750,live
1099925087233,782888,11751,11751,live
1099925087234,782888,11752,11752,live
1099925087235,782888,11753,11753,live
1099925087236,782888,11754,11754,live
1099925087237,782888,11755,11755,live
1099925087238,782888,11756,11756,live
1099925087239,782888,11757,11757,live
1099925087240,782888,11758,11758,live
1099925087241,782888,11759,11759,live
1099925087242,782888,11760,11760,live
1099925087243,782888,11761,11761,live
1099925087244,782888,11762,11762,live
1099925087245,782888,11763,11763,live
1099925087246,782888,11764,11764,live
1099925087247,782888,11765,11765,live
1099925087248,782888,11766,11766,live
1099925087249,782888,11767,11767,live
1099925087250,782888,11768,11768,live
1099925087251,782888,11769,11769,live
1099925087252,782888,11770,11770,live
1099925087253,782888,11771,11771,live
1099925087254,782888,11772,11772,live
1099925087255,782888,11773,11773,live
1099925087256,782888,11774,11774,live
1099925087257,782888,11775,11775,live
1099925087258,782888,11776,11776,live
1099925087259,782888,11777,11777,live
1099925087260,782888,11778,11778,live
1099925087261,782888,11779,11779,live
1099925087262,782888,11780,11780,live
1099925087263,782888,11781,11781,live
1099925087264,782888,11782,11782,live
1099925087265,782888,11783,11783,live
1099925087266,782888,11784,11784,live
1099925087267,782888,11785,11785,live
1099925087268,782888,11786,11786,live
1099925087269,782888,11787,11787,live
1099925087270,782888,11788,11788,live
1099925087271,782888,11789,11789,live
1099925087272,782888,11790,11790,live
1099925087273,782888,11791,11791,live
1099925087274,782888,11792,11792,live
1099925087275,782888,11793,11793,live
1099925087276,782888,11794,11794,live
1099925087277,782888,11795,11795,live
1099925087278,782888,11796,11796,live
1099925087279,782888,11797,11797,live
1099925087280,782888,11798,11798,live
1099925087281,782888,11799,11799,live
1099925087282,782888,11800,11800,live
1099925087283,782888,11801,11801,live
1099925087284,782888,11802,11802,live
1099925087285,782888,11803,11803,live
1099925087286,782888,11804,11804,live
1099925087287,782888,11805,11805,live
1099925087288,782888,11806,11806,live
1099925087289,782888,11807,11807,live
1099925087290,782888,11808,11808,live
1099925087291,782888,11809,11809,live
1099925087292,782888,11810,11810,live
1099925087293,782888,11811,11811,live
1099925087294,782888,11812,11812,live
1099925087295,782888,11813,11813,live
1099925087296,782888,11814,11814,live
1099925087297,782888,11815,11815,live
1099925087298,782888,11816,11816,live
1099925087299,782888,11817,11817,live
1099925087300,782888,11818,11818,live
1099925087301,782888,11819,11819,live
1099925087302,782888,11820,11820,live
1099925087303,782888,11821,11821,live
1099925087304,782888,11822,11822,live
1099925087305,782888,11823,11823,live
1099925087306,782888,11824,11824,live
1099925087307,782888,11825,11825,live
1099925087308,782888,11826,11826,live
1099925087309,782888,11827,11827,live
1099925087310,782888,11828,11828,live
1099925087311,782888,11829,11829,live
1099925087312,782888,11830,11830,live
1099925087313,782888,11831,11831,live
1099925087314,782888,11832,11832,live
1099925087315,782888,11833,11833,live
1099925087316,782888,11834,11834,live
1099925087317,782888,11835,11835,live
1099925087318,782888,11836,11836,live
1099925087319,782888,11837,11837,live
1099925087320,782888,11838,11838,live
1099925087321,782888,11839,11839,live
1099925087322,782888,11840,11840,live
1099925087323,782888,11841,11841,live
1099925087324,782888,11842,11842,live
1099925087325,782888,11843,11843,live
1099925087326,782888,11844,11844,live
1099925087327,782888,11845,11845,live
1099925087328,782888,11846,11846,live
1099925087329,782888,11847,11847,live
1099925087330,782888,11848,11848,live
1099925087331,782888,11849,11849,live
1099925087332,782888,11850,11850,live
1099925087333,782888,11851,11851,live
1099925087334,782888,11852,11852,live
1099925087335,782888,11853,11853,live
1099925087336,782888,11854,11854,live
1099925087337,782888,11855,11855,live
1099925087338,782888,11856,11856,live
1099925087339,782888,11857,11857,live
1099925087340,782888,11858,11858,live
1099925087341,782888,11859,11859,live
1099925087342,782888,11860,11860,live
1099925087343,782888,11861,11861,live
1099925087344,782888,11862,11862,live
1099925087345,782888,11863,11863,live
1099925087346,782888,11864,11864,live
1099925087347,782888,11865,11865,live
1099925087348,782888,11866,11866,live
1099925087349,782888,11867,11867,live
1099925087350,782888,11868,11868,live
1099925087351,782888,11869,11869,live
1099925087352,782888,11870,11870,live
1099925087353,782888,11871,11871,live
1099925087354,782888,11872,11872,live
1099925087355,782888,11873,11873,live
1099925087356,782888,11874,11874,live
1099925087357,782888,11875,11875,live
1099925087358,782888,11876,11876,live
1099925087359,782888,11877,11877,live
1099925087360,782888,11878,11878,live
1099925087361,782888,11879,11879,live
1099925087362,782888,11880,11880,live
1099925087363,782888,11881,11881,live
1099925087364,782888,11882,11882,live
1099925087365,782888,11883,11883,live
1099925087366,782888,11884,11884,live
1099925087367,782888,11885,11885,live
1099925087368,782888,11886,11886,live
1099925087369,782888,11887,11887,live
1099925087370,782888,11888,11888,live
1099925087371,782888,11889,11889,live
1099925087372,782888,11890,11890,live
1099925087373,782888,11891,11891,live
1099925087374,782888,11892,11892,live
1099925087375,782888,11893,11893,live
1099925087376,782888,11894,11894,live
1099925087377,782888,11895,11895,live
1099925087378,782888,11896,11896,live
1099925087379,782888,11897,11897,live
1099925087380,782888,11898,11898,live
1099925087381,782888,11899,11899,live
1099925087382,782888,11900,11900,live
1099925087383,782888,11901,11901,live
1099925087384,782888,11902,11902,live
1099925087385,782888,11903,11903,live
1099925087386,782888,11904,11904,live
1099925087387,782888,11905,11905,live
1099925087388,782888,11906,11906,live
1099925087389,782888,11907,11907,live
1099925087390,782888,11908,11908,live
1099925087391,782888,11909,11909,live
1099925087392,782888,11910,11910,live
1099925087393,782888,11911,11911,live
1099925087394,782888,11912,11912,live
1099925087395,782888,11913,11913,live
1099925087396,782888,11914,11914,live
1099925087397,782888,11915,11915,live
1099925087398,782888,11916,11916,live
1099925087399,782888,11917,11917,live
1099925087400,782888,11918,11918,live
1099925087401,782888,11919,11919,live
1099925087402,782888,11920,11920,live
1099925087403,782888,11921,11921,live
1099925087404,782888,11922,11922,live
1099925087405,782888,11923,11923,live
1099925087406,782888,11924,11924,live
1099925087407,782888,11925,11925,live
1099925087408,782888,11926,11926,live
1099925087409,782888,11927,11927,live
1099925087410,782888,11928,11928,live
1099925087411,782888,11929,11929,live
1099925087412,782888,11930,11930,live
1099925087413,782888,11931,11931,live
1099925087414,782888,11932,11932,live
1099925087415,782888,11933,11933,live
1099925087416,782888,11934,11934,live
1099925087417,782888,11935,11935,live
1099925087418,782888,11936,11936,live
1099925087419,782888,11937,11937,live
1099925087420,782888,11938,11938,live
1099925087421,782888,11939,11939,live
1099925087422,782888,11940,11940,live
1099925087423,782888,11941,11941,live
1099925087424,782888,11942,11942,live
1099925087425,782888,11943,11943,live
1099925087426,782888,11944,11944,live
1099925087427,782888,11945,11945,live
1099925087428,782888,11946,11946,live
1099925087429,782888,11947,11947,live
1099925087430,782888,11948,11948,live
1099925087431,782888,11949,11949,live
1099925087432,782888,11950,11950,live
1099925087433,782888,11951,11951,live
1099925087434,782888,11952,11952,live
1099925087435,782888,11953,11953,live
1099925087436,782888,11954,11954,live
1099925087437,782888,11955,11955,live
1099925087438,782888,11956,11956,live
1099925087439,782888,11957,11957,live
1099925087440,782888,11958,11958,live
1099925087441,782888,11959,11959,live
1099925087442,782888,11960,11960,live
1099925087443,782888,11961,11961,live
1099925087444,782888,11962,11962,live
1099925087445,782888,11963,11963,live
1099925087446,782888,11964,11964,live
1099925087447,782888,11965,11965,live
1099925087448,782888,11966,11966,live
1099925087449,782888,11967,11967,live
1099925087450,782888,11968,11968,live
1099925087451,782888,11969,11969,live
1099925087452,782888,11970,11970,live
1099925087453,782888,11971,11971,live
1099925087454,782888,11972,11972,live
1099925087455,782888,11973,11973,live
1099925087456,782888,11974,11974,live
1099925087457,782888,11975,11975,live
1099925087458,782888,11976,11976,live
1099925087459,782888,11977,11977,live
1099925087460,782888,11978,11978,live
1099925087461,782888,11979,11979,live
1099925087462,782888,11980,11980,live
1099925087463,782888,11981,11981,live
1099925087464,782888,11982,11982,live
1099925087465,782888,11983,11983,live
1099925087466,782888,11984,11984,live
1099925087467,782888,11985,11985,live
1099925087468,782888,11986,11986,live
1099925087469,782888,11987,11987,live
1099925087470,782888,11988,11988,live
1099925087471,782888,11989,11989,live
1099925087472,782888,11990,11990,live
1099925087473,782888,11991,11991,live
1099925087474,782888,11992,11992,live
1099925087475,782888,11993,11993,live
1099925087476,782888,11994,11994,live
1099925087477,782888,11995,11995,live
1099925087478,782888,11996,11996,live
1099925087479,782888,11997,11997,live
1099925087480,782888,11998,11998,live
1099925087481,782888,11999,11999,live
1099925087482,782888,12000,12000,live
1099925087483,782888,12001,12001,live
1099925087484,782888,12002,12002,live
1099925087485,782888,12003,12003,live
1099925087486,782888,12004,12004,live
1099925087487,782888,12005,12005,live
1099925087488,782888,12006,12006,live
1099925087489,782888,12007,12007,live
1099925087490,782888,12008,12008,live
1099925087491,782888,12009,12009,live
1099925087492,782888,12010,12010,live
1099925087493,782888,12011,12011,live
1099925087494,782888,12012,12012,live
1099925087495,782888,12013,12013,live
1099925087496,782888,12014,12014,live
1099925087497,782888,12015,12015,live
1099925087498,782888,12016,12016,live
1099925087499,782888,12017,12017,live
1099925087500,782888,12018,12018,live
1099925087501,782888,12019,12019,live
1099925087502,782888,12020,12020,live
1099925087503,782888,12021,12021,live
1099925087504,782888,12022,12022,live
1099925087505,782888,12023,12023,live
1099925087506,782888,12024,12024,live
1099925087507,782888,12025,12025,live
1099925087508,782888,12026,12026,live
1099925087509,782888,12027,12027,live
1099925087510,782888,12028,12028,live
1099925087511,782888,12029,12029,live
1099925087512,782888,12030,12030,live
1099925087513,782888,12031,12031,live
1099925087514,782888,12032,12032,live
1099925087515,782888,12033,12033,live
1099925087516,782888,12034,12034,live
1099925087517,782888,12035,12035,live
1099925087518,782888,12036,12036,live
1099925087519,782888,12037,12037,live
1099925087520,782888,12038,12038,live
1099925087521,782888,12039,12039,live
1099925087522,782888,12040,12040,live
1099925087523,782888,12041,12041,live
1099925087524,782888,12042,12042,live
1099925087525,782888,12043,12043,live
1099925087526,782888,12044,12044,live
1099925087527,782888,12045,12045,live
1099925087528,782888,12046,12046,live
1099925087529,782888,12047,12047,live
1099925087530,782888,12048,12048,live
1099925087531,782888,12049,12049,live
1099925087532,782888,12050,12050,live
1099925087533,782888,12051,12051,live
1099925087534,782888,12052,12052,live
1099925087535,782888,12053,12053,live
1099925087536,782888,12054,12054,live
1099925087537,782888,12055,12055,live
1099925087538,782888,12056,12056,live
1099925087539,782888,12057,12057,live
1099925087540,782888,12058,12058,live
1099925087541,782888,12059,12059,live
1099925087542,782888,12060,12060,live
1099925087543,782888,12061,12061,live
1099925087544,782888,12062,12062,live
1099925087545,782888,12063,12063,live
1099925087546,782888,12064,12064,live
1099925087547,782888,12065,12065,live
1099925087548,782888,12066,12066,live
1099925087549,782888,12067,12067,live
1099925087550,782888,12068,12068,live
1099925087551,782888,12069,12069,live
1099925087552,782888,12070,12070,live
1099925087553,782888,12071,12071,live
1099925087554,782888,12072,12072,live
1099925087555,782888,12073,12073,live
1099925087556,782888,12074,12074,live
1099925087557,782888,12075,12075,live
1099925087558,782888,12076,12076,live
1099925087559,782888,12077,12077,live
1099925087560,782888,12078,12078,live
1099925087561,782888,12079,12079,live
1099925087562,782888,12080,12080,live
1099925087563,782888,12081,12081,live
1099925087564,782888,12082,12082,live
1099925087565,782888,12083,12083,live
1099925087566,782888,12084,12084,live
1099925087567,782888,12085,12085,live
1099925087568,782888,12086,12086,live
1099925087569,782888,12087,12087,live
1099925087570,782888,12088,12088,live
1099925087571,782888,12089,12089,live
1099925087572,782888,12090,12090,live
1099925087573,782888,12091,12091,live
1099925087574,782888,12092,12092,live
1099925087575,782888,12093,12093,live
1099925087576,782888,12094,12094,live
1099925087577,782888,12095,12095,live
1099925087578,782888,12096,12096,live
1099925087579,782888,12097,12097,live
1099925087580,782888,12098,12098,live
1099925087581,782888,12099,12099,live
1099925087582,782888,12100,12100,live
1099925087583,782888,12101,12101,live
1099925087584,782888,12102,12102,live
1099925087585,782888,12103,12103,live
1099925087586,782888,12104,12104,live
1099925087587,782888,12105,12105,live
1099925087588,782888,12106,12106,live
1099925087589,782888,12107,12107,live
1099925087590,782888,12108,12108,live
1099925087591,782888,12109,12109,live
1099925087592,782888,12110,12110,live
1099925087593,782888,12111,12111,live
1099925087594,782888,12112,12112,live
1099925087595,782888,12113,12113,live
1099925087596,782888,12114,12114,live
1099925087597,782888,12115,12115,live
1099925087598,782888,12116,12116,live
1099925087599,782888,12117,12117,live
1099925087600,782888,12118,12118,live
1099925087601,782888,12119,12119,live
1099925087602,782888,12120,12120,live
1099925087603,782888,12121,12121,live
1099925087604,782888,12122,12122,live
1099925087605,782888,12123,12123,live
1099925087606,782888,12124,12124,live
1099925087607,782888,12125,12125,live
1099925087608,782888,12126,12126,live
1099925087609,782888,12127,12127,live
1099925087610,782888,12128,12128,live
1099925087611,782888,12129,12129,live
1099925087612,782888,12130,12130,live
1099925087613,782888,12131,12131,live
1099925087614,782888,12132,12132,live
1099925087615,782888,12133,12133,live
1099925087616,782888,12134,12134,live
1099925087617,782888,12135,12135,live
1099925087618,782888,12136,12136,live
1099925087619,782888,12137,12137,live
1099925087620,782888,12138,12138,live
1099925087621,782888,12139,12139,live
1099925087622,782888,12140,12140,live
1099925087623,782888,12141,12141,live
1099925087624,782888,12142,12142,live
1099925087625,782888,12143,12143,live
1099925087626,782888,12144,12144,live
1099925087627,782888,12145,12145,live
1099925087628,782888,12146,12146,live
1099925087629,782888,12147,12147,live
1099925087630,782888,12148,12148,live
1099925087631,782888,12149,12149,live
1099925087632,782888,12150,12150,live
1099925087633,782888,12151,12151,live
1099925087634,782888,12152,12152,live
1099925087635,782888,12153,12153,live
1099925087636,782888,12154,12154,live
1099925087637,782888,12155,12155,live
1099925087638,782888,12156,12156,live
1099925087639,782888,12157,12157,live
1099925087640,782888,12158,12158,live
1099925087641,782888,12159,12159,live
1099925087642,782888,12160,12160,live
1099925087643,782888,12161,12161,live
1099925087644,782888,12162,12162,live
1099925087645,782888,12163,12163,live
1099925087646,782888,12164,12164,live
1099925087647,782888,12165,12165,live
1099925087648,782888,12166,12166,live
1099925087649,782888,12167,12167,live
1099925087650,782888,12168,12168,live
1099925087651,782888,12169,12169,live
1099925087652,782888,12170,12170,live
1099925087653,782888,12171,12171,live
1099925087654,782888,12172,12172,live
1099925087655,782888,12173,12173,live
1099925087656,782888,12174,12174,live
1099925087657,782888,12175,12175,live
1099925087658,782888,12176,12176,live
1099925087659,782888,12177,12177,live
1099925087660,782888,12178,12178,live
1099925087661,782888,12179,12179,live
1099925087662,782888,12180,12180,live
1099925087663,782888,12181,12181,live
1099925087664,782888,12182,12182,live
1099925087665,782888,12183,12183,live
1099925087666,782888,12184,12184,live
1099925087667,782888,12185,12185,live
1099925087668,782888,12186,12186,live
1099925087669,782888,12187,12187,live
1099925087670,782888,12188,12188,live
1099925087671,782888,12189,12189,live
1099925087672,782888,12190,12190,live
1099925087673,782888,12191,12191,live
1099925087674,782888,12192,12192,live
1099925087675,782888,12193,12193,live
1099925087676,782888,12194,12194,live
1099925087677,782888,12195,12195,live
1099925087678,782888,12196,12196,live
1099925087679,782888,12197,12197,live
1099925087680,782888,12198,12198,live
1099925087681,782888,12199,12199,live
1099925087682,782888,12200,12200,live
1099925087690,782888,12201,12201,live
1099925087691,782888,12202,12202,live
1099925087692,782888,12203,12203,live
1099925087693,782888,12204,12204,live
1099925087694,782888,12205,12205,live
1099925087695,782888,12206,12206,live
1099925087696,782888,12207,12207,live
1099925087697,782888,12208,12208,live
1099925087698,782888,12209,12209,live
1099925087699,782888,12210,12210,live
1099925087700,782888,12211,12211,live
1099925087701,782888,12212,12212,live
1099925087702,782888,12213,12213,live
1099925087703,782888,12214,12214,live
1099925087704,782888,12215,12215,live
1099925087705,782888,12216,12216,live
1099925087706,782888,12217,12217,live
1099925087707,782888,12218,12218,live
1099925087708,782888,12219,12219,live
1099925087709,782888,12220,12220,live
1099925087710,782888,12221,12221,live
1099925087711,782888,12222,12222,live
1099925087712,782888,12223,12223,live
1099925087713,782888,12224,12224,live
1099925087714,782888,12225,12225,live
1099925087715,782888,12226,12226,live
1099925087716,782888,12227,12227,live
1099925087717,782888,12228,12228,live
1099925087718,782888,12229,12229,live
1099925087719,782888,12230,12230,live
1099925087720,782888,12231,12231,live
1099925087721,782888,12232,12232,live
1099925087722,782888,12233,12233,live
1099925087723,782888,12234,12234,live
1099925087724,782888,12235,12235,live
1099925087725,782888,12236,12236,live
1099925087726,782888,12237,12237,live
1099925087727,782888,12238,12238,live
1099925087728,782888,12239,12239,live
1099925087729,782888,12240,12240,live
1099925087730,782888,12241,12241,live
1099925087731,782888,12242,12242,live
1099925087732,782888,12243,12243,live
1099925087733,782888,12244,12244,live
1099925087734,782888,12245,12245,live
1099925087735,782888,12246,12246,live
1099925087736,782888,12247,12247,live
1099925087737,782888,12248,12248,live
1099925087738,782888,12249,12249,live
1099925087739,782888,12250,12250,live
1099925087740,782888,12251,12251,live
1099925087741,782888,12252,12252,live
1099925087742,782888,12253,12253,live
1099925087743,782888,12254,12254,live
1099925087744,782888,12255,12255,live
1099925087745,782888,12256,12256,live
1099925087746,782888,12257,12257,live
1099925087747,782888,12258,12258,live
1099925087748,782888,12259,12259,live
1099925087749,782888,12260,12260,live
1099925087750,782888,12261,12261,live
1099925087751,782888,12262,12262,live
1099925087752,782888,12263,12263,live
1099925087753,782888,12264,12264,live
1099925087754,782888,12265,12265,live
1099925087755,782888,12266,12266,live
1099925087756,782888,12267,12267,live
1099925087757,782888,12268,12268,live
1099925087758,782888,12269,12269,live
1099925087759,782888,12270,12270,live
1099925087760,782888,12271,12271,live
1099925087761,782888,12272,12272,live
1099925087762,782888,12273,12273,live
1099925087763,782888,12274,12274,live
1099925087764,782888,12275,12275,live
1099925087765,782888,12276,12276,live
1099925087766,782888,12277,12277,live
1099925087767,782888,12278,12278,live
1099925087768,782888,12279,12279,live
1099925087769,782888,12280,12280,live
1099925087770,782888,12281,12281,live
1099925087771,782888,12282,12282,live
1099925087772,782888,12283,12283,live
1099925087773,782888,12284,12284,live
1099925087774,782888,12285,12285,live
1099925087775,782888,12286,12286,live
1099925087776,782888,12287,12287,live
1099925087777,782888,12288,12288,live
1099925087778,782888,12289,12289,live
1099925087779,782888,12290,12290,live
1099925087780,782888,12291,12291,live
1099925087781,782888,12292,12292,live
1099925087782,782888,12293,12293,live
1099925087783,782888,12294,12294,live
1099925087784,782888,12295,12295,live
1099925087785,782888,12296,12296,live
1099925087786,782888,12297,12297,live
1099925087787,782888,12298,12298,live
1099925087788,782888,12299,12299,live
1099925087789,782888,12300,12300,live
1099925087790,782888,12301,12301,live
1099925087791,782888,12302,12302,live
1099925087792,782888,12303,12303,live
1099925087793,782888,12304,12304,live
1099925087794,782888,12305,12305,live
1099925087795,782888,12306,12306,live
1099925087796,782888,12307,12307,live
1099925087797,782888,12308,12308,live
1099925087798,782888,12309,12309,live
1099925087799,782888,12310,12310,live
1099925087800,782888,12311,12311,live
1099925087801,782888,12312,12312,live
1099925087802,782888,12313,12313,live
1099925087803,782888,12314,12314,live
1099925087804,782888,12315,12315,live
1099925087805,782888,12316,12316,live
1099925087806,782888,12317,12317,live
1099925087807,782888,12318,12318,live
1099925087808,782888,12319,12319,live
1099925087809,782888,12320,12320,live
1099925087810,782888,12321,12321,live
1099925087811,782888,12322,12322,live
1099925087812,782888,12323,12323,live
1099925087813,782888,12324,12324,live
1099925087814,782888,12325,12325,live
1099925087815,782888,12326,12326,live
1099925087816,782888,12327,12327,live
1099925087817,782888,12328,12328,live
1099925087818,782888,12329,12329,live
1099925087819,782888,12330,12330,live
1099925087820,782888,12331,12331,live
1099925087821,782888,12332,12332,live
1099925087822,782888,12333,12333,live
1099925087823,782888,12334,12334,live
1099925087824,782888,12335,12335,live
1099925087825,782888,12336,12336,live
1099925087826,782888,12337,12337,live
1099925087827,782888,12338,12338,live
1099925087828,782888,12339,12339,live
1099925087829,782888,12340,12340,live
1099925087830,782888,12341,12341,live
1099925087831,782888,12342,12342,live
1099925087832,782888,12343,12343,live
1099925087833,782888,12344,12344,live
1099925087834,782888,12345,12345,live
1099925087835,782888,12346,12346,live
1099925087836,782888,12347,12347,live
1099925087837,782888,12348,12348,live
1099925087838,782888,12349,12349,live
1099925087839,782888,12350,12350,live
1099925087840,782888,12351,12351,live
1099925087841,782888,12352,12352,live
1099925087842,782888,12353,12353,live
1099925087843,782888,12354,12354,live
1099925087844,782888,12355,12355,live
1099925087845,782888,12356,12356,live
1099925087846,782888,12357,12357,live
1099925087847,782888,12358,12358,live
1099925087848,782888,12359,12359,live
1099925087849,782888,12360,12360,live
1099925087850,782888,12361,12361,live
1099925087851,782888,12362,12362,live
1099925087852,782888,12363,12363,live
1099925087853,782888,12364,12364,live
1099925087854,782888,12365,12365,live
1099925087855,782888,12366,12366,live
1099925087856,782888,12367,12367,live
1099925087857,782888,12368,12368,live
1099925087858,782888,12369,12369,live
1099925087859,782888,12370,12370,live
1099925087860,782888,12371,12371,live
1099925087861,782888,12372,12372,live
1099925087862,782888,12373,12373,live
1099925087863,782888,12374,12374,live
1099925087864,782888,12375,12375,live
1099925087865,782888,12376,12376,live
1099925087866,782888,12377,12377,live
1099925087867,782888,12378,12378,live
1099925087868,782888,12379,12379,live
1099925087869,782888,12380,12380,live
1099925087870,782888,12381,12381,live
1099925087871,782888,12382,12382,live
1099925087872,782888,12383,12383,live
1099925087873,782888,12384,12384,live
1099925087874,782888,12385,12385,live
1099925087875,782888,12386,12386,live
1099925087876,782888,12387,12387,live
1099925087877,782888,12388,12388,live
1099925087878,782888,12389,12389,live
1099925087879,782888,12390,12390,live
1099925087880,782888,12391,12391,live
1099925087881,782888,12392,12392,live
1099925087882,782888,12393,12393,live
1099925087883,782888,12394,12394,live
1099925087884,782888,12395,12395,live
1099925087885,782888,12396,12396,live
1099925087886,782888,12397,12397,live
1099925087887,782888,12398,12398,live
1099925087888,782888,12399,12399,live
1099925087889,782888,12400,12400,live
1099925087906,782888,12401,12401,live
1099925087907,782888,12402,12402,live
1099925087908,782888,12403,12403,live
1099925087909,782888,12404,12404,live
1099925087910,782888,12405,12405,live
1099925087911,782888,12406,12406,live
1099925087912,782888,12407,12407,live
1099925087913,782888,12408,12408,live
1099925087914,782888,12409,12409,live
1099925087915,782888,12410,12410,live
1099925087916,782888,12411,12411,live
1099925087917,782888,12412,12412,live
1099925087918,782888,12413,12413,live
1099925087919,782888,12414,12414,live
1099925087920,782888,12415,12415,live
1099925087921,782888,12416,12416,live
1099925087922,782888,12417,12417,live
1099925087923,782888,12418,12418,live
1099925087924,782888,12419,12419,live
1099925087925,782888,12420,12420,live
1099925087926,782888,12421,12421,live
1099925087927,782888,12422,12422,live
1099925087928,782888,12423,12423,live
1099925087929,782888,12424,12424,live
1099925087930,782888,12425,12425,live
1099925087931,782888,12426,12426,live
1099925087932,782888,12427,12427,live
1099925087933,782888,12428,12428,live
1099925087934,782888,12429,12429,live
1099925087935,782888,12430,12430,live
1099925087936,782888,12431,12431,live
1099925087937,782888,12432,12432,live
1099925087938,782888,12433,12433,live
1099925087939,782888,12434,12434,live
1099925087940,782888,12435,12435,live
1099925087941,782888,12436,12436,live
1099925087942,782888,12437,12437,live
1099925087943,782888,12438,12438,live
1099925087944,782888,12439,12439,live
1099925087945,782888,12440,12440,live
1099925087946,782888,12441,12441,live
1099925087947,782888,12442,12442,live
1099925087948,782888,12443,12443,live
1099925087949,782888,12444,12444,live
1099925087950,782888,12445,12445,live
1099925087951,782888,12446,12446,live
1099925087952,782888,12447,12447,live
1099925087953,782888,12448,12448,live
1099925087954,782888,12449,12449,live
1099925087955,782888,12450,12450,live
1099925087956,782888,12451,12451,live
1099925087957,782888,12452,12452,live
1099925087958,782888,12453,12453,live
1099925087959,782888,12454,12454,live
1099925087960,782888,12455,12455,live
1099925087961,782888,12456,12456,live
1099925087962,782888,12457,12457,live
1099925087963,782888,12458,12458,live
1099925087964,782888,12459,12459,live
1099925087965,782888,12460,12460,live
1099925087966,782888,12461,12461,live
1099925087967,782888,12462,12462,live
1099925087968,782888,12463,12463,live
1099925087969,782888,12464,12464,live
1099925087970,782888,12465,12465,live
1099925087971,782888,12466,12466,live
1099925087972,782888,12467,12467,live
1099925087973,782888,12468,12468,live
1099925087974,782888,12469,12469,live
1099925087975,782888,12470,12470,live
1099925087976,782888,12471,12471,live
1099925087977,782888,12472,12472,live
1099925087978,782888,12473,12473,live
1099925087979,782888,12474,12474,live
1099925087980,782888,12475,12475,live
1099925087981,782888,12476,12476,live
1099925087982,782888,12477,12477,live
1099925087983,782888,12478,12478,live
1099925087984,782888,12479,12479,live
1099925087985,782888,12480,12480,live
1099925087986,782888,12481,12481,live
1099925087987,782888,12482,12482,live
1099925087988,782888,12483,12483,live
1099925087989,782888,12484,12484,live
1099925087990,782888,12485,12485,live
1099925087991,782888,12486,12486,live
1099925087992,782888,12487,12487,live
1099925087993,782888,12488,12488,live
1099925087994,782888,12489,12489,live
1099925087995,782888,12490,12490,live
1099925087996,782888,12491,12491,live
1099925087997,782888,12492,12492,live
1099925087998,782888,12493,12493,live
1099925087999,782888,12494,12494,live
1099925088000,782888,12495,12495,live
1099925088001,782888,12496,12496,live
1099925088002,782888,12497,12497,live
1099925088003,782888,12498,12498,live
1099925088004,782888,12499,12499,live
1099925088005,782888,12500,12500,live
1099925088006,782888,12501,12501,live
1099925088007,782888,12502,12502,live
1099925088008,782888,12503,12503,live
1099925088009,782888,12504,12504,live
1099925088010,782888,12505,12505,live
1099925088011,782888,12506,12506,live
1099925088012,782888,12507,12507,live
1099925088013,782888,12508,12508,live
1099925088014,782888,12509,12509,live
1099925088015,782888,12510,12510,live
1099925088016,782888,12511,12511,live
1099925088017,782888,12512,12512,live
1099925088018,782888,12513,12513,live
1099925088019,782888,12514,12514,live
1099925088020,782888,12515,12515,live
1099925088021,782888,12516,12516,live
1099925088022,782888,12517,12517,live
1099925088023,782888,12518,12518,live
1099925088024,782888,12519,12519,live
1099925088025,782888,12520,12520,live
1099925088026,782888,12521,12521,live
1099925088027,782888,12522,12522,live
1099925088028,782888,12523,12523,live
1099925088029,782888,12524,12524,live
1099925088030,782888,12525,12525,live
1099925088031,782888,12526,12526,live
1099925088032,782888,12527,12527,live
1099925088033,782888,12528,12528,live
1099925088034,782888,12529,12529,live
1099925088035,782888,12530,12530,live
1099925088036,782888,12531,12531,live
1099925088037,782888,12532,12532,live
1099925088038,782888,12533,12533,live
1099925088039,782888,12534,12534,live
1099925088040,782888,12535,12535,live
1099925088041,782888,12536,12536,live
1099925088042,782888,12537,12537,live
1099925088043,782888,12538,12538,live
1099925088044,782888,12539,12539,live
1099925088045,782888,12540,12540,live
1099925088046,782888,12541,12541,live
1099925088047,782888,12542,12542,live
1099925088048,782888,12543,12543,live
1099925088049,782888,12544,12544,live
1099925088050,782888,12545,12545,live
1099925088051,782888,12546,12546,live
1099925088052,782888,12547,12547,live
1099925088053,782888,12548,12548,live
1099925088054,782888,12549,12549,live
1099925088055,782888,12550,12550,live
1099925088056,782888,12551,12551,live
1099925088057,782888,12552,12552,live
1099925088058,782888,12553,12553,live
1099925088059,782888,12554,12554,live
1099925088060,782888,12555,12555,live
1099925088061,782888,12556,12556,live
1099925088062,782888,12557,12557,live
1099925088063,782888,12558,12558,live
1099925088064,782888,12559,12559,live
1099925088065,782888,12560,12560,live
1099925088066,782888,12561,12561,live
1099925088067,782888,12562,12562,live
1099925088068,782888,12563,12563,live
1099925088069,782888,12564,12564,live
1099925088070,782888,12565,12565,live
1099925088071,782888,12566,12566,live
1099925088072,782888,12567,12567,live
1099925088073,782888,12568,12568,live
1099925088074,782888,12569,12569,live
1099925088075,782888,12570,12570,live
1099925088076,782888,12571,12571,live
1099925088077,782888,12572,12572,live
1099925088078,782888,12573,12573,live
1099925088079,782888,12574,12574,live
1099925088080,782888,12575,12575,live
1099925088081,782888,12576,12576,live
1099925088082,782888,12577,12577,live
1099925088083,782888,12578,12578,live
1099925088084,782888,12579,12579,live
1099925088085,782888,12580,12580,live
1099925088086,782888,12581,12581,live
1099925088087,782888,12582,12582,live
1099925088088,782888,12583,12583,live
1099925088089,782888,12584,12584,live
1099925088090,782888,12585,12585,live
1099925088091,782888,12586,12586,live
1099925088092,782888,12587,12587,live
1099925088093,782888,12588,12588,live
1099925088094,782888,12589,12589,live
1099925088095,782888,12590,12590,live
1099925088096,782888,12591,12591,live
1099925088097,782888,12592,12592,live
1099925088098,782888,12593,12593,live
1099925088099,782888,12594,12594,live
1099925088100,782888,12595,12595,live
1099925088101,782888,12596,12596,live
1099925088102,782888,12597,12597,live
1099925088103,782888,12598,12598,live
1099925088104,782888,12599,12599,live
1099925088105,782888,12600,12600,live
1099925088111,782888,12601,12601,live
1099925088112,782888,12602,12602,live
1099925088113,782888,12603,12603,live
1099925088114,782888,12604,12604,live
1099925088115,782888,12605,12605,live
1099925088116,782888,12606,12606,live
1099925088117,782888,12607,12607,live
1099925088118,782888,12608,12608,live
1099925088119,782888,12609,12609,live
1099925088120,782888,12610,12610,live
1099925088121,782888,12611,12611,live
1099925088122,782888,12612,12612,live
1099925088123,782888,12613,12613,live
1099925088124,782888,12614,12614,live
1099925088125,782888,12615,12615,live
1099925088126,782888,12616,12616,live
1099925088127,782888,12617,12617,live
1099925088128,782888,12618,12618,live
1099925088129,782888,12619,12619,live
1099925088130,782888,12620,12620,live
1099925088131,782888,12621,12621,live
1099925088132,782888,12622,12622,live
1099925088133,782888,12623,12623,live
1099925088134,782888,12624,12624,live
1099925088135,782888,12625,12625,live
1099925088136,782888,12626,12626,live
1099925088137,782888,12627,12627,live
1099925088138,782888,12628,12628,live
1099925088139,782888,12629,12629,live
1099925088140,782888,12630,12630,live
1099925088141,782888,12631,12631,live
1099925088142,782888,12632,12632,live
1099925088143,782888,12633,12633,live
1099925088144,782888,12634,12634,live
1099925088145,782888,12635,12635,live
1099925088146,782888,12636,12636,live
1099925088147,782888,12637,12637,live
1099925088148,782888,12638,12638,live
1099925088149,782888,12639,12639,live
1099925088150,782888,12640,12640,live
1099925088151,782888,12641,12641,live
1099925088152,782888,12642,12642,live
1099925088153,782888,12643,12643,live
1099925088154,782888,12644,12644,live
1099925088155,782888,12645,12645,live
1099925088156,782888,12646,12646,live
1099925088157,782888,12647,12647,live
1099925088158,782888,12648,12648,live
1099925088159,782888,12649,12649,live
1099925088160,782888,12650,12650,live
1099925088161,782888,12651,12651,live
1099925088162,782888,12652,12652,live
1099925088163,782888,12653,12653,live
1099925088164,782888,12654,12654,live
1099925088165,782888,12655,12655,live
1099925088166,782888,12656,12656,live
1099925088167,782888,12657,12657,live
1099925088168,782888,12658,12658,live
1099925088169,782888,12659,12659,live
1099925088170,782888,12660,12660,live
1099925088171,782888,12661,12661,live
1099925088172,782888,12662,12662,live
1099925088173,782888,12663,12663,live
1099925088174,782888,12664,12664,live
1099925088175,782888,12665,12665,live
1099925088176,782888,12666,12666,live
1099925088177,782888,12667,12667,live
1099925088178,782888,12668,12668,live
1099925088179,782888,12669,12669,live
1099925088180,782888,12670,12670,live
1099925088181,782888,12671,12671,live
1099925088182,782888,12672,12672,live
1099925088183,782888,12673,12673,live
1099925088184,782888,12674,12674,live
1099925088185,782888,12675,12675,live
1099925088186,782888,12676,12676,live
1099925088187,782888,12677,12677,live
1099925088188,782888,12678,12678,live
1099925088189,782888,12679,12679,live
1099925088190,782888,12680,12680,live
1099925088191,782888,12681,12681,live
1099925088192,782888,12682,12682,live
1099925088193,782888,12683,12683,live
1099925088194,782888,12684,12684,live
1099925088195,782888,12685,12685,live
1099925088196,782888,12686,12686,live
1099925088197,782888,12687,12687,live
1099925088198,782888,12688,12688,live
1099925088199,782888,12689,12689,live
1099925088200,782888,12690,12690,live
1099925088201,782888,12691,12691,live
1099925088202,782888,12692,12692,live
1099925088203,782888,12693,12693,live
1099925088204,782888,12694,12694,live
1099925088205,782888,12695,12695,live
1099925088206,782888,12696,12696,live
1099925088207,782888,12697,12697,live
1099925088208,782888,12698,12698,live
1099925088209,782888,12699,12699,live
1099925088210,782888,12700,12700,live
1099925088211,782888,12701,12701,live
1099925088212,782888,12702,12702,live
1099925088213,782888,12703,12703,live
1099925088214,782888,12704,12704,live
1099925088215,782888,12705,12705,live
1099925088216,782888,12706,12706,live
1099925088217,782888,12707,12707,live
1099925088218,782888,12708,12708,live
1099925088219,782888,12709,12709,live
1099925088220,782888,12710,12710,live
1099925088221,782888,12711,12711,live
1099925088222,782888,12712,12712,live
1099925088223,782888,12713,12713,live
1099925088224,782888,12714,12714,live
1099925088225,782888,12715,12715,live
1099925088226,782888,12716,12716,live
1099925088227,782888,12717,12717,live
1099925088228,782888,12718,12718,live
1099925088229,782888,12719,12719,live
1099925088230,782888,12720,12720,live
1099925088231,782888,12721,12721,live
1099925088232,782888,12722,12722,live
1099925088233,782888,12723,12723,live
1099925088234,782888,12724,12724,live
1099925088235,782888,12725,12725,live
1099925088236,782888,12726,12726,live
1099925088237,782888,12727,12727,live
1099925088238,782888,12728,12728,live
1099925088239,782888,12729,12729,live
1099925088240,782888,12730,12730,live
1099925088241,782888,12731,12731,live
1099925088242,782888,12732,12732,live
1099925088243,782888,12733,12733,live
1099925088244,782888,12734,12734,live
1099925088245,782888,12735,12735,live
1099925088246,782888,12736,12736,live
1099925088247,782888,12737,12737,live
1099925088248,782888,12738,12738,live
1099925088249,782888,12739,12739,live
1099925088250,782888,12740,12740,live
1099925088251,782888,12741,12741,live
1099925088252,782888,12742,12742,live
1099925088253,782888,12743,12743,live
1099925088254,782888,12744,12744,live
1099925088255,782888,12745,12745,live
1099925088256,782888,12746,12746,live
1099925088257,782888,12747,12747,live
1099925088258,782888,12748,12748,live
1099925088259,782888,12749,12749,live
1099925088260,782888,12750,12750,live
1099925088261,782888,12751,12751,live
1099925088262,782888,12752,12752,live
1099925088263,782888,12753,12753,live
1099925088264,782888,12754,12754,live
1099925088265,782888,12755,12755,live
1099925088266,782888,12756,12756,live
1099925088267,782888,12757,12757,live
1099925088268,782888,12758,12758,live
1099925088269,782888,12759,12759,live
1099925088270,782888,12760,12760,live
1099925088271,782888,12761,12761,live
1099925088272,782888,12762,12762,live
1099925088273,782888,12763,12763,live
1099925088274,782888,12764,12764,live
1099925088275,782888,12765,12765,live
1099925088276,782888,12766,12766,live
1099925088277,782888,12767,12767,live
1099925088278,782888,12768,12768,live
1099925088279,782888,12769,12769,live
1099925088280,782888,12770,12770,live
1099925088281,782888,12771,12771,live
1099925088282,782888,12772,12772,live
1099925088283,782888,12773,12773,live
1099925088284,782888,12774,12774,live
1099925088285,782888,12775,12775,live
1099925088286,782888,12776,12776,live
1099925088287,782888,12777,12777,live
1099925088288,782888,12778,12778,live
1099925088289,782888,12779,12779,live
1099925088290,782888,12780,12780,live
1099925088291,782888,12781,12781,live
1099925088292,782888,12782,12782,live
1099925088293,782888,12783,12783,live
1099925088294,782888,12784,12784,live
1099925088295,782888,12785,12785,live
1099925088296,782888,12786,12786,live
1099925088297,782888,12787,12787,live
1099925088298,782888,12788,12788,live
1099925088299,782888,12789,12789,live
1099925088300,782888,12790,12790,live
1099925088301,782888,12791,12791,live
1099925088302,782888,12792,12792,live
1099925088303,782888,12793,12793,live
1099925088304,782888,12794,12794,live
1099925088305,782888,12795,12795,live
1099925088306,782888,12796,12796,live
1099925088307,782888,12797,12797,live
1099925088308,782888,12798,12798,live
1099925088309,782888,12799,12799,live
1099925088310,782888,12800,12800,live
1099925088323,782888,12801,12801,live
1099925088324,782888,12802,12802,live
1099925088325,782888,12803,12803,live
1099925088326,782888,12804,12804,live
1099925088327,782888,12805,12805,live
1099925088328,782888,12806,12806,live
1099925088329,782888,12807,12807,live
1099925088330,782888,12808,12808,live
1099925088331,782888,12809,12809,live
1099925088332,782888,12810,12810,live
1099925088333,782888,12811,12811,live
1099925088334,782888,12812,12812,live
1099925088335,782888,12813,12813,live
1099925088336,782888,12814,12814,live
1099925088337,782888,12815,12815,live
1099925088338,782888,12816,12816,live
1099925088339,782888,12817,12817,live
1099925088340,782888,12818,12818,live
1099925088341,782888,12819,12819,live
1099925088342,782888,12820,12820,live
1099925088343,782888,12821,12821,live
1099925088344,782888,12822,12822,live
1099925088345,782888,12823,12823,live
1099925088346,782888,12824,12824,live
1099925088347,782888,12825,12825,live
1099925088348,782888,12826,12826,live
1099925088349,782888,12827,12827,live
1099925088350,782888,12828,12828,live
1099925088351,782888,12829,12829,live
1099925088352,782888,12830,12830,live
1099925088353,782888,12831,12831,live
1099925088354,782888,12832,12832,live
1099925088355,782888,12833,12833,live
1099925088356,782888,12834,12834,live
1099925088357,782888,12835,12835,live
1099925088358,782888,12836,12836,live
1099925088359,782888,12837,12837,live
1099925088360,782888,12838,12838,live
1099925088361,782888,12839,12839,live
1099925088362,782888,12840,12840,live
1099925088363,782888,12841,12841,live
1099925088364,782888,12842,12842,live
1099925088365,782888,12843,12843,live
1099925088366,782888,12844,12844,live
1099925088367,782888,12845,12845,live
1099925088368,782888,12846,12846,live
1099925088369,782888,12847,12847,live
1099925088370,782888,12848,12848,live
1099925088371,782888,12849,12849,live
1099925088372,782888,12850,12850,live
1099925088373,782888,12851,12851,live
1099925088374,782888,12852,12852,live
1099925088375,782888,12853,12853,live
1099925088376,782888,12854,12854,live
1099925088377,782888,12855,12855,live
1099925088378,782888,12856,12856,live
1099925088379,782888,12857,12857,live
1099925088380,782888,12858,12858,live
1099925088381,782888,12859,12859,live
1099925088382,782888,12860,12860,live
1099925088383,782888,12861,12861,live
1099925088384,782888,12862,12862,live
1099925088385,782888,12863,12863,live
1099925088386,782888,12864,12864,live
1099925088387,782888,12865,12865,live
1099925088388,782888,12866,12866,live
1099925088389,782888,12867,12867,live
1099925088390,782888,12868,12868,live
1099925088391,782888,12869,12869,live
1099925088392,782888,12870,12870,live
1099925088393,782888,12871,12871,live
1099925088394,782888,12872,12872,live
1099925088395,782888,12873,12873,live
1099925088396,782888,12874,12874,live
1099925088397,782888,12875,12875,live
1099925088398,782888,12876,12876,live
1099925088399,782888,12877,12877,live
1099925088400,782888,12878,12878,live
1099925088401,782888,12879,12879,live
1099925088402,782888,12880,12880,live
1099925088403,782888,12881,12881,live
1099925088404,782888,12882,12882,live
1099925088405,782888,12883,12883,live
1099925088406,782888,12884,12884,live
1099925088407,782888,12885,12885,live
1099925088408,782888,12886,12886,live
1099925088409,782888,12887,12887,live
1099925088410,782888,12888,12888,live
1099925088411,782888,12889,12889,live
1099925088412,782888,12890,12890,live
1099925088413,782888,12891,12891,live
1099925088414,782888,12892,12892,live
1099925088415,782888,12893,12893,live
1099925088416,782888,12894,12894,live
1099925088417,782888,12895,12895,live
1099925088418,782888,12896,12896,live
1099925088419,782888,12897,12897,live
1099925088420,782888,12898,12898,live
1099925088421,782888,12899,12899,live
1099925088422,782888,12900,12900,live
1099925088423,782888,12901,12901,live
1099925088424,782888,12902,12902,live
1099925088425,782888,12903,12903,live
1099925088426,782888,12904,12904,live
1099925088427,782888,12905,12905,live
1099925088428,782888,12906,12906,live
1099925088429,782888,12907,12907,live
1099925088430,782888,12908,12908,live
1099925088431,782888,12909,12909,live
1099925088432,782888,12910,12910,live
1099925088433,782888,12911,12911,live
1099925088434,782888,12912,12912,live
1099925088435,782888,12913,12913,live
1099925088436,782888,12914,12914,live
1099925088437,782888,12915,12915,live
1099925088438,782888,12916,12916,live
1099925088439,782888,12917,12917,live
1099925088440,782888,12918,12918,live
1099925088441,782888,12919,12919,live
1099925088442,782888,12920,12920,live
1099925088443,782888,12921,12921,live
1099925088444,782888,12922,12922,live
1099925088445,782888,12923,12923,live
1099925088446,782888,12924,12924,live
1099925088447,782888,12925,12925,live
1099925088448,782888,12926,12926,live
1099925088449,782888,12927,12927,live
1099925088450,782888,12928,12928,live
1099925088451,782888,12929,12929,live
1099925088452,782888,12930,12930,live
1099925088453,782888,12931,12931,live
1099925088454,782888,12932,12932,live
1099925088455,782888,12933,12933,live
1099925088456,782888,12934,12934,live
1099925088457,782888,12935,12935,live
1099925088458,782888,12936,12936,live
1099925088459,782888,12937,12937,live
1099925088460,782888,12938,12938,live
1099925088461,782888,12939,12939,live
1099925088462,782888,12940,12940,live
1099925088463,782888,12941,12941,live
1099925088464,782888,12942,12942,live
1099925088465,782888,12943,12943,live
1099925088466,782888,12944,12944,live
1099925088467,782888,12945,12945,live
1099925088468,782888,12946,12946,live
1099925088469,782888,12947,12947,live
1099925088470,782888,12948,12948,live
1099925088471,782888,12949,12949,live
1099925088472,782888,12950,12950,live
1099925088473,782888,12951,12951,live
1099925088474,782888,12952,12952,live
1099925088475,782888,12953,12953,live
1099925088476,782888,12954,12954,live
1099925088477,782888,12955,12955,live
1099925088478,782888,12956,12956,live
1099925088479,782888,12957,12957,live
1099925088480,782888,12958,12958,live
1099925088481,782888,12959,12959,live
1099925088482,782888,12960,12960,live
1099925088483,782888,12961,12961,live
1099925088484,782888,12962,12962,live
1099925088485,782888,12963,12963,live
1099925088486,782888,12964,12964,live
1099925088487,782888,12965,12965,live
1099925088488,782888,12966,12966,live
1099925088489,782888,12967,12967,live
1099925088490,782888,12968,12968,live
1099925088491,782888,12969,12969,live
1099925088492,782888,12970,12970,live
1099925088493,782888,12971,12971,live
1099925088494,782888,12972,12972,live
1099925088495,782888,12973,12973,live
1099925088496,782888,12974,12974,live
1099925088497,782888,12975,12975,live
1099925088498,782888,12976,12976,live
1099925088499,782888,12977,12977,live
1099925088500,782888,12978,12978,live
1099925088501,782888,12979,12979,live
1099925088502,782888,12980,12980,live
1099925088503,782888,12981,12981,live
1099925088504,782888,12982,12982,live
1099925088505,782888,12983,12983,live
1099925088506,782888,12984,12984,live
1099925088507,782888,12985,12985,live
1099925088508,782888,12986,12986,live
1099925088509,782888,12987,12987,live
1099925088510,782888,12988,12988,live
1099925088511,782888,12989,12989,live
1099925088512,782888,12990,12990,live
1099925088513,782888,12991,12991,live
1099925088514,782888,12992,12992,live
1099925088515,782888,12993,12993,live
1099925088516,782888,12994,12994,live
1099925088517,782888,12995,12995,live
1099925088518,782888,12996,12996,live
1099925088519,782888,12997,12997,live
1099925088520,782888,12998,12998,live
1099925088521,782888,12999,12999,live
1099925088522,782888,13000,13000,live
1099925088532,782888,13001,13001,live
1099925088533,782888,13002,13002,live
1099925088534,782888,13003,13003,live
1099925088535,782888,13004,13004,live
1099925088536,782888,13005,13005,live
1099925088537,782888,13006,13006,live
1099925088538,782888,13007,13007,live
1099925088539,782888,13008,13008,live
1099925088540,782888,13009,13009,live
1099925088541,782888,13010,13010,live
1099925088542,782888,13011,13011,live
1099925088543,782888,13012,13012,live
1099925088544,782888,13013,13013,live
1099925088545,782888,13014,13014,live
1099925088546,782888,13015,13015,live
1099925088547,782888,13016,13016,live
1099925088548,782888,13017,13017,live
1099925088549,782888,13018,13018,live
1099925088550,782888,13019,13019,live
1099925088551,782888,13020,13020,live
1099925088552,782888,13021,13021,live
1099925088553,782888,13022,13022,live
1099925088554,782888,13023,13023,live
1099925088555,782888,13024,13024,live
1099925088556,782888,13025,13025,live
1099925088557,782888,13026,13026,live
1099925088558,782888,13027,13027,live
1099925088559,782888,13028,13028,live
1099925088560,782888,13029,13029,live
1099925088561,782888,13030,13030,live
1099925088562,782888,13031,13031,live
1099925088563,782888,13032,13032,live
1099925088564,782888,13033,13033,live
1099925088565,782888,13034,13034,live
1099925088566,782888,13035,13035,live
1099925088567,782888,13036,13036,live
1099925088568,782888,13037,13037,live
1099925088569,782888,13038,13038,live
1099925088570,782888,13039,13039,live
1099925088571,782888,13040,13040,live
1099925088572,782888,13041,13041,live
1099925088573,782888,13042,13042,live
1099925088574,782888,13043,13043,live
1099925088575,782888,13044,13044,live
1099925088576,782888,13045,13045,live
1099925088577,782888,13046,13046,live
1099925088578,782888,13047,13047,live
1099925088579,782888,13048,13048,live
1099925088580,782888,13049,13049,live
1099925088581,782888,13050,13050,live
1099925088582,782888,13051,13051,live
1099925088583,782888,13052,13052,live
1099925088584,782888,13053,13053,live
1099925088585,782888,13054,13054,live
1099925088586,782888,13055,13055,live
1099925088587,782888,13056,13056,live
1099925088588,782888,13057,13057,live
1099925088589,782888,13058,13058,live
1099925088590,782888,13059,13059,live
1099925088591,782888,13060,13060,live
1099925088592,782888,13061,13061,live
1099925088593,782888,13062,13062,live
1099925088594,782888,13063,13063,live
1099925088595,782888,13064,13064,live
1099925088596,782888,13065,13065,live
1099925088597,782888,13066,13066,live
1099925088598,782888,13067,13067,live
1099925088599,782888,13068,13068,live
1099925088600,782888,13069,13069,live
1099925088601,782888,13070,13070,live
1099925088602,782888,13071,13071,live
1099925088603,782888,13072,13072,live
1099925088604,782888,13073,13073,live
1099925088605,782888,13074,13074,live
1099925088606,782888,13075,13075,live
1099925088607,782888,13076,13076,live
1099925088608,782888,13077,13077,live
1099925088609,782888,13078,13078,live
1099925088610,782888,13079,13079,live
1099925088611,782888,13080,13080,live
1099925088612,782888,13081,13081,live
1099925088613,782888,13082,13082,live
1099925088614,782888,13083,13083,live
1099925088615,782888,13084,13084,live
1099925088616,782888,13085,13085,live
1099925088617,782888,13086,13086,live
1099925088618,782888,13087,13087,live
1099925088619,782888,13088,13088,live
1099925088620,782888,13089,13089,live
1099925088621,782888,13090,13090,live
1099925088622,782888,13091,13091,live
1099925088623,782888,13092,13092,live
1099925088624,782888,13093,13093,live
1099925088625,782888,13094,13094,live
1099925088626,782888,13095,13095,live
1099925088627,782888,13096,13096,live
1099925088628,782888,13097,13097,live
1099925088629,782888,13098,13098,live
1099925088630,782888,13099,13099,live
1099925088631,782888,13100,13100,live
1099925088632,782888,13101,13101,live
1099925088633,782888,13102,13102,live
1099925088634,782888,13103,13103,live
1099925088635,782888,13104,13104,live
1099925088636,782888,13105,13105,live
1099925088637,782888,13106,13106,live
1099925088638,782888,13107,13107,live
1099925088639,782888,13108,13108,live
1099925088640,782888,13109,13109,live
1099925088641,782888,13110,13110,live
1099925088642,782888,13111,13111,live
1099925088643,782888,13112,13112,live
1099925088644,782888,13113,13113,live
1099925088645,782888,13114,13114,live
1099925088646,782888,13115,13115,live
1099925088647,782888,13116,13116,live
1099925088648,782888,13117,13117,live
1099925088649,782888,13118,13118,live
1099925088650,782888,13119,13119,live
1099925088651,782888,13120,13120,live
1099925088652,782888,13121,13121,live
1099925088653,782888,13122,13122,live
1099925088654,782888,13123,13123,live
1099925088655,782888,13124,13124,live
1099925088656,782888,13125,13125,live
1099925088657,782888,13126,13126,live
1099925088658,782888,13127,13127,live
1099925088659,782888,13128,13128,live
1099925088660,782888,13129,13129,live
1099925088661,782888,13130,13130,live
1099925088662,782888,13131,13131,live
1099925088663,782888,13132,13132,live
1099925088664,782888,13133,13133,live
1099925088665,782888,13134,13134,live
1099925088666,782888,13135,13135,live
1099925088667,782888,13136,13136,live
1099925088668,782888,13137,13137,live
1099925088669,782888,13138,13138,live
1099925088670,782888,13139,13139,live
1099925088671,782888,13140,13140,live
1099925088672,782888,13141,13141,live
1099925088673,782888,13142,13142,live
1099925088674,782888,13143,13143,live
1099925088675,782888,13144,13144,live
1099925088676,782888,13145,13145,live
1099925088677,782888,13146,13146,live
1099925088678,782888,13147,13147,live
1099925088679,782888,13148,13148,live
1099925088680,782888,13149,13149,live
1099925088681,782888,13150,13150,live
1099925088682,782888,13151,13151,live
1099925088683,782888,13152,13152,live
1099925088684,782888,13153,13153,live
1099925088685,782888,13154,13154,live
1099925088686,782888,13155,13155,live
1099925088687,782888,13156,13156,live
1099925088688,782888,13157,13157,live
1099925088689,782888,13158,13158,live
1099925088690,782888,13159,13159,live
1099925088691,782888,13160,13160,live
1099925088692,782888,13161,13161,live
1099925088693,782888,13162,13162,live
1099925088694,782888,13163,13163,live
1099925088695,782888,13164,13164,live
1099925088696,782888,13165,13165,live
1099925088697,782888,13166,13166,live
1099925088698,782888,13167,13167,live
1099925088699,782888,13168,13168,live
1099925088700,782888,13169,13169,live
1099925088701,782888,13170,13170,live
1099925088702,782888,13171,13171,live
1099925088703,782888,13172,13172,live
1099925088704,782888,13173,13173,live
1099925088705,782888,13174,13174,live
1099925088706,782888,13175,13175,live
1099925088707,782888,13176,13176,live
1099925088708,782888,13177,13177,live
1099925088709,782888,13178,13178,live
1099925088710,782888,13179,13179,live
1099925088711,782888,13180,13180,live
1099925088712,782888,13181,13181,live
1099925088713,782888,13182,13182,live
1099925088714,782888,13183,13183,live
1099925088715,782888,13184,13184,live
1099925088716,782888,13185,13185,live
1099925088717,782888,13186,13186,live
1099925088718,782888,13187,13187,live
1099925088719,782888,13188,13188,live
1099925088720,782888,13189,13189,live
1099925088721,782888,13190,13190,live
1099925088722,782888,13191,13191,live
1099925088723,782888,13192,13192,live
1099925088724,782888,13193,13193,live
1099925088725,782888,13194,13194,live
1099925088726,782888,13195,13195,live
1099925088727,782888,13196,13196,live
1099925088728,782888,13197,13197,live
1099925088729,782888,13198,13198,live
1099925088730,782888,13199,13199,live
1099925088731,782888,13200,13200,live
1099925088732,782888,13201,13201,live
1099925088733,782888,13202,13202,live
1099925088734,782888,13203,13203,live
1099925088735,782888,13204,13204,live
1099925088736,782888,13205,13205,live
1099925088737,782888,13206,13206,live
1099925088738,782888,13207,13207,live
1099925088739,782888,13208,13208,live
1099925088740,782888,13209,13209,live
1099925088741,782888,13210,13210,live
1099925088742,782888,13211,13211,live
1099925088743,782888,13212,13212,live
1099925088744,782888,13213,13213,live
1099925088745,782888,13214,13214,live
1099925088746,782888,13215,13215,live
1099925088747,782888,13216,13216,live
1099925088748,782888,13217,13217,live
1099925088749,782888,13218,13218,live
1099925088750,782888,13219,13219,live
1099925088751,782888,13220,13220,live
1099925088752,782888,13221,13221,live
1099925088753,782888,13222,13222,live
1099925088754,782888,13223,13223,live
1099925088755,782888,13224,13224,live
1099925088756,782888,13225,13225,live
1099925088757,782888,13226,13226,live
1099925088758,782888,13227,13227,live
1099925088759,782888,13228,13228,live
1099925088760,782888,13229,13229,live
1099925088761,782888,13230,13230,live
1099925088762,782888,13231,13231,live
1099925088763,782888,13232,13232,live
1099925088764,782888,13233,13233,live
1099925088765,782888,13234,13234,live
1099925088766,782888,13235,13235,live
1099925088767,782888,13236,13236,live
1099925088768,782888,13237,13237,live
1099925088769,782888,13238,13238,live
1099925088770,782888,13239,13239,live
1099925088771,782888,13240,13240,live
1099925088772,782888,13241,13241,live
1099925088773,782888,13242,13242,live
1099925088774,782888,13243,13243,live
1099925088775,782888,13244,13244,live
1099925088776,782888,13245,13245,live
1099925088777,782888,13246,13246,live
1099925088778,782888,13247,13247,live
1099925088779,782888,13248,13248,live
1099925088780,782888,13249,13249,live
1099925088781,782888,13250,13250,live
1099925088782,782888,13251,13251,live
1099925088783,782888,13252,13252,live
1099925088784,782888,13253,13253,live
1099925088785,782888,13254,13254,live
1099925088786,782888,13255,13255,live
1099925088787,782888,13256,13256,live
1099925088788,782888,13257,13257,live
1099925088789,782888,13258,13258,live
1099925088790,782888,13259,13259,live
1099925088791,782888,13260,13260,live
1099925088792,782888,13261,13261,live
1099925088793,782888,13262,13262,live
1099925088794,782888,13263,13263,live
1099925088795,782888,13264,13264,live
1099925088796,782888,13265,13265,live
1099925088797,782888,13266,13266,live
1099925088798,782888,13267,13267,live
1099925088799,782888,13268,13268,live
1099925088800,782888,13269,13269,live
1099925088801,782888,13270,13270,live
1099925088802,782888,13271,13271,live
1099925088803,782888,13272,13272,live
1099925088804,782888,13273,13273,live
1099925088805,782888,13274,13274,live
1099925088806,782888,13275,13275,live
1099925088807,782888,13276,13276,live
1099925088808,782888,13277,13277,live
1099925088809,782888,13278,13278,live
1099925088810,782888,13279,13279,live
1099925088811,782888,13280,13280,live
1099925088812,782888,13281,13281,live
1099925088813,782888,13282,13282,live
1099925088814,782888,13283,13283,live
1099925088815,782888,13284,13284,live
1099925088816,782888,13285,13285,live
1099925088817,782888,13286,13286,live
1099925088818,782888,13287,13287,live
1099925088819,782888,13288,13288,live
1099925088820,782888,13289,13289,live
1099925088821,782888,13290,13290,live
1099925088822,782888,13291,13291,live
1099925088823,782888,13292,13292,live
1099925088824,782888,13293,13293,live
1099925088825,782888,13294,13294,live
1099925088826,782888,13295,13295,live
1099925088827,782888,13296,13296,live
1099925088828,782888,13297,13297,live
1099925088829,782888,13298,13298,live
1099925088830,782888,13299,13299,live
1099925088831,782888,13300,13300,live
1099925088832,782888,13301,13301,live
1099925088833,782888,13302,13302,live
1099925088834,782888,13303,13303,live
1099925088835,782888,13304,13304,live
1099925088836,782888,13305,13305,live
1099925088837,782888,13306,13306,live
1099925088838,782888,13307,13307,live
1099925088839,782888,13308,13308,live
1099925088840,782888,13309,13309,live
1099925088841,782888,13310,13310,live
1099925088842,782888,13311,13311,live
1099925088843,782888,13312,13312,live
1099925088844,782888,13313,13313,live
1099925088845,782888,13314,13314,live
1099925088846,782888,13315,13315,live
1099925088847,782888,13316,13316,live
1099925088848,782888,13317,13317,live
1099925088849,782888,13318,13318,live
1099925088850,782888,13319,13319,live
1099925088851,782888,13320,13320,live
1099925088852,782888,13321,13321,live
1099925088853,782888,13322,13322,live
1099925088854,782888,13323,13323,live
1099925088855,782888,13324,13324,live
1099925088856,782888,13325,13325,live
1099925088857,782888,13326,13326,live
1099925088858,782888,13327,13327,live
1099925088859,782888,13328,13328,live
1099925088860,782888,13329,13329,live
1099925088861,782888,13330,13330,live
1099925088862,782888,13331,13331,live
1099925088863,782888,13332,13332,live
1099925088864,782888,13333,13333,live
1099925088865,782888,13334,13334,live
1099925088866,782888,13335,13335,live
1099925088867,782888,13336,13336,live
1099925088868,782888,13337,13337,live
1099925088869,782888,13338,13338,live
1099925088870,782888,13339,13339,live
1099925088871,782888,13340,13340,live
1099925088872,782888,13341,13341,live
1099925088873,782888,13342,13342,live
1099925088874,782888,13343,13343,live
1099925088875,782888,13344,13344,live
1099925088876,782888,13345,13345,live
1099925088877,782888,13346,13346,live
1099925088878,782888,13347,13347,live
1099925088879,782888,13348,13348,live
1099925088880,782888,13349,13349,live
1099925088881,782888,13350,13350,live
1099925088882,782888,13351,13351,live
1099925088883,782888,13352,13352,live
1099925088884,782888,13353,13353,live
1099925088885,782888,13354,13354,live
1099925088886,782888,13355,13355,live
1099925088887,782888,13356,13356,live
1099925088888,782888,13357,13357,live
1099925088889,782888,13358,13358,live
1099925088890,782888,13359,13359,live
1099925088891,782888,13360,13360,live
1099925088892,782888,13361,13361,live
1099925088893,782888,13362,13362,live
1099925088894,782888,13363,13363,live
1099925088895,782888,13364,13364,live
1099925088896,782888,13365,13365,live
1099925088897,782888,13366,13366,live
1099925088898,782888,13367,13367,live
1099925088899,782888,13368,13368,live
1099925088900,782888,13369,13369,live
1099925088901,782888,13370,13370,live
1099925088902,782888,13371,13371,live
1099925088903,782888,13372,13372,live
1099925088904,782888,13373,13373,live
1099925088905,782888,13374,13374,live
1099925088906,782888,13375,13375,live
1099925088907,782888,13376,13376,live
1099925088908,782888,13377,13377,live
1099925088909,782888,13378,13378,live
1099925088910,782888,13379,13379,live
1099925088911,782888,13380,13380,live
1099925088912,782888,13381,13381,live
1099925088913,782888,13382,13382,live
1099925088914,782888,13383,13383,live
1099925088915,782888,13384,13384,live
1099925088916,782888,13385,13385,live
1099925088917,782888,13386,13386,live
1099925088918,782888,13387,13387,live
1099925088919,782888,13388,13388,live
1099925088920,782888,13389,13389,live
1099925088921,782888,13390,13390,live
1099925088922,782888,13391,13391,live
1099925088923,782888,13392,13392,live
1099925088924,782888,13393,13393,live
1099925088925,782888,13394,13394,live
1099925088926,782888,13395,13395,live
1099925088927,782888,13396,13396,live
1099925088928,782888,13397,13397,live
1099925088929,782888,13398,13398,live
1099925088930,782888,13399,13399,live
1099925088931,782888,13400,13400,live
1099925088932,782888,13401,13401,live
1099925088933,782888,13402,13402,live
1099925088934,782888,13403,13403,live
1099925088935,782888,13404,13404,live
1099925088936,782888,13405,13405,live
1099925088937,782888,13406,13406,live
1099925088938,782888,13407,13407,live
1099925088939,782888,13408,13408,live
1099925088940,782888,13409,13409,live
1099925088941,782888,13410,13410,live
1099925088942,782888,13411,13411,live
1099925088943,782888,13412,13412,live
1099925088944,782888,13413,13413,live
1099925088945,782888,13414,13414,live
1099925088946,782888,13415,13415,live
1099925088947,782888,13416,13416,live
1099925088948,782888,13417,13417,live
1099925088949,782888,13418,13418,live
1099925088950,782888,13419,13419,live
1099925088951,782888,13420,13420,live
1099925088952,782888,13421,13421,live
1099925088953,782888,13422,13422,live
1099925088954,782888,13423,13423,live
1099925088955,782888,13424,13424,live
1099925088956,782888,13425,13425,live
1099925088957,782888,13426,13426,live
1099925088958,782888,13427,13427,live
1099925088959,782888,13428,13428,live
1099925088960,782888,13429,13429,live
1099925088961,782888,13430,13430,live
1099925088962,782888,13431,13431,live
1099925088963,782888,13432,13432,live
1099925088964,782888,13433,13433,live
1099925088965,782888,13434,13434,live
1099925088966,782888,13435,13435,live
1099925088967,782888,13436,13436,live
1099925088968,782888,13437,13437,live
1099925088969,782888,13438,13438,live
1099925088970,782888,13439,13439,live
1099925088971,782888,13440,13440,live
1099925088972,782888,13441,13441,live
1099925088973,782888,13442,13442,live
1099925088974,782888,13443,13443,live
1099925088975,782888,13444,13444,live
1099925088976,782888,13445,13445,live
1099925088977,782888,13446,13446,live
1099925088978,782888,13447,13447,live
1099925088979,782888,13448,13448,live
1099925088980,782888,13449,13449,live
1099925088981,782888,13450,13450,live
1099925088982,782888,13451,13451,live
1099925088983,782888,13452,13452,live
1099925088984,782888,13453,13453,live
1099925088985,782888,13454,13454,live
1099925088986,782888,13455,13455,live
1099925088987,782888,13456,13456,live
1099925088988,782888,13457,13457,live
1099925088989,782888,13458,13458,live
1099925088990,782888,13459,13459,live
1099925088991,782888,13460,13460,live
1099925088992,782888,13461,13461,live
1099925088993,782888,13462,13462,live
1099925088994,782888,13463,13463,live
1099925088995,782888,13464,13464,live
1099925088996,782888,13465,13465,live
1099925088997,782888,13466,13466,live
1099925088998,782888,13467,13467,live
1099925088999,782888,13468,13468,live
1099925089000,782888,13469,13469,live
1099925089001,782888,13470,13470,live
1099925089002,782888,13471,13471,live
1099925089003,782888,13472,13472,live
1099925089004,782888,13473,13473,live
1099925089005,782888,13474,13474,live
1099925089006,782888,13475,13475,live
1099925089007,782888,13476,13476,live
1099925089008,782888,13477,13477,live
1099925089009,782888,13478,13478,live
1099925089010,782888,13479,13479,live
1099925089011,782888,13480,13480,live
1099925089012,782888,13481,13481,live
1099925089013,782888,13482,13482,live
1099925089014,782888,13483,13483,live
1099925089015,782888,13484,13484,live
1099925089016,782888,13485,13485,live
1099925089017,782888,13486,13486,live
1099925089018,782888,13487,13487,live
1099925089019,782888,13488,13488,live
1099925089020,782888,13489,13489,live
1099925089021,782888,13490,13490,live
1099925089022,782888,13491,13491,live
1099925089023,782888,13492,13492,live
1099925089024,782888,13493,13493,live
1099925089025,782888,13494,13494,live
1099925089026,782888,13495,13495,live
1099925089027,782888,13496,13496,live
1099925089028,782888,13497,13497,live
1099925089029,782888,13498,13498,live
1099925089030,782888,13499,13499,live
1099925089031,782888,13500,13500,live
1099925089032,782888,13501,13501,live
1099925089033,782888,13502,13502,live
1099925089034,782888,13503,13503,live
1099925089035,782888,13504,13504,live
1099925089036,782888,13505,13505,live
1099925089037,782888,13506,13506,live
1099925089038,782888,13507,13507,live
1099925089039,782888,13508,13508,live
1099925089040,782888,13509,13509,live
1099925089041,782888,13510,13510,live
1099925089042,782888,13511,13511,live
1099925089043,782888,13512,13512,live
1099925089044,782888,13513,13513,live
1099925089045,782888,13514,13514,live
1099925089046,782888,13515,13515,live
1099925089047,782888,13516,13516,live
1099925089048,782888,13517,13517,live
1099925089049,782888,13518,13518,live
1099925089050,782888,13519,13519,live
1099925089051,782888,13520,13520,live
1099925089052,782888,13521,13521,live
1099925089053,782888,13522,13522,live
1099925089054,782888,13523,13523,live
1099925089055,782888,13524,13524,live
1099925089056,782888,13525,13525,live
1099925089057,782888,13526,13526,live
1099925089058,782888,13527,13527,live
1099925089059,782888,13528,13528,live
1099925089060,782888,13529,13529,live
1099925089061,782888,13530,13530,live
1099925089062,782888,13531,13531,live
1099925089063,782888,13532,13532,live
1099925089064,782888,13533,13533,live
1099925089065,782888,13534,13534,live
1099925089066,782888,13535,13535,live
1099925089067,782888,13536,13536,live
1099925089068,782888,13537,13537,live
1099925089069,782888,13538,13538,live
1099925089070,782888,13539,13539,live
1099925089071,782888,13540,13540,live
1099925089072,782888,13541,13541,live
1099925089073,782888,13542,13542,live
1099925089074,782888,13543,13543,live
1099925089075,782888,13544,13544,live
1099925089076,782888,13545,13545,live
1099925089077,782888,13546,13546,live
1099925089078,782888,13547,13547,live
1099925089079,782888,13548,13548,live
1099925089080,782888,13549,13549,live
1099925089081,782888,13550,13550,live
1099925089082,782888,13551,13551,live
1099925089083,782888,13552,13552,live
1099925089084,782888,13553,13553,live
1099925089085,782888,13554,13554,live
1099925089086,782888,13555,13555,live
1099925089087,782888,13556,13556,live
1099925089088,782888,13557,13557,live
1099925089089,782888,13558,13558,live
1099925089090,782888,13559,13559,live
1099925089091,782888,13560,13560,live
1099925089092,782888,13561,13561,live
1099925089093,782888,13562,13562,live
1099925089094,782888,13563,13563,live
1099925089095,782888,13564,13564,live
1099925089096,782888,13565,13565,live
1099925089097,782888,13566,13566,live
1099925089098,782888,13567,13567,live
1099925089099,782888,13568,13568,live
1099925089100,782888,13569,13569,live
1099925089101,782888,13570,13570,live
1099925089102,782888,13571,13571,live
1099925089103,782888,13572,13572,live
1099925089104,782888,13573,13573,live
1099925089105,782888,13574,13574,live
1099925089106,782888,13575,13575,live
1099925089107,782888,13576,13576,live
1099925089108,782888,13577,13577,live
1099925089109,782888,13578,13578,live
1099925089110,782888,13579,13579,live
1099925089111,782888,13580,13580,live
1099925089112,782888,13581,13581,live
1099925089113,782888,13582,13582,live
1099925089114,782888,13583,13583,live
1099925089115,782888,13584,13584,live
1099925089116,782888,13585,13585,live
1099925089117,782888,13586,13586,live
1099925089118,782888,13587,13587,live
1099925089119,782888,13588,13588,live
1099925089120,782888,13589,13589,live
1099925089121,782888,13590,13590,live
1099925089122,782888,13591,13591,live
1099925089123,782888,13592,13592,live
1099925089124,782888,13593,13593,live
1099925089125,782888,13594,13594,live
1099925089126,782888,13595,13595,live
1099925089127,782888,13596,13596,live
1099925089128,782888,13597,13597,live
1099925089129,782888,13598,13598,live
1099925089130,782888,13599,13599,live
1099925089131,782888,13600,13600,live
1099925089136,782888,13601,13601,live
1099925089137,782888,13602,13602,live
1099925089138,782888,13603,13603,live
1099925089139,782888,13604,13604,live
1099925089140,782888,13605,13605,live
1099925089141,782888,13606,13606,live
1099925089142,782888,13607,13607,live
1099925089143,782888,13608,13608,live
1099925089144,782888,13609,13609,live
1099925089145,782888,13610,13610,live
1099925089146,782888,13611,13611,live
1099925089147,782888,13612,13612,live
1099925089148,782888,13613,13613,live
1099925089149,782888,13614,13614,live
1099925089150,782888,13615,13615,live
1099925089151,782888,13616,13616,live
1099925089152,782888,13617,13617,live
1099925089153,782888,13618,13618,live
1099925089154,782888,13619,13619,live
1099925089155,782888,13620,13620,live
1099925089156,782888,13621,13621,live
1099925089157,782888,13622,13622,live
1099925089158,782888,13623,13623,live
1099925089159,782888,13624,13624,live
1099925089160,782888,13625,13625,live
1099925089161,782888,13626,13626,live
1099925089162,782888,13627,13627,live
1099925089163,782888,13628,13628,live
1099925089164,782888,13629,13629,live
1099925089165,782888,13630,13630,live
1099925089166,782888,13631,13631,live
1099925089167,782888,13632,13632,live
1099925089168,782888,13633,13633,live
1099925089169,782888,13634,13634,live
1099925089170,782888,13635,13635,live
1099925089171,782888,13636,13636,live
1099925089172,782888,13637,13637,live
1099925089173,782888,13638,13638,live
1099925089174,782888,13639,13639,live
1099925089175,782888,13640,13640,live
1099925089176,782888,13641,13641,live
1099925089177,782888,13642,13642,live
1099925089178,782888,13643,13643,live
1099925089179,782888,13644,13644,live
1099925089180,782888,13645,13645,live
1099925089181,782888,13646,13646,live
1099925089182,782888,13647,13647,live
1099925089183,782888,13648,13648,live
1099925089184,782888,13649,13649,live
1099925089185,782888,13650,13650,live
1099925089186,782888,13651,13651,live
1099925089187,782888,13652,13652,live
1099925089188,782888,13653,13653,live
1099925089189,782888,13654,13654,live
1099925089190,782888,13655,13655,live
1099925089191,782888,13656,13656,live
1099925089192,782888,13657,13657,live
1099925089193,782888,13658,13658,live
1099925089194,782888,13659,13659,live
1099925089195,782888,13660,13660,live
1099925089196,782888,13661,13661,live
1099925089197,782888,13662,13662,live
1099925089198,782888,13663,13663,live
1099925089199,782888,13664,13664,live
1099925089200,782888,13665,13665,live
1099925089201,782888,13666,13666,live
1099925089202,782888,13667,13667,live
1099925089203,782888,13668,13668,live
1099925089204,782888,13669,13669,live
1099925089205,782888,13670,13670,live
1099925089206,782888,13671,13671,live
1099925089207,782888,13672,13672,live
1099925089208,782888,13673,13673,live
1099925089209,782888,13674,13674,live
1099925089210,782888,13675,13675,live
1099925089211,782888,13676,13676,live
1099925089212,782888,13677,13677,live
1099925089213,782888,13678,13678,live
1099925089214,782888,13679,13679,live
1099925089215,782888,13680,13680,live
1099925089216,782888,13681,13681,live
1099925089217,782888,13682,13682,live
1099925089218,782888,13683,13683,live
1099925089219,782888,13684,13684,live
1099925089220,782888,13685,13685,live
1099925089221,782888,13686,13686,live
1099925089222,782888,13687,13687,live
1099925089223,782888,13688,13688,live
1099925089224,782888,13689,13689,live
1099925089225,782888,13690,13690,live
1099925089226,782888,13691,13691,live
1099925089227,782888,13692,13692,live
1099925089228,782888,13693,13693,live
1099925089229,782888,13694,13694,live
1099925089230,782888,13695,13695,live
1099925089231,782888,13696,13696,live
1099925089232,782888,13697,13697,live
1099925089233,782888,13698,13698,live
1099925089234,782888,13699,13699,live
1099925089235,782888,13700,13700,live
1099925089236,782888,13701,13701,live
1099925089237,782888,13702,13702,live
1099925089238,782888,13703,13703,live
1099925089239,782888,13704,13704,live
1099925089240,782888,13705,13705,live
1099925089241,782888,13706,13706,live
1099925089242,782888,13707,13707,live
1099925089243,782888,13708,13708,live
1099925089244,782888,13709,13709,live
1099925089245,782888,13710,13710,live
1099925089246,782888,13711,13711,live
1099925089247,782888,13712,13712,live
1099925089248,782888,13713,13713,live
1099925089249,782888,13714,13714,live
1099925089250,782888,13715,13715,live
1099925089251,782888,13716,13716,live
1099925089252,782888,13717,13717,live
1099925089253,782888,13718,13718,live
1099925089254,782888,13719,13719,live
1099925089255,782888,13720,13720,live
1099925089256,782888,13721,13721,live
1099925089257,782888,13722,13722,live
1099925089258,782888,13723,13723,live
1099925089259,782888,13724,13724,live
1099925089260,782888,13725,13725,live
1099925089261,782888,13726,13726,live
1099925089262,782888,13727,13727,live
1099925089263,782888,13728,13728,live
1099925089264,782888,13729,13729,live
1099925089265,782888,13730,13730,live
1099925089266,782888,13731,13731,live
1099925089267,782888,13732,13732,live
1099925089268,782888,13733,13733,live
1099925089269,782888,13734,13734,live
1099925089270,782888,13735,13735,live
1099925089271,782888,13736,13736,live
1099925089272,782888,13737,13737,live
1099925089273,782888,13738,13738,live
1099925089274,782888,13739,13739,live
1099925089275,782888,13740,13740,live
1099925089276,782888,13741,13741,live
1099925089277,782888,13742,13742,live
1099925089278,782888,13743,13743,live
1099925089279,782888,13744,13744,live
1099925089280,782888,13745,13745,live
1099925089281,782888,13746,13746,live
1099925089282,782888,13747,13747,live
1099925089283,782888,13748,13748,live
1099925089284,782888,13749,13749,live
1099925089285,782888,13750,13750,live
1099925089286,782888,13751,13751,live
1099925089287,782888,13752,13752,live
1099925089288,782888,13753,13753,live
1099925089289,782888,13754,13754,live
1099925089290,782888,13755,13755,live
1099925089291,782888,13756,13756,live
1099925089292,782888,13757,13757,live
1099925089293,782888,13758,13758,live
1099925089294,782888,13759,13759,live
1099925089295,782888,13760,13760,live
1099925089296,782888,13761,13761,live
1099925089297,782888,13762,13762,live
1099925089298,782888,13763,13763,live
1099925089299,782888,13764,13764,live
1099925089300,782888,13765,13765,live
1099925089301,782888,13766,13766,live
1099925089302,782888,13767,13767,live
1099925089303,782888,13768,13768,live
1099925089304,782888,13769,13769,live
1099925089305,782888,13770,13770,live
1099925089306,782888,13771,13771,live
1099925089307,782888,13772,13772,live
1099925089308,782888,13773,13773,live
1099925089309,782888,13774,13774,live
1099925089310,782888,13775,13775,live
1099925089311,782888,13776,13776,live
1099925089312,782888,13777,13777,live
1099925089313,782888,13778,13778,live
1099925089314,782888,13779,13779,live
1099925089315,782888,13780,13780,live
1099925089316,782888,13781,13781,live
1099925089317,782888,13782,13782,live
1099925089318,782888,13783,13783,live
1099925089319,782888,13784,13784,live
1099925089320,782888,13785,13785,live
1099925089321,782888,13786,13786,live
1099925089322,782888,13787,13787,live
1099925089323,782888,13788,13788,live
1099925089324,782888,13789,13789,live
1099925089325,782888,13790,13790,live
1099925089326,782888,13791,13791,live
1099925089327,782888,13792,13792,live
1099925089328,782888,13793,13793,live
1099925089329,782888,13794,13794,live
1099925089330,782888,13795,13795,live
1099925089331,782888,13796,13796,live
1099925089332,782888,13797,13797,live
1099925089333,782888,13798,13798,live
1099925089334,782888,13799,13799,live
1099925089335,782888,13800,13800,live
1099925089347,782888,13801,13801,live
1099925089348,782888,13802,13802,live
1099925089349,782888,13803,13803,live
1099925089350,782888,13804,13804,live
1099925089351,782888,13805,13805,live
1099925089352,782888,13806,13806,live
1099925089353,782888,13807,13807,live
1099925089354,782888,13808,13808,live
1099925089355,782888,13809,13809,live
1099925089356,782888,13810,13810,live
1099925089357,782888,13811,13811,live
1099925089358,782888,13812,13812,live
1099925089359,782888,13813,13813,live
1099925089360,782888,13814,13814,live
1099925089361,782888,13815,13815,live
1099925089362,782888,13816,13816,live
1099925089363,782888,13817,13817,live
1099925089364,782888,13818,13818,live
1099925089365,782888,13819,13819,live
1099925089366,782888,13820,13820,live
1099925089367,782888,13821,13821,live
1099925089368,782888,13822,13822,live
1099925089369,782888,13823,13823,live
1099925089370,782888,13824,13824,live
1099925089371,782888,13825,13825,live
1099925089372,782888,13826,13826,live
1099925089373,782888,13827,13827,live
1099925089374,782888,13828,13828,live
1099925089375,782888,13829,13829,live
1099925089376,782888,13830,13830,live
1099925089377,782888,13831,13831,live
1099925089378,782888,13832,13832,live
1099925089379,782888,13833,13833,live
1099925089380,782888,13834,13834,live
1099925089381,782888,13835,13835,live
1099925089382,782888,13836,13836,live
1099925089383,782888,13837,13837,live
1099925089384,782888,13838,13838,live
1099925089385,782888,13839,13839,live
1099925089386,782888,13840,13840,live
1099925089387,782888,13841,13841,live
1099925089388,782888,13842,13842,live
1099925089389,782888,13843,13843,live
1099925089390,782888,13844,13844,live
1099925089391,782888,13845,13845,live
1099925089392,782888,13846,13846,live
1099925089393,782888,13847,13847,live
1099925089394,782888,13848,13848,live
1099925089395,782888,13849,13849,live
1099925089396,782888,13850,13850,live
1099925089397,782888,13851,13851,live
1099925089398,782888,13852,13852,live
1099925089399,782888,13853,13853,live
1099925089400,782888,13854,13854,live
1099925089401,782888,13855,13855,live
1099925089402,782888,13856,13856,live
1099925089403,782888,13857,13857,live
1099925089404,782888,13858,13858,live
1099925089405,782888,13859,13859,live
1099925089406,782888,13860,13860,live
1099925089407,782888,13861,13861,live
1099925089408,782888,13862,13862,live
1099925089409,782888,13863,13863,live
1099925089410,782888,13864,13864,live
1099925089411,782888,13865,13865,live
1099925089412,782888,13866,13866,live
1099925089413,782888,13867,13867,live
1099925089414,782888,13868,13868,live
1099925089415,782888,13869,13869,live
1099925089416,782888,13870,13870,live
1099925089417,782888,13871,13871,live
1099925089418,782888,13872,13872,live
1099925089419,782888,13873,13873,live
1099925089420,782888,13874,13874,live
1099925089421,782888,13875,13875,live
1099925089422,782888,13876,13876,live
1099925089423,782888,13877,13877,live
1099925089424,782888,13878,13878,live
1099925089425,782888,13879,13879,live
1099925089426,782888,13880,13880,live
1099925089427,782888,13881,13881,live
1099925089428,782888,13882,13882,live
1099925089429,782888,13883,13883,live
1099925089430,782888,13884,13884,live
1099925089431,782888,13885,13885,live
1099925089432,782888,13886,13886,live
1099925089433,782888,13887,13887,live
1099925089434,782888,13888,13888,live
1099925089435,782888,13889,13889,live
1099925089436,782888,13890,13890,live
1099925089437,782888,13891,13891,live
1099925089438,782888,13892,13892,live
1099925089439,782888,13893,13893,live
1099925089440,782888,13894,13894,live
1099925089441,782888,13895,13895,live
1099925089442,782888,13896,13896,live
1099925089443,782888,13897,13897,live
1099925089444,782888,13898,13898,live
1099925089445,782888,13899,13899,live
1099925089446,782888,13900,13900,live
1099925089447,782888,13901,13901,live
1099925089448,782888,13902,13902,live
1099925089449,782888,13903,13903,live
1099925089450,782888,13904,13904,live
1099925089451,782888,13905,13905,live
1099925089452,782888,13906,13906,live
1099925089453,782888,13907,13907,live
1099925089454,782888,13908,13908,live
1099925089455,782888,13909,13909,live
1099925089456,782888,13910,13910,live
1099925089457,782888,13911,13911,live
1099925089458,782888,13912,13912,live
1099925089459,782888,13913,13913,live
1099925089460,782888,13914,13914,live
1099925089461,782888,13915,13915,live
1099925089462,782888,13916,13916,live
1099925089463,782888,13917,13917,live
1099925089464,782888,13918,13918,live
1099925089465,782888,13919,13919,live
1099925089466,782888,13920,13920,live
1099925089467,782888,13921,13921,live
1099925089468,782888,13922,13922,live
1099925089469,782888,13923,13923,live
1099925089470,782888,13924,13924,live
1099925089471,782888,13925,13925,live
1099925089472,782888,13926,13926,live
1099925089473,782888,13927,13927,live
1099925089474,782888,13928,13928,live
1099925089475,782888,13929,13929,live
1099925089476,782888,13930,13930,live
1099925089477,782888,13931,13931,live
1099925089478,782888,13932,13932,live
1099925089479,782888,13933,13933,live
1099925089480,782888,13934,13934,live
1099925089481,782888,13935,13935,live
1099925089482,782888,13936,13936,live
1099925089483,782888,13937,13937,live
1099925089484,782888,13938,13938,live
1099925089485,782888,13939,13939,live
1099925089486,782888,13940,13940,live
1099925089487,782888,13941,13941,live
1099925089488,782888,13942,13942,live
1099925089489,782888,13943,13943,live
1099925089490,782888,13944,13944,live
1099925089491,782888,13945,13945,live
1099925089492,782888,13946,13946,live
1099925089493,782888,13947,13947,live
1099925089494,782888,13948,13948,live
1099925089495,782888,13949,13949,live
1099925089496,782888,13950,13950,live
1099925089497,782888,13951,13951,live
1099925089498,782888,13952,13952,live
1099925089499,782888,13953,13953,live
1099925089500,782888,13954,13954,live
1099925089501,782888,13955,13955,live
1099925089502,782888,13956,13956,live
1099925089503,782888,13957,13957,live
1099925089504,782888,13958,13958,live
1099925089505,782888,13959,13959,live
1099925089506,782888,13960,13960,live
1099925089507,782888,13961,13961,live
1099925089508,782888,13962,13962,live
1099925089509,782888,13963,13963,live
1099925089510,782888,13964,13964,live
1099925089511,782888,13965,13965,live
1099925089512,782888,13966,13966,live
1099925089513,782888,13967,13967,live
1099925089514,782888,13968,13968,live
1099925089515,782888,13969,13969,live
1099925089516,782888,13970,13970,live
1099925089517,782888,13971,13971,live
1099925089518,782888,13972,13972,live
1099925089519,782888,13973,13973,live
1099925089520,782888,13974,13974,live
1099925089521,782888,13975,13975,live
1099925089522,782888,13976,13976,live
1099925089523,782888,13977,13977,live
1099925089524,782888,13978,13978,live
1099925089525,782888,13979,13979,live
1099925089526,782888,13980,13980,live
1099925089527,782888,13981,13981,live
1099925089528,782888,13982,13982,live
1099925089529,782888,13983,13983,live
1099925089530,782888,13984,13984,live
1099925089531,782888,13985,13985,live
1099925089532,782888,13986,13986,live
1099925089533,782888,13987,13987,live
1099925089534,782888,13988,13988,live
1099925089535,782888,13989,13989,live
1099925089536,782888,13990,13990,live
1099925089537,782888,13991,13991,live
1099925089538,782888,13992,13992,live
1099925089539,782888,13993,13993,live
1099925089540,782888,13994,13994,live
1099925089541,782888,13995,13995,live
1099925089542,782888,13996,13996,live
1099925089543,782888,13997,13997,live
1099925089544,782888,13998,13998,live
1099925089545,782888,13999,13999,live
1099925089546,782888,14000,14000,live
1099925089547,782888,14001,14001,live
1099925089548,782888,14002,14002,live
1099925089549,782888,14003,14003,live
1099925089550,782888,14004,14004,live
1099925089551,782888,14005,14005,live
1099925089552,782888,14006,14006,live
1099925089553,782888,14007,14007,live
1099925089554,782888,14008,14008,live
1099925089555,782888,14009,14009,live
1099925089556,782888,14010,14010,live
1099925089557,782888,14011,14011,live
1099925089558,782888,14012,14012,live
1099925089559,782888,14013,14013,live
1099925089560,782888,14014,14014,live
1099925089561,782888,14015,14015,live
1099925089562,782888,14016,14016,live
1099925089563,782888,14017,14017,live
1099925089564,782888,14018,14018,live
1099925089565,782888,14019,14019,live
1099925089566,782888,14020,14020,live
1099925089567,782888,14021,14021,live
1099925089568,782888,14022,14022,live
1099925089569,782888,14023,14023,live
1099925089570,782888,14024,14024,live
1099925089571,782888,14025,14025,live
1099925089572,782888,14026,14026,live
1099925089573,782888,14027,14027,live
1099925089574,782888,14028,14028,live
1099925089575,782888,14029,14029,live
1099925089576,782888,14030,14030,live
1099925089577,782888,14031,14031,live
1099925089578,782888,14032,14032,live
1099925089579,782888,14033,14033,live
1099925089580,782888,14034,14034,live
1099925089581,782888,14035,14035,live
1099925089582,782888,14036,14036,live
1099925089583,782888,14037,14037,live
1099925089584,782888,14038,14038,live
1099925089585,782888,14039,14039,live
1099925089586,782888,14040,14040,live
1099925089587,782888,14041,14041,live
1099925089588,782888,14042,14042,live
1099925089589,782888,14043,14043,live
1099925089590,782888,14044,14044,live
1099925089591,782888,14045,14045,live
1099925089592,782888,14046,14046,live
1099925089593,782888,14047,14047,live
1099925089594,782888,14048,14048,live
1099925089595,782888,14049,14049,live
1099925089596,782888,14050,14050,live
1099925089597,782888,14051,14051,live
1099925089598,782888,14052,14052,live
1099925089599,782888,14053,14053,live
1099925089600,782888,14054,14054,live
1099925089601,782888,14055,14055,live
1099925089602,782888,14056,14056,live
1099925089603,782888,14057,14057,live
1099925089604,782888,14058,14058,live
1099925089605,782888,14059,14059,live
1099925089606,782888,14060,14060,live
1099925089607,782888,14061,14061,live
1099925089608,782888,14062,14062,live
1099925089609,782888,14063,14063,live
1099925089610,782888,14064,14064,live
1099925089611,782888,14065,14065,live
1099925089612,782888,14066,14066,live
1099925089613,782888,14067,14067,live
1099925089614,782888,14068,14068,live
1099925089615,782888,14069,14069,live
1099925089616,782888,14070,14070,live
1099925089617,782888,14071,14071,live
1099925089618,782888,14072,14072,live
1099925089619,782888,14073,14073,live
1099925089620,782888,14074,14074,live
1099925089621,782888,14075,14075,live
1099925089622,782888,14076,14076,live
1099925089623,782888,14077,14077,live
1099925089624,782888,14078,14078,live
1099925089625,782888,14079,14079,live
1099925089626,782888,14080,14080,live
1099925089627,782888,14081,14081,live
1099925089628,782888,14082,14082,live
1099925089629,782888,14083,14083,live
1099925089630,782888,14084,14084,live
1099925089631,782888,14085,14085,live
1099925089632,782888,14086,14086,live
1099925089633,782888,14087,14087,live
1099925089634,782888,14088,14088,live
1099925089635,782888,14089,14089,live
1099925089636,782888,14090,14090,live
1099925089637,782888,14091,14091,live
1099925089638,782888,14092,14092,live
1099925089639,782888,14093,14093,live
1099925089640,782888,14094,14094,live
1099925089641,782888,14095,14095,live
1099925089642,782888,14096,14096,live
1099925089643,782888,14097,14097,live
1099925089644,782888,14098,14098,live
1099925089645,782888,14099,14099,live
1099925089646,782888,14100,14100,live
1099925089647,782888,14101,14101,live
1099925089648,782888,14102,14102,live
1099925089649,782888,14103,14103,live
1099925089650,782888,14104,14104,live
1099925089651,782888,14105,14105,live
1099925089652,782888,14106,14106,live
1099925089653,782888,14107,14107,live
1099925089654,782888,14108,14108,live
1099925089655,782888,14109,14109,live
1099925089656,782888,14110,14110,live
1099925089657,782888,14111,14111,live
1099925089658,782888,14112,14112,live
1099925089659,782888,14113,14113,live
1099925089660,782888,14114,14114,live
1099925089661,782888,14115,14115,live
1099925089662,782888,14116,14116,live
1099925089663,782888,14117,14117,live
1099925089664,782888,14118,14118,live
1099925089665,782888,14119,14119,live
1099925089666,782888,14120,14120,live
1099925089667,782888,14121,14121,live
1099925089668,782888,14122,14122,live
1099925089669,782888,14123,14123,live
1099925089670,782888,14124,14124,live
1099925089671,782888,14125,14125,live
1099925089672,782888,14126,14126,live
1099925089673,782888,14127,14127,live
1099925089674,782888,14128,14128,live
1099925089675,782888,14129,14129,live
1099925089676,782888,14130,14130,live
1099925089677,782888,14131,14131,live
1099925089678,782888,14132,14132,live
1099925089679,782888,14133,14133,live
1099925089680,782888,14134,14134,live
1099925089681,782888,14135,14135,live
1099925089682,782888,14136,14136,live
1099925089683,782888,14137,14137,live
1099925089684,782888,14138,14138,live
1099925089685,782888,14139,14139,live
1099925089686,782888,14140,14140,live
1099925089687,782888,14141,14141,live
1099925089688,782888,14142,14142,live
1099925089689,782888,14143,14143,live
1099925089690,782888,14144,14144,live
1099925089691,782888,14145,14145,live
1099925089692,782888,14146,14146,live
1099925089693,782888,14147,14147,live
1099925089694,782888,14148,14148,live
1099925089695,782888,14149,14149,live
1099925089696,782888,14150,14150,live
1099925089697,782888,14151,14151,live
1099925089698,782888,14152,14152,live
1099925089699,782888,14153,14153,live
1099925089700,782888,14154,14154,live
1099925089701,782888,14155,14155,live
1099925089702,782888,14156,14156,live
1099925089703,782888,14157,14157,live
1099925089704,782888,14158,14158,live
1099925089705,782888,14159,14159,live
1099925089706,782888,14160,14160,live
1099925089707,782888,14161,14161,live
1099925089708,782888,14162,14162,live
1099925089709,782888,14163,14163,live
1099925089710,782888,14164,14164,live
1099925089711,782888,14165,14165,live
1099925089712,782888,14166,14166,live
1099925089713,782888,14167,14167,live
1099925089714,782888,14168,14168,live
1099925089715,782888,14169,14169,live
1099925089716,782888,14170,14170,live
1099925089717,782888,14171,14171,live
1099925089718,782888,14172,14172,live
1099925089719,782888,14173,14173,live
1099925089720,782888,14174,14174,live
1099925089721,782888,14175,14175,live
1099925089722,782888,14176,14176,live
1099925089723,782888,14177,14177,live
1099925089724,782888,14178,14178,live
1099925089725,782888,14179,14179,live
1099925089726,782888,14180,14180,live
1099925089727,782888,14181,14181,live
1099925089728,782888,14182,14182,live
1099925089729,782888,14183,14183,live
1099925089730,782888,14184,14184,live
1099925089731,782888,14185,14185,live
1099925089732,782888,14186,14186,live
1099925089733,782888,14187,14187,live
1099925089734,782888,14188,14188,live
1099925089735,782888,14189,14189,live
1099925089736,782888,14190,14190,live
1099925089737,782888,14191,14191,live
1099925089738,782888,14192,14192,live
1099925089739,782888,14193,14193,live
1099925089740,782888,14194,14194,live
1099925089741,782888,14195,14195,live
1099925089742,782888,14196,14196,live
1099925089743,782888,14197,14197,live
1099925089744,782888,14198,14198,live
1099925089745,782888,14199,14199,live
1099925089746,782888,14200,14200,live
1099925089750,782888,14201,14201,live
1099925089751,782888,14202,14202,live
1099925089752,782888,14203,14203,live
1099925089753,782888,14204,14204,live
1099925089754,782888,14205,14205,live
1099925089755,782888,14206,14206,live
1099925089756,782888,14207,14207,live
1099925089757,782888,14208,14208,live
1099925089758,782888,14209,14209,live
1099925089759,782888,14210,14210,live
1099925089760,782888,14211,14211,live
1099925089761,782888,14212,14212,live
1099925089762,782888,14213,14213,live
1099925089763,782888,14214,14214,live
1099925089764,782888,14215,14215,live
1099925089765,782888,14216,14216,live
1099925089766,782888,14217,14217,live
1099925089767,782888,14218,14218,live
1099925089768,782888,14219,14219,live
1099925089769,782888,14220,14220,live
1099925089770,782888,14221,14221,live
1099925089771,782888,14222,14222,live
1099925089772,782888,14223,14223,live
1099925089773,782888,14224,14224,live
1099925089774,782888,14225,14225,live
1099925089775,782888,14226,14226,live
1099925089776,782888,14227,14227,live
1099925089777,782888,14228,14228,live
1099925089778,782888,14229,14229,live
1099925089779,782888,14230,14230,live
1099925089780,782888,14231,14231,live
1099925089781,782888,14232,14232,live
1099925089782,782888,14233,14233,live
1099925089783,782888,14234,14234,live
1099925089784,782888,14235,14235,live
1099925089785,782888,14236,14236,live
1099925089786,782888,14237,14237,live
1099925089787,782888,14238,14238,live
1099925089788,782888,14239,14239,live
1099925089789,782888,14240,14240,live
1099925089790,782888,14241,14241,live
1099925089791,782888,14242,14242,live
1099925089792,782888,14243,14243,live
1099925089793,782888,14244,14244,live
1099925089794,782888,14245,14245,live
1099925089795,782888,14246,14246,live
1099925089796,782888,14247,14247,live
1099925089797,782888,14248,14248,live
1099925089798,782888,14249,14249,live
1099925089799,782888,14250,14250,live
1099925089800,782888,14251,14251,live
1099925089801,782888,14252,14252,live
1099925089802,782888,14253,14253,live
1099925089803,782888,14254,14254,live
1099925089804,782888,14255,14255,live
1099925089805,782888,14256,14256,live
1099925089806,782888,14257,14257,live
1099925089807,782888,14258,14258,live
1099925089808,782888,14259,14259,live
1099925089809,782888,14260,14260,live
1099925089810,782888,14261,14261,live
1099925089811,782888,14262,14262,live
1099925089812,782888,14263,14263,live
1099925089813,782888,14264,14264,live
1099925089814,782888,14265,14265,live
1099925089815,782888,14266,14266,live
1099925089816,782888,14267,14267,live
1099925089817,782888,14268,14268,live
1099925089818,782888,14269,14269,live
1099925089819,782888,14270,14270,live
1099925089820,782888,14271,14271,live
1099925089821,782888,14272,14272,live
1099925089822,782888,14273,14273,live
1099925089823,782888,14274,14274,live
1099925089824,782888,14275,14275,live
1099925089825,782888,14276,14276,live
1099925089826,782888,14277,14277,live
1099925089827,782888,14278,14278,live
1099925089828,782888,14279,14279,live
1099925089829,782888,14280,14280,live
1099925089830,782888,14281,14281,live
1099925089831,782888,14282,14282,live
1099925089832,782888,14283,14283,live
1099925089833,782888,14284,14284,live
1099925089834,782888,14285,14285,live
1099925089835,782888,14286,14286,live
1099925089836,782888,14287,14287,live
1099925089837,782888,14288,14288,live
1099925089838,782888,14289,14289,live
1099925089839,782888,14290,14290,live
1099925089840,782888,14291,14291,live
1099925089841,782888,14292,14292,live
1099925089842,782888,14293,14293,live
1099925089843,782888,14294,14294,live
1099925089844,782888,14295,14295,live
1099925089845,782888,14296,14296,live
1099925089846,782888,14297,14297,live
1099925089847,782888,14298,14298,live
1099925089848,782888,14299,14299,live
1099925089849,782888,14300,14300,live
1099925089850,782888,14301,14301,live
1099925089851,782888,14302,14302,live
1099925089852,782888,14303,14303,live
1099925089853,782888,14304,14304,live
1099925089854,782888,14305,14305,live
1099925089855,782888,14306,14306,live
1099925089856,782888,14307,14307,live
1099925089857,782888,14308,14308,live
1099925089858,782888,14309,14309,live
1099925089859,782888,14310,14310,live
1099925089860,782888,14311,14311,live
1099925089861,782888,14312,14312,live
1099925089862,782888,14313,14313,live
1099925089863,782888,14314,14314,live
1099925089864,782888,14315,14315,live
1099925089865,782888,14316,14316,live
1099925089866,782888,14317,14317,live
1099925089867,782888,14318,14318,live
1099925089868,782888,14319,14319,live
1099925089869,782888,14320,14320,live
1099925089870,782888,14321,14321,live
1099925089871,782888,14322,14322,live
1099925089872,782888,14323,14323,live
1099925089873,782888,14324,14324,live
1099925089874,782888,14325,14325,live
1099925089875,782888,14326,14326,live
1099925089876,782888,14327,14327,live
1099925089877,782888,14328,14328,live
1099925089878,782888,14329,14329,live
1099925089879,782888,14330,14330,live
1099925089880,782888,14331,14331,live
1099925089881,782888,14332,14332,live
1099925089882,782888,14333,14333,live
1099925089883,782888,14334,14334,live
1099925089884,782888,14335,14335,live
1099925089885,782888,14336,14336,live
1099925089886,782888,14337,14337,live
1099925089887,782888,14338,14338,live
1099925089888,782888,14339,14339,live
1099925089889,782888,14340,14340,live
1099925089890,782888,14341,14341,live
1099925089891,782888,14342,14342,live
1099925089892,782888,14343,14343,live
1099925089893,782888,14344,14344,live
1099925089894,782888,14345,14345,live
1099925089895,782888,14346,14346,live
1099925089896,782888,14347,14347,live
1099925089897,782888,14348,14348,live
1099925089898,782888,14349,14349,live
1099925089899,782888,14350,14350,live
1099925089900,782888,14351,14351,live
1099925089901,782888,14352,14352,live
1099925089902,782888,14353,14353,live
1099925089903,782888,14354,14354,live
1099925089904,782888,14355,14355,live
1099925089905,782888,14356,14356,live
1099925089906,782888,14357,14357,live
1099925089907,782888,14358,14358,live
1099925089908,782888,14359,14359,live
1099925089909,782888,14360,14360,live
1099925089910,782888,14361,14361,live
1099925089911,782888,14362,14362,live
1099925089912,782888,14363,14363,live
1099925089913,782888,14364,14364,live
1099925089914,782888,14365,14365,live
1099925089915,782888,14366,14366,live
1099925089916,782888,14367,14367,live
1099925089917,782888,14368,14368,live
1099925089918,782888,14369,14369,live
1099925089919,782888,14370,14370,live
1099925089920,782888,14371,14371,live
1099925089921,782888,14372,14372,live
1099925089922,782888,14373,14373,live
1099925089923,782888,14374,14374,live
1099925089924,782888,14375,14375,live
1099925089925,782888,14376,14376,live
1099925089926,782888,14377,14377,live
1099925089927,782888,14378,14378,live
1099925089928,782888,14379,14379,live
1099925089929,782888,14380,14380,live
1099925089930,782888,14381,14381,live
1099925089931,782888,14382,14382,live
1099925089932,782888,14383,14383,live
1099925089933,782888,14384,14384,live
1099925089934,782888,14385,14385,live
1099925089935,782888,14386,14386,live
1099925089936,782888,14387,14387,live
1099925089937,782888,14388,14388,live
1099925089938,782888,14389,14389,live
1099925089939,782888,14390,14390,live
1099925089940,782888,14391,14391,live
1099925089941,782888,14392,14392,live
1099925089942,782888,14393,14393,live
1099925089943,782888,14394,14394,live
1099925089944,782888,14395,14395,live
1099925089945,782888,14396,14396,live
1099925089946,782888,14397,14397,live
1099925089947,782888,14398,14398,live
1099925089948,782888,14399,14399,live
1099925089949,782888,14400,14400,live
1099925089953,782888,14401,14401,live
1099925089954,782888,14402,14402,live
1099925089955,782888,14403,14403,live
1099925089956,782888,14404,14404,live
1099925089957,782888,14405,14405,live
1099925089958,782888,14406,14406,live
1099925089959,782888,14407,14407,live
1099925089960,782888,14408,14408,live
1099925089961,782888,14409,14409,live
1099925089962,782888,14410,14410,live
1099925089963,782888,14411,14411,live
1099925089964,782888,14412,14412,live
1099925089965,782888,14413,14413,live
1099925089966,782888,14414,14414,live
1099925089967,782888,14415,14415,live
1099925089968,782888,14416,14416,live
1099925089969,782888,14417,14417,live
1099925089970,782888,14418,14418,live
1099925089971,782888,14419,14419,live
1099925089972,782888,14420,14420,live
1099925089973,782888,14421,14421,live
1099925089974,782888,14422,14422,live
1099925089975,782888,14423,14423,live
1099925089976,782888,14424,14424,live
1099925089977,782888,14425,14425,live
1099925089978,782888,14426,14426,live
1099925089979,782888,14427,14427,live
1099925089980,782888,14428,14428,live
1099925089981,782888,14429,14429,live
1099925089982,782888,14430,14430,live
1099925089983,782888,14431,14431,live
1099925089984,782888,14432,14432,live
1099925089985,782888,14433,14433,live
1099925089986,782888,14434,14434,live
1099925089987,782888,14435,14435,live
1099925089988,782888,14436,14436,live
1099925089989,782888,14437,14437,live
1099925089990,782888,14438,14438,live
1099925089991,782888,14439,14439,live
1099925089992,782888,14440,14440,live
1099925089993,782888,14441,14441,live
1099925089994,782888,14442,14442,live
1099925089995,782888,14443,14443,live
1099925089996,782888,14444,14444,live
1099925089997,782888,14445,14445,live
1099925089998,782888,14446,14446,live
1099925089999,782888,14447,14447,live
1099925090000,782888,14448,14448,live
1099925090001,782888,14449,14449,live
1099925090002,782888,14450,14450,live
1099925090003,782888,14451,14451,live
1099925090004,782888,14452,14452,live
1099925090005,782888,14453,14453,live
1099925090006,782888,14454,14454,live
1099925090007,782888,14455,14455,live
1099925090008,782888,14456,14456,live
1099925090009,782888,14457,14457,live
1099925090010,782888,14458,14458,live
1099925090011,782888,14459,14459,live
1099925090012,782888,14460,14460,live
1099925090013,782888,14461,14461,live
1099925090014,782888,14462,14462,live
1099925090015,782888,14463,14463,live
1099925090016,782888,14464,14464,live
1099925090017,782888,14465,14465,live
1099925090018,782888,14466,14466,live
1099925090019,782888,14467,14467,live
1099925090020,782888,14468,14468,live
1099925090021,782888,14469,14469,live
1099925090022,782888,14470,14470,live
1099925090023,782888,14471,14471,live
1099925090024,782888,14472,14472,live
1099925090025,782888,14473,14473,live
1099925090026,782888,14474,14474,live
1099925090027,782888,14475,14475,live
1099925090028,782888,14476,14476,live
1099925090029,782888,14477,14477,live
1099925090030,782888,14478,14478,live
1099925090031,782888,14479,14479,live
1099925090032,782888,14480,14480,live
1099925090033,782888,14481,14481,live
1099925090034,782888,14482,14482,live
1099925090035,782888,14483,14483,live
1099925090036,782888,14484,14484,live
1099925090037,782888,14485,14485,live
1099925090038,782888,14486,14486,live
1099925090039,782888,14487,14487,live
1099925090040,782888,14488,14488,live
1099925090041,782888,14489,14489,live
1099925090042,782888,14490,14490,live
1099925090043,782888,14491,14491,live
1099925090044,782888,14492,14492,live
1099925090045,782888,14493,14493,live
1099925090046,782888,14494,14494,live
1099925090047,782888,14495,14495,live
1099925090048,782888,14496,14496,live
1099925090049,782888,14497,14497,live
1099925090050,782888,14498,14498,live
1099925090051,782888,14499,14499,live
1099925090052,782888,14500,14500,live
1099925090053,782888,14501,14501,live
1099925090054,782888,14502,14502,live
1099925090055,782888,14503,14503,live
1099925090056,782888,14504,14504,live
1099925090057,782888,14505,14505,live
1099925090058,782888,14506,14506,live
1099925090059,782888,14507,14507,live
1099925090060,782888,14508,14508,live
1099925090061,782888,14509,14509,live
1099925090062,782888,14510,14510,live
1099925090063,782888,14511,14511,live
1099925090064,782888,14512,14512,live
1099925090065,782888,14513,14513,live
1099925090066,782888,14514,14514,live
1099925090067,782888,14515,14515,live
1099925090068,782888,14516,14516,live
1099925090069,782888,14517,14517,live
1099925090070,782888,14518,14518,live
1099925090071,782888,14519,14519,live
1099925090072,782888,14520,14520,live
1099925090073,782888,14521,14521,live
1099925090074,782888,14522,14522,live
1099925090075,782888,14523,14523,live
1099925090076,782888,14524,14524,live
1099925090077,782888,14525,14525,live
1099925090078,782888,14526,14526,live
1099925090079,782888,14527,14527,live
1099925090080,782888,14528,14528,live
1099925090081,782888,14529,14529,live
1099925090082,782888,14530,14530,live
1099925090083,782888,14531,14531,live
1099925090084,782888,14532,14532,live
1099925090085,782888,14533,14533,live
1099925090086,782888,14534,14534,live
1099925090087,782888,14535,14535,live
1099925090088,782888,14536,14536,live
1099925090089,782888,14537,14537,live
1099925090090,782888,14538,14538,live
1099925090091,782888,14539,14539,live
1099925090092,782888,14540,14540,live
1099925090093,782888,14541,14541,live
1099925090094,782888,14542,14542,live
1099925090095,782888,14543,14543,live
1099925090096,782888,14544,14544,live
1099925090097,782888,14545,14545,live
1099925090098,782888,14546,14546,live
1099925090099,782888,14547,14547,live
1099925090100,782888,14548,14548,live
1099925090101,782888,14549,14549,live
1099925090102,782888,14550,14550,live
1099925090103,782888,14551,14551,live
1099925090104,782888,14552,14552,live
1099925090105,782888,14553,14553,live
1099925090106,782888,14554,14554,live
1099925090107,782888,14555,14555,live
1099925090108,782888,14556,14556,live
1099925090109,782888,14557,14557,live
1099925090110,782888,14558,14558,live
1099925090111,782888,14559,14559,live
1099925090112,782888,14560,14560,live
1099925090113,782888,14561,14561,live
1099925090114,782888,14562,14562,live
1099925090115,782888,14563,14563,live
1099925090116,782888,14564,14564,live
1099925090117,782888,14565,14565,live
1099925090118,782888,14566,14566,live
1099925090119,782888,14567,14567,live
1099925090120,782888,14568,14568,live
1099925090121,782888,14569,14569,live
1099925090122,782888,14570,14570,live
1099925090123,782888,14571,14571,live
1099925090124,782888,14572,14572,live
1099925090125,782888,14573,14573,live
1099925090126,782888,14574,14574,live
1099925090127,782888,14575,14575,live
1099925090128,782888,14576,14576,live
1099925090129,782888,14577,14577,live
1099925090130,782888,14578,14578,live
1099925090131,782888,14579,14579,live
1099925090132,782888,14580,14580,live
1099925090133,782888,14581,14581,live
1099925090134,782888,14582,14582,live
1099925090135,782888,14583,14583,live
1099925090136,782888,14584,14584,live
1099925090137,782888,14585,14585,live
1099925090138,782888,14586,14586,live
1099925090139,782888,14587,14587,live
1099925090140,782888,14588,14588,live
1099925090141,782888,14589,14589,live
1099925090142,782888,14590,14590,live
1099925090143,782888,14591,14591,live
1099925090144,782888,14592,14592,live
1099925090145,782888,14593,14593,live
1099925090146,782888,14594,14594,live
1099925090147,782888,14595,14595,live
1099925090148,782888,14596,14596,live
1099925090149,782888,14597,14597,live
1099925090150,782888,14598,14598,live
1099925090151,782888,14599,14599,live
1099925090152,782888,14600,14600,live
1099925090175,782888,14601,14601,live
1099925090176,782888,14602,14602,live
1099925090177,782888,14603,14603,live
1099925090178,782888,14604,14604,live
1099925090179,782888,14605,14605,live
1099925090180,782888,14606,14606,live
1099925090181,782888,14607,14607,live
1099925090182,782888,14608,14608,live
1099925090183,782888,14609,14609,live
1099925090184,782888,14610,14610,live
1099925090185,782888,14611,14611,live
1099925090186,782888,14612,14612,live
1099925090187,782888,14613,14613,live
1099925090188,782888,14614,14614,live
1099925090189,782888,14615,14615,live
1099925090190,782888,14616,14616,live
1099925090191,782888,14617,14617,live
1099925090192,782888,14618,14618,live
1099925090193,782888,14619,14619,live
1099925090194,782888,14620,14620,live
1099925090195,782888,14621,14621,live
1099925090196,782888,14622,14622,live
1099925090197,782888,14623,14623,live
1099925090198,782888,14624,14624,live
1099925090199,782888,14625,14625,live
1099925090200,782888,14626,14626,live
1099925090201,782888,14627,14627,live
1099925090202,782888,14628,14628,live
1099925090203,782888,14629,14629,live
1099925090204,782888,14630,14630,live
1099925090205,782888,14631,14631,live
1099925090206,782888,14632,14632,live
1099925090207,782888,14633,14633,live
1099925090208,782888,14634,14634,live
1099925090209,782888,14635,14635,live
1099925090210,782888,14636,14636,live
1099925090211,782888,14637,14637,live
1099925090212,782888,14638,14638,live
1099925090213,782888,14639,14639,live
1099925090214,782888,14640,14640,live
1099925090215,782888,14641,14641,live
1099925090216,782888,14642,14642,live
1099925090217,782888,14643,14643,live
1099925090218,782888,14644,14644,live
1099925090219,782888,14645,14645,live
1099925090220,782888,14646,14646,live
1099925090221,782888,14647,14647,live
1099925090222,782888,14648,14648,live
1099925090223,782888,14649,14649,live
1099925090224,782888,14650,14650,live
1099925090225,782888,14651,14651,live
1099925090226,782888,14652,14652,live
1099925090227,782888,14653,14653,live
1099925090228,782888,14654,14654,live
1099925090229,782888,14655,14655,live
1099925090230,782888,14656,14656,live
1099925090231,782888,14657,14657,live
1099925090232,782888,14658,14658,live
1099925090233,782888,14659,14659,live
1099925090234,782888,14660,14660,live
1099925090235,782888,14661,14661,live
1099925090236,782888,14662,14662,live
1099925090237,782888,14663,14663,live
1099925090238,782888,14664,14664,live
1099925090239,782888,14665,14665,live
1099925090240,782888,14666,14666,live
1099925090241,782888,14667,14667,live
1099925090242,782888,14668,14668,live
1099925090243,782888,14669,14669,live
1099925090244,782888,14670,14670,live
1099925090245,782888,14671,14671,live
1099925090246,782888,14672,14672,live
1099925090247,782888,14673,14673,live
1099925090248,782888,14674,14674,live
1099925090249,782888,14675,14675,live
1099925090250,782888,14676,14676,live
1099925090251,782888,14677,14677,live
1099925090252,782888,14678,14678,live
1099925090253,782888,14679,14679,live
1099925090254,782888,14680,14680,live
1099925090255,782888,14681,14681,live
1099925090256,782888,14682,14682,live
1099925090257,782888,14683,14683,live
1099925090258,782888,14684,14684,live
1099925090259,782888,14685,14685,live
1099925090260,782888,14686,14686,live
1099925090261,782888,14687,14687,live
1099925090262,782888,14688,14688,live
1099925090263,782888,14689,14689,live
1099925090264,782888,14690,14690,live
1099925090265,782888,14691,14691,live
1099925090266,782888,14692,14692,live
1099925090267,782888,14693,14693,live
1099925090268,782888,14694,14694,live
1099925090269,782888,14695,14695,live
1099925090270,782888,14696,14696,live
1099925090271,782888,14697,14697,live
1099925090272,782888,14698,14698,live
1099925090273,782888,14699,14699,live
1099925090274,782888,14700,14700,live
1099925090275,782888,14701,14701,live
1099925090276,782888,14702,14702,live
1099925090277,782888,14703,14703,live
1099925090278,782888,14704,14704,live
1099925090279,782888,14705,14705,live
1099925090280,782888,14706,14706,live
1099925090281,782888,14707,14707,live
1099925090282,782888,14708,14708,live
1099925090283,782888,14709,14709,live
1099925090284,782888,14710,14710,live
1099925090285,782888,14711,14711,live
1099925090286,782888,14712,14712,live
1099925090287,782888,14713,14713,live
1099925090288,782888,14714,14714,live
1099925090289,782888,14715,14715,live
1099925090290,782888,14716,14716,live
1099925090291,782888,14717,14717,live
1099925090292,782888,14718,14718,live
1099925090293,782888,14719,14719,live
1099925090294,782888,14720,14720,live
1099925090295,782888,14721,14721,live
1099925090296,782888,14722,14722,live
1099925090297,782888,14723,14723,live
1099925090298,782888,14724,14724,live
1099925090299,782888,14725,14725,live
1099925090300,782888,14726,14726,live
1099925090301,782888,14727,14727,live
1099925090302,782888,14728,14728,live
1099925090303,782888,14729,14729,live
1099925090304,782888,14730,14730,live
1099925090305,782888,14731,14731,live
1099925090306,782888,14732,14732,live
1099925090307,782888,14733,14733,live
1099925090308,782888,14734,14734,live
1099925090309,782888,14735,14735,live
1099925090310,782888,14736,14736,live
1099925090311,782888,14737,14737,live
1099925090312,782888,14738,14738,live
1099925090313,782888,14739,14739,live
1099925090314,782888,14740,14740,live
1099925090315,782888,14741,14741,live
1099925090316,782888,14742,14742,live
1099925090317,782888,14743,14743,live
1099925090318,782888,14744,14744,live
1099925090319,782888,14745,14745,live
1099925090320,782888,14746,14746,live
1099925090321,782888,14747,14747,live
1099925090322,782888,14748,14748,live
1099925090323,782888,14749,14749,live
1099925090324,782888,14750,14750,live
1099925090325,782888,14751,14751,live
1099925090326,782888,14752,14752,live
1099925090327,782888,14753,14753,live
1099925090328,782888,14754,14754,live
1099925090329,782888,14755,14755,live
1099925090330,782888,14756,14756,live
1099925090331,782888,14757,14757,live
1099925090332,782888,14758,14758,live
1099925090333,782888,14759,14759,live
1099925090334,782888,14760,14760,live
1099925090335,782888,14761,14761,live
1099925090336,782888,14762,14762,live
1099925090337,782888,14763,14763,live
1099925090338,782888,14764,14764,live
1099925090339,782888,14765,14765,live
1099925090340,782888,14766,14766,live
1099925090341,782888,14767,14767,live
1099925090342,782888,14768,14768,live
1099925090343,782888,14769,14769,live
1099925090344,782888,14770,14770,live
1099925090345,782888,14771,14771,live
1099925090346,782888,14772,14772,live
1099925090347,782888,14773,14773,live
1099925090348,782888,14774,14774,live
1099925090349,782888,14775,14775,live
1099925090350,782888,14776,14776,live
1099925090351,782888,14777,14777,live
1099925090352,782888,14778,14778,live
1099925090353,782888,14779,14779,live
1099925090354,782888,14780,14780,live
1099925090355,782888,14781,14781,live
1099925090356,782888,14782,14782,live
1099925090357,782888,14783,14783,live
1099925090358,782888,14784,14784,live
1099925090359,782888,14785,14785,live
1099925090360,782888,14786,14786,live
1099925090361,782888,14787,14787,live
1099925090362,782888,14788,14788,live
1099925090363,782888,14789,14789,live
1099925090364,782888,14790,14790,live
1099925090365,782888,14791,14791,live
1099925090366,782888,14792,14792,live
1099925090367,782888,14793,14793,live
1099925090368,782888,14794,14794,live
1099925090369,782888,14795,14795,live
1099925090370,782888,14796,14796,live
1099925090371,782888,14797,14797,live
1099925090372,782888,14798,14798,live
1099925090373,782888,14799,14799,live
1099925090374,782888,14800,14800,live
1099925090420,782888,14801,14801,live
1099925090421,782888,14802,14802,live
1099925090422,782888,14803,14803,live
1099925090423,782888,14804,14804,live
1099925090424,782888,14805,14805,live
1099925090425,782888,14806,14806,live
1099925090426,782888,14807,14807,live
1099925090427,782888,14808,14808,live
1099925090428,782888,14809,14809,live
1099925090429,782888,14810,14810,live
1099925090430,782888,14811,14811,live
1099925090431,782888,14812,14812,live
1099925090432,782888,14813,14813,live
1099925090433,782888,14814,14814,live
1099925090434,782888,14815,14815,live
1099925090435,782888,14816,14816,live
1099925090436,782888,14817,14817,live
1099925090437,782888,14818,14818,live
1099925090438,782888,14819,14819,live
1099925090439,782888,14820,14820,live
1099925090440,782888,14821,14821,live
1099925090441,782888,14822,14822,live
1099925090442,782888,14823,14823,live
1099925090443,782888,14824,14824,live
1099925090444,782888,14825,14825,live
1099925090445,782888,14826,14826,live
1099925090446,782888,14827,14827,live
1099925090447,782888,14828,14828,live
1099925090448,782888,14829,14829,live
1099925090449,782888,14830,14830,live
1099925090450,782888,14831,14831,live
1099925090451,782888,14832,14832,live
1099925090452,782888,14833,14833,live
1099925090453,782888,14834,14834,live
1099925090454,782888,14835,14835,live
1099925090455,782888,14836,14836,live
1099925090456,782888,14837,14837,live
1099925090457,782888,14838,14838,live
1099925090458,782888,14839,14839,live
1099925090459,782888,14840,14840,live
1099925090460,782888,14841,14841,live
1099925090461,782888,14842,14842,live
1099925090462,782888,14843,14843,live
1099925090463,782888,14844,14844,live
1099925090464,782888,14845,14845,live
1099925090465,782888,14846,14846,live
1099925090466,782888,14847,14847,live
1099925090467,782888,14848,14848,live
1099925090468,782888,14849,14849,live
1099925090469,782888,14850,14850,live
1099925090470,782888,14851,14851,live
1099925090471,782888,14852,14852,live
1099925090472,782888,14853,14853,live
1099925090473,782888,14854,14854,live
1099925090474,782888,14855,14855,live
1099925090475,782888,14856,14856,live
1099925090476,782888,14857,14857,live
1099925090477,782888,14858,14858,live
1099925090478,782888,14859,14859,live
1099925090479,782888,14860,14860,live
1099925090480,782888,14861,14861,live
1099925090481,782888,14862,14862,live
1099925090482,782888,14863,14863,live
1099925090483,782888,14864,14864,live
1099925090484,782888,14865,14865,live
1099925090485,782888,14866,14866,live
1099925090486,782888,14867,14867,live
1099925090487,782888,14868,14868,live
1099925090488,782888,14869,14869,live
1099925090489,782888,14870,14870,live
1099925090490,782888,14871,14871,live
1099925090491,782888,14872,14872,live
1099925090492,782888,14873,14873,live
1099925090493,782888,14874,14874,live
1099925090494,782888,14875,14875,live
1099925090495,782888,14876,14876,live
1099925090496,782888,14877,14877,live
1099925090497,782888,14878,14878,live
1099925090498,782888,14879,14879,live
1099925090499,782888,14880,14880,live
1099925090500,782888,14881,14881,live
1099925090501,782888,14882,14882,live
1099925090502,782888,14883,14883,live
1099925090503,782888,14884,14884,live
1099925090504,782888,14885,14885,live
1099925090505,782888,14886,14886,live
1099925090506,782888,14887,14887,live
1099925090507,782888,14888,14888,live
1099925090508,782888,14889,14889,live
1099925090509,782888,14890,14890,live
1099925090510,782888,14891,14891,live
1099925090511,782888,14892,14892,live
1099925090512,782888,14893,14893,live
1099925090513,782888,14894,14894,live
1099925090514,782888,14895,14895,live
1099925090515,782888,14896,14896,live
1099925090516,782888,14897,14897,live
1099925090517,782888,14898,14898,live
1099925090518,782888,14899,14899,live
1099925090519,782888,14900,14900,live
1099925090520,782888,14901,14901,live
1099925090521,782888,14902,14902,live
1099925090522,782888,14903,14903,live
1099925090523,782888,14904,14904,live
1099925090524,782888,14905,14905,live
1099925090525,782888,14906,14906,live
1099925090526,782888,14907,14907,live
1099925090527,782888,14908,14908,live
1099925090528,782888,14909,14909,live
1099925090529,782888,14910,14910,live
1099925090530,782888,14911,14911,live
1099925090531,782888,14912,14912,live
1099925090532,782888,14913,14913,live
1099925090533,782888,14914,14914,live
1099925090534,782888,14915,14915,live
1099925090535,782888,14916,14916,live
1099925090536,782888,14917,14917,live
1099925090537,782888,14918,14918,live
1099925090538,782888,14919,14919,live
1099925090539,782888,14920,14920,live
1099925090540,782888,14921,14921,live
1099925090541,782888,14922,14922,live
1099925090542,782888,14923,14923,live
1099925090543,782888,14924,14924,live
1099925090544,782888,14925,14925,live
1099925090545,782888,14926,14926,live
1099925090546,782888,14927,14927,live
1099925090547,782888,14928,14928,live
1099925090548,782888,14929,14929,live
1099925090549,782888,14930,14930,live
1099925090550,782888,14931,14931,live
1099925090551,782888,14932,14932,live
1099925090552,782888,14933,14933,live
1099925090553,782888,14934,14934,live
1099925090554,782888,14935,14935,live
1099925090555,782888,14936,14936,live
1099925090556,782888,14937,14937,live
1099925090557,782888,14938,14938,live
1099925090558,782888,14939,14939,live
1099925090559,782888,14940,14940,live
1099925090560,782888,14941,14941,live
1099925090561,782888,14942,14942,live
1099925090562,782888,14943,14943,live
1099925090563,782888,14944,14944,live
1099925090564,782888,14945,14945,live
1099925090565,782888,14946,14946,live
1099925090566,782888,14947,14947,live
1099925090567,782888,14948,14948,live
1099925090568,782888,14949,14949,live
1099925090569,782888,14950,14950,live
1099925090570,782888,14951,14951,live
1099925090571,782888,14952,14952,live
1099925090572,782888,14953,14953,live
1099925090573,782888,14954,14954,live
1099925090574,782888,14955,14955,live
1099925090575,782888,14956,14956,live
1099925090576,782888,14957,14957,live
1099925090577,782888,14958,14958,live
1099925090578,782888,14959,14959,live
1099925090579,782888,14960,14960,live
1099925090580,782888,14961,14961,live
1099925090581,782888,14962,14962,live
1099925090582,782888,14963,14963,live
1099925090583,782888,14964,14964,live
1099925090584,782888,14965,14965,live
1099925090585,782888,14966,14966,live
1099925090586,782888,14967,14967,live
1099925090587,782888,14968,14968,live
1099925090588,782888,14969,14969,live
1099925090589,782888,14970,14970,live
1099925090590,782888,14971,14971,live
1099925090591,782888,14972,14972,live
1099925090592,782888,14973,14973,live
1099925090593,782888,14974,14974,live
1099925090594,782888,14975,14975,live
1099925090595,782888,14976,14976,live
1099925090596,782888,14977,14977,live
1099925090597,782888,14978,14978,live
1099925090598,782888,14979,14979,live
1099925090599,782888,14980,14980,live
1099925090600,782888,14981,14981,live
1099925090601,782888,14982,14982,live
1099925090602,782888,14983,14983,live
1099925090603,782888,14984,14984,live
1099925090604,782888,14985,14985,live
1099925090605,782888,14986,14986,live
1099925090606,782888,14987,14987,live
1099925090607,782888,14988,14988,live
1099925090608,782888,14989,14989,live
1099925090609,782888,14990,14990,live
1099925090610,782888,14991,14991,live
1099925090611,782888,14992,14992,live
1099925090612,782888,14993,14993,live
1099925090613,782888,14994,14994,live
1099925090614,782888,14995,14995,live
1099925090615,782888,14996,14996,live
1099925090616,782888,14997,14997,live
1099925090617,782888,14998,14998,live
1099925090618,782888,14999,14999,live
1099925090619,782888,15000,15000,live
1099925090620,782888,15001,15001,live
1099925090621,782888,15002,15002,live
1099925090622,782888,15003,15003,live
1099925090623,782888,15004,15004,live
1099925090624,782888,15005,15005,live
1099925090625,782888,15006,15006,live
1099925090626,782888,15007,15007,live
1099925090627,782888,15008,15008,live
1099925090628,782888,15009,15009,live
1099925090629,782888,15010,15010,live
1099925090630,782888,15011,15011,live
1099925090631,782888,15012,15012,live
1099925090632,782888,15013,15013,live
1099925090633,782888,15014,15014,live
1099925090634,782888,15015,15015,live
1099925090635,782888,15016,15016,live
1099925090636,782888,15017,15017,live
1099925090637,782888,15018,15018,live
1099925090638,782888,15019,15019,live
1099925090639,782888,15020,15020,live
1099925090640,782888,15021,15021,live
1099925090641,782888,15022,15022,live
1099925090642,782888,15023,15023,live
1099925090643,782888,15024,15024,live
1099925090644,782888,15025,15025,live
1099925090645,782888,15026,15026,live
1099925090646,782888,15027,15027,live
1099925090647,782888,15028,15028,live
1099925090648,782888,15029,15029,live
1099925090649,782888,15030,15030,live
1099925090650,782888,15031,15031,live
1099925090651,782888,15032,15032,live
1099925090652,782888,15033,15033,live
1099925090653,782888,15034,15034,live
1099925090654,782888,15035,15035,live
1099925090655,782888,15036,15036,live
1099925090656,782888,15037,15037,live
1099925090657,782888,15038,15038,live
1099925090658,782888,15039,15039,live
1099925090659,782888,15040,15040,live
1099925090660,782888,15041,15041,live
1099925090661,782888,15042,15042,live
1099925090662,782888,15043,15043,live
1099925090663,782888,15044,15044,live
1099925090664,782888,15045,15045,live
1099925090665,782888,15046,15046,live
1099925090666,782888,15047,15047,live
1099925090667,782888,15048,15048,live
1099925090668,782888,15049,15049,live
1099925090669,782888,15050,15050,live
1099925090670,782888,15051,15051,live
1099925090671,782888,15052,15052,live
1099925090672,782888,15053,15053,live
1099925090673,782888,15054,15054,live
1099925090674,782888,15055,15055,live
1099925090675,782888,15056,15056,live
1099925090676,782888,15057,15057,live
1099925090677,782888,15058,15058,live
1099925090678,782888,15059,15059,live
1099925090679,782888,15060,15060,live
1099925090680,782888,15061,15061,live
1099925090681,782888,15062,15062,live
1099925090682,782888,15063,15063,live
1099925090683,782888,15064,15064,live
1099925090684,782888,15065,15065,live
1099925090685,782888,15066,15066,live
1099925090686,782888,15067,15067,live
1099925090687,782888,15068,15068,live
1099925090688,782888,15069,15069,live
1099925090689,782888,15070,15070,live
1099925090690,782888,15071,15071,live
1099925090691,782888,15072,15072,live
1099925090692,782888,15073,15073,live
1099925090693,782888,15074,15074,live
1099925090694,782888,15075,15075,live
1099925090695,782888,15076,15076,live
1099925090696,782888,15077,15077,live
1099925090697,782888,15078,15078,live
1099925090698,782888,15079,15079,live
1099925090699,782888,15080,15080,live
1099925090700,782888,15081,15081,live
1099925090701,782888,15082,15082,live
1099925090702,782888,15083,15083,live
1099925090703,782888,15084,15084,live
1099925090704,782888,15085,15085,live
1099925090705,782888,15086,15086,live
1099925090706,782888,15087,15087,live
1099925090707,782888,15088,15088,live
1099925090708,782888,15089,15089,live
1099925090709,782888,15090,15090,live
1099925090710,782888,15091,15091,live
1099925090711,782888,15092,15092,live
1099925090712,782888,15093,15093,live
1099925090713,782888,15094,15094,live
1099925090714,782888,15095,15095,live
1099925090715,782888,15096,15096,live
1099925090716,782888,15097,15097,live
1099925090717,782888,15098,15098,live
1099925090718,782888,15099,15099,live
1099925090719,782888,15100,15100,live
1099925090720,782888,15101,15101,live
1099925090721,782888,15102,15102,live
1099925090722,782888,15103,15103,live
1099925090723,782888,15104,15104,live
1099925090724,782888,15105,15105,live
1099925090725,782888,15106,15106,live
1099925090726,782888,15107,15107,live
1099925090727,782888,15108,15108,live
1099925090728,782888,15109,15109,live
1099925090729,782888,15110,15110,live
1099925090730,782888,15111,15111,live
1099925090731,782888,15112,15112,live
1099925090732,782888,15113,15113,live
1099925090733,782888,15114,15114,live
1099925090734,782888,15115,15115,live
1099925090735,782888,15116,15116,live
1099925090736,782888,15117,15117,live
1099925090737,782888,15118,15118,live
1099925090738,782888,15119,15119,live
1099925090739,782888,15120,15120,live
1099925090740,782888,15121,15121,live
1099925090741,782888,15122,15122,live
1099925090742,782888,15123,15123,live
1099925090743,782888,15124,15124,live
1099925090744,782888,15125,15125,live
1099925090745,782888,15126,15126,live
1099925090746,782888,15127,15127,live
1099925090747,782888,15128,15128,live
1099925090748,782888,15129,15129,live
1099925090749,782888,15130,15130,live
1099925090750,782888,15131,15131,live
1099925090751,782888,15132,15132,live
1099925090752,782888,15133,15133,live
1099925090753,782888,15134,15134,live
1099925090754,782888,15135,15135,live
1099925090755,782888,15136,15136,live
1099925090756,782888,15137,15137,live
1099925090757,782888,15138,15138,live
1099925090758,782888,15139,15139,live
1099925090759,782888,15140,15140,live
1099925090760,782888,15141,15141,live
1099925090761,782888,15142,15142,live
1099925090762,782888,15143,15143,live
1099925090763,782888,15144,15144,live
1099925090764,782888,15145,15145,live
1099925090765,782888,15146,15146,live
1099925090766,782888,15147,15147,live
1099925090767,782888,15148,15148,live
1099925090768,782888,15149,15149,live
1099925090769,782888,15150,15150,live
1099925090770,782888,15151,15151,live
1099925090771,782888,15152,15152,live
1099925090772,782888,15153,15153,live
1099925090773,782888,15154,15154,live
1099925090774,782888,15155,15155,live
1099925090775,782888,15156,15156,live
1099925090776,782888,15157,15157,live
1099925090777,782888,15158,15158,live
1099925090778,782888,15159,15159,live
1099925090779,782888,15160,15160,live
1099925090780,782888,15161,15161,live
1099925090781,782888,15162,15162,live
1099925090782,782888,15163,15163,live
1099925090783,782888,15164,15164,live
1099925090784,782888,15165,15165,live
1099925090785,782888,15166,15166,live
1099925090786,782888,15167,15167,live
1099925090787,782888,15168,15168,live
1099925090788,782888,15169,15169,live
1099925090789,782888,15170,15170,live
1099925090790,782888,15171,15171,live
1099925090791,782888,15172,15172,live
1099925090792,782888,15173,15173,live
1099925090793,782888,15174,15174,live
1099925090794,782888,15175,15175,live
1099925090795,782888,15176,15176,live
1099925090796,782888,15177,15177,live
1099925090797,782888,15178,15178,live
1099925090798,782888,15179,15179,live
1099925090799,782888,15180,15180,live
1099925090800,782888,15181,15181,live
1099925090801,782888,15182,15182,live
1099925090802,782888,15183,15183,live
1099925090803,782888,15184,15184,live
1099925090804,782888,15185,15185,live
1099925090805,782888,15186,15186,live
1099925090806,782888,15187,15187,live
1099925090807,782888,15188,15188,live
1099925090808,782888,15189,15189,live
1099925090809,782888,15190,15190,live
1099925090810,782888,15191,15191,live
1099925090811,782888,15192,15192,live
1099925090812,782888,15193,15193,live
1099925090813,782888,15194,15194,live
1099925090814,782888,15195,15195,live
1099925090815,782888,15196,15196,live
1099925090816,782888,15197,15197,live
1099925090817,782888,15198,15198,live
1099925090818,782888,15199,15199,live
1099925090819,782888,15200,15200,live
1099925090836,782888,15201,15201,live
1099925090837,782888,15202,15202,live
1099925090838,782888,15203,15203,live
1099925090839,782888,15204,15204,live
1099925090840,782888,15205,15205,live
1099925090841,782888,15206,15206,live
1099925090842,782888,15207,15207,live
1099925090843,782888,15208,15208,live
1099925090844,782888,15209,15209,live
1099925090845,782888,15210,15210,live
1099925090846,782888,15211,15211,live
1099925090847,782888,15212,15212,live
1099925090848,782888,15213,15213,live
1099925090849,782888,15214,15214,live
1099925090850,782888,15215,15215,live
1099925090851,782888,15216,15216,live
1099925090852,782888,15217,15217,live
1099925090853,782888,15218,15218,live
1099925090854,782888,15219,15219,live
1099925090855,782888,15220,15220,live
1099925090856,782888,15221,15221,live
1099925090857,782888,15222,15222,live
1099925090858,782888,15223,15223,live
1099925090859,782888,15224,15224,live
1099925090860,782888,15225,15225,live
1099925090861,782888,15226,15226,live
1099925090862,782888,15227,15227,live
1099925090863,782888,15228,15228,live
1099925090864,782888,15229,15229,live
1099925090865,782888,15230,15230,live
1099925090866,782888,15231,15231,live
1099925090867,782888,15232,15232,live
1099925090868,782888,15233,15233,live
1099925090869,782888,15234,15234,live
1099925090870,782888,15235,15235,live
1099925090871,782888,15236,15236,live
1099925090872,782888,15237,15237,live
1099925090873,782888,15238,15238,live
1099925090874,782888,15239,15239,live
1099925090875,782888,15240,15240,live
1099925090876,782888,15241,15241,live
1099925090877,782888,15242,15242,live
1099925090878,782888,15243,15243,live
1099925090879,782888,15244,15244,live
1099925090880,782888,15245,15245,live
1099925090881,782888,15246,15246,live
1099925090882,782888,15247,15247,live
1099925090883,782888,15248,15248,live
1099925090884,782888,15249,15249,live
1099925090885,782888,15250,15250,live
1099925090886,782888,15251,15251,live
1099925090887,782888,15252,15252,live
1099925090888,782888,15253,15253,live
1099925090889,782888,15254,15254,live
1099925090890,782888,15255,15255,live
1099925090891,782888,15256,15256,live
1099925090892,782888,15257,15257,live
1099925090893,782888,15258,15258,live
1099925090894,782888,15259,15259,live
1099925090895,782888,15260,15260,live
1099925090896,782888,15261,15261,live
1099925090897,782888,15262,15262,live
1099925090898,782888,15263,15263,live
1099925090899,782888,15264,15264,live
1099925090900,782888,15265,15265,live
1099925090901,782888,15266,15266,live
1099925090902,782888,15267,15267,live
1099925090903,782888,15268,15268,live
1099925090904,782888,15269,15269,live
1099925090905,782888,15270,15270,live
1099925090906,782888,15271,15271,live
1099925090907,782888,15272,15272,live
1099925090908,782888,15273,15273,live
1099925090909,782888,15274,15274,live
1099925090910,782888,15275,15275,live
1099925090911,782888,15276,15276,live
1099925090912,782888,15277,15277,live
1099925090913,782888,15278,15278,live
1099925090914,782888,15279,15279,live
1099925090915,782888,15280,15280,live
1099925090916,782888,15281,15281,live
1099925090917,782888,15282,15282,live
1099925090918,782888,15283,15283,live
1099925090919,782888,15284,15284,live
1099925090920,782888,15285,15285,live
1099925090921,782888,15286,15286,live
1099925090922,782888,15287,15287,live
1099925090923,782888,15288,15288,live
1099925090924,782888,15289,15289,live
1099925090925,782888,15290,15290,live
1099925090926,782888,15291,15291,live
1099925090927,782888,15292,15292,live
1099925090928,782888,15293,15293,live
1099925090929,782888,15294,15294,live
1099925090930,782888,15295,15295,live
1099925090931,782888,15296,15296,live
1099925090932,782888,15297,15297,live
1099925090933,782888,15298,15298,live
1099925090934,782888,15299,15299,live
1099925090935,782888,15300,15300,live
1099925090936,782888,15301,15301,live
1099925090937,782888,15302,15302,live
1099925090938,782888,15303,15303,live
1099925090939,782888,15304,15304,live
1099925090940,782888,15305,15305,live
1099925090941,782888,15306,15306,live
1099925090942,782888,15307,15307,live
1099925090943,782888,15308,15308,live
1099925090944,782888,15309,15309,live
1099925090945,782888,15310,15310,live
1099925090946,782888,15311,15311,live
1099925090947,782888,15312,15312,live
1099925090948,782888,15313,15313,live
1099925090949,782888,15314,15314,live
1099925090950,782888,15315,15315,live
1099925090951,782888,15316,15316,live
1099925090952,782888,15317,15317,live
1099925090953,782888,15318,15318,live
1099925090954,782888,15319,15319,live
1099925090955,782888,15320,15320,live
1099925090956,782888,15321,15321,live
1099925090957,782888,15322,15322,live
1099925090958,782888,15323,15323,live
1099925090959,782888,15324,15324,live
1099925090960,782888,15325,15325,live
1099925090961,782888,15326,15326,live
1099925090962,782888,15327,15327,live
1099925090963,782888,15328,15328,live
1099925090964,782888,15329,15329,live
1099925090965,782888,15330,15330,live
1099925090966,782888,15331,15331,live
1099925090967,782888,15332,15332,live
1099925090968,782888,15333,15333,live
1099925090969,782888,15334,15334,live
1099925090970,782888,15335,15335,live
1099925090971,782888,15336,15336,live
1099925090972,782888,15337,15337,live
1099925090973,782888,15338,15338,live
1099925090974,782888,15339,15339,live
1099925090975,782888,15340,15340,live
1099925090976,782888,15341,15341,live
1099925090977,782888,15342,15342,live
1099925090978,782888,15343,15343,live
1099925090979,782888,15344,15344,live
1099925090980,782888,15345,15345,live
1099925090981,782888,15346,15346,live
1099925090982,782888,15347,15347,live
1099925090983,782888,15348,15348,live
1099925090984,782888,15349,15349,live
1099925090985,782888,15350,15350,live
1099925090986,782888,15351,15351,live
1099925090987,782888,15352,15352,live
1099925090988,782888,15353,15353,live
1099925090989,782888,15354,15354,live
1099925090990,782888,15355,15355,live
1099925090991,782888,15356,15356,live
1099925090992,782888,15357,15357,live
1099925090993,782888,15358,15358,live
1099925090994,782888,15359,15359,live
1099925090995,782888,15360,15360,live
1099925090996,782888,15361,15361,live
1099925090997,782888,15362,15362,live
1099925090998,782888,15363,15363,live
1099925090999,782888,15364,15364,live
1099925091000,782888,15365,15365,live
1099925091001,782888,15366,15366,live
1099925091002,782888,15367,15367,live
1099925091003,782888,15368,15368,live
1099925091004,782888,15369,15369,live
1099925091005,782888,15370,15370,live
1099925091006,782888,15371,15371,live
1099925091007,782888,15372,15372,live
1099925091008,782888,15373,15373,live
1099925091009,782888,15374,15374,live
1099925091010,782888,15375,15375,live
1099925091011,782888,15376,15376,live
1099925091012,782888,15377,15377,live
1099925091013,782888,15378,15378,live
1099925091014,782888,15379,15379,live
1099925091015,782888,15380,15380,live
1099925091016,782888,15381,15381,live
1099925091017,782888,15382,15382,live
1099925091018,782888,15383,15383,live
1099925091019,782888,15384,15384,live
1099925091020,782888,15385,15385,live
1099925091021,782888,15386,15386,live
1099925091022,782888,15387,15387,live
1099925091023,782888,15388,15388,live
1099925091024,782888,15389,15389,live
1099925091025,782888,15390,15390,live
1099925091026,782888,15391,15391,live
1099925091027,782888,15392,15392,live
1099925091028,782888,15393,15393,live
1099925091029,782888,15394,15394,live
1099925091030,782888,15395,15395,live
1099925091031,782888,15396,15396,live
1099925091032,782888,15397,15397,live
1099925091033,782888,15398,15398,live
1099925091034,782888,15399,15399,live
1099925091035,782888,15400,15400,live
1099925091036,782888,15401,15401,live
1099925091037,782888,15402,15402,live
1099925091038,782888,15403,15403,live
1099925091039,782888,15404,15404,live
1099925091040,782888,15405,15405,live
1099925091041,782888,15406,15406,live
1099925091042,782888,15407,15407,live
1099925091043,782888,15408,15408,live
1099925091044,782888,15409,15409,live
1099925091045,782888,15410,15410,live
1099925091046,782888,15411,15411,live
1099925091047,782888,15412,15412,live
1099925091048,782888,15413,15413,live
1099925091049,782888,15414,15414,live
1099925091050,782888,15415,15415,live
1099925091051,782888,15416,15416,live
1099925091052,782888,15417,15417,live
1099925091053,782888,15418,15418,live
1099925091054,782888,15419,15419,live
1099925091055,782888,15420,15420,live
1099925091056,782888,15421,15421,live
1099925091057,782888,15422,15422,live
1099925091058,782888,15423,15423,live
1099925091059,782888,15424,15424,live
1099925091060,782888,15425,15425,live
1099925091061,782888,15426,15426,live
1099925091062,782888,15427,15427,live
1099925091063,782888,15428,15428,live
1099925091064,782888,15429,15429,live
1099925091065,782888,15430,15430,live
1099925091066,782888,15431,15431,live
1099925091067,782888,15432,15432,live
1099925091068,782888,15433,15433,live
1099925091069,782888,15434,15434,live
1099925091070,782888,15435,15435,live
1099925091071,782888,15436,15436,live
1099925091072,782888,15437,15437,live
1099925091073,782888,15438,15438,live
1099925091074,782888,15439,15439,live
1099925091075,782888,15440,15440,live
1099925091076,782888,15441,15441,live
1099925091077,782888,15442,15442,live
1099925091078,782888,15443,15443,live
1099925091079,782888,15444,15444,live
1099925091080,782888,15445,15445,live
1099925091081,782888,15446,15446,live
1099925091082,782888,15447,15447,live
1099925091083,782888,15448,15448,live
1099925091084,782888,15449,15449,live
1099925091085,782888,15450,15450,live
1099925091086,782888,15451,15451,live
1099925091087,782888,15452,15452,live
1099925091088,782888,15453,15453,live
1099925091089,782888,15454,15454,live
1099925091090,782888,15455,15455,live
1099925091091,782888,15456,15456,live
1099925091092,782888,15457,15457,live
1099925091093,782888,15458,15458,live
1099925091094,782888,15459,15459,live
1099925091095,782888,15460,15460,live
1099925091096,782888,15461,15461,live
1099925091097,782888,15462,15462,live
1099925091098,782888,15463,15463,live
1099925091099,782888,15464,15464,live
1099925091100,782888,15465,15465,live
1099925091101,782888,15466,15466,live
1099925091102,782888,15467,15467,live
1099925091103,782888,15468,15468,live
1099925091104,782888,15469,15469,live
1099925091105,782888,15470,15470,live
1099925091106,782888,15471,15471,live
1099925091107,782888,15472,15472,live
1099925091108,782888,15473,15473,live
1099925091109,782888,15474,15474,live
1099925091110,782888,15475,15475,live
1099925091111,782888,15476,15476,live
1099925091112,782888,15477,15477,live
1099925091113,782888,15478,15478,live
1099925091114,782888,15479,15479,live
1099925091115,782888,15480,15480,live
1099925091116,782888,15481,15481,live
1099925091117,782888,15482,15482,live
1099925091118,782888,15483,15483,live
1099925091119,782888,15484,15484,live
1099925091120,782888,15485,15485,live
1099925091121,782888,15486,15486,live
1099925091122,782888,15487,15487,live
1099925091123,782888,15488,15488,live
1099925091124,782888,15489,15489,live
1099925091125,782888,15490,15490,live
1099925091126,782888,15491,15491,live
1099925091127,782888,15492,15492,live
1099925091128,782888,15493,15493,live
1099925091129,782888,15494,15494,live
1099925091130,782888,15495,15495,live
1099925091131,782888,15496,15496,live
1099925091132,782888,15497,15497,live
1099925091133,782888,15498,15498,live
1099925091134,782888,15499,15499,live
1099925091135,782888,15500,15500,live
1099925091136,782888,15501,15501,live
1099925091137,782888,15502,15502,live
1099925091138,782888,15503,15503,live
1099925091139,782888,15504,15504,live
1099925091140,782888,15505,15505,live
1099925091141,782888,15506,15506,live
1099925091142,782888,15507,15507,live
1099925091143,782888,15508,15508,live
1099925091144,782888,15509,15509,live
1099925091145,782888,15510,15510,live
1099925091146,782888,15511,15511,live
1099925091147,782888,15512,15512,live
1099925091148,782888,15513,15513,live
1099925091149,782888,15514,15514,live
1099925091150,782888,15515,15515,live
1099925091151,782888,15516,15516,live
1099925091152,782888,15517,15517,live
1099925091153,782888,15518,15518,live
1099925091154,782888,15519,15519,live
1099925091155,782888,15520,15520,live
1099925091156,782888,15521,15521,live
1099925091157,782888,15522,15522,live
1099925091158,782888,15523,15523,live
1099925091159,782888,15524,15524,live
1099925091160,782888,15525,15525,live
1099925091161,782888,15526,15526,live
1099925091162,782888,15527,15527,live
1099925091163,782888,15528,15528,live
1099925091164,782888,15529,15529,live
1099925091165,782888,15530,15530,live
1099925091166,782888,15531,15531,live
1099925091167,782888,15532,15532,live
1099925091168,782888,15533,15533,live
1099925091169,782888,15534,15534,live
1099925091170,782888,15535,15535,live
1099925091171,782888,15536,15536,live
1099925091172,782888,15537,15537,live
1099925091173,782888,15538,15538,live
1099925091174,782888,15539,15539,live
1099925091175,782888,15540,15540,live
1099925091176,782888,15541,15541,live
1099925091177,782888,15542,15542,live
1099925091178,782888,15543,15543,live
1099925091179,782888,15544,15544,live
1099925091180,782888,15545,15545,live
1099925091181,782888,15546,15546,live
1099925091182,782888,15547,15547,live
1099925091183,782888,15548,15548,live
1099925091184,782888,15549,15549,live
1099925091185,782888,15550,15550,live
1099925091186,782888,15551,15551,live
1099925091187,782888,15552,15552,live
1099925091188,782888,15553,15553,live
1099925091189,782888,15554,15554,live
1099925091190,782888,15555,15555,live
1099925091191,782888,15556,15556,live
1099925091192,782888,15557,15557,live
1099925091193,782888,15558,15558,live
1099925091194,782888,15559,15559,live
1099925091195,782888,15560,15560,live
1099925091196,782888,15561,15561,live
1099925091197,782888,15562,15562,live
1099925091198,782888,15563,15563,live
1099925091199,782888,15564,15564,live
1099925091200,782888,15565,15565,live
1099925091201,782888,15566,15566,live
1099925091202,782888,15567,15567,live
1099925091203,782888,15568,15568,live
1099925091204,782888,15569,15569,live
1099925091205,782888,15570,15570,live
1099925091206,782888,15571,15571,live
1099925091207,782888,15572,15572,live
1099925091208,782888,15573,15573,live
1099925091209,782888,15574,15574,live
1099925091210,782888,15575,15575,live
1099925091211,782888,15576,15576,live
1099925091212,782888,15577,15577,live
1099925091213,782888,15578,15578,live
1099925091214,782888,15579,15579,live
1099925091215,782888,15580,15580,live
1099925091216,782888,15581,15581,live
1099925091217,782888,15582,15582,live
1099925091218,782888,15583,15583,live
1099925091219,782888,15584,15584,live
1099925091220,782888,15585,15585,live
1099925091221,782888,15586,15586,live
1099925091222,782888,15587,15587,live
1099925091223,782888,15588,15588,live
1099925091224,782888,15589,15589,live
1099925091225,782888,15590,15590,live
1099925091226,782888,15591,15591,live
1099925091227,782888,15592,15592,live
1099925091228,782888,15593,15593,live
1099925091229,782888,15594,15594,live
1099925091230,782888,15595,15595,live
1099925091231,782888,15596,15596,live
1099925091232,782888,15597,15597,live
1099925091233,782888,15598,15598,live
1099925091234,782888,15599,15599,live
1099925091235,782888,15600,15600,live
1099925091236,782888,15601,15601,live
1099925091237,782888,15602,15602,live
1099925091238,782888,15603,15603,live
1099925091239,782888,15604,15604,live
1099925091240,782888,15605,15605,live
1099925091241,782888,15606,15606,live
1099925091242,782888,15607,15607,live
1099925091243,782888,15608,15608,live
1099925091244,782888,15609,15609,live
1099925091245,782888,15610,15610,live
1099925091246,782888,15611,15611,live
1099925091247,782888,15612,15612,live
1099925091248,782888,15613,15613,live
1099925091249,782888,15614,15614,live
1099925091250,782888,15615,15615,live
1099925091251,782888,15616,15616,live
1099925091252,782888,15617,15617,live
1099925091253,782888,15618,15618,live
1099925091254,782888,15619,15619,live
1099925091255,782888,15620,15620,live
1099925091256,782888,15621,15621,live
1099925091257,782888,15622,15622,live
1099925091258,782888,15623,15623,live
1099925091259,782888,15624,15624,live
1099925091260,782888,15625,15625,live
1099925091261,782888,15626,15626,live
1099925091262,782888,15627,15627,live
1099925091263,782888,15628,15628,live
1099925091264,782888,15629,15629,live
1099925091265,782888,15630,15630,live
1099925091266,782888,15631,15631,live
1099925091267,782888,15632,15632,live
1099925091268,782888,15633,15633,live
1099925091269,782888,15634,15634,live
1099925091270,782888,15635,15635,live
1099925091271,782888,15636,15636,live
1099925091272,782888,15637,15637,live
1099925091273,782888,15638,15638,live
1099925091274,782888,15639,15639,live
1099925091275,782888,15640,15640,live
1099925091276,782888,15641,15641,live
1099925091277,782888,15642,15642,live
1099925091278,782888,15643,15643,live
1099925091279,782888,15644,15644,live
1099925091280,782888,15645,15645,live
1099925091281,782888,15646,15646,live
1099925091282,782888,15647,15647,live
1099925091283,782888,15648,15648,live
1099925091284,782888,15649,15649,live
1099925091285,782888,15650,15650,live
1099925091286,782888,15651,15651,live
1099925091287,782888,15652,15652,live
1099925091288,782888,15653,15653,live
1099925091289,782888,15654,15654,live
1099925091290,782888,15655,15655,live
1099925091291,782888,15656,15656,live
1099925091292,782888,15657,15657,live
1099925091293,782888,15658,15658,live
1099925091294,782888,15659,15659,live
1099925091295,782888,15660,15660,live
1099925091296,782888,15661,15661,live
1099925091297,782888,15662,15662,live
1099925091298,782888,15663,15663,live
1099925091299,782888,15664,15664,live
1099925091300,782888,15665,15665,live
1099925091301,782888,15666,15666,live
1099925091302,782888,15667,15667,live
1099925091303,782888,15668,15668,live
1099925091304,782888,15669,15669,live
1099925091305,782888,15670,15670,live
1099925091306,782888,15671,15671,live
1099925091307,782888,15672,15672,live
1099925091308,782888,15673,15673,live
1099925091309,782888,15674,15674,live
1099925091310,782888,15675,15675,live
1099925091311,782888,15676,15676,live
1099925091312,782888,15677,15677,live
1099925091313,782888,15678,15678,live
1099925091314,782888,15679,15679,live
1099925091315,782888,15680,15680,live
1099925091316,782888,15681,15681,live
1099925091317,782888,15682,15682,live
1099925091318,782888,15683,15683,live
1099925091319,782888,15684,15684,live
1099925091320,782888,15685,15685,live
1099925091321,782888,15686,15686,live
1099925091322,782888,15687,15687,live
1099925091323,782888,15688,15688,live
1099925091324,782888,15689,15689,live
1099925091325,782888,15690,15690,live
1099925091326,782888,15691,15691,live
1099925091327,782888,15692,15692,live
1099925091328,782888,15693,15693,live
1099925091329,782888,15694,15694,live
1099925091330,782888,15695,15695,live
1099925091331,782888,15696,15696,live
1099925091332,782888,15697,15697,live
1099925091333,782888,15698,15698,live
1099925091334,782888,15699,15699,live
1099925091335,782888,15700,15700,live
1099925091336,782888,15701,15701,live
1099925091337,782888,15702,15702,live
1099925091338,782888,15703,15703,live
1099925091339,782888,15704,15704,live
1099925091340,782888,15705,15705,live
1099925091341,782888,15706,15706,live
1099925091342,782888,15707,15707,live
1099925091343,782888,15708,15708,live
1099925091344,782888,15709,15709,live
1099925091345,782888,15710,15710,live
1099925091346,782888,15711,15711,live
1099925091347,782888,15712,15712,live
1099925091348,782888,15713,15713,live
1099925091349,782888,15714,15714,live
1099925091350,782888,15715,15715,live
1099925091351,782888,15716,15716,live
1099925091352,782888,15717,15717,live
1099925091353,782888,15718,15718,live
1099925091354,782888,15719,15719,live
1099925091355,782888,15720,15720,live
1099925091356,782888,15721,15721,live
1099925091357,782888,15722,15722,live
1099925091358,782888,15723,15723,live
1099925091359,782888,15724,15724,live
1099925091360,782888,15725,15725,live
1099925091361,782888,15726,15726,live
1099925091362,782888,15727,15727,live
1099925091363,782888,15728,15728,live
1099925091364,782888,15729,15729,live
1099925091365,782888,15730,15730,live
1099925091366,782888,15731,15731,live
1099925091367,782888,15732,15732,live
1099925091368,782888,15733,15733,live
1099925091369,782888,15734,15734,live
1099925091370,782888,15735,15735,live
1099925091371,782888,15736,15736,live
1099925091372,782888,15737,15737,live
1099925091373,782888,15738,15738,live
1099925091374,782888,15739,15739,live
1099925091375,782888,15740,15740,live
1099925091376,782888,15741,15741,live
1099925091377,782888,15742,15742,live
1099925091378,782888,15743,15743,live
1099925091379,782888,15744,15744,live
1099925091380,782888,15745,15745,live
1099925091381,782888,15746,15746,live
1099925091382,782888,15747,15747,live
1099925091383,782888,15748,15748,live
1099925091384,782888,15749,15749,live
1099925091385,782888,15750,15750,live
1099925091386,782888,15751,15751,live
1099925091387,782888,15752,15752,live
1099925091388,782888,15753,15753,live
1099925091389,782888,15754,15754,live
1099925091390,782888,15755,15755,live
1099925091391,782888,15756,15756,live
1099925091392,782888,15757,15757,live
1099925091393,782888,15758,15758,live
1099925091394,782888,15759,15759,live
1099925091395,782888,15760,15760,live
1099925091396,782888,15761,15761,live
1099925091397,782888,15762,15762,live
1099925091398,782888,15763,15763,live
1099925091399,782888,15764,15764,live
1099925091400,782888,15765,15765,live
1099925091401,782888,15766,15766,live
1099925091402,782888,15767,15767,live
1099925091403,782888,15768,15768,live
1099925091404,782888,15769,15769,live
1099925091405,782888,15770,15770,live
1099925091406,782888,15771,15771,live
1099925091407,782888,15772,15772,live
1099925091408,782888,15773,15773,live
1099925091409,782888,15774,15774,live
1099925091410,782888,15775,15775,live
1099925091411,782888,15776,15776,live
1099925091412,782888,15777,15777,live
1099925091413,782888,15778,15778,live
1099925091414,782888,15779,15779,live
1099925091415,782888,15780,15780,live
1099925091416,782888,15781,15781,live
1099925091417,782888,15782,15782,live
1099925091418,782888,15783,15783,live
1099925091419,782888,15784,15784,live
1099925091420,782888,15785,15785,live
1099925091421,782888,15786,15786,live
1099925091422,782888,15787,15787,live
1099925091423,782888,15788,15788,live
1099925091424,782888,15789,15789,live
1099925091425,782888,15790,15790,live
1099925091426,782888,15791,15791,live
1099925091427,782888,15792,15792,live
1099925091428,782888,15793,15793,live
1099925091429,782888,15794,15794,live
1099925091430,782888,15795,15795,live
1099925091431,782888,15796,15796,live
1099925091432,782888,15797,15797,live
1099925091433,782888,15798,15798,live
1099925091434,782888,15799,15799,live
1099925091435,782888,15800,15800,live
1099925091436,782888,15801,15801,live
1099925091437,782888,15802,15802,live
1099925091438,782888,15803,15803,live
1099925091439,782888,15804,15804,live
1099925091440,782888,15805,15805,live
1099925091441,782888,15806,15806,live
1099925091442,782888,15807,15807,live
1099925091443,782888,15808,15808,live
1099925091444,782888,15809,15809,live
1099925091445,782888,15810,15810,live
1099925091446,782888,15811,15811,live
1099925091447,782888,15812,15812,live
1099925091448,782888,15813,15813,live
1099925091449,782888,15814,15814,live
1099925091450,782888,15815,15815,live
1099925091451,782888,15816,15816,live
1099925091452,782888,15817,15817,live
1099925091453,782888,15818,15818,live
1099925091454,782888,15819,15819,live
1099925091455,782888,15820,15820,live
1099925091456,782888,15821,15821,live
1099925091457,782888,15822,15822,live
1099925091458,782888,15823,15823,live
1099925091459,782888,15824,15824,live
1099925091460,782888,15825,15825,live
1099925091461,782888,15826,15826,live
1099925091462,782888,15827,15827,live
1099925091463,782888,15828,15828,live
1099925091464,782888,15829,15829,live
1099925091465,782888,15830,15830,live
1099925091466,782888,15831,15831,live
1099925091467,782888,15832,15832,live
1099925091468,782888,15833,15833,live
1099925091469,782888,15834,15834,live
1099925091470,782888,15835,15835,live
1099925091471,782888,15836,15836,live
1099925091472,782888,15837,15837,live
1099925091473,782888,15838,15838,live
1099925091474,782888,15839,15839,live
1099925091475,782888,15840,15840,live
1099925091476,782888,15841,15841,live
1099925091477,782888,15842,15842,live
1099925091478,782888,15843,15843,live
1099925091479,782888,15844,15844,live
1099925091480,782888,15845,15845,live
1099925091481,782888,15846,15846,live
1099925091482,782888,15847,15847,live
1099925091483,782888,15848,15848,live
1099925091484,782888,15849,15849,live
1099925091485,782888,15850,15850,live
1099925091486,782888,15851,15851,live
1099925091487,782888,15852,15852,live
1099925091488,782888,15853,15853,live
1099925091489,782888,15854,15854,live
1099925091490,782888,15855,15855,live
1099925091491,782888,15856,15856,live
1099925091492,782888,15857,15857,live
1099925091493,782888,15858,15858,live
1099925091494,782888,15859,15859,live
1099925091495,782888,15860,15860,live
1099925091496,782888,15861,15861,live
1099925091497,782888,15862,15862,live
1099925091498,782888,15863,15863,live
1099925091499,782888,15864,15864,live
1099925091500,782888,15865,15865,live
1099925091501,782888,15866,15866,live
1099925091502,782888,15867,15867,live
1099925091503,782888,15868,15868,live
1099925091504,782888,15869,15869,live
1099925091505,782888,15870,15870,live
1099925091506,782888,15871,15871,live
1099925091507,782888,15872,15872,live
1099925091508,782888,15873,15873,live
1099925091509,782888,15874,15874,live
1099925091510,782888,15875,15875,live
1099925091511,782888,15876,15876,live
1099925091512,782888,15877,15877,live
1099925091513,782888,15878,15878,live
1099925091514,782888,15879,15879,live
1099925091515,782888,15880,15880,live
1099925091516,782888,15881,15881,live
1099925091517,782888,15882,15882,live
1099925091518,782888,15883,15883,live
1099925091519,782888,15884,15884,live
1099925091520,782888,15885,15885,live
1099925091521,782888,15886,15886,live
1099925091522,782888,15887,15887,live
1099925091523,782888,15888,15888,live
1099925091524,782888,15889,15889,live
1099925091525,782888,15890,15890,live
1099925091526,782888,15891,15891,live
1099925091527,782888,15892,15892,live
1099925091528,782888,15893,15893,live
1099925091529,782888,15894,15894,live
1099925091530,782888,15895,15895,live
1099925091531,782888,15896,15896,live
1099925091532,782888,15897,15897,live
1099925091533,782888,15898,15898,live
1099925091534,782888,15899,15899,live
1099925091535,782888,15900,15900,live
1099925091536,782888,15901,15901,live
1099925091537,782888,15902,15902,live
1099925091538,782888,15903,15903,live
1099925091539,782888,15904,15904,live
1099925091540,782888,15905,15905,live
1099925091541,782888,15906,15906,live
1099925091542,782888,15907,15907,live
1099925091543,782888,15908,15908,live
1099925091544,782888,15909,15909,live
1099925091545,782888,15910,15910,live
1099925091546,782888,15911,15911,live
1099925091547,782888,15912,15912,live
1099925091548,782888,15913,15913,live
1099925091549,782888,15914,15914,live
1099925091550,782888,15915,15915,live
1099925091551,782888,15916,15916,live
1099925091552,782888,15917,15917,live
1099925091553,782888,15918,15918,live
1099925091554,782888,15919,15919,live
1099925091555,782888,15920,15920,live
1099925091556,782888,15921,15921,live
1099925091557,782888,15922,15922,live
1099925091558,782888,15923,15923,live
1099925091559,782888,15924,15924,live
1099925091560,782888,15925,15925,live
1099925091561,782888,15926,15926,live
1099925091562,782888,15927,15927,live
1099925091563,782888,15928,15928,live
1099925091564,782888,15929,15929,live
1099925091565,782888,15930,15930,live
1099925091566,782888,15931,15931,live
1099925091567,782888,15932,15932,live
1099925091568,782888,15933,15933,live
1099925091569,782888,15934,15934,live
1099925091570,782888,15935,15935,live
1099925091571,782888,15936,15936,live
1099925091572,782888,15937,15937,live
1099925091573,782888,15938,15938,live
1099925091574,782888,15939,15939,live
1099925091575,782888,15940,15940,live
1099925091576,782888,15941,15941,live
1099925091577,782888,15942,15942,live
1099925091578,782888,15943,15943,live
1099925091579,782888,15944,15944,live
1099925091580,782888,15945,15945,live
1099925091581,782888,15946,15946,live
1099925091582,782888,15947,15947,live
1099925091583,782888,15948,15948,live
1099925091584,782888,15949,15949,live
1099925091585,782888,15950,15950,live
1099925091586,782888,15951,15951,live
1099925091587,782888,15952,15952,live
1099925091588,782888,15953,15953,live
1099925091589,782888,15954,15954,live
1099925091590,782888,15955,15955,live
1099925091591,782888,15956,15956,live
1099925091592,782888,15957,15957,live
1099925091593,782888,15958,15958,live
1099925091594,782888,15959,15959,live
1099925091595,782888,15960,15960,live
1099925091596,782888,15961,15961,live
1099925091597,782888,15962,15962,live
1099925091598,782888,15963,15963,live
1099925091599,782888,15964,15964,live
1099925091600,782888,15965,15965,live
1099925091601,782888,15966,15966,live
1099925091602,782888,15967,15967,live
1099925091603,782888,15968,15968,live
1099925091604,782888,15969,15969,live
1099925091605,782888,15970,15970,live
1099925091606,782888,15971,15971,live
1099925091607,782888,15972,15972,live
1099925091608,782888,15973,15973,live
1099925091609,782888,15974,15974,live
1099925091610,782888,15975,15975,live
1099925091611,782888,15976,15976,live
1099925091612,782888,15977,15977,live
1099925091613,782888,15978,15978,live
1099925091614,782888,15979,15979,live
1099925091615,782888,15980,15980,live
1099925091616,782888,15981,15981,live
1099925091617,782888,15982,15982,live
1099925091618,782888,15983,15983,live
1099925091619,782888,15984,15984,live
1099925091620,782888,15985,15985,live
1099925091621,782888,15986,15986,live
1099925091622,782888,15987,15987,live
1099925091623,782888,15988,15988,live
1099925091624,782888,15989,15989,live
1099925091625,782888,15990,15990,live
1099925091626,782888,15991,15991,live
1099925091627,782888,15992,15992,live
1099925091628,782888,15993,15993,live
1099925091629,782888,15994,15994,live
1099925091630,782888,15995,15995,live
1099925091631,782888,15996,15996,live
1099925091632,782888,15997,15997,live
1099925091633,782888,15998,15998,live
1099925091634,782888,15999,15999,live
1099925091635,782888,16000,16000,live
1099925091636,782888,16001,16001,live
1099925091637,782888,16002,16002,live
1099925091638,782888,16003,16003,live
1099925091639,782888,16004,16004,live
1099925091640,782888,16005,16005,live
1099925091641,782888,16006,16006,live
1099925091642,782888,16007,16007,live
1099925091643,782888,16008,16008,live
1099925091644,782888,16009,16009,live
1099925091645,782888,16010,16010,live
1099925091646,782888,16011,16011,live
1099925091647,782888,16012,16012,live
1099925091648,782888,16013,16013,live
1099925091649,782888,16014,16014,live
1099925091650,782888,16015,16015,live
1099925091651,782888,16016,16016,live
1099925091652,782888,16017,16017,live
1099925091653,782888,16018,16018,live
1099925091654,782888,16019,16019,live
1099925091655,782888,16020,16020,live
1099925091656,782888,16021,16021,live
1099925091657,782888,16022,16022,live
1099925091658,782888,16023,16023,live
1099925091659,782888,16024,16024,live
1099925091660,782888,16025,16025,live
1099925091661,782888,16026,16026,live
1099925091662,782888,16027,16027,live
1099925091663,782888,16028,16028,live
1099925091664,782888,16029,16029,live
1099925091665,782888,16030,16030,live
1099925091666,782888,16031,16031,live
1099925091667,782888,16032,16032,live
1099925091668,782888,16033,16033,live
1099925091669,782888,16034,16034,live
1099925091670,782888,16035,16035,live
1099925091671,782888,16036,16036,live
1099925091672,782888,16037,16037,live
1099925091673,782888,16038,16038,live
1099925091674,782888,16039,16039,live
1099925091675,782888,16040,16040,live
1099925091676,782888,16041,16041,live
1099925091677,782888,16042,16042,live
1099925091678,782888,16043,16043,live
1099925091679,782888,16044,16044,live
1099925091680,782888,16045,16045,live
1099925091681,782888,16046,16046,live
1099925091682,782888,16047,16047,live
1099925091683,782888,16048,16048,live
1099925091684,782888,16049,16049,live
1099925091685,782888,16050,16050,live
1099925091686,782888,16051,16051,live
1099925091687,782888,16052,16052,live
1099925091688,782888,16053,16053,live
1099925091689,782888,16054,16054,live
1099925091690,782888,16055,16055,live
1099925091691,782888,16056,16056,live
1099925091692,782888,16057,16057,live
1099925091693,782888,16058,16058,live
1099925091694,782888,16059,16059,live
1099925091695,782888,16060,16060,live
1099925091696,782888,16061,16061,live
1099925091697,782888,16062,16062,live
1099925091698,782888,16063,16063,live
1099925091699,782888,16064,16064,live
1099925091700,782888,16065,16065,live
1099925091701,782888,16066,16066,live
1099925091702,782888,16067,16067,live
1099925091703,782888,16068,16068,live
1099925091704,782888,16069,16069,live
1099925091705,782888,16070,16070,live
1099925091706,782888,16071,16071,live
1099925091707,782888,16072,16072,live
1099925091708,782888,16073,16073,live
1099925091709,782888,16074,16074,live
1099925091710,782888,16075,16075,live
1099925091711,782888,16076,16076,live
1099925091712,782888,16077,16077,live
1099925091713,782888,16078,16078,live
1099925091714,782888,16079,16079,live
1099925091715,782888,16080,16080,live
1099925091716,782888,16081,16081,live
1099925091717,782888,16082,16082,live
1099925091718,782888,16083,16083,live
1099925091719,782888,16084,16084,live
1099925091720,782888,16085,16085,live
1099925091721,782888,16086,16086,live
1099925091722,782888,16087,16087,live
1099925091723,782888,16088,16088,live
1099925091724,782888,16089,16089,live
1099925091725,782888,16090,16090,live
1099925091726,782888,16091,16091,live
1099925091727,782888,16092,16092,live
1099925091728,782888,16093,16093,live
1099925091729,782888,16094,16094,live
1099925091730,782888,16095,16095,live
1099925091731,782888,16096,16096,live
1099925091732,782888,16097,16097,live
1099925091733,782888,16098,16098,live
1099925091734,782888,16099,16099,live
1099925091735,782888,16100,16100,live
1099925091736,782888,16101,16101,live
1099925091737,782888,16102,16102,live
1099925091738,782888,16103,16103,live
1099925091739,782888,16104,16104,live
1099925091740,782888,16105,16105,live
1099925091741,782888,16106,16106,live
1099925091742,782888,16107,16107,live
1099925091743,782888,16108,16108,live
1099925091744,782888,16109,16109,live
1099925091745,782888,16110,16110,live
1099925091746,782888,16111,16111,live
1099925091747,782888,16112,16112,live
1099925091748,782888,16113,16113,live
1099925091749,782888,16114,16114,live
1099925091750,782888,16115,16115,live
1099925091751,782888,16116,16116,live
1099925091752,782888,16117,16117,live
1099925091753,782888,16118,16118,live
1099925091754,782888,16119,16119,live
1099925091755,782888,16120,16120,live
1099925091756,782888,16121,16121,live
1099925091757,782888,16122,16122,live
1099925091758,782888,16123,16123,live
1099925091759,782888,16124,16124,live
1099925091760,782888,16125,16125,live
1099925091761,782888,16126,16126,live
1099925091762,782888,16127,16127,live
1099925091763,782888,16128,16128,live
1099925091764,782888,16129,16129,live
1099925091765,782888,16130,16130,live
1099925091766,782888,16131,16131,live
1099925091767,782888,16132,16132,live
1099925091768,782888,16133,16133,live
1099925091769,782888,16134,16134,live
1099925091770,782888,16135,16135,live
1099925091771,782888,16136,16136,live
1099925091772,782888,16137,16137,live
1099925091773,782888,16138,16138,live
1099925091774,782888,16139,16139,live
1099925091775,782888,16140,16140,live
1099925091776,782888,16141,16141,live
1099925091777,782888,16142,16142,live
1099925091778,782888,16143,16143,live
1099925091779,782888,16144,16144,live
1099925091780,782888,16145,16145,live
1099925091781,782888,16146,16146,live
1099925091782,782888,16147,16147,live
1099925091783,782888,16148,16148,live
1099925091784,782888,16149,16149,live
1099925091785,782888,16150,16150,live
1099925091786,782888,16151,16151,live
1099925091787,782888,16152,16152,live
1099925091788,782888,16153,16153,live
1099925091789,782888,16154,16154,live
1099925091790,782888,16155,16155,live
1099925091791,782888,16156,16156,live
1099925091792,782888,16157,16157,live
1099925091793,782888,16158,16158,live
1099925091794,782888,16159,16159,live
1099925091795,782888,16160,16160,live
1099925091796,782888,16161,16161,live
1099925091797,782888,16162,16162,live
1099925091798,782888,16163,16163,live
1099925091799,782888,16164,16164,live
1099925091800,782888,16165,16165,live
1099925091801,782888,16166,16166,live
1099925091802,782888,16167,16167,live
1099925091803,782888,16168,16168,live
1099925091804,782888,16169,16169,live
1099925091805,782888,16170,16170,live
1099925091806,782888,16171,16171,live
1099925091807,782888,16172,16172,live
1099925091808,782888,16173,16173,live
1099925091809,782888,16174,16174,live
1099925091810,782888,16175,16175,live
1099925091811,782888,16176,16176,live
1099925091812,782888,16177,16177,live
1099925091813,782888,16178,16178,live
1099925091814,782888,16179,16179,live
1099925091815,782888,16180,16180,live
1099925091816,782888,16181,16181,live
1099925091817,782888,16182,16182,live
1099925091818,782888,16183,16183,live
1099925091819,782888,16184,16184,live
1099925091820,782888,16185,16185,live
1099925091821,782888,16186,16186,live
1099925091822,782888,16187,16187,live
1099925091823,782888,16188,16188,live
1099925091824,782888,16189,16189,live
1099925091825,782888,16190,16190,live
1099925091826,782888,16191,16191,live
1099925091827,782888,16192,16192,live
1099925091828,782888,16193,16193,live
1099925091829,782888,16194,16194,live
1099925091830,782888,16195,16195,live
1099925091831,782888,16196,16196,live
1099925091832,782888,16197,16197,live
1099925091833,782888,16198,16198,live
1099925091834,782888,16199,16199,live
1099925091835,782888,16200,16200,live
1099925091842,782888,16201,16201,live
1099925091843,782888,16202,16202,live
1099925091844,782888,16203,16203,live
1099925091845,782888,16204,16204,live
1099925091846,782888,16205,16205,live
1099925091847,782888,16206,16206,live
1099925091848,782888,16207,16207,live
1099925091849,782888,16208,16208,live
1099925091850,782888,16209,16209,live
1099925091851,782888,16210,16210,live
1099925091852,782888,16211,16211,live
1099925091853,782888,16212,16212,live
1099925091854,782888,16213,16213,live
1099925091855,782888,16214,16214,live
1099925091856,782888,16215,16215,live
1099925091857,782888,16216,16216,live
1099925091858,782888,16217,16217,live
1099925091859,782888,16218,16218,live
1099925091860,782888,16219,16219,live
1099925091861,782888,16220,16220,live
1099925091862,782888,16221,16221,live
1099925091863,782888,16222,16222,live
1099925091864,782888,16223,16223,live
1099925091865,782888,16224,16224,live
1099925091866,782888,16225,16225,live
1099925091867,782888,16226,16226,live
1099925091868,782888,16227,16227,live
1099925091869,782888,16228,16228,live
1099925091870,782888,16229,16229,live
1099925091871,782888,16230,16230,live
1099925091872,782888,16231,16231,live
1099925091873,782888,16232,16232,live
1099925091874,782888,16233,16233,live
1099925091875,782888,16234,16234,live
1099925091876,782888,16235,16235,live
1099925091877,782888,16236,16236,live
1099925091878,782888,16237,16237,live
1099925091879,782888,16238,16238,live
1099925091880,782888,16239,16239,live
1099925091881,782888,16240,16240,live
1099925091882,782888,16241,16241,live
1099925091883,782888,16242,16242,live
1099925091884,782888,16243,16243,live
1099925091885,782888,16244,16244,live
1099925091886,782888,16245,16245,live
1099925091887,782888,16246,16246,live
1099925091888,782888,16247,16247,live
1099925091889,782888,16248,16248,live
1099925091890,782888,16249,16249,live
1099925091891,782888,16250,16250,live
1099925091892,782888,16251,16251,live
1099925091893,782888,16252,16252,live
1099925091894,782888,16253,16253,live
1099925091895,782888,16254,16254,live
1099925091896,782888,16255,16255,live
1099925091897,782888,16256,16256,live
1099925091898,782888,16257,16257,live
1099925091899,782888,16258,16258,live
1099925091900,782888,16259,16259,live
1099925091901,782888,16260,16260,live
1099925091902,782888,16261,16261,live
1099925091903,782888,16262,16262,live
1099925091904,782888,16263,16263,live
1099925091905,782888,16264,16264,live
1099925091906,782888,16265,16265,live
1099925091907,782888,16266,16266,live
1099925091908,782888,16267,16267,live
1099925091909,782888,16268,16268,live
1099925091910,782888,16269,16269,live
1099925091911,782888,16270,16270,live
1099925091912,782888,16271,16271,live
1099925091913,782888,16272,16272,live
1099925091914,782888,16273,16273,live
1099925091915,782888,16274,16274,live
1099925091916,782888,16275,16275,live
1099925091917,782888,16276,16276,live
1099925091918,782888,16277,16277,live
1099925091919,782888,16278,16278,live
1099925091920,782888,16279,16279,live
1099925091921,782888,16280,16280,live
1099925091922,782888,16281,16281,live
1099925091923,782888,16282,16282,live
1099925091924,782888,16283,16283,live
1099925091925,782888,16284,16284,live
1099925091926,782888,16285,16285,live
1099925091927,782888,16286,16286,live
1099925091928,782888,16287,16287,live
1099925091929,782888,16288,16288,live
1099925091930,782888,16289,16289,live
1099925091931,782888,16290,16290,live
1099925091932,782888,16291,16291,live
1099925091933,782888,16292,16292,live
1099925091934,782888,16293,16293,live
1099925091935,782888,16294,16294,live
1099925091936,782888,16295,16295,live
1099925091937,782888,16296,16296,live
1099925091938,782888,16297,16297,live
1099925091939,782888,16298,16298,live
1099925091940,782888,16299,16299,live
1099925091941,782888,16300,16300,live
1099925091942,782888,16301,16301,live
1099925091943,782888,16302,16302,live
1099925091944,782888,16303,16303,live
1099925091945,782888,16304,16304,live
1099925091946,782888,16305,16305,live
1099925091947,782888,16306,16306,live
1099925091948,782888,16307,16307,live
1099925091949,782888,16308,16308,live
1099925091950,782888,16309,16309,live
1099925091951,782888,16310,16310,live
1099925091952,782888,16311,16311,live
1099925091953,782888,16312,16312,live
1099925091954,782888,16313,16313,live
1099925091955,782888,16314,16314,live
1099925091956,782888,16315,16315,live
1099925091957,782888,16316,16316,live
1099925091958,782888,16317,16317,live
1099925091959,782888,16318,16318,live
1099925091960,782888,16319,16319,live
1099925091961,782888,16320,16320,live
1099925091962,782888,16321,16321,live
1099925091963,782888,16322,16322,live
1099925091964,782888,16323,16323,live
1099925091965,782888,16324,16324,live
1099925091966,782888,16325,16325,live
1099925091967,782888,16326,16326,live
1099925091968,782888,16327,16327,live
1099925091969,782888,16328,16328,live
1099925091970,782888,16329,16329,live
1099925091971,782888,16330,16330,live
1099925091972,782888,16331,16331,live
1099925091973,782888,16332,16332,live
1099925091974,782888,16333,16333,live
1099925091975,782888,16334,16334,live
1099925091976,782888,16335,16335,live
1099925091977,782888,16336,16336,live
1099925091978,782888,16337,16337,live
1099925091979,782888,16338,16338,live
1099925091980,782888,16339,16339,live
1099925091981,782888,16340,16340,live
1099925091982,782888,16341,16341,live
1099925091983,782888,16342,16342,live
1099925091984,782888,16343,16343,live
1099925091985,782888,16344,16344,live
1099925091986,782888,16345,16345,live
1099925091987,782888,16346,16346,live
1099925091988,782888,16347,16347,live
1099925091989,782888,16348,16348,live
1099925091990,782888,16349,16349,live
1099925091991,782888,16350,16350,live
1099925091992,782888,16351,16351,live
1099925091993,782888,16352,16352,live
1099925091994,782888,16353,16353,live
1099925091995,782888,16354,16354,live
1099925091996,782888,16355,16355,live
1099925091997,782888,16356,16356,live
1099925091998,782888,16357,16357,live
1099925091999,782888,16358,16358,live
1099925092000,782888,16359,16359,live
1099925092001,782888,16360,16360,live
1099925092002,782888,16361,16361,live
1099925092003,782888,16362,16362,live
1099925092004,782888,16363,16363,live
1099925092005,782888,16364,16364,live
1099925092006,782888,16365,16365,live
1099925092007,782888,16366,16366,live
1099925092008,782888,16367,16367,live
1099925092009,782888,16368,16368,live
1099925092010,782888,16369,16369,live
1099925092011,782888,16370,16370,live
1099925092012,782888,16371,16371,live
1099925092013,782888,16372,16372,live
1099925092014,782888,16373,16373,live
1099925092015,782888,16374,16374,live
1099925092016,782888,16375,16375,live
1099925092017,782888,16376,16376,live
1099925092018,782888,16377,16377,live
1099925092019,782888,16378,16378,live
1099925092020,782888,16379,16379,live
1099925092021,782888,16380,16380,live
1099925092022,782888,16381,16381,live
1099925092023,782888,16382,16382,live
1099925092024,782888,16383,16383,live
1099925092025,782888,16384,16384,live
1099925092026,782888,16385,16385,live
1099925092027,782888,16386,16386,live
1099925092028,782888,16387,16387,live
1099925092029,782888,16388,16388,live
1099925092030,782888,16389,16389,live
1099925092031,782888,16390,16390,live
1099925092032,782888,16391,16391,live
1099925092033,782888,16392,16392,live
1099925092034,782888,16393,16393,live
1099925092035,782888,16394,16394,live
1099925092036,782888,16395,16395,live
1099925092037,782888,16396,16396,live
1099925092038,782888,16397,16397,live
1099925092039,782888,16398,16398,live
1099925092040,782888,16399,16399,live
1099925092041,782888,16400,16400,live
1099925092042,782888,16401,16401,live
1099925092043,782888,16402,16402,live
1099925092044,782888,16403,16403,live
1099925092045,782888,16404,16404,live
1099925092046,782888,16405,16405,live
1099925092047,782888,16406,16406,live
1099925092048,782888,16407,16407,live
1099925092049,782888,16408,16408,live
1099925092050,782888,16409,16409,live
1099925092051,782888,16410,16410,live
1099925092052,782888,16411,16411,live
1099925092053,782888,16412,16412,live
1099925092054,782888,16413,16413,live
1099925092055,782888,16414,16414,live
1099925092056,782888,16415,16415,live
1099925092057,782888,16416,16416,live
1099925092058,782888,16417,16417,live
1099925092059,782888,16418,16418,live
1099925092060,782888,16419,16419,live
1099925092061,782888,16420,16420,live
1099925092062,782888,16421,16421,live
1099925092063,782888,16422,16422,live
1099925092064,782888,16423,16423,live
1099925092065,782888,16424,16424,live
1099925092066,782888,16425,16425,live
1099925092067,782888,16426,16426,live
1099925092068,782888,16427,16427,live
1099925092069,782888,16428,16428,live
1099925092070,782888,16429,16429,live
1099925092071,782888,16430,16430,live
1099925092072,782888,16431,16431,live
1099925092073,782888,16432,16432,live
1099925092074,782888,16433,16433,live
1099925092075,782888,16434,16434,live
1099925092076,782888,16435,16435,live
1099925092077,782888,16436,16436,live
1099925092078,782888,16437,16437,live
1099925092079,782888,16438,16438,live
1099925092080,782888,16439,16439,live
1099925092081,782888,16440,16440,live
1099925092082,782888,16441,16441,live
1099925092083,782888,16442,16442,live
1099925092084,782888,16443,16443,live
1099925092085,782888,16444,16444,live
1099925092086,782888,16445,16445,live
1099925092087,782888,16446,16446,live
1099925092088,782888,16447,16447,live
1099925092089,782888,16448,16448,live
1099925092090,782888,16449,16449,live
1099925092091,782888,16450,16450,live
1099925092092,782888,16451,16451,live
1099925092093,782888,16452,16452,live
1099925092094,782888,16453,16453,live
1099925092095,782888,16454,16454,live
1099925092096,782888,16455,16455,live
1099925092097,782888,16456,16456,live
1099925092098,782888,16457,16457,live
1099925092099,782888,16458,16458,live
1099925092100,782888,16459,16459,live
1099925092101,782888,16460,16460,live
1099925092102,782888,16461,16461,live
1099925092103,782888,16462,16462,live
1099925092104,782888,16463,16463,live
1099925092105,782888,16464,16464,live
1099925092106,782888,16465,16465,live
1099925092107,782888,16466,16466,live
1099925092108,782888,16467,16467,live
1099925092109,782888,16468,16468,live
1099925092110,782888,16469,16469,live
1099925092111,782888,16470,16470,live
1099925092112,782888,16471,16471,live
1099925092113,782888,16472,16472,live
1099925092114,782888,16473,16473,live
1099925092115,782888,16474,16474,live
1099925092116,782888,16475,16475,live
1099925092117,782888,16476,16476,live
1099925092118,782888,16477,16477,live
1099925092119,782888,16478,16478,live
1099925092120,782888,16479,16479,live
1099925092121,782888,16480,16480,live
1099925092122,782888,16481,16481,live
1099925092123,782888,16482,16482,live
1099925092124,782888,16483,16483,live
1099925092125,782888,16484,16484,live
1099925092126,782888,16485,16485,live
1099925092127,782888,16486,16486,live
1099925092128,782888,16487,16487,live
1099925092129,782888,16488,16488,live
1099925092130,782888,16489,16489,live
1099925092131,782888,16490,16490,live
1099925092132,782888,16491,16491,live
1099925092133,782888,16492,16492,live
1099925092134,782888,16493,16493,live
1099925092135,782888,16494,16494,live
1099925092136,782888,16495,16495,live
1099925092137,782888,16496,16496,live
1099925092138,782888,16497,16497,live
1099925092139,782888,16498,16498,live
1099925092140,782888,16499,16499,live
1099925092141,782888,16500,16500,live
1099925092142,782888,16501,16501,live
1099925092143,782888,16502,16502,live
1099925092144,782888,16503,16503,live
1099925092145,782888,16504,16504,live
1099925092146,782888,16505,16505,live
1099925092147,782888,16506,16506,live
1099925092148,782888,16507,16507,live
1099925092149,782888,16508,16508,live
1099925092150,782888,16509,16509,live
1099925092151,782888,16510,16510,live
1099925092152,782888,16511,16511,live
1099925092153,782888,16512,16512,live
1099925092154,782888,16513,16513,live
1099925092155,782888,16514,16514,live
1099925092156,782888,16515,16515,live
1099925092157,782888,16516,16516,live
1099925092158,782888,16517,16517,live
1099925092159,782888,16518,16518,live
1099925092160,782888,16519,16519,live
1099925092161,782888,16520,16520,live
1099925092162,782888,16521,16521,live
1099925092163,782888,16522,16522,live
1099925092164,782888,16523,16523,live
1099925092165,782888,16524,16524,live
1099925092166,782888,16525,16525,live
1099925092167,782888,16526,16526,live
1099925092168,782888,16527,16527,live
1099925092169,782888,16528,16528,live
1099925092170,782888,16529,16529,live
1099925092171,782888,16530,16530,live
1099925092172,782888,16531,16531,live
1099925092173,782888,16532,16532,live
1099925092174,782888,16533,16533,live
1099925092175,782888,16534,16534,live
1099925092176,782888,16535,16535,live
1099925092177,782888,16536,16536,live
1099925092178,782888,16537,16537,live
1099925092179,782888,16538,16538,live
1099925092180,782888,16539,16539,live
1099925092181,782888,16540,16540,live
1099925092182,782888,16541,16541,live
1099925092183,782888,16542,16542,live
1099925092184,782888,16543,16543,live
1099925092185,782888,16544,16544,live
1099925092186,782888,16545,16545,live
1099925092187,782888,16546,16546,live
1099925092188,782888,16547,16547,live
1099925092189,782888,16548,16548,live
1099925092190,782888,16549,16549,live
1099925092191,782888,16550,16550,live
1099925092192,782888,16551,16551,live
1099925092193,782888,16552,16552,live
1099925092194,782888,16553,16553,live
1099925092195,782888,16554,16554,live
1099925092196,782888,16555,16555,live
1099925092197,782888,16556,16556,live
1099925092198,782888,16557,16557,live
1099925092199,782888,16558,16558,live
1099925092200,782888,16559,16559,live
1099925092201,782888,16560,16560,live
1099925092202,782888,16561,16561,live
1099925092203,782888,16562,16562,live
1099925092204,782888,16563,16563,live
1099925092205,782888,16564,16564,live
1099925092206,782888,16565,16565,live
1099925092207,782888,16566,16566,live
1099925092208,782888,16567,16567,live
1099925092209,782888,16568,16568,live
1099925092210,782888,16569,16569,live
1099925092211,782888,16570,16570,live
1099925092212,782888,16571,16571,live
1099925092213,782888,16572,16572,live
1099925092214,782888,16573,16573,live
1099925092215,782888,16574,16574,live
1099925092216,782888,16575,16575,live
1099925092217,782888,16576,16576,live
1099925092218,782888,16577,16577,live
1099925092219,782888,16578,16578,live
1099925092220,782888,16579,16579,live
1099925092221,782888,16580,16580,live
1099925092222,782888,16581,16581,live
1099925092223,782888,16582,16582,live
1099925092224,782888,16583,16583,live
1099925092225,782888,16584,16584,live
1099925092226,782888,16585,16585,live
1099925092227,782888,16586,16586,live
1099925092228,782888,16587,16587,live
1099925092229,782888,16588,16588,live
1099925092230,782888,16589,16589,live
1099925092231,782888,16590,16590,live
1099925092232,782888,16591,16591,live
1099925092233,782888,16592,16592,live
1099925092234,782888,16593,16593,live
1099925092235,782888,16594,16594,live
1099925092236,782888,16595,16595,live
1099925092237,782888,16596,16596,live
1099925092238,782888,16597,16597,live
1099925092239,782888,16598,16598,live
1099925092240,782888,16599,16599,live
1099925092241,782888,16600,16600,live
1099925092242,782888,16601,16601,live
1099925092243,782888,16602,16602,live
1099925092244,782888,16603,16603,live
1099925092245,782888,16604,16604,live
1099925092246,782888,16605,16605,live
1099925092247,782888,16606,16606,live
1099925092248,782888,16607,16607,live
1099925092249,782888,16608,16608,live
1099925092250,782888,16609,16609,live
1099925092251,782888,16610,16610,live
1099925092252,782888,16611,16611,live
1099925092253,782888,16612,16612,live
1099925092254,782888,16613,16613,live
1099925092255,782888,16614,16614,live
1099925092256,782888,16615,16615,live
1099925092257,782888,16616,16616,live
1099925092258,782888,16617,16617,live
1099925092259,782888,16618,16618,live
1099925092260,782888,16619,16619,live
1099925092261,782888,16620,16620,live
1099925092262,782888,16621,16621,live
1099925092263,782888,16622,16622,live
1099925092264,782888,16623,16623,live
1099925092265,782888,16624,16624,live
1099925092266,782888,16625,16625,live
1099925092267,782888,16626,16626,live
1099925092268,782888,16627,16627,live
1099925092269,782888,16628,16628,live
1099925092270,782888,16629,16629,live
1099925092271,782888,16630,16630,live
1099925092272,782888,16631,16631,live
1099925092273,782888,16632,16632,live
1099925092274,782888,16633,16633,live
1099925092275,782888,16634,16634,live
1099925092276,782888,16635,16635,live
1099925092277,782888,16636,16636,live
1099925092278,782888,16637,16637,live
1099925092279,782888,16638,16638,live
1099925092280,782888,16639,16639,live
1099925092281,782888,16640,16640,live
1099925092282,782888,16641,16641,live
1099925092283,782888,16642,16642,live
1099925092284,782888,16643,16643,live
1099925092285,782888,16644,16644,live
1099925092286,782888,16645,16645,live
1099925092287,782888,16646,16646,live
1099925092288,782888,16647,16647,live
1099925092289,782888,16648,16648,live
1099925092290,782888,16649,16649,live
1099925092291,782888,16650,16650,live
1099925092292,782888,16651,16651,live
1099925092293,782888,16652,16652,live
1099925092294,782888,16653,16653,live
1099925092295,782888,16654,16654,live
1099925092296,782888,16655,16655,live
1099925092297,782888,16656,16656,live
1099925092298,782888,16657,16657,live
1099925092299,782888,16658,16658,live
1099925092300,782888,16659,16659,live
1099925092301,782888,16660,16660,live
1099925092302,782888,16661,16661,live
1099925092303,782888,16662,16662,live
1099925092304,782888,16663,16663,live
1099925092305,782888,16664,16664,live
1099925092306,782888,16665,16665,live
1099925092307,782888,16666,16666,live
1099925092308,782888,16667,16667,live
1099925092309,782888,16668,16668,live
1099925092310,782888,16669,16669,live
1099925092311,782888,16670,16670,live
1099925092312,782888,16671,16671,live
1099925092313,782888,16672,16672,live
1099925092314,782888,16673,16673,live
1099925092315,782888,16674,16674,live
1099925092316,782888,16675,16675,live
1099925092317,782888,16676,16676,live
1099925092318,782888,16677,16677,live
1099925092319,782888,16678,16678,live
1099925092320,782888,16679,16679,live
1099925092321,782888,16680,16680,live
1099925092322,782888,16681,16681,live
1099925092323,782888,16682,16682,live
1099925092324,782888,16683,16683,live
1099925092325,782888,16684,16684,live
1099925092326,782888,16685,16685,live
1099925092327,782888,16686,16686,live
1099925092328,782888,16687,16687,live
1099925092329,782888,16688,16688,live
1099925092330,782888,16689,16689,live
1099925092331,782888,16690,16690,live
1099925092332,782888,16691,16691,live
1099925092333,782888,16692,16692,live
1099925092334,782888,16693,16693,live
1099925092335,782888,16694,16694,live
1099925092336,782888,16695,16695,live
1099925092337,782888,16696,16696,live
1099925092338,782888,16697,16697,live
1099925092339,782888,16698,16698,live
1099925092340,782888,16699,16699,live
1099925092341,782888,16700,16700,live
1099925092342,782888,16701,16701,live
1099925092343,782888,16702,16702,live
1099925092344,782888,16703,16703,live
1099925092345,782888,16704,16704,live
1099925092346,782888,16705,16705,live
1099925092347,782888,16706,16706,live
1099925092348,782888,16707,16707,live
1099925092349,782888,16708,16708,live
1099925092350,782888,16709,16709,live
1099925092351,782888,16710,16710,live
1099925092352,782888,16711,16711,live
1099925092353,782888,16712,16712,live
1099925092354,782888,16713,16713,live
1099925092355,782888,16714,16714,live
1099925092356,782888,16715,16715,live
1099925092357,782888,16716,16716,live
1099925092358,782888,16717,16717,live
1099925092359,782888,16718,16718,live
1099925092360,782888,16719,16719,live
1099925092361,782888,16720,16720,live
1099925092362,782888,16721,16721,live
1099925092363,782888,16722,16722,live
1099925092364,782888,16723,16723,live
1099925092365,782888,16724,16724,live
1099925092366,782888,16725,16725,live
1099925092367,782888,16726,16726,live
1099925092368,782888,16727,16727,live
1099925092369,782888,16728,16728,live
1099925092370,782888,16729,16729,live
1099925092371,782888,16730,16730,live
1099925092372,782888,16731,16731,live
1099925092373,782888,16732,16732,live
1099925092374,782888,16733,16733,live
1099925092375,782888,16734,16734,live
1099925092376,782888,16735,16735,live
1099925092377,782888,16736,16736,live
1099925092378,782888,16737,16737,live
1099925092379,782888,16738,16738,live
1099925092380,782888,16739,16739,live
1099925092381,782888,16740,16740,live
1099925092382,782888,16741,16741,live
1099925092383,782888,16742,16742,live
1099925092384,782888,16743,16743,live
1099925092385,782888,16744,16744,live
1099925092386,782888,16745,16745,live
1099925092387,782888,16746,16746,live
1099925092388,782888,16747,16747,live
1099925092389,782888,16748,16748,live
1099925092390,782888,16749,16749,live
1099925092391,782888,16750,16750,live
1099925092392,782888,16751,16751,live
1099925092393,782888,16752,16752,live
1099925092394,782888,16753,16753,live
1099925092395,782888,16754,16754,live
1099925092396,782888,16755,16755,live
1099925092397,782888,16756,16756,live
1099925092398,782888,16757,16757,live
1099925092399,782888,16758,16758,live
1099925092400,782888,16759,16759,live
1099925092401,782888,16760,16760,live
1099925092402,782888,16761,16761,live
1099925092403,782888,16762,16762,live
1099925092404,782888,16763,16763,live
1099925092405,782888,16764,16764,live
1099925092406,782888,16765,16765,live
1099925092407,782888,16766,16766,live
1099925092408,782888,16767,16767,live
1099925092409,782888,16768,16768,live
1099925092410,782888,16769,16769,live
1099925092411,782888,16770,16770,live
1099925092412,782888,16771,16771,live
1099925092413,782888,16772,16772,live
1099925092414,782888,16773,16773,live
1099925092415,782888,16774,16774,live
1099925092416,782888,16775,16775,live
1099925092417,782888,16776,16776,live
1099925092418,782888,16777,16777,live
1099925092419,782888,16778,16778,live
1099925092420,782888,16779,16779,live
1099925092421,782888,16780,16780,live
1099925092422,782888,16781,16781,live
1099925092423,782888,16782,16782,live
1099925092424,782888,16783,16783,live
1099925092425,782888,16784,16784,live
1099925092426,782888,16785,16785,live
1099925092427,782888,16786,16786,live
1099925092428,782888,16787,16787,live
1099925092429,782888,16788,16788,live
1099925092430,782888,16789,16789,live
1099925092431,782888,16790,16790,live
1099925092432,782888,16791,16791,live
1099925092433,782888,16792,16792,live
1099925092434,782888,16793,16793,live
1099925092435,782888,16794,16794,live
1099925092436,782888,16795,16795,live
1099925092437,782888,16796,16796,live
1099925092438,782888,16797,16797,live
1099925092439,782888,16798,16798,live
1099925092440,782888,16799,16799,live
1099925092441,782888,16800,16800,live
1099925092445,782888,16801,16801,live
1099925092446,782888,16802,16802,live
1099925092447,782888,16803,16803,live
1099925092448,782888,16804,16804,live
1099925092449,782888,16805,16805,live
1099925092450,782888,16806,16806,live
1099925092451,782888,16807,16807,live
1099925092452,782888,16808,16808,live
1099925092453,782888,16809,16809,live
1099925092454,782888,16810,16810,live
1099925092455,782888,16811,16811,live
1099925092456,782888,16812,16812,live
1099925092457,782888,16813,16813,live
1099925092458,782888,16814,16814,live
1099925092459,782888,16815,16815,live
1099925092460,782888,16816,16816,live
1099925092461,782888,16817,16817,live
1099925092462,782888,16818,16818,live
1099925092463,782888,16819,16819,live
1099925092464,782888,16820,16820,live
1099925092465,782888,16821,16821,live
1099925092466,782888,16822,16822,live
1099925092467,782888,16823,16823,live
1099925092468,782888,16824,16824,live
1099925092469,782888,16825,16825,live
1099925092470,782888,16826,16826,live
1099925092471,782888,16827,16827,live
1099925092472,782888,16828,16828,live
1099925092473,782888,16829,16829,live
1099925092474,782888,16830,16830,live
1099925092475,782888,16831,16831,live
1099925092476,782888,16832,16832,live
1099925092477,782888,16833,16833,live
1099925092478,782888,16834,16834,live
1099925092479,782888,16835,16835,live
1099925092480,782888,16836,16836,live
1099925092481,782888,16837,16837,live
1099925092482,782888,16838,16838,live
1099925092483,782888,16839,16839,live
1099925092484,782888,16840,16840,live
1099925092485,782888,16841,16841,live
1099925092486,782888,16842,16842,live
1099925092487,782888,16843,16843,live
1099925092488,782888,16844,16844,live
1099925092489,782888,16845,16845,live
1099925092490,782888,16846,16846,live
1099925092491,782888,16847,16847,live
1099925092492,782888,16848,16848,live
1099925092493,782888,16849,16849,live
1099925092494,782888,16850,16850,live
1099925092495,782888,16851,16851,live
1099925092496,782888,16852,16852,live
1099925092497,782888,16853,16853,live
1099925092498,782888,16854,16854,live
1099925092499,782888,16855,16855,live
1099925092500,782888,16856,16856,live
1099925092501,782888,16857,16857,live
1099925092502,782888,16858,16858,live
1099925092503,782888,16859,16859,live
1099925092504,782888,16860,16860,live
1099925092505,782888,16861,16861,live
1099925092506,782888,16862,16862,live
1099925092507,782888,16863,16863,live
1099925092508,782888,16864,16864,live
1099925092509,782888,16865,16865,live
1099925092510,782888,16866,16866,live
1099925092511,782888,16867,16867,live
1099925092512,782888,16868,16868,live
1099925092513,782888,16869,16869,live
1099925092514,782888,16870,16870,live
1099925092515,782888,16871,16871,live
1099925092516,782888,16872,16872,live
1099925092517,782888,16873,16873,live
1099925092518,782888,16874,16874,live
1099925092519,782888,16875,16875,live
1099925092520,782888,16876,16876,live
1099925092521,782888,16877,16877,live
1099925092522,782888,16878,16878,live
1099925092523,782888,16879,16879,live
1099925092524,782888,16880,16880,live
1099925092525,782888,16881,16881,live
1099925092526,782888,16882,16882,live
1099925092527,782888,16883,16883,live
1099925092528,782888,16884,16884,live
1099925092529,782888,16885,16885,live
1099925092530,782888,16886,16886,live
1099925092531,782888,16887,16887,live
1099925092532,782888,16888,16888,live
1099925092533,782888,16889,16889,live
1099925092534,782888,16890,16890,live
1099925092535,782888,16891,16891,live
1099925092536,782888,16892,16892,live
1099925092537,782888,16893,16893,live
1099925092538,782888,16894,16894,live
1099925092539,782888,16895,16895,live
1099925092540,782888,16896,16896,live
1099925092541,782888,16897,16897,live
1099925092542,782888,16898,16898,live
1099925092543,782888,16899,16899,live
1099925092544,782888,16900,16900,live
1099925092545,782888,16901,16901,live
1099925092546,782888,16902,16902,live
1099925092547,782888,16903,16903,live
1099925092548,782888,16904,16904,live
1099925092549,782888,16905,16905,live
1099925092550,782888,16906,16906,live
1099925092551,782888,16907,16907,live
1099925092552,782888,16908,16908,live
1099925092553,782888,16909,16909,live
1099925092554,782888,16910,16910,live
1099925092555,782888,16911,16911,live
1099925092556,782888,16912,16912,live
1099925092557,782888,16913,16913,live
1099925092558,782888,16914,16914,live
1099925092559,782888,16915,16915,live
1099925092560,782888,16916,16916,live
1099925092561,782888,16917,16917,live
1099925092562,782888,16918,16918,live
1099925092563,782888,16919,16919,live
1099925092564,782888,16920,16920,live
1099925092565,782888,16921,16921,live
1099925092566,782888,16922,16922,live
1099925092567,782888,16923,16923,live
1099925092568,782888,16924,16924,live
1099925092569,782888,16925,16925,live
1099925092570,782888,16926,16926,live
1099925092571,782888,16927,16927,live
1099925092572,782888,16928,16928,live
1099925092573,782888,16929,16929,live
1099925092574,782888,16930,16930,live
1099925092575,782888,16931,16931,live
1099925092576,782888,16932,16932,live
1099925092577,782888,16933,16933,live
1099925092578,782888,16934,16934,live
1099925092579,782888,16935,16935,live
1099925092580,782888,16936,16936,live
1099925092581,782888,16937,16937,live
1099925092582,782888,16938,16938,live
1099925092583,782888,16939,16939,live
1099925092584,782888,16940,16940,live
1099925092585,782888,16941,16941,live
1099925092586,782888,16942,16942,live
1099925092587,782888,16943,16943,live
1099925092588,782888,16944,16944,live
1099925092589,782888,16945,16945,live
1099925092590,782888,16946,16946,live
1099925092591,782888,16947,16947,live
1099925092592,782888,16948,16948,live
1099925092593,782888,16949,16949,live
1099925092594,782888,16950,16950,live
1099925092595,782888,16951,16951,live
1099925092596,782888,16952,16952,live
1099925092597,782888,16953,16953,live
1099925092598,782888,16954,16954,live
1099925092599,782888,16955,16955,live
1099925092600,782888,16956,16956,live
1099925092601,782888,16957,16957,live
1099925092602,782888,16958,16958,live
1099925092603,782888,16959,16959,live
1099925092604,782888,16960,16960,live
1099925092605,782888,16961,16961,live
1099925092606,782888,16962,16962,live
1099925092607,782888,16963,16963,live
1099925092608,782888,16964,16964,live
1099925092609,782888,16965,16965,live
1099925092610,782888,16966,16966,live
1099925092611,782888,16967,16967,live
1099925092612,782888,16968,16968,live
1099925092613,782888,16969,16969,live
1099925092614,782888,16970,16970,live
1099925092615,782888,16971,16971,live
1099925092616,782888,16972,16972,live
1099925092617,782888,16973,16973,live
1099925092618,782888,16974,16974,live
1099925092619,782888,16975,16975,live
1099925092620,782888,16976,16976,live
1099925092621,782888,16977,16977,live
1099925092622,782888,16978,16978,live
1099925092623,782888,16979,16979,live
1099925092624,782888,16980,16980,live
1099925092625,782888,16981,16981,live
1099925092626,782888,16982,16982,live
1099925092627,782888,16983,16983,live
1099925092628,782888,16984,16984,live
1099925092629,782888,16985,16985,live
1099925092630,782888,16986,16986,live
1099925092631,782888,16987,16987,live
1099925092632,782888,16988,16988,live
1099925092633,782888,16989,16989,live
1099925092634,782888,16990,16990,live
1099925092635,782888,16991,16991,live
1099925092636,782888,16992,16992,live
1099925092637,782888,16993,16993,live
1099925092638,782888,16994,16994,live
1099925092639,782888,16995,16995,live
1099925092640,782888,16996,16996,live
1099925092641,782888,16997,16997,live
1099925092642,782888,16998,16998,live
1099925092643,782888,16999,16999,live
1099925092644,782888,17000,17000,live
1099925092649,782888,17001,17001,live
1099925092650,782888,17002,17002,live
1099925092651,782888,17003,17003,live
1099925092652,782888,17004,17004,live
1099925092653,782888,17005,17005,live
1099925092654,782888,17006,17006,live
1099925092655,782888,17007,17007,live
1099925092656,782888,17008,17008,live
1099925092657,782888,17009,17009,live
1099925092658,782888,17010,17010,live
1099925092659,782888,17011,17011,live
1099925092660,782888,17012,17012,live
1099925092661,782888,17013,17013,live
1099925092662,782888,17014,17014,live
1099925092663,782888,17015,17015,live
1099925092664,782888,17016,17016,live
1099925092665,782888,17017,17017,live
1099925092666,782888,17018,17018,live
1099925092667,782888,17019,17019,live
1099925092668,782888,17020,17020,live
1099925092669,782888,17021,17021,live
1099925092670,782888,17022,17022,live
1099925092671,782888,17023,17023,live
1099925092672,782888,17024,17024,live
1099925092673,782888,17025,17025,live
1099925092674,782888,17026,17026,live
1099925092675,782888,17027,17027,live
1099925092676,782888,17028,17028,live
1099925092677,782888,17029,17029,live
1099925092678,782888,17030,17030,live
1099925092679,782888,17031,17031,live
1099925092680,782888,17032,17032,live
1099925092681,782888,17033,17033,live
1099925092682,782888,17034,17034,live
1099925092683,782888,17035,17035,live
1099925092684,782888,17036,17036,live
1099925092685,782888,17037,17037,live
1099925092686,782888,17038,17038,live
1099925092687,782888,17039,17039,live
1099925092688,782888,17040,17040,live
1099925092689,782888,17041,17041,live
1099925092690,782888,17042,17042,live
1099925092691,782888,17043,17043,live
1099925092692,782888,17044,17044,live
1099925092693,782888,17045,17045,live
1099925092694,782888,17046,17046,live
1099925092695,782888,17047,17047,live
1099925092696,782888,17048,17048,live
1099925092697,782888,17049,17049,live
1099925092698,782888,17050,17050,live
1099925092699,782888,17051,17051,live
1099925092700,782888,17052,17052,live
1099925092701,782888,17053,17053,live
1099925092702,782888,17054,17054,live
1099925092703,782888,17055,17055,live
1099925092704,782888,17056,17056,live
1099925092705,782888,17057,17057,live
1099925092706,782888,17058,17058,live
1099925092707,782888,17059,17059,live
1099925092708,782888,17060,17060,live
1099925092709,782888,17061,17061,live
1099925092710,782888,17062,17062,live
1099925092711,782888,17063,17063,live
1099925092712,782888,17064,17064,live
1099925092713,782888,17065,17065,live
1099925092714,782888,17066,17066,live
1099925092715,782888,17067,17067,live
1099925092716,782888,17068,17068,live
1099925092717,782888,17069,17069,live
1099925092718,782888,17070,17070,live
1099925092719,782888,17071,17071,live
1099925092720,782888,17072,17072,live
1099925092721,782888,17073,17073,live
1099925092722,782888,17074,17074,live
1099925092723,782888,17075,17075,live
1099925092724,782888,17076,17076,live
1099925092725,782888,17077,17077,live
1099925092726,782888,17078,17078,live
1099925092727,782888,17079,17079,live
1099925092728,782888,17080,17080,live
1099925092729,782888,17081,17081,live
1099925092730,782888,17082,17082,live
1099925092731,782888,17083,17083,live
1099925092732,782888,17084,17084,live
1099925092733,782888,17085,17085,live
1099925092734,782888,17086,17086,live
1099925092735,782888,17087,17087,live
1099925092736,782888,17088,17088,live
1099925092737,782888,17089,17089,live
1099925092738,782888,17090,17090,live
1099925092739,782888,17091,17091,live
1099925092740,782888,17092,17092,live
1099925092741,782888,17093,17093,live
1099925092742,782888,17094,17094,live
1099925092743,782888,17095,17095,live
1099925092744,782888,17096,17096,live
1099925092745,782888,17097,17097,live
1099925092746,782888,17098,17098,live
1099925092747,782888,17099,17099,live
1099925092748,782888,17100,17100,live
1099925092749,782888,17101,17101,live
1099925092750,782888,17102,17102,live
1099925092751,782888,17103,17103,live
1099925092752,782888,17104,17104,live
1099925092753,782888,17105,17105,live
1099925092754,782888,17106,17106,live
1099925092755,782888,17107,17107,live
1099925092756,782888,17108,17108,live
1099925092757,782888,17109,17109,live
1099925092758,782888,17110,17110,live
1099925092759,782888,17111,17111,live
1099925092760,782888,17112,17112,live
1099925092761,782888,17113,17113,live
1099925092762,782888,17114,17114,live
1099925092763,782888,17115,17115,live
1099925092764,782888,17116,17116,live
1099925092765,782888,17117,17117,live
1099925092766,782888,17118,17118,live
1099925092767,782888,17119,17119,live
1099925092768,782888,17120,17120,live
1099925092769,782888,17121,17121,live
1099925092770,782888,17122,17122,live
1099925092771,782888,17123,17123,live
1099925092772,782888,17124,17124,live
1099925092773,782888,17125,17125,live
1099925092774,782888,17126,17126,live
1099925092775,782888,17127,17127,live
1099925092776,782888,17128,17128,live
1099925092777,782888,17129,17129,live
1099925092778,782888,17130,17130,live
1099925092779,782888,17131,17131,live
1099925092780,782888,17132,17132,live
1099925092781,782888,17133,17133,live
1099925092782,782888,17134,17134,live
1099925092783,782888,17135,17135,live
1099925092784,782888,17136,17136,live
1099925092785,782888,17137,17137,live
1099925092786,782888,17138,17138,live
1099925092787,782888,17139,17139,live
1099925092788,782888,17140,17140,live
1099925092789,782888,17141,17141,live
1099925092790,782888,17142,17142,live
1099925092791,782888,17143,17143,live
1099925092792,782888,17144,17144,live
1099925092793,782888,17145,17145,live
1099925092794,782888,17146,17146,live
1099925092795,782888,17147,17147,live
1099925092796,782888,17148,17148,live
1099925092797,782888,17149,17149,live
1099925092798,782888,17150,17150,live
1099925092799,782888,17151,17151,live
1099925092800,782888,17152,17152,live
1099925092801,782888,17153,17153,live
1099925092802,782888,17154,17154,live
1099925092803,782888,17155,17155,live
1099925092804,782888,17156,17156,live
1099925092805,782888,17157,17157,live
1099925092806,782888,17158,17158,live
1099925092807,782888,17159,17159,live
1099925092808,782888,17160,17160,live
1099925092809,782888,17161,17161,live
1099925092810,782888,17162,17162,live
1099925092811,782888,17163,17163,live
1099925092812,782888,17164,17164,live
1099925092813,782888,17165,17165,live
1099925092814,782888,17166,17166,live
1099925092815,782888,17167,17167,live
1099925092816,782888,17168,17168,live
1099925092817,782888,17169,17169,live
1099925092818,782888,17170,17170,live
1099925092819,782888,17171,17171,live
1099925092820,782888,17172,17172,live
1099925092821,782888,17173,17173,live
1099925092822,782888,17174,17174,live
1099925092823,782888,17175,17175,live
1099925092824,782888,17176,17176,live
1099925092825,782888,17177,17177,live
1099925092826,782888,17178,17178,live
1099925092827,782888,17179,17179,live
1099925092828,782888,17180,17180,live
1099925092829,782888,17181,17181,live
1099925092830,782888,17182,17182,live
1099925092831,782888,17183,17183,live
1099925092832,782888,17184,17184,live
1099925092833,782888,17185,17185,live
1099925092834,782888,17186,17186,live
1099925092835,782888,17187,17187,live
1099925092836,782888,17188,17188,live
1099925092837,782888,17189,17189,live
1099925092838,782888,17190,17190,live
1099925092839,782888,17191,17191,live
1099925092840,782888,17192,17192,live
1099925092841,782888,17193,17193,live
1099925092842,782888,17194,17194,live
1099925092843,782888,17195,17195,live
1099925092844,782888,17196,17196,live
1099925092845,782888,17197,17197,live
1099925092846,782888,17198,17198,live
1099925092847,782888,17199,17199,live
1099925092848,782888,17200,17200,live
1099925092849,782888,17201,17201,live
1099925092850,782888,17202,17202,live
1099925092851,782888,17203,17203,live
1099925092852,782888,17204,17204,live
1099925092853,782888,17205,17205,live
1099925092854,782888,17206,17206,live
1099925092855,782888,17207,17207,live
1099925092856,782888,17208,17208,live
1099925092857,782888,17209,17209,live
1099925092858,782888,17210,17210,live
1099925092859,782888,17211,17211,live
1099925092860,782888,17212,17212,live
1099925092861,782888,17213,17213,live
1099925092862,782888,17214,17214,live
1099925092863,782888,17215,17215,live
1099925092864,782888,17216,17216,live
1099925092865,782888,17217,17217,live
1099925092866,782888,17218,17218,live
1099925092867,782888,17219,17219,live
1099925092868,782888,17220,17220,live
1099925092869,782888,17221,17221,live
1099925092870,782888,17222,17222,live
1099925092871,782888,17223,17223,live
1099925092872,782888,17224,17224,live
1099925092873,782888,17225,17225,live
1099925092874,782888,17226,17226,live
1099925092875,782888,17227,17227,live
1099925092876,782888,17228,17228,live
1099925092877,782888,17229,17229,live
1099925092878,782888,17230,17230,live
1099925092879,782888,17231,17231,live
1099925092880,782888,17232,17232,live
1099925092881,782888,17233,17233,live
1099925092882,782888,17234,17234,live
1099925092883,782888,17235,17235,live
1099925092884,782888,17236,17236,live
1099925092885,782888,17237,17237,live
1099925092886,782888,17238,17238,live
1099925092887,782888,17239,17239,live
1099925092888,782888,17240,17240,live
1099925092889,782888,17241,17241,live
1099925092890,782888,17242,17242,live
1099925092891,782888,17243,17243,live
1099925092892,782888,17244,17244,live
1099925092893,782888,17245,17245,live
1099925092894,782888,17246,17246,live
1099925092895,782888,17247,17247,live
1099925092896,782888,17248,17248,live
1099925092897,782888,17249,17249,live
1099925092898,782888,17250,17250,live
1099925092899,782888,17251,17251,live
1099925092900,782888,17252,17252,live
1099925092901,782888,17253,17253,live
1099925092902,782888,17254,17254,live
1099925092903,782888,17255,17255,live
1099925092904,782888,17256,17256,live
1099925092905,782888,17257,17257,live
1099925092906,782888,17258,17258,live
1099925092907,782888,17259,17259,live
1099925092908,782888,17260,17260,live
1099925092909,782888,17261,17261,live
1099925092910,782888,17262,17262,live
1099925092911,782888,17263,17263,live
1099925092912,782888,17264,17264,live
1099925092913,782888,17265,17265,live
1099925092914,782888,17266,17266,live
1099925092915,782888,17267,17267,live
1099925092916,782888,17268,17268,live
1099925092917,782888,17269,17269,live
1099925092918,782888,17270,17270,live
1099925092919,782888,17271,17271,live
1099925092920,782888,17272,17272,live
1099925092921,782888,17273,17273,live
1099925092922,782888,17274,17274,live
1099925092923,782888,17275,17275,live
1099925092924,782888,17276,17276,live
1099925092925,782888,17277,17277,live
1099925092926,782888,17278,17278,live
1099925092927,782888,17279,17279,live
1099925092928,782888,17280,17280,live
1099925092929,782888,17281,17281,live
1099925092930,782888,17282,17282,live
1099925092931,782888,17283,17283,live
1099925092932,782888,17284,17284,live
1099925092933,782888,17285,17285,live
1099925092934,782888,17286,17286,live
1099925092935,782888,17287,17287,live
1099925092936,782888,17288,17288,live
1099925092937,782888,17289,17289,live
1099925092938,782888,17290,17290,live
1099925092939,782888,17291,17291,live
1099925092940,782888,17292,17292,live
1099925092941,782888,17293,17293,live
1099925092942,782888,17294,17294,live
1099925092943,782888,17295,17295,live
1099925092944,782888,17296,17296,live
1099925092945,782888,17297,17297,live
1099925092946,782888,17298,17298,live
1099925092947,782888,17299,17299,live
1099925092948,782888,17300,17300,live
1099925092949,782888,17301,17301,live
1099925092950,782888,17302,17302,live
1099925092951,782888,17303,17303,live
1099925092952,782888,17304,17304,live
1099925092953,782888,17305,17305,live
1099925092954,782888,17306,17306,live
1099925092955,782888,17307,17307,live
1099925092956,782888,17308,17308,live
1099925092957,782888,17309,17309,live
1099925092958,782888,17310,17310,live
1099925092959,782888,17311,17311,live
1099925092960,782888,17312,17312,live
1099925092961,782888,17313,17313,live
1099925092962,782888,17314,17314,live
1099925092963,782888,17315,17315,live
1099925092964,782888,17316,17316,live
1099925092965,782888,17317,17317,live
1099925092966,782888,17318,17318,live
1099925092967,782888,17319,17319,live
1099925092968,782888,17320,17320,live
1099925092969,782888,17321,17321,live
1099925092970,782888,17322,17322,live
1099925092971,782888,17323,17323,live
1099925092972,782888,17324,17324,live
1099925092973,782888,17325,17325,live
1099925092974,782888,17326,17326,live
1099925092975,782888,17327,17327,live
1099925092976,782888,17328,17328,live
1099925092977,782888,17329,17329,live
1099925092978,782888,17330,17330,live
1099925092979,782888,17331,17331,live
1099925092980,782888,17332,17332,live
1099925092981,782888,17333,17333,live
1099925092982,782888,17334,17334,live
1099925092983,782888,17335,17335,live
1099925092984,782888,17336,17336,live
1099925092985,782888,17337,17337,live
1099925092986,782888,17338,17338,live
1099925092987,782888,17339,17339,live
1099925092988,782888,17340,17340,live
1099925092989,782888,17341,17341,live
1099925092990,782888,17342,17342,live
1099925092991,782888,17343,17343,live
1099925092992,782888,17344,17344,live
1099925092993,782888,17345,17345,live
1099925092994,782888,17346,17346,live
1099925092995,782888,17347,17347,live
1099925092996,782888,17348,17348,live
1099925092997,782888,17349,17349,live
1099925092998,782888,17350,17350,live
1099925092999,782888,17351,17351,live
1099925093000,782888,17352,17352,live
1099925093001,782888,17353,17353,live
1099925093002,782888,17354,17354,live
1099925093003,782888,17355,17355,live
1099925093004,782888,17356,17356,live
1099925093005,782888,17357,17357,live
1099925093006,782888,17358,17358,live
1099925093007,782888,17359,17359,live
1099925093008,782888,17360,17360,live
1099925093009,782888,17361,17361,live
1099925093010,782888,17362,17362,live
1099925093011,782888,17363,17363,live
1099925093012,782888,17364,17364,live
1099925093013,782888,17365,17365,live
1099925093014,782888,17366,17366,live
1099925093015,782888,17367,17367,live
1099925093016,782888,17368,17368,live
1099925093017,782888,17369,17369,live
1099925093018,782888,17370,17370,live
1099925093019,782888,17371,17371,live
1099925093020,782888,17372,17372,live
1099925093021,782888,17373,17373,live
1099925093022,782888,17374,17374,live
1099925093023,782888,17375,17375,live
1099925093024,782888,17376,17376,live
1099925093025,782888,17377,17377,live
1099925093026,782888,17378,17378,live
1099925093027,782888,17379,17379,live
1099925093028,782888,17380,17380,live
1099925093029,782888,17381,17381,live
1099925093030,782888,17382,17382,live
1099925093031,782888,17383,17383,live
1099925093032,782888,17384,17384,live
1099925093033,782888,17385,17385,live
1099925093034,782888,17386,17386,live
1099925093035,782888,17387,17387,live
1099925093036,782888,17388,17388,live
1099925093037,782888,17389,17389,live
1099925093038,782888,17390,17390,live
1099925093039,782888,17391,17391,live
1099925093040,782888,17392,17392,live
1099925093041,782888,17393,17393,live
1099925093042,782888,17394,17394,live
1099925093043,782888,17395,17395,live
1099925093044,782888,17396,17396,live
1099925093045,782888,17397,17397,live
1099925093046,782888,17398,17398,live
1099925093047,782888,17399,17399,live
1099925093048,782888,17400,17400,live
1099925093066,782888,17401,17401,live
1099925093067,782888,17402,17402,live
1099925093068,782888,17403,17403,live
1099925093069,782888,17404,17404,live
1099925093070,782888,17405,17405,live
1099925093071,782888,17406,17406,live
1099925093072,782888,17407,17407,live
1099925093073,782888,17408,17408,live
1099925093074,782888,17409,17409,live
1099925093075,782888,17410,17410,live
1099925093076,782888,17411,17411,live
1099925093077,782888,17412,17412,live
1099925093078,782888,17413,17413,live
1099925093079,782888,17414,17414,live
1099925093080,782888,17415,17415,live
1099925093081,782888,17416,17416,live
1099925093082,782888,17417,17417,live
1099925093083,782888,17418,17418,live
1099925093084,782888,17419,17419,live
1099925093085,782888,17420,17420,live
1099925093086,782888,17421,17421,live
1099925093087,782888,17422,17422,live
1099925093088,782888,17423,17423,live
1099925093089,782888,17424,17424,live
1099925093090,782888,17425,17425,live
1099925093091,782888,17426,17426,live
1099925093092,782888,17427,17427,live
1099925093093,782888,17428,17428,live
1099925093094,782888,17429,17429,live
1099925093095,782888,17430,17430,live
1099925093096,782888,17431,17431,live
1099925093097,782888,17432,17432,live
1099925093098,782888,17433,17433,live
1099925093099,782888,17434,17434,live
1099925093100,782888,17435,17435,live
1099925093101,782888,17436,17436,live
1099925093102,782888,17437,17437,live
1099925093103,782888,17438,17438,live
1099925093104,782888,17439,17439,live
1099925093105,782888,17440,17440,live
1099925093106,782888,17441,17441,live
1099925093107,782888,17442,17442,live
1099925093108,782888,17443,17443,live
1099925093109,782888,17444,17444,live
1099925093110,782888,17445,17445,live
1099925093111,782888,17446,17446,live
1099925093112,782888,17447,17447,live
1099925093113,782888,17448,17448,live
1099925093114,782888,17449,17449,live
1099925093115,782888,17450,17450,live
1099925093116,782888,17451,17451,live
1099925093117,782888,17452,17452,live
1099925093118,782888,17453,17453,live
1099925093119,782888,17454,17454,live
1099925093120,782888,17455,17455,live
1099925093121,782888,17456,17456,live
1099925093122,782888,17457,17457,live
1099925093123,782888,17458,17458,live
1099925093124,782888,17459,17459,live
1099925093125,782888,17460,17460,live
1099925093126,782888,17461,17461,live
1099925093127,782888,17462,17462,live
1099925093128,782888,17463,17463,live
1099925093129,782888,17464,17464,live
1099925093130,782888,17465,17465,live
1099925093131,782888,17466,17466,live
1099925093132,782888,17467,17467,live
1099925093133,782888,17468,17468,live
1099925093134,782888,17469,17469,live
1099925093135,782888,17470,17470,live
1099925093136,782888,17471,17471,live
1099925093137,782888,17472,17472,live
1099925093138,782888,17473,17473,live
1099925093139,782888,17474,17474,live
1099925093140,782888,17475,17475,live
1099925093141,782888,17476,17476,live
1099925093142,782888,17477,17477,live
1099925093143,782888,17478,17478,live
1099925093144,782888,17479,17479,live
1099925093145,782888,17480,17480,live
1099925093146,782888,17481,17481,live
1099925093147,782888,17482,17482,live
1099925093148,782888,17483,17483,live
1099925093149,782888,17484,17484,live
1099925093150,782888,17485,17485,live
1099925093151,782888,17486,17486,live
1099925093152,782888,17487,17487,live
1099925093153,782888,17488,17488,live
1099925093154,782888,17489,17489,live
1099925093155,782888,17490,17490,live
1099925093156,782888,17491,17491,live
1099925093157,782888,17492,17492,live
1099925093158,782888,17493,17493,live
1099925093159,782888,17494,17494,live
1099925093160,782888,17495,17495,live
1099925093161,782888,17496,17496,live
1099925093162,782888,17497,17497,live
1099925093163,782888,17498,17498,live
1099925093164,782888,17499,17499,live
1099925093165,782888,17500,17500,live
1099925093166,782888,17501,17501,live
1099925093167,782888,17502,17502,live
1099925093168,782888,17503,17503,live
1099925093169,782888,17504,17504,live
1099925093170,782888,17505,17505,live
1099925093171,782888,17506,17506,live
1099925093172,782888,17507,17507,live
1099925093173,782888,17508,17508,live
1099925093174,782888,17509,17509,live
1099925093175,782888,17510,17510,live
1099925093176,782888,17511,17511,live
1099925093177,782888,17512,17512,live
1099925093178,782888,17513,17513,live
1099925093179,782888,17514,17514,live
1099925093180,782888,17515,17515,live
1099925093181,782888,17516,17516,live
1099925093182,782888,17517,17517,live
1099925093183,782888,17518,17518,live
1099925093184,782888,17519,17519,live
1099925093185,782888,17520,17520,live
1099925093186,782888,17521,17521,live
1099925093187,782888,17522,17522,live
1099925093188,782888,17523,17523,live
1099925093189,782888,17524,17524,live
1099925093190,782888,17525,17525,live
1099925093191,782888,17526,17526,live
1099925093192,782888,17527,17527,live
1099925093193,782888,17528,17528,live
1099925093194,782888,17529,17529,live
1099925093195,782888,17530,17530,live
1099925093196,782888,17531,17531,live
1099925093197,782888,17532,17532,live
1099925093198,782888,17533,17533,live
1099925093199,782888,17534,17534,live
1099925093200,782888,17535,17535,live
1099925093201,782888,17536,17536,live
1099925093202,782888,17537,17537,live
1099925093203,782888,17538,17538,live
1099925093204,782888,17539,17539,live
1099925093205,782888,17540,17540,live
1099925093206,782888,17541,17541,live
1099925093207,782888,17542,17542,live
1099925093208,782888,17543,17543,live
1099925093209,782888,17544,17544,live
1099925093210,782888,17545,17545,live
1099925093211,782888,17546,17546,live
1099925093212,782888,17547,17547,live
1099925093213,782888,17548,17548,live
1099925093214,782888,17549,17549,live
1099925093215,782888,17550,17550,live
1099925093216,782888,17551,17551,live
1099925093217,782888,17552,17552,live
1099925093218,782888,17553,17553,live
1099925093219,782888,17554,17554,live
1099925093220,782888,17555,17555,live
1099925093221,782888,17556,17556,live
1099925093222,782888,17557,17557,live
1099925093223,782888,17558,17558,live
1099925093224,782888,17559,17559,live
1099925093225,782888,17560,17560,live
1099925093226,782888,17561,17561,live
1099925093227,782888,17562,17562,live
1099925093228,782888,17563,17563,live
1099925093229,782888,17564,17564,live
1099925093230,782888,17565,17565,live
1099925093231,782888,17566,17566,live
1099925093232,782888,17567,17567,live
1099925093233,782888,17568,17568,live
1099925093234,782888,17569,17569,live
1099925093235,782888,17570,17570,live
1099925093236,782888,17571,17571,live
1099925093237,782888,17572,17572,live
1099925093238,782888,17573,17573,live
1099925093239,782888,17574,17574,live
1099925093240,782888,17575,17575,live
1099925093241,782888,17576,17576,live
1099925093242,782888,17577,17577,live
1099925093243,782888,17578,17578,live
1099925093244,782888,17579,17579,live
1099925093245,782888,17580,17580,live
1099925093246,782888,17581,17581,live
1099925093247,782888,17582,17582,live
1099925093248,782888,17583,17583,live
1099925093249,782888,17584,17584,live
1099925093250,782888,17585,17585,live
1099925093251,782888,17586,17586,live
1099925093252,782888,17587,17587,live
1099925093253,782888,17588,17588,live
1099925093254,782888,17589,17589,live
1099925093255,782888,17590,17590,live
1099925093256,782888,17591,17591,live
1099925093257,782888,17592,17592,live
1099925093258,782888,17593,17593,live
1099925093259,782888,17594,17594,live
1099925093260,782888,17595,17595,live
1099925093261,782888,17596,17596,live
1099925093262,782888,17597,17597,live
1099925093263,782888,17598,17598,live
1099925093264,782888,17599,17599,live
1099925093265,782888,17600,17600,live
1099925093279,782888,17601,17601,live
1099925093280,782888,17602,17602,live
1099925093281,782888,17603,17603,live
1099925093282,782888,17604,17604,live
1099925093283,782888,17605,17605,live
1099925093284,782888,17606,17606,live
1099925093285,782888,17607,17607,live
1099925093286,782888,17608,17608,live
1099925093287,782888,17609,17609,live
1099925093288,782888,17610,17610,live
1099925093289,782888,17611,17611,live
1099925093290,782888,17612,17612,live
1099925093291,782888,17613,17613,live
1099925093292,782888,17614,17614,live
1099925093293,782888,17615,17615,live
1099925093294,782888,17616,17616,live
1099925093295,782888,17617,17617,live
1099925093296,782888,17618,17618,live
1099925093297,782888,17619,17619,live
1099925093298,782888,17620,17620,live
1099925093299,782888,17621,17621,live
1099925093300,782888,17622,17622,live
1099925093301,782888,17623,17623,live
1099925093302,782888,17624,17624,live
1099925093303,782888,17625,17625,live
1099925093304,782888,17626,17626,live
1099925093305,782888,17627,17627,live
1099925093306,782888,17628,17628,live
1099925093307,782888,17629,17629,live
1099925093308,782888,17630,17630,live
1099925093309,782888,17631,17631,live
1099925093310,782888,17632,17632,live
1099925093311,782888,17633,17633,live
1099925093312,782888,17634,17634,live
1099925093313,782888,17635,17635,live
1099925093314,782888,17636,17636,live
1099925093315,782888,17637,17637,live
1099925093316,782888,17638,17638,live
1099925093317,782888,17639,17639,live
1099925093318,782888,17640,17640,live
1099925093319,782888,17641,17641,live
1099925093320,782888,17642,17642,live
1099925093321,782888,17643,17643,live
1099925093322,782888,17644,17644,live
1099925093323,782888,17645,17645,live
1099925093324,782888,17646,17646,live
1099925093325,782888,17647,17647,live
1099925093326,782888,17648,17648,live
1099925093327,782888,17649,17649,live
1099925093328,782888,17650,17650,live
1099925093329,782888,17651,17651,live
1099925093330,782888,17652,17652,live
1099925093331,782888,17653,17653,live
1099925093332,782888,17654,17654,live
1099925093333,782888,17655,17655,live
1099925093334,782888,17656,17656,live
1099925093335,782888,17657,17657,live
1099925093336,782888,17658,17658,live
1099925093337,782888,17659,17659,live
1099925093338,782888,17660,17660,live
1099925093339,782888,17661,17661,live
1099925093340,782888,17662,17662,live
1099925093341,782888,17663,17663,live
1099925093342,782888,17664,17664,live
1099925093343,782888,17665,17665,live
1099925093344,782888,17666,17666,live
1099925093345,782888,17667,17667,live
1099925093346,782888,17668,17668,live
1099925093347,782888,17669,17669,live
1099925093348,782888,17670,17670,live
1099925093349,782888,17671,17671,live
1099925093350,782888,17672,17672,live
1099925093351,782888,17673,17673,live
1099925093352,782888,17674,17674,live
1099925093353,782888,17675,17675,live
1099925093354,782888,17676,17676,live
1099925093355,782888,17677,17677,live
1099925093356,782888,17678,17678,live
1099925093357,782888,17679,17679,live
1099925093358,782888,17680,17680,live
1099925093359,782888,17681,17681,live
1099925093360,782888,17682,17682,live
1099925093361,782888,17683,17683,live
1099925093362,782888,17684,17684,live
1099925093363,782888,17685,17685,live
1099925093364,782888,17686,17686,live
1099925093365,782888,17687,17687,live
1099925093366,782888,17688,17688,live
1099925093367,782888,17689,17689,live
1099925093368,782888,17690,17690,live
1099925093369,782888,17691,17691,live
1099925093370,782888,17692,17692,live
1099925093371,782888,17693,17693,live
1099925093372,782888,17694,17694,live
1099925093373,782888,17695,17695,live
1099925093374,782888,17696,17696,live
1099925093375,782888,17697,17697,live
1099925093376,782888,17698,17698,live
1099925093377,782888,17699,17699,live
1099925093378,782888,17700,17700,live
1099925093379,782888,17701,17701,live
1099925093380,782888,17702,17702,live
1099925093381,782888,17703,17703,live
1099925093382,782888,17704,17704,live
1099925093383,782888,17705,17705,live
1099925093384,782888,17706,17706,live
1099925093385,782888,17707,17707,live
1099925093386,782888,17708,17708,live
1099925093387,782888,17709,17709,live
1099925093388,782888,17710,17710,live
1099925093389,782888,17711,17711,live
1099925093390,782888,17712,17712,live
1099925093391,782888,17713,17713,live
1099925093392,782888,17714,17714,live
1099925093393,782888,17715,17715,live
1099925093394,782888,17716,17716,live
1099925093395,782888,17717,17717,live
1099925093396,782888,17718,17718,live
1099925093397,782888,17719,17719,live
1099925093398,782888,17720,17720,live
1099925093399,782888,17721,17721,live
1099925093400,782888,17722,17722,live
1099925093401,782888,17723,17723,live
1099925093402,782888,17724,17724,live
1099925093403,782888,17725,17725,live
1099925093404,782888,17726,17726,live
1099925093405,782888,17727,17727,live
1099925093406,782888,17728,17728,live
1099925093407,782888,17729,17729,live
1099925093408,782888,17730,17730,live
1099925093409,782888,17731,17731,live
1099925093410,782888,17732,17732,live
1099925093411,782888,17733,17733,live
1099925093412,782888,17734,17734,live
1099925093413,782888,17735,17735,live
1099925093414,782888,17736,17736,live
1099925093415,782888,17737,17737,live
1099925093416,782888,17738,17738,live
1099925093417,782888,17739,17739,live
1099925093418,782888,17740,17740,live
1099925093419,782888,17741,17741,live
1099925093420,782888,17742,17742,live
1099925093421,782888,17743,17743,live
1099925093422,782888,17744,17744,live
1099925093423,782888,17745,17745,live
1099925093424,782888,17746,17746,live
1099925093425,782888,17747,17747,live
1099925093426,782888,17748,17748,live
1099925093427,782888,17749,17749,live
1099925093428,782888,17750,17750,live
1099925093429,782888,17751,17751,live
1099925093430,782888,17752,17752,live
1099925093431,782888,17753,17753,live
1099925093432,782888,17754,17754,live
1099925093433,782888,17755,17755,live
1099925093434,782888,17756,17756,live
1099925093435,782888,17757,17757,live
1099925093436,782888,17758,17758,live
1099925093437,782888,17759,17759,live
1099925093438,782888,17760,17760,live
1099925093439,782888,17761,17761,live
1099925093440,782888,17762,17762,live
1099925093441,782888,17763,17763,live
1099925093442,782888,17764,17764,live
1099925093443,782888,17765,17765,live
1099925093444,782888,17766,17766,live
1099925093445,782888,17767,17767,live
1099925093446,782888,17768,17768,live
1099925093447,782888,17769,17769,live
1099925093448,782888,17770,17770,live
1099925093449,782888,17771,17771,live
1099925093450,782888,17772,17772,live
1099925093451,782888,17773,17773,live
1099925093452,782888,17774,17774,live
1099925093453,782888,17775,17775,live
1099925093454,782888,17776,17776,live
1099925093455,782888,17777,17777,live
1099925093456,782888,17778,17778,live
1099925093457,782888,17779,17779,live
1099925093458,782888,17780,17780,live
1099925093459,782888,17781,17781,live
1099925093460,782888,17782,17782,live
1099925093461,782888,17783,17783,live
1099925093462,782888,17784,17784,live
1099925093463,782888,17785,17785,live
1099925093464,782888,17786,17786,live
1099925093465,782888,17787,17787,live
1099925093466,782888,17788,17788,live
1099925093467,782888,17789,17789,live
1099925093468,782888,17790,17790,live
1099925093469,782888,17791,17791,live
1099925093470,782888,17792,17792,live
1099925093471,782888,17793,17793,live
1099925093472,782888,17794,17794,live
1099925093473,782888,17795,17795,live
1099925093474,782888,17796,17796,live
1099925093475,782888,17797,17797,live
1099925093476,782888,17798,17798,live
1099925093477,782888,17799,17799,live
1099925093478,782888,17800,17800,live
1099925093528,782888,17801,17801,live
1099925093529,782888,17802,17802,live
1099925093530,782888,17803,17803,live
1099925093531,782888,17804,17804,live
1099925093532,782888,17805,17805,live
1099925093533,782888,17806,17806,live
1099925093534,782888,17807,17807,live
1099925093535,782888,17808,17808,live
1099925093536,782888,17809,17809,live
1099925093537,782888,17810,17810,live
1099925093538,782888,17811,17811,live
1099925093539,782888,17812,17812,live
1099925093540,782888,17813,17813,live
1099925093541,782888,17814,17814,live
1099925093542,782888,17815,17815,live
1099925093543,782888,17816,17816,live
1099925093544,782888,17817,17817,live
1099925093545,782888,17818,17818,live
1099925093546,782888,17819,17819,live
1099925093547,782888,17820,17820,live
1099925093548,782888,17821,17821,live
1099925093549,782888,17822,17822,live
1099925093550,782888,17823,17823,live
1099925093551,782888,17824,17824,live
1099925093552,782888,17825,17825,live
1099925093553,782888,17826,17826,live
1099925093554,782888,17827,17827,live
1099925093555,782888,17828,17828,live
1099925093556,782888,17829,17829,live
1099925093557,782888,17830,17830,live
1099925093558,782888,17831,17831,live
1099925093559,782888,17832,17832,live
1099925093560,782888,17833,17833,live
1099925093561,782888,17834,17834,live
1099925093562,782888,17835,17835,live
1099925093563,782888,17836,17836,live
1099925093564,782888,17837,17837,live
1099925093565,782888,17838,17838,live
1099925093566,782888,17839,17839,live
1099925093567,782888,17840,17840,live
1099925093568,782888,17841,17841,live
1099925093569,782888,17842,17842,live
1099925093570,782888,17843,17843,live
1099925093571,782888,17844,17844,live
1099925093572,782888,17845,17845,live
1099925093573,782888,17846,17846,live
1099925093574,782888,17847,17847,live
1099925093575,782888,17848,17848,live
1099925093576,782888,17849,17849,live
1099925093577,782888,17850,17850,live
1099925093578,782888,17851,17851,live
1099925093579,782888,17852,17852,live
1099925093580,782888,17853,17853,live
1099925093581,782888,17854,17854,live
1099925093582,782888,17855,17855,live
1099925093583,782888,17856,17856,live
1099925093584,782888,17857,17857,live
1099925093585,782888,17858,17858,live
1099925093586,782888,17859,17859,live
1099925093587,782888,17860,17860,live
1099925093588,782888,17861,17861,live
1099925093589,782888,17862,17862,live
1099925093590,782888,17863,17863,live
1099925093591,782888,17864,17864,live
1099925093592,782888,17865,17865,live
1099925093593,782888,17866,17866,live
1099925093594,782888,17867,17867,live
1099925093595,782888,17868,17868,live
1099925093596,782888,17869,17869,live
1099925093597,782888,17870,17870,live
1099925093598,782888,17871,17871,live
1099925093599,782888,17872,17872,live
1099925093600,782888,17873,17873,live
1099925093601,782888,17874,17874,live
1099925093602,782888,17875,17875,live
1099925093603,782888,17876,17876,live
1099925093604,782888,17877,17877,live
1099925093605,782888,17878,17878,live
1099925093606,782888,17879,17879,live
1099925093607,782888,17880,17880,live
1099925093608,782888,17881,17881,live
1099925093609,782888,17882,17882,live
1099925093610,782888,17883,17883,live
1099925093611,782888,17884,17884,live
1099925093612,782888,17885,17885,live
1099925093613,782888,17886,17886,live
1099925093614,782888,17887,17887,live
1099925093615,782888,17888,17888,live
1099925093616,782888,17889,17889,live
1099925093617,782888,17890,17890,live
1099925093618,782888,17891,17891,live
1099925093619,782888,17892,17892,live
1099925093620,782888,17893,17893,live
1099925093621,782888,17894,17894,live
1099925093622,782888,17895,17895,live
1099925093623,782888,17896,17896,live
1099925093624,782888,17897,17897,live
1099925093625,782888,17898,17898,live
1099925093626,782888,17899,17899,live
1099925093627,782888,17900,17900,live
1099925093628,782888,17901,17901,live
1099925093629,782888,17902,17902,live
1099925093630,782888,17903,17903,live
1099925093631,782888,17904,17904,live
1099925093632,782888,17905,17905,live
1099925093633,782888,17906,17906,live
1099925093634,782888,17907,17907,live
1099925093635,782888,17908,17908,live
1099925093636,782888,17909,17909,live
1099925093637,782888,17910,17910,live
1099925093638,782888,17911,17911,live
1099925093639,782888,17912,17912,live
1099925093640,782888,17913,17913,live
1099925093641,782888,17914,17914,live
1099925093642,782888,17915,17915,live
1099925093643,782888,17916,17916,live
1099925093644,782888,17917,17917,live
1099925093645,782888,17918,17918,live
1099925093646,782888,17919,17919,live
1099925093647,782888,17920,17920,live
1099925093648,782888,17921,17921,live
1099925093649,782888,17922,17922,live
1099925093650,782888,17923,17923,live
1099925093651,782888,17924,17924,live
1099925093652,782888,17925,17925,live
1099925093653,782888,17926,17926,live
1099925093654,782888,17927,17927,live
1099925093655,782888,17928,17928,live
1099925093656,782888,17929,17929,live
1099925093657,782888,17930,17930,live
1099925093658,782888,17931,17931,live
1099925093659,782888,17932,17932,live
1099925093660,782888,17933,17933,live
1099925093661,782888,17934,17934,live
1099925093662,782888,17935,17935,live
1099925093663,782888,17936,17936,live
1099925093664,782888,17937,17937,live
1099925093665,782888,17938,17938,live
1099925093666,782888,17939,17939,live
1099925093667,782888,17940,17940,live
1099925093668,782888,17941,17941,live
1099925093669,782888,17942,17942,live
1099925093670,782888,17943,17943,live
1099925093671,782888,17944,17944,live
1099925093672,782888,17945,17945,live
1099925093673,782888,17946,17946,live
1099925093674,782888,17947,17947,live
1099925093675,782888,17948,17948,live
1099925093676,782888,17949,17949,live
1099925093677,782888,17950,17950,live
1099925093678,782888,17951,17951,live
1099925093679,782888,17952,17952,live
1099925093680,782888,17953,17953,live
1099925093681,782888,17954,17954,live
1099925093682,782888,17955,17955,live
1099925093683,782888,17956,17956,live
1099925093684,782888,17957,17957,live
1099925093685,782888,17958,17958,live
1099925093686,782888,17959,17959,live
1099925093687,782888,17960,17960,live
1099925093688,782888,17961,17961,live
1099925093689,782888,17962,17962,live
1099925093690,782888,17963,17963,live
1099925093691,782888,17964,17964,live
1099925093692,782888,17965,17965,live
1099925093693,782888,17966,17966,live
1099925093694,782888,17967,17967,live
1099925093695,782888,17968,17968,live
1099925093696,782888,17969,17969,live
1099925093697,782888,17970,17970,live
1099925093698,782888,17971,17971,live
1099925093699,782888,17972,17972,live
1099925093700,782888,17973,17973,live
1099925093701,782888,17974,17974,live
1099925093702,782888,17975,17975,live
1099925093703,782888,17976,17976,live
1099925093704,782888,17977,17977,live
1099925093705,782888,17978,17978,live
1099925093706,782888,17979,17979,live
1099925093707,782888,17980,17980,live
1099925093708,782888,17981,17981,live
1099925093709,782888,17982,17982,live
1099925093710,782888,17983,17983,live
1099925093711,782888,17984,17984,live
1099925093712,782888,17985,17985,live
1099925093713,782888,17986,17986,live
1099925093714,782888,17987,17987,live
1099925093715,782888,17988,17988,live
1099925093716,782888,17989,17989,live
1099925093717,782888,17990,17990,live
1099925093718,782888,17991,17991,live
1099925093719,782888,17992,17992,live
1099925093720,782888,17993,17993,live
1099925093721,782888,17994,17994,live
1099925093722,782888,17995,17995,live
1099925093723,782888,17996,17996,live
1099925093724,782888,17997,17997,live
1099925093725,782888,17998,17998,live
1099925093726,782888,17999,17999,live
1099925093727,782888,18000,18000,live
1099925093728,782888,18001,18001,live
1099925093729,782888,18002,18002,live
1099925093730,782888,18003,18003,live
1099925093731,782888,18004,18004,live
1099925093732,782888,18005,18005,live
1099925093733,782888,18006,18006,live
1099925093734,782888,18007,18007,live
1099925093735,782888,18008,18008,live
1099925093736,782888,18009,18009,live
1099925093737,782888,18010,18010,live
1099925093738,782888,18011,18011,live
1099925093739,782888,18012,18012,live
1099925093740,782888,18013,18013,live
1099925093741,782888,18014,18014,live
1099925093742,782888,18015,18015,live
1099925093743,782888,18016,18016,live
1099925093744,782888,18017,18017,live
1099925093745,782888,18018,18018,live
1099925093746,782888,18019,18019,live
1099925093747,782888,18020,18020,live
1099925093748,782888,18021,18021,live
1099925093749,782888,18022,18022,live
1099925093750,782888,18023,18023,live
1099925093751,782888,18024,18024,live
1099925093752,782888,18025,18025,live
1099925093753,782888,18026,18026,live
1099925093754,782888,18027,18027,live
1099925093755,782888,18028,18028,live
1099925093756,782888,18029,18029,live
1099925093757,782888,18030,18030,live
1099925093758,782888,18031,18031,live
1099925093759,782888,18032,18032,live
1099925093760,782888,18033,18033,live
1099925093761,782888,18034,18034,live
1099925093762,782888,18035,18035,live
1099925093763,782888,18036,18036,live
1099925093764,782888,18037,18037,live
1099925093765,782888,18038,18038,live
1099925093766,782888,18039,18039,live
1099925093767,782888,18040,18040,live
1099925093768,782888,18041,18041,live
1099925093769,782888,18042,18042,live
1099925093770,782888,18043,18043,live
1099925093771,782888,18044,18044,live
1099925093772,782888,18045,18045,live
1099925093773,782888,18046,18046,live
1099925093774,782888,18047,18047,live
1099925093775,782888,18048,18048,live
1099925093776,782888,18049,18049,live
1099925093777,782888,18050,18050,live
1099925093778,782888,18051,18051,live
1099925093779,782888,18052,18052,live
1099925093780,782888,18053,18053,live
1099925093781,782888,18054,18054,live
1099925093782,782888,18055,18055,live
1099925093783,782888,18056,18056,live
1099925093784,782888,18057,18057,live
1099925093785,782888,18058,18058,live
1099925093786,782888,18059,18059,live
1099925093787,782888,18060,18060,live
1099925093788,782888,18061,18061,live
1099925093789,782888,18062,18062,live
1099925093790,782888,18063,18063,live
1099925093791,782888,18064,18064,live
1099925093792,782888,18065,18065,live
1099925093793,782888,18066,18066,live
1099925093794,782888,18067,18067,live
1099925093795,782888,18068,18068,live
1099925093796,782888,18069,18069,live
1099925093797,782888,18070,18070,live
1099925093798,782888,18071,18071,live
1099925093799,782888,18072,18072,live
1099925093800,782888,18073,18073,live
1099925093801,782888,18074,18074,live
1099925093802,782888,18075,18075,live
1099925093803,782888,18076,18076,live
1099925093804,782888,18077,18077,live
1099925093805,782888,18078,18078,live
1099925093806,782888,18079,18079,live
1099925093807,782888,18080,18080,live
1099925093808,782888,18081,18081,live
1099925093809,782888,18082,18082,live
1099925093810,782888,18083,18083,live
1099925093811,782888,18084,18084,live
1099925093812,782888,18085,18085,live
1099925093813,782888,18086,18086,live
1099925093814,782888,18087,18087,live
1099925093815,782888,18088,18088,live
1099925093816,782888,18089,18089,live
1099925093817,782888,18090,18090,live
1099925093818,782888,18091,18091,live
1099925093819,782888,18092,18092,live
1099925093820,782888,18093,18093,live
1099925093821,782888,18094,18094,live
1099925093822,782888,18095,18095,live
1099925093823,782888,18096,18096,live
1099925093824,782888,18097,18097,live
1099925093825,782888,18098,18098,live
1099925093826,782888,18099,18099,live
1099925093827,782888,18100,18100,live
1099925093828,782888,18101,18101,live
1099925093829,782888,18102,18102,live
1099925093830,782888,18103,18103,live
1099925093831,782888,18104,18104,live
1099925093832,782888,18105,18105,live
1099925093833,782888,18106,18106,live
1099925093834,782888,18107,18107,live
1099925093835,782888,18108,18108,live
1099925093836,782888,18109,18109,live
1099925093837,782888,18110,18110,live
1099925093838,782888,18111,18111,live
1099925093839,782888,18112,18112,live
1099925093840,782888,18113,18113,live
1099925093841,782888,18114,18114,live
1099925093842,782888,18115,18115,live
1099925093843,782888,18116,18116,live
1099925093844,782888,18117,18117,live
1099925093845,782888,18118,18118,live
1099925093846,782888,18119,18119,live
1099925093847,782888,18120,18120,live
1099925093848,782888,18121,18121,live
1099925093849,782888,18122,18122,live
1099925093850,782888,18123,18123,live
1099925093851,782888,18124,18124,live
1099925093852,782888,18125,18125,live
1099925093853,782888,18126,18126,live
1099925093854,782888,18127,18127,live
1099925093855,782888,18128,18128,live
1099925093856,782888,18129,18129,live
1099925093857,782888,18130,18130,live
1099925093858,782888,18131,18131,live
1099925093859,782888,18132,18132,live
1099925093860,782888,18133,18133,live
1099925093861,782888,18134,18134,live
1099925093862,782888,18135,18135,live
1099925093863,782888,18136,18136,live
1099925093864,782888,18137,18137,live
1099925093865,782888,18138,18138,live
1099925093866,782888,18139,18139,live
1099925093867,782888,18140,18140,live
1099925093868,782888,18141,18141,live
1099925093869,782888,18142,18142,live
1099925093870,782888,18143,18143,live
1099925093871,782888,18144,18144,live
1099925093872,782888,18145,18145,live
1099925093873,782888,18146,18146,live
1099925093874,782888,18147,18147,live
1099925093875,782888,18148,18148,live
1099925093876,782888,18149,18149,live
1099925093877,782888,18150,18150,live
1099925093878,782888,18151,18151,live
1099925093879,782888,18152,18152,live
1099925093880,782888,18153,18153,live
1099925093881,782888,18154,18154,live
1099925093882,782888,18155,18155,live
1099925093883,782888,18156,18156,live
1099925093884,782888,18157,18157,live
1099925093885,782888,18158,18158,live
1099925093886,782888,18159,18159,live
1099925093887,782888,18160,18160,live
1099925093888,782888,18161,18161,live
1099925093889,782888,18162,18162,live
1099925093890,782888,18163,18163,live
1099925093891,782888,18164,18164,live
1099925093892,782888,18165,18165,live
1099925093893,782888,18166,18166,live
1099925093894,782888,18167,18167,live
1099925093895,782888,18168,18168,live
1099925093896,782888,18169,18169,live
1099925093897,782888,18170,18170,live
1099925093898,782888,18171,18171,live
1099925093899,782888,18172,18172,live
1099925093900,782888,18173,18173,live
1099925093901,782888,18174,18174,live
1099925093902,782888,18175,18175,live
1099925093903,782888,18176,18176,live
1099925093904,782888,18177,18177,live
1099925093905,782888,18178,18178,live
1099925093906,782888,18179,18179,live
1099925093907,782888,18180,18180,live
1099925093908,782888,18181,18181,live
1099925093909,782888,18182,18182,live
1099925093910,782888,18183,18183,live
1099925093911,782888,18184,18184,live
1099925093912,782888,18185,18185,live
1099925093913,782888,18186,18186,live
1099925093914,782888,18187,18187,live
1099925093915,782888,18188,18188,live
1099925093916,782888,18189,18189,live
1099925093917,782888,18190,18190,live
1099925093918,782888,18191,18191,live
1099925093919,782888,18192,18192,live
1099925093920,782888,18193,18193,live
1099925093921,782888,18194,18194,live
1099925093922,782888,18195,18195,live
1099925093923,782888,18196,18196,live
1099925093924,782888,18197,18197,live
1099925093925,782888,18198,18198,live
1099925093926,782888,18199,18199,live
1099925093927,782888,18200,18200,live
1099925093928,782888,18201,18201,live
1099925093929,782888,18202,18202,live
1099925093930,782888,18203,18203,live
1099925093931,782888,18204,18204,live
1099925093932,782888,18205,18205,live
1099925093933,782888,18206,18206,live
1099925093934,782888,18207,18207,live
1099925093935,782888,18208,18208,live
1099925093936,782888,18209,18209,live
1099925093937,782888,18210,18210,live
1099925093938,782888,18211,18211,live
1099925093939,782888,18212,18212,live
1099925093940,782888,18213,18213,live
1099925093941,782888,18214,18214,live
1099925093942,782888,18215,18215,live
1099925093943,782888,18216,18216,live
1099925093944,782888,18217,18217,live
1099925093945,782888,18218,18218,live
1099925093946,782888,18219,18219,live
1099925093947,782888,18220,18220,live
1099925093948,782888,18221,18221,live
1099925093949,782888,18222,18222,live
1099925093950,782888,18223,18223,live
1099925093951,782888,18224,18224,live
1099925093952,782888,18225,18225,live
1099925093953,782888,18226,18226,live
1099925093954,782888,18227,18227,live
1099925093955,782888,18228,18228,live
1099925093956,782888,18229,18229,live
1099925093957,782888,18230,18230,live
1099925093958,782888,18231,18231,live
1099925093959,782888,18232,18232,live
1099925093960,782888,18233,18233,live
1099925093961,782888,18234,18234,live
1099925093962,782888,18235,18235,live
1099925093963,782888,18236,18236,live
1099925093964,782888,18237,18237,live
1099925093965,782888,18238,18238,live
1099925093966,782888,18239,18239,live
1099925093967,782888,18240,18240,live
1099925093968,782888,18241,18241,live
1099925093969,782888,18242,18242,live
1099925093970,782888,18243,18243,live
1099925093971,782888,18244,18244,live
1099925093972,782888,18245,18245,live
1099925093973,782888,18246,18246,live
1099925093974,782888,18247,18247,live
1099925093975,782888,18248,18248,live
1099925093976,782888,18249,18249,live
1099925093977,782888,18250,18250,live
1099925093978,782888,18251,18251,live
1099925093979,782888,18252,18252,live
1099925093980,782888,18253,18253,live
1099925093981,782888,18254,18254,live
1099925093982,782888,18255,18255,live
1099925093983,782888,18256,18256,live
1099925093984,782888,18257,18257,live
1099925093985,782888,18258,18258,live
1099925093986,782888,18259,18259,live
1099925093987,782888,18260,18260,live
1099925093988,782888,18261,18261,live
1099925093989,782888,18262,18262,live
1099925093990,782888,18263,18263,live
1099925093991,782888,18264,18264,live
1099925093992,782888,18265,18265,live
1099925093993,782888,18266,18266,live
1099925093994,782888,18267,18267,live
1099925093995,782888,18268,18268,live
1099925093996,782888,18269,18269,live
1099925093997,782888,18270,18270,live
1099925093998,782888,18271,18271,live
1099925093999,782888,18272,18272,live
1099925094000,782888,18273,18273,live
1099925094001,782888,18274,18274,live
1099925094002,782888,18275,18275,live
1099925094003,782888,18276,18276,live
1099925094004,782888,18277,18277,live
1099925094005,782888,18278,18278,live
1099925094006,782888,18279,18279,live
1099925094007,782888,18280,18280,live
1099925094008,782888,18281,18281,live
1099925094009,782888,18282,18282,live
1099925094010,782888,18283,18283,live
1099925094011,782888,18284,18284,live
1099925094012,782888,18285,18285,live
1099925094013,782888,18286,18286,live
1099925094014,782888,18287,18287,live
1099925094015,782888,18288,18288,live
1099925094016,782888,18289,18289,live
1099925094017,782888,18290,18290,live
1099925094018,782888,18291,18291,live
1099925094019,782888,18292,18292,live
1099925094020,782888,18293,18293,live
1099925094021,782888,18294,18294,live
1099925094022,782888,18295,18295,live
1099925094023,782888,18296,18296,live
1099925094024,782888,18297,18297,live
1099925094025,782888,18298,18298,live
1099925094026,782888,18299,18299,live
1099925094027,782888,18300,18300,live
1099925094028,782888,18301,18301,live
1099925094029,782888,18302,18302,live
1099925094030,782888,18303,18303,live
1099925094031,782888,18304,18304,live
1099925094032,782888,18305,18305,live
1099925094033,782888,18306,18306,live
1099925094034,782888,18307,18307,live
1099925094035,782888,18308,18308,live
1099925094036,782888,18309,18309,live
1099925094037,782888,18310,18310,live
1099925094038,782888,18311,18311,live
1099925094039,782888,18312,18312,live
1099925094040,782888,18313,18313,live
1099925094041,782888,18314,18314,live
1099925094042,782888,18315,18315,live
1099925094043,782888,18316,18316,live
1099925094044,782888,18317,18317,live
1099925094045,782888,18318,18318,live
1099925094046,782888,18319,18319,live
1099925094047,782888,18320,18320,live
1099925094048,782888,18321,18321,live
1099925094049,782888,18322,18322,live
1099925094050,782888,18323,18323,live
1099925094051,782888,18324,18324,live
1099925094052,782888,18325,18325,live
1099925094053,782888,18326,18326,live
1099925094054,782888,18327,18327,live
1099925094055,782888,18328,18328,live
1099925094056,782888,18329,18329,live
1099925094057,782888,18330,18330,live
1099925094058,782888,18331,18331,live
1099925094059,782888,18332,18332,live
1099925094060,782888,18333,18333,live
1099925094061,782888,18334,18334,live
1099925094062,782888,18335,18335,live
1099925094063,782888,18336,18336,live
1099925094064,782888,18337,18337,live
1099925094065,782888,18338,18338,live
1099925094066,782888,18339,18339,live
1099925094067,782888,18340,18340,live
1099925094068,782888,18341,18341,live
1099925094069,782888,18342,18342,live
1099925094070,782888,18343,18343,live
1099925094071,782888,18344,18344,live
1099925094072,782888,18345,18345,live
1099925094073,782888,18346,18346,live
1099925094074,782888,18347,18347,live
1099925094075,782888,18348,18348,live
1099925094076,782888,18349,18349,live
1099925094077,782888,18350,18350,live
1099925094078,782888,18351,18351,live
1099925094079,782888,18352,18352,live
1099925094080,782888,18353,18353,live
1099925094081,782888,18354,18354,live
1099925094082,782888,18355,18355,live
1099925094083,782888,18356,18356,live
1099925094084,782888,18357,18357,live
1099925094085,782888,18358,18358,live
1099925094086,782888,18359,18359,live
1099925094087,782888,18360,18360,live
1099925094088,782888,18361,18361,live
1099925094089,782888,18362,18362,live
1099925094090,782888,18363,18363,live
1099925094091,782888,18364,18364,live
1099925094092,782888,18365,18365,live
1099925094093,782888,18366,18366,live
1099925094094,782888,18367,18367,live
1099925094095,782888,18368,18368,live
1099925094096,782888,18369,18369,live
1099925094097,782888,18370,18370,live
1099925094098,782888,18371,18371,live
1099925094099,782888,18372,18372,live
1099925094100,782888,18373,18373,live
1099925094101,782888,18374,18374,live
1099925094102,782888,18375,18375,live
1099925094103,782888,18376,18376,live
1099925094104,782888,18377,18377,live
1099925094105,782888,18378,18378,live
1099925094106,782888,18379,18379,live
1099925094107,782888,18380,18380,live
1099925094108,782888,18381,18381,live
1099925094109,782888,18382,18382,live
1099925094110,782888,18383,18383,live
1099925094111,782888,18384,18384,live
1099925094112,782888,18385,18385,live
1099925094113,782888,18386,18386,live
1099925094114,782888,18387,18387,live
1099925094115,782888,18388,18388,live
1099925094116,782888,18389,18389,live
1099925094117,782888,18390,18390,live
1099925094118,782888,18391,18391,live
1099925094119,782888,18392,18392,live
1099925094120,782888,18393,18393,live
1099925094121,782888,18394,18394,live
1099925094122,782888,18395,18395,live
1099925094123,782888,18396,18396,live
1099925094124,782888,18397,18397,live
1099925094125,782888,18398,18398,live
1099925094126,782888,18399,18399,live
1099925094127,782888,18400,18400,live
1099925094129,782888,18401,18401,live
1099925094130,782888,18402,18402,live
1099925094131,782888,18403,18403,live
1099925094132,782888,18404,18404,live
1099925094133,782888,18405,18405,live
1099925094134,782888,18406,18406,live
1099925094135,782888,18407,18407,live
1099925094136,782888,18408,18408,live
1099925094137,782888,18409,18409,live
1099925094138,782888,18410,18410,live
1099925094139,782888,18411,18411,live
1099925094140,782888,18412,18412,live
1099925094141,782888,18413,18413,live
1099925094142,782888,18414,18414,live
1099925094143,782888,18415,18415,live
1099925094144,782888,18416,18416,live
1099925094145,782888,18417,18417,live
1099925094146,782888,18418,18418,live
1099925094147,782888,18419,18419,live
1099925094148,782888,18420,18420,live
1099925094149,782888,18421,18421,live
1099925094150,782888,18422,18422,live
1099925094151,782888,18423,18423,live
1099925094152,782888,18424,18424,live
1099925094153,782888,18425,18425,live
1099925094154,782888,18426,18426,live
1099925094155,782888,18427,18427,live
1099925094156,782888,18428,18428,live
1099925094157,782888,18429,18429,live
1099925094158,782888,18430,18430,live
1099925094159,782888,18431,18431,live
1099925094160,782888,18432,18432,live
1099925094161,782888,18433,18433,live
1099925094162,782888,18434,18434,live
1099925094163,782888,18435,18435,live
1099925094164,782888,18436,18436,live
1099925094165,782888,18437,18437,live
1099925094166,782888,18438,18438,live
1099925094167,782888,18439,18439,live
1099925094168,782888,18440,18440,live
1099925094169,782888,18441,18441,live
1099925094170,782888,18442,18442,live
1099925094171,782888,18443,18443,live
1099925094172,782888,18444,18444,live
1099925094173,782888,18445,18445,live
1099925094174,782888,18446,18446,live
1099925094175,782888,18447,18447,live
1099925094176,782888,18448,18448,live
1099925094177,782888,18449,18449,live
1099925094178,782888,18450,18450,live
1099925094179,782888,18451,18451,live
1099925094180,782888,18452,18452,live
1099925094181,782888,18453,18453,live
1099925094182,782888,18454,18454,live
1099925094183,782888,18455,18455,live
1099925094184,782888,18456,18456,live
1099925094185,782888,18457,18457,live
1099925094186,782888,18458,18458,live
1099925094187,782888,18459,18459,live
1099925094188,782888,18460,18460,live
1099925094189,782888,18461,18461,live
1099925094190,782888,18462,18462,live
1099925094191,782888,18463,18463,live
1099925094192,782888,18464,18464,live
1099925094193,782888,18465,18465,live
1099925094194,782888,18466,18466,live
1099925094195,782888,18467,18467,live
1099925094196,782888,18468,18468,live
1099925094197,782888,18469,18469,live
1099925094198,782888,18470,18470,live
1099925094199,782888,18471,18471,live
1099925094200,782888,18472,18472,live
1099925094201,782888,18473,18473,live
1099925094202,782888,18474,18474,live
1099925094203,782888,18475,18475,live
1099925094204,782888,18476,18476,live
1099925094205,782888,18477,18477,live
1099925094206,782888,18478,18478,live
1099925094207,782888,18479,18479,live
1099925094208,782888,18480,18480,live
1099925094209,782888,18481,18481,live
1099925094210,782888,18482,18482,live
1099925094211,782888,18483,18483,live
1099925094212,782888,18484,18484,live
1099925094213,782888,18485,18485,live
1099925094214,782888,18486,18486,live
1099925094215,782888,18487,18487,live
1099925094216,782888,18488,18488,live
1099925094217,782888,18489,18489,live
1099925094218,782888,18490,18490,live
1099925094219,782888,18491,18491,live
1099925094220,782888,18492,18492,live
1099925094221,782888,18493,18493,live
1099925094222,782888,18494,18494,live
1099925094223,782888,18495,18495,live
1099925094224,782888,18496,18496,live
1099925094225,782888,18497,18497,live
1099925094226,782888,18498,18498,live
1099925094227,782888,18499,18499,live
1099925094228,782888,18500,18500,live
1099925094229,782888,18501,18501,live
1099925094230,782888,18502,18502,live
1099925094231,782888,18503,18503,live
1099925094232,782888,18504,18504,live
1099925094233,782888,18505,18505,live
1099925094234,782888,18506,18506,live
1099925094235,782888,18507,18507,live
1099925094236,782888,18508,18508,live
1099925094237,782888,18509,18509,live
1099925094238,782888,18510,18510,live
1099925094239,782888,18511,18511,live
1099925094240,782888,18512,18512,live
1099925094241,782888,18513,18513,live
1099925094242,782888,18514,18514,live
1099925094243,782888,18515,18515,live
1099925094244,782888,18516,18516,live
1099925094245,782888,18517,18517,live
1099925094246,782888,18518,18518,live
1099925094247,782888,18519,18519,live
1099925094248,782888,18520,18520,live
1099925094249,782888,18521,18521,live
1099925094250,782888,18522,18522,live
1099925094251,782888,18523,18523,live
1099925094252,782888,18524,18524,live
1099925094253,782888,18525,18525,live
1099925094254,782888,18526,18526,live
1099925094255,782888,18527,18527,live
1099925094256,782888,18528,18528,live
1099925094257,782888,18529,18529,live
1099925094258,782888,18530,18530,live
1099925094259,782888,18531,18531,live
1099925094260,782888,18532,18532,live
1099925094261,782888,18533,18533,live
1099925094262,782888,18534,18534,live
1099925094263,782888,18535,18535,live
1099925094264,782888,18536,18536,live
1099925094265,782888,18537,18537,live
1099925094266,782888,18538,18538,live
1099925094267,782888,18539,18539,live
1099925094268,782888,18540,18540,live
1099925094269,782888,18541,18541,live
1099925094270,782888,18542,18542,live
1099925094271,782888,18543,18543,live
1099925094272,782888,18544,18544,live
1099925094273,782888,18545,18545,live
1099925094274,782888,18546,18546,live
1099925094275,782888,18547,18547,live
1099925094276,782888,18548,18548,live
1099925094277,782888,18549,18549,live
1099925094278,782888,18550,18550,live
1099925094279,782888,18551,18551,live
1099925094280,782888,18552,18552,live
1099925094281,782888,18553,18553,live
1099925094282,782888,18554,18554,live
1099925094283,782888,18555,18555,live
1099925094284,782888,18556,18556,live
1099925094285,782888,18557,18557,live
1099925094286,782888,18558,18558,live
1099925094287,782888,18559,18559,live
1099925094288,782888,18560,18560,live
1099925094289,782888,18561,18561,live
1099925094290,782888,18562,18562,live
1099925094291,782888,18563,18563,live
1099925094292,782888,18564,18564,live
1099925094293,782888,18565,18565,live
1099925094294,782888,18566,18566,live
1099925094295,782888,18567,18567,live
1099925094296,782888,18568,18568,live
1099925094297,782888,18569,18569,live
1099925094298,782888,18570,18570,live
1099925094299,782888,18571,18571,live
1099925094300,782888,18572,18572,live
1099925094301,782888,18573,18573,live
1099925094302,782888,18574,18574,live
1099925094303,782888,18575,18575,live
1099925094304,782888,18576,18576,live
1099925094305,782888,18577,18577,live
1099925094306,782888,18578,18578,live
1099925094307,782888,18579,18579,live
1099925094308,782888,18580,18580,live
1099925094309,782888,18581,18581,live
1099925094310,782888,18582,18582,live
1099925094311,782888,18583,18583,live
1099925094312,782888,18584,18584,live
1099925094313,782888,18585,18585,live
1099925094314,782888,18586,18586,live
1099925094315,782888,18587,18587,live
1099925094316,782888,18588,18588,live
1099925094317,782888,18589,18589,live
1099925094318,782888,18590,18590,live
1099925094319,782888,18591,18591,live
1099925094320,782888,18592,18592,live
1099925094321,782888,18593,18593,live
1099925094322,782888,18594,18594,live
1099925094323,782888,18595,18595,live
1099925094324,782888,18596,18596,live
1099925094325,782888,18597,18597,live
1099925094326,782888,18598,18598,live
1099925094327,782888,18599,18599,live
1099925094328,782888,18600,18600,live
1099925094359,782888,18601,18601,live
1099925094360,782888,18602,18602,live
1099925094361,782888,18603,18603,live
1099925094362,782888,18604,18604,live
1099925094363,782888,18605,18605,live
1099925094364,782888,18606,18606,live
1099925094365,782888,18607,18607,live
1099925094366,782888,18608,18608,live
1099925094367,782888,18609,18609,live
1099925094368,782888,18610,18610,live
1099925094369,782888,18611,18611,live
1099925094370,782888,18612,18612,live
1099925094371,782888,18613,18613,live
1099925094372,782888,18614,18614,live
1099925094373,782888,18615,18615,live
1099925094374,782888,18616,18616,live
1099925094375,782888,18617,18617,live
1099925094376,782888,18618,18618,live
1099925094377,782888,18619,18619,live
1099925094378,782888,18620,18620,live
1099925094379,782888,18621,18621,live
1099925094380,782888,18622,18622,live
1099925094381,782888,18623,18623,live
1099925094382,782888,18624,18624,live
1099925094383,782888,18625,18625,live
1099925094384,782888,18626,18626,live
1099925094385,782888,18627,18627,live
1099925094386,782888,18628,18628,live
1099925094387,782888,18629,18629,live
1099925094388,782888,18630,18630,live
1099925094389,782888,18631,18631,live
1099925094390,782888,18632,18632,live
1099925094391,782888,18633,18633,live
1099925094392,782888,18634,18634,live
1099925094393,782888,18635,18635,live
1099925094394,782888,18636,18636,live
1099925094395,782888,18637,18637,live
1099925094396,782888,18638,18638,live
1099925094397,782888,18639,18639,live
1099925094398,782888,18640,18640,live
1099925094399,782888,18641,18641,live
1099925094400,782888,18642,18642,live
1099925094401,782888,18643,18643,live
1099925094402,782888,18644,18644,live
1099925094403,782888,18645,18645,live
1099925094404,782888,18646,18646,live
1099925094405,782888,18647,18647,live
1099925094406,782888,18648,18648,live
1099925094407,782888,18649,18649,live
1099925094408,782888,18650,18650,live
1099925094409,782888,18651,18651,live
1099925094410,782888,18652,18652,live
1099925094411,782888,18653,18653,live
1099925094412,782888,18654,18654,live
1099925094413,782888,18655,18655,live
1099925094414,782888,18656,18656,live
1099925094415,782888,18657,18657,live
1099925094416,782888,18658,18658,live
1099925094417,782888,18659,18659,live
1099925094418,782888,18660,18660,live
1099925094419,782888,18661,18661,live
1099925094420,782888,18662,18662,live
1099925094421,782888,18663,18663,live
1099925094422,782888,18664,18664,live
1099925094423,782888,18665,18665,live
1099925094424,782888,18666,18666,live
1099925094425,782888,18667,18667,live
1099925094426,782888,18668,18668,live
1099925094427,782888,18669,18669,live
1099925094428,782888,18670,18670,live
1099925094429,782888,18671,18671,live
1099925094430,782888,18672,18672,live
1099925094431,782888,18673,18673,live
1099925094432,782888,18674,18674,live
1099925094433,782888,18675,18675,live
1099925094434,782888,18676,18676,live
1099925094435,782888,18677,18677,live
1099925094436,782888,18678,18678,live
1099925094437,782888,18679,18679,live
1099925094438,782888,18680,18680,live
1099925094439,782888,18681,18681,live
1099925094440,782888,18682,18682,live
1099925094441,782888,18683,18683,live
1099925094442,782888,18684,18684,live
1099925094443,782888,18685,18685,live
1099925094444,782888,18686,18686,live
1099925094445,782888,18687,18687,live
1099925094446,782888,18688,18688,live
1099925094447,782888,18689,18689,live
1099925094448,782888,18690,18690,live
1099925094449,782888,18691,18691,live
1099925094450,782888,18692,18692,live
1099925094451,782888,18693,18693,live
1099925094452,782888,18694,18694,live
1099925094453,782888,18695,18695,live
1099925094454,782888,18696,18696,live
1099925094455,782888,18697,18697,live
1099925094456,782888,18698,18698,live
1099925094457,782888,18699,18699,live
1099925094458,782888,18700,18700,live
1099925094459,782888,18701,18701,live
1099925094460,782888,18702,18702,live
1099925094461,782888,18703,18703,live
1099925094462,782888,18704,18704,live
1099925094463,782888,18705,18705,live
1099925094464,782888,18706,18706,live
1099925094465,782888,18707,18707,live
1099925094466,782888,18708,18708,live
1099925094467,782888,18709,18709,live
1099925094468,782888,18710,18710,live
1099925094469,782888,18711,18711,live
1099925094470,782888,18712,18712,live
1099925094471,782888,18713,18713,live
1099925094472,782888,18714,18714,live
1099925094473,782888,18715,18715,live
1099925094474,782888,18716,18716,live
1099925094475,782888,18717,18717,live
1099925094476,782888,18718,18718,live
1099925094477,782888,18719,18719,live
1099925094478,782888,18720,18720,live
1099925094479,782888,18721,18721,live
1099925094480,782888,18722,18722,live
1099925094481,782888,18723,18723,live
1099925094482,782888,18724,18724,live
1099925094483,782888,18725,18725,live
1099925094484,782888,18726,18726,live
1099925094485,782888,18727,18727,live
1099925094486,782888,18728,18728,live
1099925094487,782888,18729,18729,live
1099925094488,782888,18730,18730,live
1099925094489,782888,18731,18731,live
1099925094490,782888,18732,18732,live
1099925094491,782888,18733,18733,live
1099925094492,782888,18734,18734,live
1099925094493,782888,18735,18735,live
1099925094494,782888,18736,18736,live
1099925094495,782888,18737,18737,live
1099925094496,782888,18738,18738,live
1099925094497,782888,18739,18739,live
1099925094498,782888,18740,18740,live
1099925094499,782888,18741,18741,live
1099925094500,782888,18742,18742,live
1099925094501,782888,18743,18743,live
1099925094502,782888,18744,18744,live
1099925094503,782888,18745,18745,live
1099925094504,782888,18746,18746,live
1099925094505,782888,18747,18747,live
1099925094506,782888,18748,18748,live
1099925094507,782888,18749,18749,live
1099925094508,782888,18750,18750,live
1099925094509,782888,18751,18751,live
1099925094510,782888,18752,18752,live
1099925094511,782888,18753,18753,live
1099925094512,782888,18754,18754,live
1099925094513,782888,18755,18755,live
1099925094514,782888,18756,18756,live
1099925094515,782888,18757,18757,live
1099925094516,782888,18758,18758,live
1099925094517,782888,18759,18759,live
1099925094518,782888,18760,18760,live
1099925094519,782888,18761,18761,live
1099925094520,782888,18762,18762,live
1099925094521,782888,18763,18763,live
1099925094522,782888,18764,18764,live
1099925094523,782888,18765,18765,live
1099925094524,782888,18766,18766,live
1099925094525,782888,18767,18767,live
1099925094526,782888,18768,18768,live
1099925094527,782888,18769,18769,live
1099925094528,782888,18770,18770,live
1099925094529,782888,18771,18771,live
1099925094530,782888,18772,18772,live
1099925094531,782888,18773,18773,live
1099925094532,782888,18774,18774,live
1099925094533,782888,18775,18775,live
1099925094534,782888,18776,18776,live
1099925094535,782888,18777,18777,live
1099925094536,782888,18778,18778,live
1099925094537,782888,18779,18779,live
1099925094538,782888,18780,18780,live
1099925094539,782888,18781,18781,live
1099925094540,782888,18782,18782,live
1099925094541,782888,18783,18783,live
1099925094542,782888,18784,18784,live
1099925094543,782888,18785,18785,live
1099925094544,782888,18786,18786,live
1099925094545,782888,18787,18787,live
1099925094546,782888,18788,18788,live
1099925094547,782888,18789,18789,live
1099925094548,782888,18790,18790,live
1099925094549,782888,18791,18791,live
1099925094550,782888,18792,18792,live
1099925094551,782888,18793,18793,live
1099925094552,782888,18794,18794,live
1099925094553,782888,18795,18795,live
1099925094554,782888,18796,18796,live
1099925094555,782888,18797,18797,live
1099925094556,782888,18798,18798,live
1099925094557,782888,18799,18799,live
1099925094558,782888,18800,18800,live
1099925094560,782888,18801,18801,live
1099925094561,782888,18802,18802,live
1099925094562,782888,18803,18803,live
1099925094563,782888,18804,18804,live
1099925094564,782888,18805,18805,live
1099925094565,782888,18806,18806,live
1099925094566,782888,18807,18807,live
1099925094567,782888,18808,18808,live
1099925094568,782888,18809,18809,live
1099925094569,782888,18810,18810,live
1099925094570,782888,18811,18811,live
1099925094571,782888,18812,18812,live
1099925094572,782888,18813,18813,live
1099925094573,782888,18814,18814,live
1099925094574,782888,18815,18815,live
1099925094575,782888,18816,18816,live
1099925094576,782888,18817,18817,live
1099925094577,782888,18818,18818,live
1099925094578,782888,18819,18819,live
1099925094579,782888,18820,18820,live
1099925094580,782888,18821,18821,live
1099925094581,782888,18822,18822,live
1099925094582,782888,18823,18823,live
1099925094583,782888,18824,18824,live
1099925094584,782888,18825,18825,live
1099925094585,782888,18826,18826,live
1099925094586,782888,18827,18827,live
1099925094587,782888,18828,18828,live
1099925094588,782888,18829,18829,live
1099925094589,782888,18830,18830,live
1099925094590,782888,18831,18831,live
1099925094591,782888,18832,18832,live
1099925094592,782888,18833,18833,live
1099925094593,782888,18834,18834,live
1099925094594,782888,18835,18835,live
1099925094595,782888,18836,18836,live
1099925094596,782888,18837,18837,live
1099925094597,782888,18838,18838,live
1099925094598,782888,18839,18839,live
1099925094599,782888,18840,18840,live
1099925094600,782888,18841,18841,live
1099925094601,782888,18842,18842,live
1099925094602,782888,18843,18843,live
1099925094603,782888,18844,18844,live
1099925094604,782888,18845,18845,live
1099925094605,782888,18846,18846,live
1099925094606,782888,18847,18847,live
1099925094607,782888,18848,18848,live
1099925094608,782888,18849,18849,live
1099925094609,782888,18850,18850,live
1099925094610,782888,18851,18851,live
1099925094611,782888,18852,18852,live
1099925094612,782888,18853,18853,live
1099925094613,782888,18854,18854,live
1099925094614,782888,18855,18855,live
1099925094615,782888,18856,18856,live
1099925094616,782888,18857,18857,live
1099925094617,782888,18858,18858,live
1099925094618,782888,18859,18859,live
1099925094619,782888,18860,18860,live
1099925094620,782888,18861,18861,live
1099925094621,782888,18862,18862,live
1099925094622,782888,18863,18863,live
1099925094623,782888,18864,18864,live
1099925094624,782888,18865,18865,live
1099925094625,782888,18866,18866,live
1099925094626,782888,18867,18867,live
1099925094627,782888,18868,18868,live
1099925094628,782888,18869,18869,live
1099925094629,782888,18870,18870,live
1099925094630,782888,18871,18871,live
1099925094631,782888,18872,18872,live
1099925094632,782888,18873,18873,live
1099925094633,782888,18874,18874,live
1099925094634,782888,18875,18875,live
1099925094635,782888,18876,18876,live
1099925094636,782888,18877,18877,live
1099925094637,782888,18878,18878,live
1099925094638,782888,18879,18879,live
1099925094639,782888,18880,18880,live
1099925094640,782888,18881,18881,live
1099925094641,782888,18882,18882,live
1099925094642,782888,18883,18883,live
1099925094643,782888,18884,18884,live
1099925094644,782888,18885,18885,live
1099925094645,782888,18886,18886,live
1099925094646,782888,18887,18887,live
1099925094647,782888,18888,18888,live
1099925094648,782888,18889,18889,live
1099925094649,782888,18890,18890,live
1099925094650,782888,18891,18891,live
1099925094651,782888,18892,18892,live
1099925094652,782888,18893,18893,live
1099925094653,782888,18894,18894,live
1099925094654,782888,18895,18895,live
1099925094655,782888,18896,18896,live
1099925094656,782888,18897,18897,live
1099925094657,782888,18898,18898,live
1099925094658,782888,18899,18899,live
1099925094659,782888,18900,18900,live
1099925094660,782888,18901,18901,live
1099925094661,782888,18902,18902,live
1099925094662,782888,18903,18903,live
1099925094663,782888,18904,18904,live
1099925094664,782888,18905,18905,live
1099925094665,782888,18906,18906,live
1099925094666,782888,18907,18907,live
1099925094667,782888,18908,18908,live
1099925094668,782888,18909,18909,live
1099925094669,782888,18910,18910,live
1099925094670,782888,18911,18911,live
1099925094671,782888,18912,18912,live
1099925094672,782888,18913,18913,live
1099925094673,782888,18914,18914,live
1099925094674,782888,18915,18915,live
1099925094675,782888,18916,18916,live
1099925094676,782888,18917,18917,live
1099925094677,782888,18918,18918,live
1099925094678,782888,18919,18919,live
1099925094679,782888,18920,18920,live
1099925094680,782888,18921,18921,live
1099925094681,782888,18922,18922,live
1099925094682,782888,18923,18923,live
1099925094683,782888,18924,18924,live
1099925094684,782888,18925,18925,live
1099925094685,782888,18926,18926,live
1099925094686,782888,18927,18927,live
1099925094687,782888,18928,18928,live
1099925094688,782888,18929,18929,live
1099925094689,782888,18930,18930,live
1099925094690,782888,18931,18931,live
1099925094691,782888,18932,18932,live
1099925094692,782888,18933,18933,live
1099925094693,782888,18934,18934,live
1099925094694,782888,18935,18935,live
1099925094695,782888,18936,18936,live
1099925094696,782888,18937,18937,live
1099925094697,782888,18938,18938,live
1099925094698,782888,18939,18939,live
1099925094699,782888,18940,18940,live
1099925094700,782888,18941,18941,live
1099925094701,782888,18942,18942,live
1099925094702,782888,18943,18943,live
1099925094703,782888,18944,18944,live
1099925094704,782888,18945,18945,live
1099925094705,782888,18946,18946,live
1099925094706,782888,18947,18947,live
1099925094707,782888,18948,18948,live
1099925094708,782888,18949,18949,live
1099925094709,782888,18950,18950,live
1099925094710,782888,18951,18951,live
1099925094711,782888,18952,18952,live
1099925094712,782888,18953,18953,live
1099925094713,782888,18954,18954,live
1099925094714,782888,18955,18955,live
1099925094715,782888,18956,18956,live
1099925094716,782888,18957,18957,live
1099925094717,782888,18958,18958,live
1099925094718,782888,18959,18959,live
1099925094719,782888,18960,18960,live
1099925094720,782888,18961,18961,live
1099925094721,782888,18962,18962,live
1099925094722,782888,18963,18963,live
1099925094723,782888,18964,18964,live
1099925094724,782888,18965,18965,live
1099925094725,782888,18966,18966,live
1099925094726,782888,18967,18967,live
1099925094727,782888,18968,18968,live
1099925094728,782888,18969,18969,live
1099925094729,782888,18970,18970,live
1099925094730,782888,18971,18971,live
1099925094731,782888,18972,18972,live
1099925094732,782888,18973,18973,live
1099925094733,782888,18974,18974,live
1099925094734,782888,18975,18975,live
1099925094735,782888,18976,18976,live
1099925094736,782888,18977,18977,live
1099925094737,782888,18978,18978,live
1099925094738,782888,18979,18979,live
1099925094739,782888,18980,18980,live
1099925094740,782888,18981,18981,live
1099925094741,782888,18982,18982,live
1099925094742,782888,18983,18983,live
1099925094743,782888,18984,18984,live
1099925094744,782888,18985,18985,live
1099925094745,782888,18986,18986,live
1099925094746,782888,18987,18987,live
1099925094747,782888,18988,18988,live
1099925094748,782888,18989,18989,live
1099925094749,782888,18990,18990,live
1099925094750,782888,18991,18991,live
1099925094751,782888,18992,18992,live
1099925094752,782888,18993,18993,live
1099925094753,782888,18994,18994,live
1099925094754,782888,18995,18995,live
1099925094755,782888,18996,18996,live
1099925094756,782888,18997,18997,live
1099925094757,782888,18998,18998,live
1099925094758,782888,18999,18999,live
1099925094759,782888,19000,19000,live
1099925094771,782888,19001,19001,live
1099925094772,782888,19002,19002,live
1099925094773,782888,19003,19003,live
1099925094774,782888,19004,19004,live
1099925094775,782888,19005,19005,live
1099925094776,782888,19006,19006,live
1099925094777,782888,19007,19007,live
1099925094778,782888,19008,19008,live
1099925094779,782888,19009,19009,live
1099925094780,782888,19010,19010,live
1099925094781,782888,19011,19011,live
1099925094782,782888,19012,19012,live
1099925094783,782888,19013,19013,live
1099925094784,782888,19014,19014,live
1099925094785,782888,19015,19015,live
1099925094786,782888,19016,19016,live
1099925094787,782888,19017,19017,live
1099925094788,782888,19018,19018,live
1099925094789,782888,19019,19019,live
1099925094790,782888,19020,19020,live
1099925094791,782888,19021,19021,live
1099925094792,782888,19022,19022,live
1099925094793,782888,19023,19023,live
1099925094794,782888,19024,19024,live
1099925094795,782888,19025,19025,live
1099925094796,782888,19026,19026,live
1099925094797,782888,19027,19027,live
1099925094798,782888,19028,19028,live
1099925094799,782888,19029,19029,live
1099925094800,782888,19030,19030,live
1099925094801,782888,19031,19031,live
1099925094802,782888,19032,19032,live
1099925094803,782888,19033,19033,live
1099925094804,782888,19034,19034,live
1099925094805,782888,19035,19035,live
1099925094806,782888,19036,19036,live
1099925094807,782888,19037,19037,live
1099925094808,782888,19038,19038,live
1099925094809,782888,19039,19039,live
1099925094810,782888,19040,19040,live
1099925094811,782888,19041,19041,live
1099925094812,782888,19042,19042,live
1099925094813,782888,19043,19043,live
1099925094814,782888,19044,19044,live
1099925094815,782888,19045,19045,live
1099925094816,782888,19046,19046,live
1099925094817,782888,19047,19047,live
1099925094818,782888,19048,19048,live
1099925094819,782888,19049,19049,live
1099925094820,782888,19050,19050,live
1099925094821,782888,19051,19051,live
1099925094822,782888,19052,19052,live
1099925094823,782888,19053,19053,live
1099925094824,782888,19054,19054,live
1099925094825,782888,19055,19055,live
1099925094826,782888,19056,19056,live
1099925094827,782888,19057,19057,live
1099925094828,782888,19058,19058,live
1099925094829,782888,19059,19059,live
1099925094830,782888,19060,19060,live
1099925094831,782888,19061,19061,live
1099925094832,782888,19062,19062,live
1099925094833,782888,19063,19063,live
1099925094834,782888,19064,19064,live
1099925094835,782888,19065,19065,live
1099925094836,782888,19066,19066,live
1099925094837,782888,19067,19067,live
1099925094838,782888,19068,19068,live
1099925094839,782888,19069,19069,live
1099925094840,782888,19070,19070,live
1099925094841,782888,19071,19071,live
1099925094842,782888,19072,19072,live
1099925094843,782888,19073,19073,live
1099925094844,782888,19074,19074,live
1099925094845,782888,19075,19075,live
1099925094846,782888,19076,19076,live
1099925094847,782888,19077,19077,live
1099925094848,782888,19078,19078,live
1099925094849,782888,19079,19079,live
1099925094850,782888,19080,19080,live
1099925094851,782888,19081,19081,live
1099925094852,782888,19082,19082,live
1099925094853,782888,19083,19083,live
1099925094854,782888,19084,19084,live
1099925094855,782888,19085,19085,live
1099925094856,782888,19086,19086,live
1099925094857,782888,19087,19087,live
1099925094858,782888,19088,19088,live
1099925094859,782888,19089,19089,live
1099925094860,782888,19090,19090,live
1099925094861,782888,19091,19091,live
1099925094862,782888,19092,19092,live
1099925094863,782888,19093,19093,live
1099925094864,782888,19094,19094,live
1099925094865,782888,19095,19095,live
1099925094866,782888,19096,19096,live
1099925094867,782888,19097,19097,live
1099925094868,782888,19098,19098,live
1099925094869,782888,19099,19099,live
1099925094870,782888,19100,19100,live
1099925094871,782888,19101,19101,live
1099925094872,782888,19102,19102,live
1099925094873,782888,19103,19103,live
1099925094874,782888,19104,19104,live
1099925094875,782888,19105,19105,live
1099925094876,782888,19106,19106,live
1099925094877,782888,19107,19107,live
1099925094878,782888,19108,19108,live
1099925094879,782888,19109,19109,live
1099925094880,782888,19110,19110,live
1099925094881,782888,19111,19111,live
1099925094882,782888,19112,19112,live
1099925094883,782888,19113,19113,live
1099925094884,782888,19114,19114,live
1099925094885,782888,19115,19115,live
1099925094886,782888,19116,19116,live
1099925094887,782888,19117,19117,live
1099925094888,782888,19118,19118,live
1099925094889,782888,19119,19119,live
1099925094890,782888,19120,19120,live
1099925094891,782888,19121,19121,live
1099925094892,782888,19122,19122,live
1099925094893,782888,19123,19123,live
1099925094894,782888,19124,19124,live
1099925094895,782888,19125,19125,live
1099925094896,782888,19126,19126,live
1099925094897,782888,19127,19127,live
1099925094898,782888,19128,19128,live
1099925094899,782888,19129,19129,live
1099925094900,782888,19130,19130,live
1099925094901,782888,19131,19131,live
1099925094902,782888,19132,19132,live
1099925094903,782888,19133,19133,live
1099925094904,782888,19134,19134,live
1099925094905,782888,19135,19135,live
1099925094906,782888,19136,19136,live
1099925094907,782888,19137,19137,live
1099925094908,782888,19138,19138,live
1099925094909,782888,19139,19139,live
1099925094910,782888,19140,19140,live
1099925094911,782888,19141,19141,live
1099925094912,782888,19142,19142,live
1099925094913,782888,19143,19143,live
1099925094914,782888,19144,19144,live
1099925094915,782888,19145,19145,live
1099925094916,782888,19146,19146,live
1099925094917,782888,19147,19147,live
1099925094918,782888,19148,19148,live
1099925094919,782888,19149,19149,live
1099925094920,782888,19150,19150,live
1099925094921,782888,19151,19151,live
1099925094922,782888,19152,19152,live
1099925094923,782888,19153,19153,live
1099925094924,782888,19154,19154,live
1099925094925,782888,19155,19155,live
1099925094926,782888,19156,19156,live
1099925094927,782888,19157,19157,live
1099925094928,782888,19158,19158,live
1099925094929,782888,19159,19159,live
1099925094930,782888,19160,19160,live
1099925094931,782888,19161,19161,live
1099925094932,782888,19162,19162,live
1099925094933,782888,19163,19163,live
1099925094934,782888,19164,19164,live
1099925094935,782888,19165,19165,live
1099925094936,782888,19166,19166,live
1099925094937,782888,19167,19167,live
1099925094938,782888,19168,19168,live
1099925094939,782888,19169,19169,live
1099925094940,782888,19170,19170,live
1099925094941,782888,19171,19171,live
1099925094942,782888,19172,19172,live
1099925094943,782888,19173,19173,live
1099925094944,782888,19174,19174,live
1099925094945,782888,19175,19175,live
1099925094946,782888,19176,19176,live
1099925094947,782888,19177,19177,live
1099925094948,782888,19178,19178,live
1099925094949,782888,19179,19179,live
1099925094950,782888,19180,19180,live
1099925094951,782888,19181,19181,live
1099925094952,782888,19182,19182,live
1099925094953,782888,19183,19183,live
1099925094954,782888,19184,19184,live
1099925094955,782888,19185,19185,live
1099925094956,782888,19186,19186,live
1099925094957,782888,19187,19187,live
1099925094958,782888,19188,19188,live
1099925094959,782888,19189,19189,live
1099925094960,782888,19190,19190,live
1099925094961,782888,19191,19191,live
1099925094962,782888,19192,19192,live
1099925094963,782888,19193,19193,live
1099925094964,782888,19194,19194,live
1099925094965,782888,19195,19195,live
1099925094966,782888,19196,19196,live
1099925094967,782888,19197,19197,live
1099925094968,782888,19198,19198,live
1099925094969,782888,19199,19199,live
1099925094970,782888,19200,19200,live
1099925094971,782888,19201,19201,live
1099925094972,782888,19202,19202,live
1099925094973,782888,19203,19203,live
1099925094974,782888,19204,19204,live
1099925094975,782888,19205,19205,live
1099925094976,782888,19206,19206,live
1099925094977,782888,19207,19207,live
1099925094978,782888,19208,19208,live
1099925094979,782888,19209,19209,live
1099925094980,782888,19210,19210,live
1099925094981,782888,19211,19211,live
1099925094982,782888,19212,19212,live
1099925094983,782888,19213,19213,live
1099925094984,782888,19214,19214,live
1099925094985,782888,19215,19215,live
1099925094986,782888,19216,19216,live
1099925094987,782888,19217,19217,live
1099925094988,782888,19218,19218,live
1099925094989,782888,19219,19219,live
1099925094990,782888,19220,19220,live
1099925094991,782888,19221,19221,live
1099925094992,782888,19222,19222,live
1099925094993,782888,19223,19223,live
1099925094994,782888,19224,19224,live
1099925094995,782888,19225,19225,live
1099925094996,782888,19226,19226,live
1099925094997,782888,19227,19227,live
1099925094998,782888,19228,19228,live
1099925094999,782888,19229,19229,live
1099925095000,782888,19230,19230,live
1099925095001,782888,19231,19231,live
1099925095002,782888,19232,19232,live
1099925095003,782888,19233,19233,live
1099925095004,782888,19234,19234,live
1099925095005,782888,19235,19235,live
1099925095006,782888,19236,19236,live
1099925095007,782888,19237,19237,live
1099925095008,782888,19238,19238,live
1099925095009,782888,19239,19239,live
1099925095010,782888,19240,19240,live
1099925095011,782888,19241,19241,live
1099925095012,782888,19242,19242,live
1099925095013,782888,19243,19243,live
1099925095014,782888,19244,19244,live
1099925095015,782888,19245,19245,live
1099925095016,782888,19246,19246,live
1099925095017,782888,19247,19247,live
1099925095018,782888,19248,19248,live
1099925095019,782888,19249,19249,live
1099925095020,782888,19250,19250,live
1099925095021,782888,19251,19251,live
1099925095022,782888,19252,19252,live
1099925095023,782888,19253,19253,live
1099925095024,782888,19254,19254,live
1099925095025,782888,19255,19255,live
1099925095026,782888,19256,19256,live
1099925095027,782888,19257,19257,live
1099925095028,782888,19258,19258,live
1099925095029,782888,19259,19259,live
1099925095030,782888,19260,19260,live
1099925095031,782888,19261,19261,live
1099925095032,782888,19262,19262,live
1099925095033,782888,19263,19263,live
1099925095034,782888,19264,19264,live
1099925095035,782888,19265,19265,live
1099925095036,782888,19266,19266,live
1099925095037,782888,19267,19267,live
1099925095038,782888,19268,19268,live
1099925095039,782888,19269,19269,live
1099925095040,782888,19270,19270,live
1099925095041,782888,19271,19271,live
1099925095042,782888,19272,19272,live
1099925095043,782888,19273,19273,live
1099925095044,782888,19274,19274,live
1099925095045,782888,19275,19275,live
1099925095046,782888,19276,19276,live
1099925095047,782888,19277,19277,live
1099925095048,782888,19278,19278,live
1099925095049,782888,19279,19279,live
1099925095050,782888,19280,19280,live
1099925095051,782888,19281,19281,live
1099925095052,782888,19282,19282,live
1099925095053,782888,19283,19283,live
1099925095054,782888,19284,19284,live
1099925095055,782888,19285,19285,live
1099925095056,782888,19286,19286,live
1099925095057,782888,19287,19287,live
1099925095058,782888,19288,19288,live
1099925095059,782888,19289,19289,live
1099925095060,782888,19290,19290,live
1099925095061,782888,19291,19291,live
1099925095062,782888,19292,19292,live
1099925095063,782888,19293,19293,live
1099925095064,782888,19294,19294,live
1099925095065,782888,19295,19295,live
1099925095066,782888,19296,19296,live
1099925095067,782888,19297,19297,live
1099925095068,782888,19298,19298,live
1099925095069,782888,19299,19299,live
1099925095070,782888,19300,19300,live
1099925095071,782888,19301,19301,live
1099925095072,782888,19302,19302,live
1099925095073,782888,19303,19303,live
1099925095074,782888,19304,19304,live
1099925095075,782888,19305,19305,live
1099925095076,782888,19306,19306,live
1099925095077,782888,19307,19307,live
1099925095078,782888,19308,19308,live
1099925095079,782888,19309,19309,live
1099925095080,782888,19310,19310,live
1099925095081,782888,19311,19311,live
1099925095082,782888,19312,19312,live
1099925095083,782888,19313,19313,live
1099925095084,782888,19314,19314,live
1099925095085,782888,19315,19315,live
1099925095086,782888,19316,19316,live
1099925095087,782888,19317,19317,live
1099925095088,782888,19318,19318,live
1099925095089,782888,19319,19319,live
1099925095090,782888,19320,19320,live
1099925095091,782888,19321,19321,live
1099925095092,782888,19322,19322,live
1099925095093,782888,19323,19323,live
1099925095094,782888,19324,19324,live
1099925095095,782888,19325,19325,live
1099925095096,782888,19326,19326,live
1099925095097,782888,19327,19327,live
1099925095098,782888,19328,19328,live
1099925095099,782888,19329,19329,live
1099925095100,782888,19330,19330,live
1099925095101,782888,19331,19331,live
1099925095102,782888,19332,19332,live
1099925095103,782888,19333,19333,live
1099925095104,782888,19334,19334,live
1099925095105,782888,19335,19335,live
1099925095106,782888,19336,19336,live
1099925095107,782888,19337,19337,live
1099925095108,782888,19338,19338,live
1099925095109,782888,19339,19339,live
1099925095110,782888,19340,19340,live
1099925095111,782888,19341,19341,live
1099925095112,782888,19342,19342,live
1099925095113,782888,19343,19343,live
1099925095114,782888,19344,19344,live
1099925095115,782888,19345,19345,live
1099925095116,782888,19346,19346,live
1099925095117,782888,19347,19347,live
1099925095118,782888,19348,19348,live
1099925095119,782888,19349,19349,live
1099925095120,782888,19350,19350,live
1099925095121,782888,19351,19351,live
1099925095122,782888,19352,19352,live
1099925095123,782888,19353,19353,live
1099925095124,782888,19354,19354,live
1099925095125,782888,19355,19355,live
1099925095126,782888,19356,19356,live
1099925095127,782888,19357,19357,live
1099925095128,782888,19358,19358,live
1099925095129,782888,19359,19359,live
1099925095130,782888,19360,19360,live
1099925095131,782888,19361,19361,live
1099925095132,782888,19362,19362,live
1099925095133,782888,19363,19363,live
1099925095134,782888,19364,19364,live
1099925095135,782888,19365,19365,live
1099925095136,782888,19366,19366,live
1099925095137,782888,19367,19367,live
1099925095138,782888,19368,19368,live
1099925095139,782888,19369,19369,live
1099925095140,782888,19370,19370,live
1099925095141,782888,19371,19371,live
1099925095142,782888,19372,19372,live
1099925095143,782888,19373,19373,live
1099925095144,782888,19374,19374,live
1099925095145,782888,19375,19375,live
1099925095146,782888,19376,19376,live
1099925095147,782888,19377,19377,live
1099925095148,782888,19378,19378,live
1099925095149,782888,19379,19379,live
1099925095150,782888,19380,19380,live
1099925095151,782888,19381,19381,live
1099925095152,782888,19382,19382,live
1099925095153,782888,19383,19383,live
1099925095154,782888,19384,19384,live
1099925095155,782888,19385,19385,live
1099925095156,782888,19386,19386,live
1099925095157,782888,19387,19387,live
1099925095158,782888,19388,19388,live
1099925095159,782888,19389,19389,live
1099925095160,782888,19390,19390,live
1099925095161,782888,19391,19391,live
1099925095162,782888,19392,19392,live
1099925095163,782888,19393,19393,live
1099925095164,782888,19394,19394,live
1099925095165,782888,19395,19395,live
1099925095166,782888,19396,19396,live
1099925095167,782888,19397,19397,live
1099925095168,782888,19398,19398,live
1099925095169,782888,19399,19399,live
1099925095170,782888,19400,19400,live
1099925095201,782888,19401,19401,live
1099925095202,782888,19402,19402,live
1099925095203,782888,19403,19403,live
1099925095204,782888,19404,19404,live
1099925095205,782888,19405,19405,live
1099925095206,782888,19406,19406,live
1099925095207,782888,19407,19407,live
1099925095208,782888,19408,19408,live
1099925095209,782888,19409,19409,live
1099925095210,782888,19410,19410,live
1099925095211,782888,19411,19411,live
1099925095212,782888,19412,19412,live
1099925095213,782888,19413,19413,live
1099925095214,782888,19414,19414,live
1099925095215,782888,19415,19415,live
1099925095216,782888,19416,19416,live
1099925095217,782888,19417,19417,live
1099925095218,782888,19418,19418,live
1099925095219,782888,19419,19419,live
1099925095220,782888,19420,19420,live
1099925095221,782888,19421,19421,live
1099925095222,782888,19422,19422,live
1099925095223,782888,19423,19423,live
1099925095224,782888,19424,19424,live
1099925095225,782888,19425,19425,live
1099925095226,782888,19426,19426,live
1099925095227,782888,19427,19427,live
1099925095228,782888,19428,19428,live
1099925095229,782888,19429,19429,live
1099925095230,782888,19430,19430,live
1099925095231,782888,19431,19431,live
1099925095232,782888,19432,19432,live
1099925095233,782888,19433,19433,live
1099925095234,782888,19434,19434,live
1099925095235,782888,19435,19435,live
1099925095236,782888,19436,19436,live
1099925095237,782888,19437,19437,live
1099925095238,782888,19438,19438,live
1099925095239,782888,19439,19439,live
1099925095240,782888,19440,19440,live
1099925095241,782888,19441,19441,live
1099925095242,782888,19442,19442,live
1099925095243,782888,19443,19443,live
1099925095244,782888,19444,19444,live
1099925095245,782888,19445,19445,live
1099925095246,782888,19446,19446,live
1099925095247,782888,19447,19447,live
1099925095248,782888,19448,19448,live
1099925095249,782888,19449,19449,live
1099925095250,782888,19450,19450,live
1099925095251,782888,19451,19451,live
1099925095252,782888,19452,19452,live
1099925095253,782888,19453,19453,live
1099925095254,782888,19454,19454,live
1099925095255,782888,19455,19455,live
1099925095256,782888,19456,19456,live
1099925095257,782888,19457,19457,live
1099925095258,782888,19458,19458,live
1099925095259,782888,19459,19459,live
1099925095260,782888,19460,19460,live
1099925095261,782888,19461,19461,live
1099925095262,782888,19462,19462,live
1099925095263,782888,19463,19463,live
1099925095264,782888,19464,19464,live
1099925095265,782888,19465,19465,live
1099925095266,782888,19466,19466,live
1099925095267,782888,19467,19467,live
1099925095268,782888,19468,19468,live
1099925095269,782888,19469,19469,live
1099925095270,782888,19470,19470,live
1099925095271,782888,19471,19471,live
1099925095272,782888,19472,19472,live
1099925095273,782888,19473,19473,live
1099925095274,782888,19474,19474,live
1099925095275,782888,19475,19475,live
1099925095276,782888,19476,19476,live
1099925095277,782888,19477,19477,live
1099925095278,782888,19478,19478,live
1099925095279,782888,19479,19479,live
1099925095280,782888,19480,19480,live
1099925095281,782888,19481,19481,live
1099925095282,782888,19482,19482,live
1099925095283,782888,19483,19483,live
1099925095284,782888,19484,19484,live
1099925095285,782888,19485,19485,live
1099925095286,782888,19486,19486,live
1099925095287,782888,19487,19487,live
1099925095288,782888,19488,19488,live
1099925095289,782888,19489,19489,live
1099925095290,782888,19490,19490,live
1099925095291,782888,19491,19491,live
1099925095292,782888,19492,19492,live
1099925095293,782888,19493,19493,live
1099925095294,782888,19494,19494,live
1099925095295,782888,19495,19495,live
1099925095296,782888,19496,19496,live
1099925095297,782888,19497,19497,live
1099925095298,782888,19498,19498,live
1099925095299,782888,19499,19499,live
1099925095300,782888,19500,19500,live
1099925095301,782888,19501,19501,live
1099925095302,782888,19502,19502,live
1099925095303,782888,19503,19503,live
1099925095304,782888,19504,19504,live
1099925095305,782888,19505,19505,live
1099925095306,782888,19506,19506,live
1099925095307,782888,19507,19507,live
1099925095308,782888,19508,19508,live
1099925095309,782888,19509,19509,live
1099925095310,782888,19510,19510,live
1099925095311,782888,19511,19511,live
1099925095312,782888,19512,19512,live
1099925095313,782888,19513,19513,live
1099925095314,782888,19514,19514,live
1099925095315,782888,19515,19515,live
1099925095316,782888,19516,19516,live
1099925095317,782888,19517,19517,live
1099925095318,782888,19518,19518,live
1099925095319,782888,19519,19519,live
1099925095320,782888,19520,19520,live
1099925095321,782888,19521,19521,live
1099925095322,782888,19522,19522,live
1099925095323,782888,19523,19523,live
1099925095324,782888,19524,19524,live
1099925095325,782888,19525,19525,live
1099925095326,782888,19526,19526,live
1099925095327,782888,19527,19527,live
1099925095328,782888,19528,19528,live
1099925095329,782888,19529,19529,live
1099925095330,782888,19530,19530,live
1099925095331,782888,19531,19531,live
1099925095332,782888,19532,19532,live
1099925095333,782888,19533,19533,live
1099925095334,782888,19534,19534,live
1099925095335,782888,19535,19535,live
1099925095336,782888,19536,19536,live
1099925095337,782888,19537,19537,live
1099925095338,782888,19538,19538,live
1099925095339,782888,19539,19539,live
1099925095340,782888,19540,19540,live
1099925095341,782888,19541,19541,live
1099925095342,782888,19542,19542,live
1099925095343,782888,19543,19543,live
1099925095344,782888,19544,19544,live
1099925095345,782888,19545,19545,live
1099925095346,782888,19546,19546,live
1099925095347,782888,19547,19547,live
1099925095348,782888,19548,19548,live
1099925095349,782888,19549,19549,live
1099925095350,782888,19550,19550,live
1099925095351,782888,19551,19551,live
1099925095352,782888,19552,19552,live
1099925095353,782888,19553,19553,live
1099925095354,782888,19554,19554,live
1099925095355,782888,19555,19555,live
1099925095356,782888,19556,19556,live
1099925095357,782888,19557,19557,live
1099925095358,782888,19558,19558,live
1099925095359,782888,19559,19559,live
1099925095360,782888,19560,19560,live
1099925095361,782888,19561,19561,live
1099925095362,782888,19562,19562,live
1099925095363,782888,19563,19563,live
1099925095364,782888,19564,19564,live
1099925095365,782888,19565,19565,live
1099925095366,782888,19566,19566,live
1099925095367,782888,19567,19567,live
1099925095368,782888,19568,19568,live
1099925095369,782888,19569,19569,live
1099925095370,782888,19570,19570,live
1099925095371,782888,19571,19571,live
1099925095372,782888,19572,19572,live
1099925095373,782888,19573,19573,live
1099925095374,782888,19574,19574,live
1099925095375,782888,19575,19575,live
1099925095376,782888,19576,19576,live
1099925095377,782888,19577,19577,live
1099925095378,782888,19578,19578,live
1099925095379,782888,19579,19579,live
1099925095380,782888,19580,19580,live
1099925095381,782888,19581,19581,live
1099925095382,782888,19582,19582,live
1099925095383,782888,19583,19583,live
1099925095384,782888,19584,19584,live
1099925095385,782888,19585,19585,live
1099925095386,782888,19586,19586,live
1099925095387,782888,19587,19587,live
1099925095388,782888,19588,19588,live
1099925095389,782888,19589,19589,live
1099925095390,782888,19590,19590,live
1099925095391,782888,19591,19591,live
1099925095392,782888,19592,19592,live
1099925095393,782888,19593,19593,live
1099925095394,782888,19594,19594,live
1099925095395,782888,19595,19595,live
1099925095396,782888,19596,19596,live
1099925095397,782888,19597,19597,live
1099925095398,782888,19598,19598,live
1099925095399,782888,19599,19599,live
1099925095400,782888,19600,19600,live
1099925096017,782888,19601,19601,live
1099925096018,782888,19602,19602,live
1099925096019,782888,19603,19603,live
1099925096020,782888,19604,19604,live
1099925096021,782888,19605,19605,live
1099925096022,782888,19606,19606,live
1099925096023,782888,19607,19607,live
1099925096024,782888,19608,19608,live
1099925096025,782888,19609,19609,live
1099925096026,782888,19610,19610,live
1099925096027,782888,19611,19611,live
1099925096028,782888,19612,19612,live
1099925096029,782888,19613,19613,live
1099925096030,782888,19614,19614,live
1099925096031,782888,19615,19615,live
1099925096032,782888,19616,19616,live
1099925096033,782888,19617,19617,live
1099925096034,782888,19618,19618,live
1099925096035,782888,19619,19619,live
1099925096036,782888,19620,19620,live
1099925096037,782888,19621,19621,live
1099925096038,782888,19622,19622,live
1099925096039,782888,19623,19623,live
1099925096040,782888,19624,19624,live
1099925096041,782888,19625,19625,live
1099925096042,782888,19626,19626,live
1099925096043,782888,19627,19627,live
1099925096044,782888,19628,19628,live
1099925096045,782888,19629,19629,live
1099925096046,782888,19630,19630,live
1099925096047,782888,19631,19631,live
1099925096048,782888,19632,19632,live
1099925096049,782888,19633,19633,live
1099925096050,782888,19634,19634,live
1099925096051,782888,19635,19635,live
1099925096052,782888,19636,19636,live
1099925096053,782888,19637,19637,live
1099925096054,782888,19638,19638,live
1099925096055,782888,19639,19639,live
1099925096056,782888,19640,19640,live
1099925096057,782888,19641,19641,live
1099925096058,782888,19642,19642,live
1099925096059,782888,19643,19643,live
1099925096060,782888,19644,19644,live
1099925096061,782888,19645,19645,live
1099925096062,782888,19646,19646,live
1099925096063,782888,19647,19647,live
1099925096064,782888,19648,19648,live
1099925096065,782888,19649,19649,live
1099925096066,782888,19650,19650,live
1099925096067,782888,19651,19651,live
1099925096068,782888,19652,19652,live
1099925096069,782888,19653,19653,live
1099925096070,782888,19654,19654,live
1099925096071,782888,19655,19655,live
1099925096072,782888,19656,19656,live
1099925096073,782888,19657,19657,live
1099925096074,782888,19658,19658,live
1099925096075,782888,19659,19659,live
1099925096076,782888,19660,19660,live
1099925096077,782888,19661,19661,live
1099925096078,782888,19662,19662,live
1099925096079,782888,19663,19663,live
1099925096080,782888,19664,19664,live
1099925096081,782888,19665,19665,live
1099925096082,782888,19666,19666,live
1099925096083,782888,19667,19667,live
1099925096084,782888,19668,19668,live
1099925096085,782888,19669,19669,live
1099925096086,782888,19670,19670,live
1099925096087,782888,19671,19671,live
1099925096088,782888,19672,19672,live
1099925096089,782888,19673,19673,live
1099925096090,782888,19674,19674,live
1099925096091,782888,19675,19675,live
1099925096092,782888,19676,19676,live
1099925096093,782888,19677,19677,live
1099925096094,782888,19678,19678,live
1099925096095,782888,19679,19679,live
1099925096096,782888,19680,19680,live
1099925096097,782888,19681,19681,live
1099925096098,782888,19682,19682,live
1099925096099,782888,19683,19683,live
1099925096100,782888,19684,19684,live
1099925096101,782888,19685,19685,live
1099925096102,782888,19686,19686,live
1099925096103,782888,19687,19687,live
1099925096104,782888,19688,19688,live
1099925096105,782888,19689,19689,live
1099925096106,782888,19690,19690,live
1099925096107,782888,19691,19691,live
1099925096108,782888,19692,19692,live
1099925096109,782888,19693,19693,live
1099925096110,782888,19694,19694,live
1099925096111,782888,19695,19695,live
1099925096112,782888,19696,19696,live
1099925096113,782888,19697,19697,live
1099925096114,782888,19698,19698,live
1099925096115,782888,19699,19699,live
1099925096116,782888,19700,19700,live
1099925096117,782888,19701,19701,live
1099925096118,782888,19702,19702,live
1099925096119,782888,19703,19703,live
1099925096120,782888,19704,19704,live
1099925096121,782888,19705,19705,live
1099925096122,782888,19706,19706,live
1099925096123,782888,19707,19707,live
1099925096124,782888,19708,19708,live
1099925096125,782888,19709,19709,live
1099925096126,782888,19710,19710,live
1099925096127,782888,19711,19711,live
1099925096128,782888,19712,19712,live
1099925096129,782888,19713,19713,live
1099925096130,782888,19714,19714,live
1099925096131,782888,19715,19715,live
1099925096132,782888,19716,19716,live
1099925096133,782888,19717,19717,live
1099925096134,782888,19718,19718,live
1099925096135,782888,19719,19719,live
1099925096136,782888,19720,19720,live
1099925096137,782888,19721,19721,live
1099925096138,782888,19722,19722,live
1099925096139,782888,19723,19723,live
1099925096140,782888,19724,19724,live
1099925096141,782888,19725,19725,live
1099925096142,782888,19726,19726,live
1099925096143,782888,19727,19727,live
1099925096144,782888,19728,19728,live
1099925096145,782888,19729,19729,live
1099925096146,782888,19730,19730,live
1099925096147,782888,19731,19731,live
1099925096148,782888,19732,19732,live
1099925096149,782888,19733,19733,live
1099925096150,782888,19734,19734,live
1099925096151,782888,19735,19735,live
1099925096152,782888,19736,19736,live
1099925096153,782888,19737,19737,live
1099925096154,782888,19738,19738,live
1099925096155,782888,19739,19739,live
1099925096156,782888,19740,19740,live
1099925096157,782888,19741,19741,live
1099925096158,782888,19742,19742,live
1099925096159,782888,19743,19743,live
1099925096160,782888,19744,19744,live
1099925096161,782888,19745,19745,live
1099925096162,782888,19746,19746,live
1099925096163,782888,19747,19747,live
1099925096164,782888,19748,19748,live
1099925096165,782888,19749,19749,live
1099925096166,782888,19750,19750,live
1099925096167,782888,19751,19751,live
1099925096168,782888,19752,19752,live
1099925096169,782888,19753,19753,live
1099925096170,782888,19754,19754,live
1099925096171,782888,19755,19755,live
1099925096172,782888,19756,19756,live
1099925096173,782888,19757,19757,live
1099925096174,782888,19758,19758,live
1099925096175,782888,19759,19759,live
1099925096176,782888,19760,19760,live
1099925096177,782888,19761,19761,live
1099925096178,782888,19762,19762,live
1099925096179,782888,19763,19763,live
1099925096180,782888,19764,19764,live
1099925096181,782888,19765,19765,live
1099925096182,782888,19766,19766,live
1099925096183,782888,19767,19767,live
1099925096184,782888,19768,19768,live
1099925096185,782888,19769,19769,live
1099925096186,782888,19770,19770,live
1099925096187,782888,19771,19771,live
1099925096188,782888,19772,19772,live
1099925096189,782888,19773,19773,live
1099925096190,782888,19774,19774,live
1099925096191,782888,19775,19775,live
1099925096192,782888,19776,19776,live
1099925096193,782888,19777,19777,live
1099925096194,782888,19778,19778,live
1099925096195,782888,19779,19779,live
1099925096196,782888,19780,19780,live
1099925096197,782888,19781,19781,live
1099925096198,782888,19782,19782,live
1099925096199,782888,19783,19783,live
1099925096200,782888,19784,19784,live
1099925096201,782888,19785,19785,live
1099925096202,782888,19786,19786,live
1099925096203,782888,19787,19787,live
1099925096204,782888,19788,19788,live
1099925096205,782888,19789,19789,live
1099925096206,782888,19790,19790,live
1099925096207,782888,19791,19791,live
1099925096208,782888,19792,19792,live
1099925096209,782888,19793,19793,live
1099925096210,782888,19794,19794,live
1099925096211,782888,19795,19795,live
1099925096212,782888,19796,19796,live
1099925096213,782888,19797,19797,live
1099925096214,782888,19798,19798,live
1099925096215,782888,19799,19799,live
1099925096216,782888,19800,19800,live
1099925096217,782888,19801,19801,live
1099925096218,782888,19802,19802,live
1099925096219,782888,19803,19803,live
1099925096220,782888,19804,19804,live
1099925096221,782888,19805,19805,live
1099925096222,782888,19806,19806,live
1099925096223,782888,19807,19807,live
1099925096224,782888,19808,19808,live
1099925096225,782888,19809,19809,live
1099925096226,782888,19810,19810,live
1099925096227,782888,19811,19811,live
1099925096228,782888,19812,19812,live
1099925096229,782888,19813,19813,live
1099925096230,782888,19814,19814,live
1099925096231,782888,19815,19815,live
1099925096232,782888,19816,19816,live
1099925096233,782888,19817,19817,live
1099925096234,782888,19818,19818,live
1099925096235,782888,19819,19819,live
1099925096236,782888,19820,19820,live
1099925096237,782888,19821,19821,live
1099925096238,782888,19822,19822,live
1099925096239,782888,19823,19823,live
1099925096240,782888,19824,19824,live
1099925096241,782888,19825,19825,live
1099925096242,782888,19826,19826,live
1099925096243,782888,19827,19827,live
1099925096244,782888,19828,19828,live
1099925096245,782888,19829,19829,live
1099925096246,782888,19830,19830,live
1099925096247,782888,19831,19831,live
1099925096248,782888,19832,19832,live
1099925096249,782888,19833,19833,live
1099925096250,782888,19834,19834,live
1099925096251,782888,19835,19835,live
1099925096252,782888,19836,19836,live
1099925096253,782888,19837,19837,live
1099925096254,782888,19838,19838,live
1099925096255,782888,19839,19839,live
1099925096256,782888,19840,19840,live
1099925096257,782888,19841,19841,live
1099925096258,782888,19842,19842,live
1099925096259,782888,19843,19843,live
1099925096260,782888,19844,19844,live
1099925096261,782888,19845,19845,live
1099925096262,782888,19846,19846,live
1099925096263,782888,19847,19847,live
1099925096264,782888,19848,19848,live
1099925096265,782888,19849,19849,live
1099925096266,782888,19850,19850,live
1099925096267,782888,19851,19851,live
1099925096268,782888,19852,19852,live
1099925096269,782888,19853,19853,live
1099925096270,782888,19854,19854,live
1099925096271,782888,19855,19855,live
1099925096272,782888,19856,19856,live
1099925096273,782888,19857,19857,live
1099925096274,782888,19858,19858,live
1099925096275,782888,19859,19859,live
1099925096276,782888,19860,19860,live
1099925096277,782888,19861,19861,live
1099925096278,782888,19862,19862,live
1099925096279,782888,19863,19863,live
1099925096280,782888,19864,19864,live
1099925096281,782888,19865,19865,live
1099925096282,782888,19866,19866,live
1099925096283,782888,19867,19867,live
1099925096284,782888,19868,19868,live
1099925096285,782888,19869,19869,live
1099925096286,782888,19870,19870,live
1099925096287,782888,19871,19871,live
1099925096288,782888,19872,19872,live
1099925096289,782888,19873,19873,live
1099925096290,782888,19874,19874,live
1099925096291,782888,19875,19875,live
1099925096292,782888,19876,19876,live
1099925096293,782888,19877,19877,live
1099925096294,782888,19878,19878,live
1099925096295,782888,19879,19879,live
1099925096296,782888,19880,19880,live
1099925096297,782888,19881,19881,live
1099925096298,782888,19882,19882,live
1099925096299,782888,19883,19883,live
1099925096300,782888,19884,19884,live
1099925096301,782888,19885,19885,live
1099925096302,782888,19886,19886,live
1099925096303,782888,19887,19887,live
1099925096304,782888,19888,19888,live
1099925096305,782888,19889,19889,live
1099925096306,782888,19890,19890,live
1099925096307,782888,19891,19891,live
1099925096308,782888,19892,19892,live
1099925096309,782888,19893,19893,live
1099925096310,782888,19894,19894,live
1099925096311,782888,19895,19895,live
1099925096312,782888,19896,19896,live
1099925096313,782888,19897,19897,live
1099925096314,782888,19898,19898,live
1099925096315,782888,19899,19899,live
1099925096316,782888,19900,19900,live
1099925096317,782888,19901,19901,live
1099925096318,782888,19902,19902,live
1099925096319,782888,19903,19903,live
1099925096320,782888,19904,19904,live
1099925096321,782888,19905,19905,live
1099925096322,782888,19906,19906,live
1099925096323,782888,19907,19907,live
1099925096324,782888,19908,19908,live
1099925096325,782888,19909,19909,live
1099925096326,782888,19910,19910,live
1099925096327,782888,19911,19911,live
1099925096328,782888,19912,19912,live
1099925096329,782888,19913,19913,live
1099925096330,782888,19914,19914,live
1099925096331,782888,19915,19915,live
1099925096332,782888,19916,19916,live
1099925096333,782888,19917,19917,live
1099925096334,782888,19918,19918,live
1099925096335,782888,19919,19919,live
1099925096336,782888,19920,19920,live
1099925096337,782888,19921,19921,live
1099925096338,782888,19922,19922,live
1099925096339,782888,19923,19923,live
1099925096340,782888,19924,19924,live
1099925096341,782888,19925,19925,live
1099925096342,782888,19926,19926,live
1099925096343,782888,19927,19927,live
1099925096344,782888,19928,19928,live
1099925096345,782888,19929,19929,live
1099925096346,782888,19930,19930,live
1099925096347,782888,19931,19931,live
1099925096348,782888,19932,19932,live
1099925096349,782888,19933,19933,live
1099925096350,782888,19934,19934,live
1099925096351,782888,19935,19935,live
1099925096352,782888,19936,19936,live
1099925096353,782888,19937,19937,live
1099925096354,782888,19938,19938,live
1099925096355,782888,19939,19939,live
1099925096356,782888,19940,19940,live
1099925096357,782888,19941,19941,live
1099925096358,782888,19942,19942,live
1099925096359,782888,19943,19943,live
1099925096360,782888,19944,19944,live
1099925096361,782888,19945,19945,live
1099925096362,782888,19946,19946,live
1099925096363,782888,19947,19947,live
1099925096364,782888,19948,19948,live
1099925096365,782888,19949,19949,live
1099925096366,782888,19950,19950,live
1099925096367,782888,19951,19951,live
1099925096368,782888,19952,19952,live
1099925096369,782888,19953,19953,live
1099925096370,782888,19954,19954,live
1099925096371,782888,19955,19955,live
1099925096372,782888,19956,19956,live
1099925096373,782888,19957,19957,live
1099925096374,782888,19958,19958,live
1099925096375,782888,19959,19959,live
1099925096376,782888,19960,19960,live
1099925096377,782888,19961,19961,live
1099925096378,782888,19962,19962,live
1099925096379,782888,19963,19963,live
1099925096380,782888,19964,19964,live
1099925096381,782888,19965,19965,live
1099925096382,782888,19966,19966,live
1099925096383,782888,19967,19967,live
1099925096384,782888,19968,19968,live
1099925096385,782888,19969,19969,live
1099925096386,782888,19970,19970,live
1099925096387,782888,19971,19971,live
1099925096388,782888,19972,19972,live
1099925096389,782888,19973,19973,live
1099925096390,782888,19974,19974,live
1099925096391,782888,19975,19975,live
1099925096392,782888,19976,19976,live
1099925096393,782888,19977,19977,live
1099925096394,782888,19978,19978,live
1099925096395,782888,19979,19979,live
1099925096396,782888,19980,19980,live
1099925096397,782888,19981,19981,live
1099925096398,782888,19982,19982,live
1099925096399,782888,19983,19983,live
1099925096400,782888,19984,19984,live
1099925096401,782888,19985,19985,live
1099925096402,782888,19986,19986,live
1099925096403,782888,19987,19987,live
1099925096404,782888,19988,19988,live
1099925096405,782888,19989,19989,live
1099925096406,782888,19990,19990,live
1099925096407,782888,19991,19991,live
1099925096408,782888,19992,19992,live
1099925096409,782888,19993,19993,live
1099925096410,782888,19994,19994,live
1099925096411,782888,19995,19995,live
1099925096412,782888,19996,19996,live
1099925096413,782888,19997,19997,live
1099925096414,782888,19998,19998,live
1099925096415,782888,19999,19999,live
1099925096416,782888,20000,20000,live
1099925096487,782888,20057,20001,live
1099925096501,782888,20071,20002,live
1099925096513,782888,20083,20003,live
1099925096590,782888,20160,20004,live
1099925096599,782888,20169,20005,live
1099925096605,782888,20175,20006,live
1099925096631,782888,20201,20007,live
1099925096635,782888,20205,20008,live
1099925096678,782888,20248,20009,live
1099925096708,782888,20278,20010,live
1099925096726,782888,20296,20011,live
1099925096731,782888,20301,20012,live
1099925096746,782888,20316,20013,live
1099925096787,782888,20357,20014,live
1099925096788,782888,20358,20015,live
1099925096789,782888,20359,20016,live
1099925096817,782888,20387,20017,live
1099925103429,782888,20707,20018,live
1099925103437,782888,20715,20019,live
1099925103495,782888,20773,20020,live
1099925103536,782888,20814,20021,live
1099925103710,782888,20988,20022,live
1099925103863,782888,21135,20023,live
1099925104066,782888,21338,20024,live
1099925104191,782888,21416,20025,live
1099925104250,782888,21475,20026,live
1099925104683,782888,21908,20027,live
1099925105292,782888,22458,20028,live
1099925105318,782888,22484,20029,live
1099925105800,782888,22931,20030,live
1099925106058,782888,23189,20031,live
1099925106117,782888,23248,20032,live
1099925106146,782888,23277,20033,live
1099925106194,782888,23325,20034,live
1099925106232,782888,23363,20035,live
1099925106255,782888,23386,20036,live
1099925106371,782888,23492,20037,live
1099925106375,782888,23496,20038,live
1099925106400,782888,23521,20039,live
1099925106417,782888,23538,20040,live
1099925106448,782888,23569,20041,live
1099925106471,782888,23592,20042,live
1099925107427,782888,23676,20043,live
1099925107523,782888,23772,20044,live
1099925108416,782888,24318,20045,live
1099925108657,782888,24543,20046,live
1099925109008,782888,24870,20047,live
1099925109082,782888,24944,20048,live
1099925109239,782888,25085,20049,live
1099925109318,782888,25164,20050,live
1099925109344,782888,25190,20051,live
1099925109390,782888,25218,20052,live
1099925109454,782888,25256,20053,live
1099925109566,782888,25368,20054,live
1099925109585,782888,25387,20055,live
1099925109612,782888,25414,20056,live
1099925109872,782888,25521,20057,live
1099925109875,782888,25524,20058,live
1099925109964,782888,25613,20059,live
1099925110026,782888,25655,20060,live
1099925110195,782888,25824,20061,live
1099925110280,782888,25909,20062,live
1099925110481,782888,26110,20063,live
1099925110658,782888,26287,20064,live
1099925110739,782888,26329,20065,live
1099925110888,782888,26478,20066,live
1099925110911,782888,26501,20067,live
1099925110950,782888,26540,20068,live
1099925111027,782888,26617,20069,live
1099925111238,782888,26826,20070,live
1099925111579,782888,27128,20071,live
1099925111798,782888,27273,20072,live
1099925111939,782888,27414,20073,live
1099925112311,782888,27786,20074,live
1099925112635,782888,28085,20075,live
1099925112817,782888,28267,20076,live
1099925113371,782888,28711,20077,live
1099925113418,782888,28758,20078,live
1099925114355,782888,29605,20079,live
1099925114425,782888,29656,20080,live
1099925114427,782888,29658,20081,live
1099925114433,782888,29664,20082,live
1099925114441,782888,29672,20083,live
1099925114456,782888,29687,20084,live
1099925114477,782888,29708,20085,live
1099925114675,782888,29906,20086,live
1099925114693,782888,29924,20087,live
1099925115338,782888,29951,20088,live
1099925115348,782888,29961,20089,live
1099925115353,782888,29966,20090,live
1099925115362,782888,29975,20091,live
1099925115363,782888,29976,20092,live
1099925115376,782888,29989,20093,live
1099925115385,782888,29998,20094,live
1099925115390,782888,30003,20095,live
1099925115402,782888,30015,20096,live
1099925115414,782888,30027,20097,live
1099925115422,782888,30035,20098,live
1099925115474,782888,30087,20099,live
1099925115502,782888,30115,20100,live
1099925115526,782888,30133,20101,live
1099925115558,782888,30165,20102,live
1099925115560,782888,30167,20103,live
1099925115580,782888,30187,20104,live
1099925115592,782888,30199,20105,live
1099925115613,782888,30220,20106,live
1099925115618,782888,30225,20107,live
1099925115651,782888,30258,20108,live
1099925115675,782888,30282,20109,live
1099925115678,782888,30285,20110,live
1099925115763,782888,30337,20111,live
1099925115772,782888,30346,20112,live
1099925115778,782888,30352,20113,live
1099925115788,782888,30362,20114,live
1099925115811,782888,30385,20115,live
1099925115824,782888,30398,20116,live
1099925115846,782888,30420,20117,live
1099925115865,782888,30439,20118,live
1099925115877,782888,30451,20119,live
1099925115885,782888,30459,20120,live
1099925115898,782888,30472,20121,live
1099925115950,782888,30524,20122,live
1099925115994,782888,30566,20123,live
1099925116010,782888,30582,20124,live
1099925116029,782888,30601,20125,live
1099925116076,782888,30648,20126,live
1099925127550,782888,30652,20127,live
1099925127551,782888,30653,20128,live
1099925127555,782888,30657,20129,live
1099925127556,782888,30658,20130,live
1099925127560,782888,30662,20131,live
1099925127567,782888,30669,20132,live
1099925127568,782888,30670,20133,live
1099925127569,782888,30671,20134,live
1099925127630,782888,30732,20135,live
1099925127649,782888,30751,20136,live
1099925127724,782888,30826,20137,live
1099925127725,782888,30827,20138,live
1099925127733,782888,30835,20139,live
1099925127780,782888,30882,20140,live
1099925127802,782888,30904,20141,live
1099925127877,782888,30947,20142,live
1099925127886,782888,30956,20143,live
1099925129278,782888,31027,20144,live
1099925129306,782888,31055,20145,live
1099925129343,782888,31092,20146,live
1099925129434,782888,31178,20147,live
1099925182778,782888,31290,20148,live
1099925182790,782888,31302,20149,live
1099925182819,782888,31331,20150,live
1099925182911,782888,31423,20151,live
1099925182916,782888,31428,20152,live
1099925183252,782888,31763,20153,live
1099925183551,782888,32042,20154,live
1099925183628,782888,32119,20155,live
1099925183936,782888,32426,20156,live
1099925184120,782888,32608,20157,live
1099925184157,782888,32645,20158,live
1099925184265,782888,32739,20159,live
1099925184298,782888,32772,20160,live
1099925184338,782888,32812,20161,live
1099925184354,782888,32828,20162,live
1099925184356,782888,32830,20163,live
1099925184450,782888,32902,20164,live
1099925184464,782888,32916,20165,live
1099925184465,782888,32917,20166,live
1099925184709,782888,33161,20167,live
1099925185056,782888,33508,20168,live
1099925185059,782888,33511,20169,live
1099925185493,782888,33937,20170,live
1099925185547,782888,33991,20171,live
1099925185630,782888,34074,20172,live
1099925185690,782888,34134,20173,live
1099925185717,782888,34161,20174,live
1099925185727,782888,34171,20175,live
1099925185743,782888,34187,20176,live
1099925185748,782888,34192,20177,live
1099925185753,782888,34197,20178,live
1099925185813,782888,34257,20179,live
1099925186104,782888,34542,20180,live
1099925186185,782888,34623,20181,live
1099925186396,782888,34834,20182,live
1099925186517,782888,34942,20183,live
1099925186522,782888,34947,20184,live
1099925186576,782888,35001,20185,live
1099925186577,782888,35002,20186,live
1099925186619,782888,35044,20187,live
1099925186643,782888,35062,20188,live
1099925186711,782888,35130,20189,live
1099925186723,782888,35142,20190,live
1099925186728,782888,35147,20191,live
1099925186782,782888,35201,20192,live
1099925186783,782888,35202,20193,live
1099925186825,782888,35244,20194,live
1099925186837,782888,35255,20195,live
1099925187005,782888,35423,20196,live
1099925187012,782888,35430,20197,live
1099925187133,782888,35532,20198,live
1099925187199,782888,35598,20199,live
1099925187563,782888,35882,20200,live
1099925188014,782888,36319,20201,live
1099925188068,782888,36373,20202,live
1099925188213,782888,36483,20203,live
1099925188361,782888,36631,20204,live
1099925188460,782888,36730,20205,live
1099925188498,782888,36768,20206,live
1099925188512,782888,36782,20207,live
1099925188516,782888,36786,20208,live
1099925188701,782888,36971,20209,live
1099925188706,782888,36976,20210,live
1099925188764,782888,37034,20211,live
1099925188827,782888,37096,20212,live
1099925188887,782888,37156,20213,live
1099925188916,782888,37185,20214,live
1099925188925,782888,37194,20215,live
1099925188962,782888,37231,20216,live
1099925188996,782888,37259,20217,live
1099925189022,782888,37285,20218,live
1099925189034,782888,37297,20219,live
1099925189035,782888,37298,20220,live
1099925189053,782888,37316,20221,live
1099925189169,782888,37432,20222,live
1099925189176,782888,37439,20223,live
1099925189183,782888,37446,20224,live
1099925189272,782888,37535,20225,live
1099925189284,782888,37547,20226,live
1099925189318,782888,37581,20227,live
1099925189330,782888,37593,20228,live
1099925189364,782888,37627,20229,live
1099925189367,782888,37630,20230,live
1099925189447,782888,37708,20231,live
1099925189501,782888,37762,20232,live
1099925189530,782888,37791,20233,live
1099925190415,782888,38597,20234,live
1099925190683,782888,38849,20235,live
1099925190746,782888,38912,20236,live
1099925190868,782888,39034,20237,live
1099925191261,782888,39402,20238,live
1099925191362,782888,39503,20239,live
1099925191849,782888,39968,20240,live
1099925193919,782888,41852,20241,live
1099925194790,782888,42675,20242,live
1099925194883,782888,42768,20243,live
1099925195247,782888,43095,20244,live
1099925196991,782888,44672,20245,live
1099925197671,782888,45350,20246,live
1099925197819,782888,45494,20247,live
1099925198037,782888,45684,20248,live
1099925198089,782888,45736,20249,live
1099925198098,782888,45745,20250,live
1099925199819,782888,47448,20251,live
1099925200103,782888,47728,20252,live
1099925202006,782888,49546,20253,live
1099925202099,782888,49639,20254,live
1099925202505,782888,50003,20255,live
1099925202595,782888,50093,20256,live
1099925202814,782888,50312,20257,live
1099925203114,782888,50612,20258,live
1099925203146,782888,50644,20259,live
1099925203610,782888,51090,20260,live
1099925203654,782888,51134,20261,live
1099925203657,782888,51137,20262,live
1099925203658,782888,51138,20263,live
1099925203665,782888,51145,20264,live
1099925203684,782888,51164,20265,live
1099925205862,782888,51237,20266,live
1099925207359,782888,52339,20267,live
1099925207537,782888,52509,20268,live
1099925207548,782888,52520,20269,live
1099925207623,782888,52594,20270,live
1099925207749,782888,52720,20271,live
1099925207808,782888,52776,20272,live
1099925208064,782888,53027,20273,live
1099925208396,782888,53354,20274,live
1099925208603,782888,53560,20275,live
1099925208657,782888,53580,20276,live
1099925208735,782888,53658,20277,live
1099925208941,782888,53864,20278,live
1099925209320,782888,54243,20279,live
1099925209541,782888,54456,20280,live
1099925209578,782888,54493,20281,live
1099925209959,782888,54871,20282,live
1099925210392,782888,55291,20283,live
1099925212155,782888,56984,20284,live
1099925212424,782888,57253,20285,live
1099925214452,782888,59210,20286,live
1099925216982,782888,61418,20287,live
1099925218867,782888,63252,20288,live
1099925218878,782888,63263,20289,live
1099925218884,782888,63269,20290,live
1099925218892,782888,63277,20291,live
1099925219001,782888,63385,20292,live
1099925219147,782888,63531,20293,live
1099925219322,782888,63636,20294,live
1099925219347,782888,63661,20295,live
1099925219397,782888,63711,20296,live
1099925219865,782888,64172,20297,live
1099925219912,782888,64219,20298,live
1099925220016,782888,64323,20299,live
1099925220308,782888,64613,20300,live
1099925220485,782888,64784,20301,live
1099925220863,782888,65159,20302,live
1099925220974,782888,65236,20303,live
1099925221020,782888,65282,20304,live
1099925221030,782888,65292,20305,live
1099925221286,782888,65548,20306,live
1099925221559,782888,65817,20307,live
1099925221646,782888,65904,20308,live
1099925222161,782888,66363,20309,live
1099925222225,782888,66427,20310,live
1099925222279,782888,66481,20311,live
1099925222840,782888,67034,20312,live
1099925223108,782888,67302,20313,live
1099925223142,782888,67336,20314,live
1099925223222,782888,67405,20315,live
1099925223275,782888,67458,20316,live
1099925223300,782888,67483,20317,live
1099925223351,782888,67534,20318,live
1099925223461,782888,67641,20319,live
1099925224347,782888,68434,20320,live
1099925224579,782888,68655,20321,live
1099925224671,782888,68747,20322,live
1099925224796,782888,68865,20323,live
1099925225170,782888,69232,20324,live
1099925225216,782888,69278,20325,live
1099925225653,782888,69701,20326,live
1099925225768,782888,69816,20327,live
1099925225790,782888,69838,20328,live
1099925225803,782888,69851,20329,live
1099925225817,782888,69865,20330,live
1099925227293,782888,69949,20331,live
1099925227316,782888,69972,20332,live
1099925227399,782888,70055,20333,live
1099925227414,782888,70070,20334,live
1099925227622,782888,70278,20335,live
1099925229121,782888,70281,20336,live
1099925229220,782888,70380,20337,live
1099925229266,782888,70426,20338,live
1099925230124,782888,71138,20339,live
1099925235076,782888,72163,20340,live
1099925235163,782888,72250,20341,live
1099925235242,782888,72291,20342,live
1099925235270,782888,72319,20343,live
1099925237659,782888,74379,20344,live
1099925238201,782888,74921,20345,live
1099925238227,782888,74947,20346,live
1099925238247,782888,74967,20347,live
1099925238399,782888,75110,20348,live
1099925238413,782888,75124,20349,live
1099925240441,782888,76936,20350,live
1099925241066,782888,77547,20351,live
1099925241085,782888,77566,20352,live
1099925241556,782888,78024,20353,live
1099925243323,782888,79666,20354,live
1099925243331,782888,79674,20355,live
1099925243492,782888,79835,20356,live
1099925243751,782888,80035,20357,live
1099925243978,782888,80262,20358,live
1099925244080,782888,80362,20359,live
1099925244172,782888,80454,20360,live
1099925244323,782888,80567,20361,live
1099925244416,782888,80660,20362,live
1099925244978,782888,81171,20363,live
1099925245623,782888,81710,20364,live
1099925245976,782888,82063,20365,live
1099925246666,782888,82658,20366,live
1099925247700,782888,83621,20367,live
1099925248052,782888,83958,20368,live
1099925248082,782888,83988,20369,live
1099925248196,782888,84102,20370,live
1099925248279,782888,84185,20371,live
1099925248316,782888,84222,20372,live
1099925248380,782888,84283,20373,live
1099925248398,782888,84301,20374,live
1099925248517,782888,84420,20375,live
1099925248634,782888,84524,20376,live
1099925248652,782888,84542,20377,live
1099925248919,782888,84808,20378,live
1099925249010,782888,84899,20379,live
1099925249090,782888,84979,20380,live
1099925249174,782888,85063,20381,live
1099925249286,782888,85157,20382,live
1099925251159,782888,85527,20383,live
1099925251515,782888,85882,20384,live
1099925252674,782888,86896,20385,live
1099925254181,782888,88157,20386,live
1099925254283,782888,88259,20387,live
1099925255284,782888,89100,20388,live
1099925255933,782888,89709,20389,live
1099925256828,782888,90452,20390,live
1099925257206,782888,90830,20391,live
1099925258393,782888,91691,20392,live
1099925258983,782888,92259,20393,live
1099925259777,782888,92990,20394,live
1099925260752,782888,93833,20395,live
1099925260838,782888,93919,20396,live
1099925260964,782888,94045,20397,live
1099925261326,782888,94393,20398,live
1099925261753,782888,94737,20399,live
1099925262059,782888,95035,20400,live
1099925262579,782888,95508,20401,live
1099925263440,782888,96166,20402,live
1099925263699,782888,96267,20403,live
1099925263745,782888,96313,20404,live
1099925263760,782888,96328,20405,live
1099925264493,782888,96498,20406,live
1099925264516,782888,96521,20407,live
1099925264861,782888,96788,20408,live
1099925265018,782888,96945,20409,live
1099925265190,782888,97116,20410,live
1099925265987,782888,97745,20411,live
1099925266119,782888,97877,20412,live
1099925266755,782888,98241,20413,live
1099925267658,782888,98742,20414,live
1099925267951,782888,99035,20415,live
1099925267953,782888,99037,20416,live
1099925268855,782888,99887,20417,live
1099925268901,782888,99933,20418,live
1099925268985,782888,100017,20419,live
1099925269602,782888,100608,20420,live
1099925269869,782888,100875,20421,live
1099925269953,782888,100959,20422,live
1099925270553,782888,101317,20423,live
1099925270729,782888,101493,20424,live
1099925278713,782888,102575,20425,live
1099925278716,782888,102578,20426,live
1099925278727,782888,102589,20427,live
1099925278751,782888,102613,20428,live
1099925278753,782888,102615,20429,live
1099925278760,782888,102622,20430,live
1099925278761,782888,102623,20431,live
1099925278775,782888,102637,20432,live
1099925278777,782888,102639,20433,live
1099925278783,782888,102645,20434,live
1099925278788,782888,102650,20435,live
1099925278810,782888,102672,20436,live
1099925278860,782888,102722,20437,live
1099925278884,782888,102746,20438,live
1099925278888,782888,102750,20439,live
1099925278899,782888,102761,20440,live
1099925278904,782888,102766,20441,live
1099925302856,782888,102784,20442,live
1099925302859,782888,102787,20443,live
1099925302860,782888,102788,20444,live
1099925302877,782888,102805,20445,live
1099925302892,782888,102820,20446,live
1099925302931,782888,102859,20447,live
1099925302945,782888,102873,20448,live
1099925302952,782888,102880,20449,live
1099925302981,782888,102909,20450,live
1099925302997,782888,102925,20451,live
1099925303003,782888,102931,20452,live
1099925303022,782888,102950,20453,live
1099925303028,782888,102956,20454,live
1099925303029,782888,102957,20455,live
1099925303030,782888,102958,20456,live
1099925303034,782888,102962,20457,live
1099925303066,782888,102980,20458,live
1099925303070,782888,102984,20459,live
1099925303076,782888,102990,20460,live
1099925303085,782888,102999,20461,live
1099925303095,782888,103009,20462,live
1099925303121,782888,103035,20463,live
1099925303177,782888,103091,20464,live
1099925303181,782888,103095,20465,live
1099925303191,782888,103105,20466,live
1099925303199,782888,103113,20467,live
1099925303216,782888,103130,20468,live
1099925303217,782888,103131,20469,live
1099925303218,782888,103132,20470,live
1099925303232,782888,103146,20471,live
1099925303246,782888,103160,20472,live
1099925303275,782888,103189,20473,live
1099925303277,782888,103191,20474,live
1099925303283,782888,103197,20475,live
1099925303295,782888,103209,20476,live
1099925303308,782888,103222,20477,live
1099925303317,782888,103231,20478,live
1099925303330,782888,103244,20479,live
1099925303349,782888,103263,20480,live
1099925303351,782888,103265,20481,live
1099925303356,782888,103270,20482,live
1099925303358,782888,103272,20483,live
1099925303363,782888,103277,20484,live
1099925303384,782888,103298,20485,live
1099925303389,782888,103303,20486,live
1099925303391,782888,103305,20487,live
1099925303464,782888,103378,20488,live
1099925303465,782888,103379,20489,live
1099925303476,782888,103390,20490,live
1099925303485,782888,103399,20491,live
1099925303487,782888,103401,20492,live
1099925303513,782888,103427,20493,live
1099925303518,782888,103432,20494,live
1099925303532,782888,103446,20495,live
1099925303622,782888,103536,20496,live
1099925303632,782888,103546,20497,live
1099925303633,782888,103547,20498,live
1099925303642,782888,103556,20499,live
1099925303644,782888,103558,20500,live
1099925303658,782888,103572,20501,live
1099925303670,782888,103584,20502,live
1099925303690,782888,103604,20503,live
1099925303772,782888,103686,20504,live
1099925303871,782888,103780,20505,live
1099925303889,782888,103798,20506,live
1099925303927,782888,103836,20507,live
1099925303964,782888,103873,20508,live
1099925303992,782888,103901,20509,live
1099925303995,782888,103904,20510,live
1099925304043,782888,103952,20511,live
1099925304071,782888,103976,20512,live
1099925304073,782888,103978,20513,live
1099925304079,782888,103984,20514,live
1099925304089,782888,103994,20515,live
1099925304090,782888,103995,20516,live
1099925304093,782888,103998,20517,live
1099925304118,782888,104023,20518,live
1099925304138,782888,104043,20519,live
1099925304140,782888,104045,20520,live
1099925304154,782888,104059,20521,live
1099925304172,782888,104077,20522,live
1099925304173,782888,104078,20523,live
1099925304199,782888,104104,20524,live
1099925304213,782888,104118,20525,live
1099925304217,782888,104122,20526,live
1099925304236,782888,104141,20527,live
1099925304245,782888,104150,20528,live
1099925304381,782888,104266,20529,live
1099925304467,782888,104352,20530,live
1099925304785,782888,104667,20531,live
1099925304817,782888,104699,20532,live
1099925304818,782888,104700,20533,live
1099925305109,782888,104722,20534,live
1099925305122,782888,104735,20535,live
1099925305165,782888,104778,20536,live
1099925307171,782888,106763,20537,live
1099925308835,782888,108403,20538,live
1099925309006,782888,108564,20539,live
1099925309040,782888,108598,20540,live
1099925309088,782888,108646,20541,live
1099925309484,782888,108931,20542,live
1099925309485,782888,108932,20543,live
1099925309487,782888,108934,20544,live
1099925309490,782888,108937,20545,live
1099925309569,782888,109016,20546,live
1099925309574,782888,109021,20547,live
1099925309595,782888,109042,20548,live
1099925309599,782888,109046,20549,live
1099925309606,782888,109053,20550,live
1099925309607,782888,109054,20551,live
1099925309608,782888,109055,20552,live
1099925309609,782888,109056,20553,live
1099925309610,782888,109057,20554,live
1099925309611,782888,109058,20555,live
1099925309612,782888,109059,20556,live
1099925309613,782888,109060,20557,live
1099925309614,782888,109061,20558,live
1099925309615,782888,109062,20559,live
1099925309616,782888,109063,20560,live
1099925309617,782888,109064,20561,live
1099925309618,782888,109065,20562,live
1099925309621,782888,109068,20563,live
1099925309626,782888,109073,20564,live
1099925309627,782888,109074,20565,live
1099925309629,782888,109076,20566,live
1099925309630,782888,109077,20567,live
1099925309631,782888,109078,20568,live
1099925309632,782888,109079,20569,live
1099925309633,782888,109080,20570,live
1099925309635,782888,109082,20571,live
1099925309639,782888,109086,20572,live
1099925309640,782888,109087,20573,live
1099925309641,782888,109088,20574,live
1099925309642,782888,109089,20575,live
1099925309667,782888,109092,20576,live
1099925309668,782888,109093,20577,live
1099925309669,782888,109094,20578,live
1099925309674,782888,109099,20579,live
1099925309677,782888,109102,20580,live
1099925309678,782888,109103,20581,live
1099925309679,782888,109104,20582,live
1099925309680,782888,109105,20583,live
1099925309681,782888,109106,20584,live
1099925309682,782888,109107,20585,live
1099925309683,782888,109108,20586,live
1099925309686,782888,109111,20587,live
1099925309687,782888,109112,20588,live
1099925309688,782888,109113,20589,live
1099925309692,782888,109117,20590,live
1099925309694,782888,109119,20591,live
1099925309695,782888,109120,20592,live
1099925309696,782888,109121,20593,live
1099925309698,782888,109123,20594,live
1099925309699,782888,109124,20595,live
1099925309700,782888,109125,20596,live
1099925309702,782888,109127,20597,live
1099925309703,782888,109128,20598,live
1099925309706,782888,109131,20599,live
1099925309707,782888,109132,20600,live
1099925309712,782888,109137,20601,live
1099925309713,782888,109138,20602,live
1099925309715,782888,109140,20603,live
1099925309716,782888,109141,20604,live
1099925309717,782888,109142,20605,live
1099925309718,782888,109143,20606,live
1099925309722,782888,109147,20607,live
1099925309723,782888,109148,20608,live
1099925309731,782888,109156,20609,live
1099925309732,782888,109157,20610,live
1099925309733,782888,109158,20611,live
1099925309734,782888,109159,20612,live
1099925309735,782888,109160,20613,live
1099925309736,782888,109161,20614,live
1099925309737,782888,109162,20615,live
1099925309738,782888,109163,20616,live
1099925309739,782888,109164,20617,live
1099925309740,782888,109165,20618,live
1099925309747,782888,109172,20619,live
1099925309748,782888,109173,20620,live
1099925309749,782888,109174,20621,live
1099925309750,782888,109175,20622,live
1099925309751,782888,109176,20623,live
1099925309752,782888,109177,20624,live
1099925309754,782888,109179,20625,live
1099925309755,782888,109180,20626,live
1099925309756,782888,109181,20627,live
1099925309762,782888,109187,20628,live
1099925309767,782888,109192,20629,live
1099925309770,782888,109195,20630,live
1099925309772,782888,109197,20631,live
1099925309773,782888,109198,20632,live
1099925309777,782888,109202,20633,live
1099925309780,782888,109205,20634,live
1099925309781,782888,109206,20635,live
1099925309782,782888,109207,20636,live
1099925309783,782888,109208,20637,live
1099925309786,782888,109211,20638,live
1099925309787,782888,109212,20639,live
1099925309788,782888,109213,20640,live
1099925309790,782888,109215,20641,live
1099925309791,782888,109216,20642,live
1099925309794,782888,109219,20643,live
1099925309795,782888,109220,20644,live
1099925309796,782888,109221,20645,live
1099925309797,782888,109222,20646,live
1099925309798,782888,109223,20647,live
1099925309799,782888,109224,20648,live
1099925309801,782888,109226,20649,live
1099925309802,782888,109227,20650,live
1099925309806,782888,109231,20651,live
1099925309814,782888,109239,20652,live
1099925309818,782888,109243,20653,live
1099925309825,782888,109250,20654,live
1099925309843,782888,109268,20655,live
1099925309909,782888,109317,20656,live
1099925309963,782888,109371,20657,live
1099925310052,782888,109460,20658,live
1099925310059,782888,109467,20659,live
1099925310081,782888,109489,20660,live
1099925310112,782888,109519,20661,live
1099925310135,782888,109542,20662,live
1099925310265,782888,109672,20663,live
1099925310389,782888,109796,20664,live
1099925312605,782888,109843,20665,live
1099925312627,782888,109865,20666,live
1099925312642,782888,109880,20667,live
1099925312696,782888,109934,20668,live
1099925312697,782888,109935,20669,live
1099925312739,782888,109977,20670,live
1099925312778,782888,110016,20671,live
1099925312842,782888,110075,20672,live
1099925312867,782888,110100,20673,live
1099925312909,782888,110142,20674,live
1099925312916,782888,110149,20675,live
1099925313080,782888,110313,20676,live
1099925313284,782888,110513,20677,live
1099925313472,782888,110701,20678,live
1099925313904,782888,111123,20679,live
1099925314219,782888,111438,20680,live
1099925314247,782888,111466,20681,live
1099925314286,782888,111505,20682,live
1099925314306,782888,111525,20683,live
1099925314329,782888,111548,20684,live
1099925314344,782888,111563,20685,live
1099925314349,782888,111568,20686,live
1099925314350,782888,111569,20687,live
1099925314436,782888,111655,20688,live
1099925314640,782888,111856,20689,live
1099925315041,782888,112237,20690,live
1099925315064,782888,112260,20691,live
1099925315113,782888,112309,20692,live
1099925315287,782888,112479,20693,live
1099925315851,782888,113033,20694,live
1099925315881,782888,113063,20695,live
1099925315922,782888,113104,20696,live
1099925316036,782888,113218,20697,live
1099925316238,782888,113416,20698,live
1099925316242,782888,113420,20699,live
1099925316254,782888,113432,20700,live
1099925316373,782888,113551,20701,live
1099925316375,782888,113553,20702,live
1099925316407,782888,113585,20703,live
1099925317014,782888,114186,20704,live
1099925317439,782888,114611,20705,live
1099925317528,782888,114698,20706,live
1099925317717,782888,114885,20707,live
1099925317836,782888,115004,20708,live
1099925317855,782888,115023,20709,live
1099925317859,782888,115027,20710,live
1099925317889,782888,115056,20711,live
1099925317923,782888,115090,20712,live
1099925318087,782888,115254,20713,live
1099925318117,782888,115284,20714,live
1099925318250,782888,115417,20715,live
1099925318494,782888,115660,20716,live
1099925318700,782888,115860,20717,live
1099925319008,782888,116155,20718,live
1099925319022,782888,116169,20719,live
1099925319074,782888,116221,20720,live
1099925319120,782888,116267,20721,live
1099925319480,782888,116627,20722,live
1099925319500,782888,116643,20723,live
1099925319506,782888,116649,20724,live
1099925319512,782888,116655,20725,live
1099925319560,782888,116703,20726,live
1099925319637,782888,116780,20727,live
1099925319671,782888,116814,20728,live
1099925319703,782888,116846,20729,live
1099925320759,782888,117876,20730,live
1099925321120,782888,118237,20731,live
1099925321529,782888,118638,20732,live
1099925321553,782888,118662,20733,live
1099925321917,782888,119026,20734,live
1099925322042,782888,119151,20735,live
1099925322092,782888,119201,20736,live
1099925323433,782888,120527,20737,live
1099925323475,782888,120569,20738,live
1099925359759,782888,120823,20739,live
1099925359764,782888,120828,20740,live
1099925359766,782888,120830,20741,live
1099925359797,782888,120861,20742,live
1099925373266,782888,120945,20743,live
1099925373280,782888,120959,20744,live
1099925373305,782888,120982,20745,live
1099925373317,782888,120994,20746,live
1099925373324,782888,121001,20747,live
1099925373631,782888,121122,20748,live
1099925374107,782888,121197,20749,live
1099925374109,782888,121199,20750,live
1099925374114,782888,121204,20751,live
1099925374115,782888,121205,20752,live
1099925374118,782888,121208,20753,live
1099925374122,782888,121212,20754,live
1099925374127,782888,121217,20755,live
1099925374128,782888,121218,20756,live
1099925374129,782888,121219,20757,live
1099925374139,782888,121224,20758,live
1099925374147,782888,121232,20759,live
1099925374272,782888,121352,20760,live
1099925374275,782888,121355,20761,live
1099925374278,782888,121358,20762,live
1099925374282,782888,121362,20763,live
1099925374284,782888,121364,20764,live
1099925374286,782888,121366,20765,live
1099925374287,782888,121367,20766,live
1099925374288,782888,121368,20767,live
1099925374289,782888,121369,20768,live
1099925378674,782888,121382,20769,live
1099925378684,782888,121392,20770,live
1099925378685,782888,121393,20771,live
1099925378693,782888,121401,20772,live
1099925378694,782888,121402,20773,live
1099925378695,782888,121403,20774,live
1099925378698,782888,121406,20775,live
1099925378712,782888,121420,20776,live
1099925378749,782888,121423,20777,live
1099925378757,782888,121431,20778,live
1099925378808,782888,121475,20779,live
1099925378828,782888,121495,20780,live
1099925378837,782888,121504,20781,live
1099925378852,782888,121519,20782,live
1099925378853,782888,121520,20783,live
1099925380811,782888,121523,20784,live
1099925380821,782888,121533,20785,live
1099925380831,782888,121543,20786,live
1099925380833,782888,121545,20787,live
1099925380834,782888,121546,20788,live
1099925380863,782888,121574,20789,live
1099925380869,782888,121580,20790,live
1099925380872,782888,121583,20791,live
1099925380890,782888,121601,20792,live
1099925380891,782888,121602,20793,live
1099925380902,782888,121613,20794,live
1099925380903,782888,121614,20795,live
1099925380907,782888,121618,20796,live
1099925380908,782888,121619,20797,live
1099925380909,782888,121620,20798,live
1099925436288,782888,121627,20799,live
1099925436289,782888,121628,20800,live
1099925436290,782888,121629,20801,live
1099925436315,782888,121654,20802,live
1099925436316,782888,121655,20803,live
1099925436317,782888,121656,20804,live
1099925436318,782888,121657,20805,live
1099925436320,782888,121659,20806,live
1099925436325,782888,121664,20807,live
1099925436326,782888,121665,20808,live
1099925436330,782888,121669,20809,live
1099925436331,782888,121670,20810,live
1099925443984,782888,121681,20811,live
1099925444058,782888,121755,20812,live
1099925493603,782888,121771,20813,live
1099925493604,782888,121772,20814,live
1099925495710,782888,121828,20815,live
1099925495723,782888,121841,20816,live
1099925495747,782888,121865,20817,live
1099925495754,782888,121872,20818,live
1099925495755,782888,121873,20819,live
1099925495756,782888,121874,20820,live
1099925495757,782888,121875,20821,live
1099925495759,782888,121877,20822,live
1099925495760,782888,121878,20823,live
1099925495761,782888,121879,20824,live
1099925495762,782888,121880,20825,live
1099925495764,782888,121882,20826,live
1099925495765,782888,121883,20827,live
1099925495766,782888,121884,20828,live
1099925495768,782888,121886,20829,live
1099925495770,782888,121888,20830,live
1099925495771,782888,121889,20831,live
1099925495784,782888,121902,20832,live
1099925499371,782888,121931,20833,live
1099925499374,782888,121934,20834,live
1099925499375,782888,121935,20835,live
1099925499376,782888,121936,20836,live
1099925499377,782888,121937,20837,live
1099925499378,782888,121938,20838,live
1099925499380,782888,121940,20839,live
1099925499381,782888,121941,20840,live
1099925499383,782888,121943,20841,live
1099925499384,782888,121944,20842,live
1099925499385,782888,121945,20843,live
1099925499386,782888,121946,20844,live
1099925499387,782888,121947,20845,live
1099925499388,782888,121948,20846,live
1099925499389,782888,121949,20847,live
1099925499392,782888,121952,20848,live
1099925499393,782888,121953,20849,live
1099925499394,782888,121954,20850,live
1099925499396,782888,121956,20851,live
1099925499398,782888,121958,20852,live
1099925499399,782888,121959,20853,live
1099925499400,782888,121960,20854,live
1099925499401,782888,121961,20855,live
1099925499403,782888,121963,20856,live
1099925499405,782888,121965,20857,live
1099925499406,782888,121966,20858,live
1099925499407,782888,121967,20859,live
1099925499409,782888,121969,20860,live
1099925499412,782888,121972,20861,live
1099925499421,782888,121979,20862,live
1099925499422,782888,121980,20863,live
1099925499423,782888,121981,20864,live
1099925499424,782888,121982,20865,live
1099925499425,782888,121983,20866,live
1099925499426,782888,121984,20867,live
1099925499427,782888,121985,20868,live
1099925499430,782888,121988,20869,live
1099925499431,782888,121989,20870,live
1099925499434,782888,121992,20871,live
1099925499435,782888,121993,20872,live
1099925499436,782888,121994,20873,live
1099925499437,782888,121995,20874,live
1099925499441,782888,121999,20875,live
1099925499444,782888,122002,20876,live
1099925499445,782888,122003,20877,live
1099925499446,782888,122004,20878,live
1099925499453,782888,122011,20879,live
1099925499455,782888,122013,20880,live
1099925499456,782888,122014,20881,live
1099925499457,782888,122015,20882,live
1099925499458,782888,122016,20883,live
1099925499463,782888,122021,20884,live
1099925499464,782888,122022,20885,live
1099925499476,782888,122028,20886,live
1099925499477,782888,122029,20887,live
1099925499478,782888,122030,20888,live
1099925499481,782888,122033,20889,live
1099925499482,782888,122034,20890,live
1099925499483,782888,122035,20891,live
1099925499484,782888,122036,20892,live
1099925499485,782888,122037,20893,live
1099925499486,782888,122038,20894,live
1099925499489,782888,122041,20895,live
1099925499490,782888,122042,20896,live
1099925499491,782888,122043,20897,live
1099925499492,782888,122044,20898,live
1099925499496,782888,122048,20899,live
1099925499497,782888,122049,20900,live
1099925499501,782888,122053,20901,live
1099925499503,782888,122055,20902,live
1099925499504,782888,122056,20903,live
1099925499505,782888,122057,20904,live
1099925499506,782888,122058,20905,live
1099925499509,782888,122061,20906,live
1099925499510,782888,122062,20907,live
1099925499511,782888,122063,20908,live
1099925499513,782888,122065,20909,live
1099925499515,782888,122067,20910,live
1099925499518,782888,122070,20911,live
1099925499520,782888,122072,20912,live
1099925499521,782888,122073,20913,live
1099925499531,782888,122078,20914,live
1099925499532,782888,122079,20915,live
1099925499533,782888,122080,20916,live
1099925499534,782888,122081,20917,live
1099925499536,782888,122083,20918,live
1099925499540,782888,122087,20919,live
1099925499542,782888,122089,20920,live
1099925499543,782888,122090,20921,live
1099925499544,782888,122091,20922,live
1099925499546,782888,122093,20923,live
1099925499548,782888,122095,20924,live
1099925499550,782888,122097,20925,live
1099925499551,782888,122098,20926,live
1099925499552,782888,122099,20927,live
1099925499553,782888,122100,20928,live
1099925499554,782888,122101,20929,live
1099925499555,782888,122102,20930,live
1099925499557,782888,122104,20931,live
1099925499558,782888,122105,20932,live
1099925499559,782888,122106,20933,live
1099925499561,782888,122108,20934,live
1099925499562,782888,122109,20935,live
1099925499563,782888,122110,20936,live
1099925499564,782888,122111,20937,live
1099925499565,782888,122112,20938,live
1099925499567,782888,122114,20939,live
1099925499568,782888,122115,20940,live
1099925499569,782888,122116,20941,live
1099925499571,782888,122118,20942,live
1099925499573,782888,122120,20943,live
1099925499574,782888,122121,20944,live
1099925499575,782888,122122,20945,live
1099925499576,782888,122123,20946,live
1099925499577,782888,122124,20947,live
1099925499578,782888,122125,20948,live
1099925499580,782888,122127,20949,live
1099925499585,782888,122128,20950,live
1099925499586,782888,122129,20951,live
1099925499588,782888,122131,20952,live
1099925499589,782888,122132,20953,live
1099925499590,782888,122133,20954,live
1099925499591,782888,122134,20955,live
1099925499592,782888,122135,20956,live
1099925499593,782888,122136,20957,live
1099925499594,782888,122137,20958,live
1099925499595,782888,122138,20959,live
1099925499597,782888,122140,20960,live
1099925499598,782888,122141,20961,live
1099925499599,782888,122142,20962,live
1099925499600,782888,122143,20963,live
1099925499601,782888,122144,20964,live
1099925499602,782888,122145,20965,live
1099925499603,782888,122146,20966,live
1099925499604,782888,122147,20967,live
1099925499605,782888,122148,20968,live
1099925499606,782888,122149,20969,live
1099925499607,782888,122150,20970,live
1099925499608,782888,122151,20971,live
1099925499610,782888,122153,20972,live
1099925499611,782888,122154,20973,live
1099925499612,782888,122155,20974,live
1099925499613,782888,122156,20975,live
1099925499615,782888,122158,20976,live
1099925499616,782888,122159,20977,live
1099925499617,782888,122160,20978,live
1099925499618,782888,122161,20979,live
1099925499619,782888,122162,20980,live
1099925499620,782888,122163,20981,live
1099925499621,782888,122164,20982,live
1099925499622,782888,122165,20983,live
1099925499623,782888,122166,20984,live
1099925499624,782888,122167,20985,live
1099925499625,782888,122168,20986,live
1099925499626,782888,122169,20987,live
1099925499627,782888,122170,20988,live
1099925499628,782888,122171,20989,live
1099925499629,782888,122172,20990,live
1099925499630,782888,122173,20991,live
1099925499631,782888,122174,20992,live
1099925499632,782888,122175,20993,live
1099925499633,782888,122176,20994,live
1099925499634,782888,122177,20995,live
1099925499636,782888,122178,20996,live
1099925499637,782888,122179,20997,live
1099925499638,782888,122180,20998,live
1099925499639,782888,122181,20999,live
1099925499640,782888,122182,21000,live
1099925499641,782888,122183,21001,live
1099925499642,782888,122184,21002,live
1099925499643,782888,122185,21003,live
1099925499644,782888,122186,21004,live
1099925499645,782888,122187,21005,live
1099925499646,782888,122188,21006,live
1099925499647,782888,122189,21007,live
1099925499648,782888,122190,21008,live
1099925499649,782888,122191,21009,live
1099925499650,782888,122192,21010,live
1099925499651,782888,122193,21011,live
1099925499652,782888,122194,21012,live
1099925499653,782888,122195,21013,live
1099925499654,782888,122196,21014,live
1099925499655,782888,122197,21015,live
1099925499656,782888,122198,21016,live
1099925499657,782888,122199,21017,live
1099925499658,782888,122200,21018,live
1099925499659,782888,122201,21019,live
1099925499660,782888,122202,21020,live
1099925499661,782888,122203,21021,live
1099925499662,782888,122204,21022,live
1099925499663,782888,122205,21023,live
1099925499664,782888,122206,21024,live
1099925499665,782888,122207,21025,live
1099925499667,782888,122209,21026,live
1099925499668,782888,122210,21027,live
1099925499669,782888,122211,21028,live
1099925499673,782888,122215,21029,live
1099925499675,782888,122217,21030,live
1099925499676,782888,122218,21031,live
1099925499677,782888,122219,21032,live
1099925500048,782888,122237,21033,live
1099925500099,782888,122285,21034,live
1099925500101,782888,122287,21035,live
1099925500108,782888,122294,21036,live
1099925500122,782888,122308,21037,live
1099925500133,782888,122319,21038,live
1099925500135,782888,122321,21039,live
1099925500150,782888,122328,21040,live
1099925500163,782888,122341,21041,live
1099925500168,782888,122346,21042,live
1099925500178,782888,122356,21043,live
1099925500181,782888,122359,21044,live
1099925500192,782888,122370,21045,live
1099925500243,782888,122414,21046,live
1099925500247,782888,122418,21047,live
1099925500248,782888,122419,21048,live
1099925500252,782888,122423,21049,live
1099925500255,782888,122426,21050,live
1099925500256,782888,122427,21051,live
1099925500263,782888,122428,21052,live
1099925500264,782888,122429,21053,live
1099925500265,782888,122430,21054,live
1099925500266,782888,122431,21055,live
1099925500268,782888,122433,21056,live
1099925500271,782888,122436,21057,live
1099925500277,782888,122442,21058,live
1099925500280,782888,122445,21059,live
1099925500281,782888,122446,21060,live
1099925500282,782888,122447,21061,live
1099925500283,782888,122448,21062,live
1099925500284,782888,122449,21063,live
1099925500285,782888,122450,21064,live
1099925500286,782888,122451,21065,live
1099925500287,782888,122452,21066,live
1099925500288,782888,122453,21067,live
1099925500289,782888,122454,21068,live
1099925500290,782888,122455,21069,live
1099925500291,782888,122456,21070,live
1099925500292,782888,122457,21071,live
1099925500293,782888,122458,21072,live
1099925500294,782888,122459,21073,live
1099925500295,782888,122460,21074,live
1099925500296,782888,122461,21075,live
1099925500299,782888,122464,21076,live
1099925500303,782888,122468,21077,live
1099925500304,782888,122469,21078,live
1099925500305,782888,122470,21079,live
1099925500306,782888,122471,21080,live
1099925500307,782888,122472,21081,live
1099925500308,782888,122473,21082,live
1099925500309,782888,122474,21083,live
1099925500310,782888,122475,21084,live
1099925500311,782888,122476,21085,live
1099925500312,782888,122477,21086,live
1099926369911,782888,122528,21087,live
1099926369912,782888,122529,21088,live
1099926369913,782888,122530,21089,live
1099926369914,782888,122531,21090,live
1099926369915,782888,122532,21091,live
1099926369916,782888,122533,21092,live
1099926369917,782888,122534,21093,live
1099926369918,782888,122535,21094,live
1099926369919,782888,122536,21095,live
1099926369920,782888,122537,21096,live
1099926369922,782888,122539,21097,live
1099926369931,782888,122548,21098,live
1099926369935,782888,122552,21099,live
1099926369942,782888,122559,21100,live
1099926369944,782888,122561,21101,live
1099926369955,782888,122572,21102,live
1099926370333,782888,122578,21103,live
1099926370334,782888,122579,21104,live
1099926370335,782888,122580,21105,live
1099926370336,782888,122581,21106,live
1099926370337,782888,122582,21107,live
1099926370338,782888,122583,21108,live
1099926370339,782888,122584,21109,live
1099926370340,782888,122585,21110,live
1099926370341,782888,122586,21111,live
1099926370342,782888,122587,21112,live
1099926370343,782888,122588,21113,live
1099926370344,782888,122589,21114,live
1099926370345,782888,122590,21115,live
1099926370346,782888,122591,21116,live
1099926370347,782888,122592,21117,live
1099926370348,782888,122593,21118,live
1099926370349,782888,122594,21119,live
1099926370350,782888,122595,21120,live
1099926370351,782888,122596,21121,live
1099926370352,782888,122597,21122,live
1099926370353,782888,122598,21123,live
1099926370354,782888,122599,21124,live
1099926370355,782888,122600,21125,live
1099926370356,782888,122601,21126,live
1099926370357,782888,122602,21127,live
1099926370358,782888,122603,21128,live
1099926370359,782888,122604,21129,live
1099926370360,782888,122605,21130,live
1099926370361,782888,122606,21131,live
1099926370362,782888,122607,21132,live
1099926370363,782888,122608,21133,live
1099926370364,782888,122609,21134,live
1099926370365,782888,122610,21135,live
1099926370366,782888,122611,21136,live
1099926370367,782888,122612,21137,live
1099926370368,782888,122613,21138,live
1099926370369,782888,122614,21139,live
1099926370370,782888,122615,21140,live
1099926370371,782888,122616,21141,live
1099926370372,782888,122617,21142,live
1099926370373,782888,122618,21143,live
1099926370374,782888,122619,21144,live
1099926370375,782888,122620,21145,live
1099926370376,782888,122621,21146,live
1099926370377,782888,122622,21147,live
1099926370378,782888,122623,21148,live
1099926370379,782888,122624,21149,live
1099926370380,782888,122625,21150,live
1099926370381,782888,122626,21151,live
1099926370382,782888,122627,21152,live
1099927688651,782888,122628,21153,live
1099927688652,782888,122629,21154,live
1099927688653,782888,122630,21155,live
1099927688654,782888,122631,21156,live
1099927688655,782888,122632,21157,live
1099927688656,782888,122633,21158,live
1099927688657,782888,122634,21159,live
1099927688658,782888,122635,21160,live
1099927688659,782888,122636,21161,live
1099927688660,782888,122637,21162,live
1099927688661,782888,122638,21163,live
1099927688662,782888,122639,21164,live
1099927688663,782888,122640,21165,live
1099927688664,782888,122641,21166,live
1099927688665,782888,122642,21167,live
1099927801099,782888,122643,21168,live
1099927801100,782888,122644,21169,live
1099927801101,782888,122645,21170,live
1099927801102,782888,122646,21171,live
1099927801103,782888,122647,21172,live
1099927801104,782888,122648,21173,live
1099927801105,782888,122649,21174,live
1099927801106,782888,122650,21175,live
1099927801107,782888,122651,21176,live
1099927801108,782888,122652,21177,live
1099927801109,782888,122653,21178,live
1099927801110,782888,122654,21179,live
1099927801111,782888,122655,21180,live
1099927801112,782888,122656,21181,live
1099927801113,782888,122657,21182,live
1099927801114,782888,122658,21183,live
1099927801115,782888,122659,21184,live
1099927801116,782888,122660,21185,live
1099927801117,782888,122661,21186,live
1099927801118,782888,122662,21187,live
1099927801119,782888,122663,21188,live
1099927801120,782888,122664,21189,live
1099927801121,782888,122665,21190,live
1099927801122,782888,122666,21191,live
1099927801123,782888,122667,21192,live
1099927801124,782888,122668,21193,live
1099927801125,782888,122669,21194,live
1099927801126,782888,122670,21195,live
1099927801127,782888,122671,21196,live
1099927801128,782888,122672,21197,live
1099927801129,782888,122673,21198,live
1099927801130,782888,122674,21199,live
1099927801131,782888,122675,21200,live
1099927801132,782888,122676,21201,live
1099927801133,782888,122677,21202,live
1099927801134,782888,122678,21203,live
1099927801135,782888,122679,21204,live
1099927801136,782888,122680,21205,live
1099927801137,782888,122681,21206,live
1099927801138,782888,122682,21207,live
1099927801139,782888,122683,21208,live
1099927801140,782888,122684,21209,live
1099927801141,782888,122685,21210,live
1099927801142,782888,122686,21211,live
1099927801143,782888,122687,21212,live
1099927801144,782888,122688,21213,live
1099927801145,782888,122689,21214,live
1099927801146,782888,122690,21215,live
1099927801147,782888,122691,21216,live
1099927801148,782888,122692,21217,live
1099927896725,782888,122693,21218,live
1099927896726,782888,122694,21219,live
1099927896727,782888,122695,21220,live
1099927896728,782888,122696,21221,live
1099927896729,782888,122697,21222,live
1099927896730,782888,122698,21223,live
1099927896731,782888,122699,21224,live
1099927896732,782888,122700,21225,live
1099927896733,782888,122701,21226,live
1099927896734,782888,122702,21227,live
1099927896735,782888,122703,21228,live
1099927896736,782888,122704,21229,live
1099927896737,782888,122705,21230,live
1099927896738,782888,122706,21231,live
1099927896739,782888,122707,21232,live
1099927896740,782888,122708,21233,live
1099927896741,782888,122709,21234,live
1099927896742,782888,122710,21235,live
1099927896743,782888,122711,21236,live
1099927896744,782888,122712,21237,live
1099927896745,782888,122713,21238,live
1099927896746,782888,122714,21239,live
1099927896747,782888,122715,21240,live
1099927896748,782888,122716,21241,live
1099927896749,782888,122717,21242,live
1099927896750,782888,122718,21243,live
1099927896751,782888,122719,21244,live
1099927896752,782888,122720,21245,live
1099927896753,782888,122721,21246,live
1099927896754,782888,122722,21247,live
1099927896755,782888,122723,21248,live
1099927896756,782888,122724,21249,live
1099927896757,782888,122725,21250,live
1099927896758,782888,122726,21251,live
1099927896759,782888,122727,21252,live
1099927896760,782888,122728,21253,live
1099927896761,782888,122729,21254,live
1099927896762,782888,122730,21255,live
1099927896763,782888,122731,21256,live
1099927896764,782888,122732,21257,live
1099927896765,782888,122733,21258,live
1099927896766,782888,122734,21259,live
1099927896767,782888,122735,21260,live
1099927896768,782888,122736,21261,live
1099927896769,782888,122737,21262,live
1099927896770,782888,122738,21263,live
1099927896771,782888,122739,21264,live
1099927896772,782888,122740,21265,live
1099927896773,782888,122741,21266,live
1099927896774,782888,122742,21267,live
1099928119632,782888,122743,21268,live
1099928119633,782888,122744,21269,live
1099928119634,782888,122745,21270,live
1099928119635,782888,122746,21271,live
1099928119636,782888,122747,21272,live
1099928119637,782888,122748,21273,live
1099928119638,782888,122749,21274,live
1099928119639,782888,122750,21275,live
1099928119640,782888,122751,21276,live
1099928119641,782888,122752,21277,live
1099928119642,782888,122753,21278,live
1099928119643,782888,122754,21279,live
1099928119644,782888,122755,21280,live
1099928119645,782888,122756,21281,live
1099928119646,782888,122757,21282,live
1099928119647,782888,122758,21283,live
1099928119648,782888,122759,21284,live
1099928119649,782888,122760,21285,live
1099928119650,782888,122761,21286,live
1099928119651,782888,122762,21287,live
1099928119652,782888,122763,21288,live
1099928119653,782888,122764,21289,live
1099928119654,782888,122765,21290,live
1099928119655,782888,122766,21291,live
1099928119656,782888,122767,21292,live
1099928119657,782888,122768,21293,live
1099928119658,782888,122769,21294,live
1099928119659,782888,122770,21295,live
1099928119660,782888,122771,21296,live
1099928119661,782888,122772,21297,live
1099928119662,782888,122773,21298,live
1099928119663,782888,122774,21299,live
1099928119664,782888,122775,21300,live
1099928119665,782888,122776,21301,live
1099928119666,782888,122777,21302,live
1099928119667,782888,122778,21303,live
1099928119668,782888,122779,21304,live
1099928119669,782888,122780,21305,live
1099928119670,782888,122781,21306,live
1099928119671,782888,122782,21307,live
1099928119672,782888,122783,21308,live
1099928119673,782888,122784,21309,live
1099928119674,782888,122785,21310,live
1099928119675,782888,122786,21311,live
1099928119676,782888,122787,21312,live
1099928119677,782888,122788,21313,live
1099928119678,782888,122789,21314,live
1099928119679,782888,122790,21315,live
1099928119680,782888,122791,21316,live
1099928119681,782888,122792,21317,live
1099928119682,782888,122793,21318,live
1099928119683,782888,122794,21319,live
1099928119684,782888,122795,21320,live
1099928119685,782888,122796,21321,live
1099928119686,782888,122797,21322,live
1099928119687,782888,122798,21323,live
1099928119688,782888,122799,21324,live
1099928119689,782888,122800,21325,live
1099928119690,782888,122801,21326,live
1099928119691,782888,122802,21327,live
1099928119692,782888,122803,21328,live
1099928119693,782888,122804,21329,live
1099928119694,782888,122805,21330,live
1099928119695,782888,122806,21331,live
1099928119696,782888,122807,21332,live
1099928119697,782888,122808,21333,live
1099928119698,782888,122809,21334,live
1099928119699,782888,122810,21335,live
1099928119700,782888,122811,21336,live
1099928119701,782888,122812,21337,live
1099928119702,782888,122813,21338,live
1099928119703,782888,122814,21339,live
1099928119704,782888,122815,21340,live
1099928119705,782888,122816,21341,live
1099928119706,782888,122817,21342,live
1099928119707,782888,122818,21343,live
1099928119708,782888,122819,21344,live
1099928119709,782888,122820,21345,live
1099928119710,782888,122821,21346,live
1099928119711,782888,122822,21347,live
1099928119712,782888,122823,21348,live
1099928119713,782888,122824,21349,live
1099928119714,782888,122825,21350,live
1099928119715,782888,122826,21351,live
1099928119716,782888,122827,21352,live
1099928119717,782888,122828,21353,live
1099928119718,782888,122829,21354,live
1099928119719,782888,122830,21355,live
1099928119720,782888,122831,21356,live
1099928119721,782888,122832,21357,live
1099928119722,782888,122833,21358,live
1099928119723,782888,122834,21359,live
1099928119724,782888,122835,21360,live
1099928119725,782888,122836,21361,live
1099928119726,782888,122837,21362,live
1099928119727,782888,122838,21363,live
1099928119728,782888,122839,21364,live
1099928119729,782888,122840,21365,live
1099928119730,782888,122841,21366,live
1099928119731,782888,122842,21367,live
1099928119732,782888,122843,21368,live
1099928119733,782888,122844,21369,live
1099928119734,782888,122845,21370,live
1099928119735,782888,122846,21371,live
1099928119736,782888,122847,21372,live
1099928119737,782888,122848,21373,live
1099928119738,782888,122849,21374,live
1099928119739,782888,122850,21375,live
1099928119740,782888,122851,21376,live
1099928119741,782888,122852,21377,live
1099928119742,782888,122853,21378,live
1099928119743,782888,122854,21379,live
1099928119744,782888,122855,21380,live
1099928119745,782888,122856,21381,live
1099928119746,782888,122857,21382,live
1099928119747,782888,122858,21383,live
1099928119748,782888,122859,21384,live
1099928119749,782888,122860,21385,live
1099928119750,782888,122861,21386,live
1099928119751,782888,122862,21387,live
1099928119752,782888,122863,21388,live
1099928119753,782888,122864,21389,live
1099928119754,782888,122865,21390,live
1099928119755,782888,122866,21391,live
1099928119756,782888,122867,21392,live
1099928119757,782888,122868,21393,live
1099928119758,782888,122869,21394,live
1099928119759,782888,122870,21395,live
1099928119760,782888,122871,21396,live
1099928119761,782888,122872,21397,live
1099928119762,782888,122873,21398,live
1099928119763,782888,122874,21399,live
1099928119764,782888,122875,21400,live
1099928119765,782888,122876,21401,live
1099928119766,782888,122877,21402,live
1099928119767,782888,122878,21403,live
1099928119768,782888,122879,21404,live
1099928119769,782888,122880,21405,live
1099928119770,782888,122881,21406,live
1099928119771,782888,122882,21407,live
1099928119772,782888,122883,21408,live
1099928119773,782888,122884,21409,live
1099928119774,782888,122885,21410,live
1099928119775,782888,122886,21411,live
1099928119776,782888,122887,21412,live
1099928119777,782888,122888,21413,live
1099928119778,782888,122889,21414,live
1099928119779,782888,122890,21415,live
1099928119780,782888,122891,21416,live
1099928119781,782888,122892,21417,live
1099928119782,782888,122893,21418,live
1099928119783,782888,122894,21419,live
1099928119784,782888,122895,21420,live
1099928119785,782888,122896,21421,live
1099928119786,782888,122897,21422,live
1099928119787,782888,122898,21423,live
1099928119788,782888,122899,21424,live
1099928119789,782888,122900,21425,live
1099928119790,782888,122901,21426,live
1099928119791,782888,122902,21427,live
1099928119792,782888,122903,21428,live
1099928119793,782888,122904,21429,live
1099928119794,782888,122905,21430,live
1099928119795,782888,122906,21431,live
1099928119796,782888,122907,21432,live
1099928119797,782888,122908,21433,live
1099928119798,782888,122909,21434,live
1099928119799,782888,122910,21435,live
1099928119800,782888,122911,21436,live
1099928119801,782888,122912,21437,live
1099928119802,782888,122913,21438,live
1099928119803,782888,122914,21439,live
1099928119804,782888,122915,21440,live
1099928119805,782888,122916,21441,live
1099928119806,782888,122917,21442,live
1099928119807,782888,122918,21443,live
1099928119808,782888,122919,21444,live
1099928119809,782888,122920,21445,live
1099928119810,782888,122921,21446,live
1099928119811,782888,122922,21447,live
1099928119812,782888,122923,21448,live
1099928119813,782888,122924,21449,live
1099928119814,782888,122925,21450,live
1099928119815,782888,122926,21451,live
1099928119816,782888,122927,21452,live
1099928119817,782888,122928,21453,live
1099928119818,782888,122929,21454,live
1099928119819,782888,122930,21455,live
1099928119820,782888,122931,21456,live
1099928119821,782888,122932,21457,live
1099928119822,782888,122933,21458,live
1099928119823,782888,122934,21459,live
1099928119824,782888,122935,21460,live
1099928119825,782888,122936,21461,live
1099928119826,782888,122937,21462,live
1099928119827,782888,122938,21463,live
1099928119828,782888,122939,21464,live
1099928119829,782888,122940,21465,live
1099928119830,782888,122941,21466,live
1099928119831,782888,122942,21467,live
1099928119893,782888,122943,21468,live
1099928119894,782888,122944,21469,live
1099928119895,782888,122945,21470,live
1099928119896,782888,122946,21471,live
1099928119897,782888,122947,21472,live
1099928119898,782888,122948,21473,live
1099928119899,782888,122949,21474,live
1099928119900,782888,122950,21475,live
1099928119901,782888,122951,21476,live
1099928119902,782888,122952,21477,live
1099928119903,782888,122953,21478,live
1099928119904,782888,122954,21479,live
1099928119905,782888,122955,21480,live
1099928119906,782888,122956,21481,live
1099928119907,782888,122957,21482,live
1099928119908,782888,122958,21483,live
1099928119909,782888,122959,21484,live
1099928119910,782888,122960,21485,live
1099928119911,782888,122961,21486,live
1099928119912,782888,122962,21487,live
1099928119913,782888,122963,21488,live
1099928119914,782888,122964,21489,live
1099928119915,782888,122965,21490,live
1099928119916,782888,122966,21491,live
1099928119917,782888,122967,21492,live
1099928119918,782888,122968,21493,live
1099928119919,782888,122969,21494,live
1099928119920,782888,122970,21495,live
1099928119921,782888,122971,21496,live
1099928119922,782888,122972,21497,live
1099928119923,782888,122973,21498,live
1099928119924,782888,122974,21499,live
1099928119925,782888,122975,21500,live
1099928119926,782888,122976,21501,live
1099928119927,782888,122977,21502,live
1099928119928,782888,122978,21503,live
1099928119929,782888,122979,21504,live
1099928119930,782888,122980,21505,live
1099928119931,782888,122981,21506,live
1099928119932,782888,122982,21507,live
1099928119933,782888,122983,21508,live
1099928119934,782888,122984,21509,live
1099928119935,782888,122985,21510,live
1099928119936,782888,122986,21511,live
1099928119937,782888,122987,21512,live
1099928119938,782888,122988,21513,live
1099928119939,782888,122989,21514,live
1099928119940,782888,122990,21515,live
1099928119941,782888,122991,21516,live
1099928119942,782888,122992,21517,live
1099928119943,782888,122993,21518,live
1099928119944,782888,122994,21519,live
1099928119945,782888,122995,21520,live
1099928119946,782888,122996,21521,live
1099928119947,782888,122997,21522,live
1099928119948,782888,122998,21523,live
1099928119949,782888,122999,21524,live
1099928119950,782888,123000,21525,live
1099928119951,782888,123001,21526,live
1099928119952,782888,123002,21527,live
1099928119953,782888,123003,21528,live
1099928119954,782888,123004,21529,live
1099928119955,782888,123005,21530,live
1099928119956,782888,123006,21531,live
1099928119957,782888,123007,21532,live
1099928119958,782888,123008,21533,live
1099928119959,782888,123009,21534,live
1099928119960,782888,123010,21535,live
1099928119961,782888,123011,21536,live
1099928119962,782888,123012,21537,live
1099928119963,782888,123013,21538,live
1099928119964,782888,123014,21539,live
1099928119965,782888,123015,21540,live
1099928119966,782888,123016,21541,live
1099928119967,782888,123017,21542,live
1099928119968,782888,123018,21543,live
1099928119969,782888,123019,21544,live
1099928119970,782888,123020,21545,live
1099928119971,782888,123021,21546,live
1099928119972,782888,123022,21547,live
1099928119973,782888,123023,21548,live
1099928119974,782888,123024,21549,live
1099928119975,782888,123025,21550,live
1099928119976,782888,123026,21551,live
1099928119977,782888,123027,21552,live
1099928119978,782888,123028,21553,live
1099928119979,782888,123029,21554,live
1099928119980,782888,123030,21555,live
1099928119981,782888,123031,21556,live
1099928119982,782888,123032,21557,live
1099928119983,782888,123033,21558,live
1099928119984,782888,123034,21559,live
1099928119985,782888,123035,21560,live
1099928119986,782888,123036,21561,live
1099928119987,782888,123037,21562,live
1099928119988,782888,123038,21563,live
1099928119989,782888,123039,21564,live
1099928119990,782888,123040,21565,live
1099928119991,782888,123041,21566,live
1099928119992,782888,123042,21567,live
1099928119993,782888,123043,21568,live
1099928119994,782888,123044,21569,live
1099928119995,782888,123045,21570,live
1099928119996,782888,123046,21571,live
1099928119997,782888,123047,21572,live
1099928119998,782888,123048,21573,live
1099928119999,782888,123049,21574,live
1099928120000,782888,123050,21575,live
1099928120001,782888,123051,21576,live
1099928120002,782888,123052,21577,live
1099928120003,782888,123053,21578,live
1099928120004,782888,123054,21579,live
1099928120005,782888,123055,21580,live
1099928120006,782888,123056,21581,live
1099928120007,782888,123057,21582,live
1099928120008,782888,123058,21583,live
1099928120009,782888,123059,21584,live
1099928120010,782888,123060,21585,live
1099928120011,782888,123061,21586,live
1099928120012,782888,123062,21587,live
1099928120013,782888,123063,21588,live
1099928120014,782888,123064,21589,live
1099928120015,782888,123065,21590,live
1099928120016,782888,123066,21591,live
1099928120017,782888,123067,21592,live
1099928120018,782888,123068,21593,live
1099928120019,782888,123069,21594,live
1099928120020,782888,123070,21595,live
1099928120021,782888,123071,21596,live
1099928120022,782888,123072,21597,live
1099928120023,782888,123073,21598,live
1099928120024,782888,123074,21599,live
1099928120025,782888,123075,21600,live
1099928120026,782888,123076,21601,live
1099928120027,782888,123077,21602,live
1099928120028,782888,123078,21603,live
1099928120029,782888,123079,21604,live
1099928120030,782888,123080,21605,live
1099928120031,782888,123081,21606,live
1099928120032,782888,123082,21607,live
1099928120033,782888,123083,21608,live
1099928120034,782888,123084,21609,live
1099928120035,782888,123085,21610,live
1099928120036,782888,123086,21611,live
1099928120037,782888,123087,21612,live
1099928120038,782888,123088,21613,live
1099928120039,782888,123089,21614,live
1099928120040,782888,123090,21615,live
1099928120041,782888,123091,21616,live
1099928120042,782888,123092,21617,live
1099928120043,782888,123093,21618,live
1099928120044,782888,123094,21619,live
1099928120045,782888,123095,21620,live
1099928120046,782888,123096,21621,live
1099928120047,782888,123097,21622,live
1099928120048,782888,123098,21623,live
1099928120049,782888,123099,21624,live
1099928120050,782888,123100,21625,live
1099928120051,782888,123101,21626,live
1099928120052,782888,123102,21627,live
1099928120053,782888,123103,21628,live
1099928120054,782888,123104,21629,live
1099928120055,782888,123105,21630,live
1099928120056,782888,123106,21631,live
1099928120057,782888,123107,21632,live
1099928120058,782888,123108,21633,live
1099928120059,782888,123109,21634,live
1099928120060,782888,123110,21635,live
1099928120061,782888,123111,21636,live
1099928120062,782888,123112,21637,live
1099928120063,782888,123113,21638,live
1099928120064,782888,123114,21639,live
1099928120065,782888,123115,21640,live
1099928120066,782888,123116,21641,live
1099928120067,782888,123117,21642,live
1099928120068,782888,123118,21643,live
1099928120069,782888,123119,21644,live
1099928120070,782888,123120,21645,live
1099928120071,782888,123121,21646,live
1099928120072,782888,123122,21647,live
1099928120073,782888,123123,21648,live
1099928120074,782888,123124,21649,live
1099928120075,782888,123125,21650,live
1099928120076,782888,123126,21651,live
1099928120077,782888,123127,21652,live
1099928120078,782888,123128,21653,live
1099928120079,782888,123129,21654,live
1099928120080,782888,123130,21655,live
1099928120081,782888,123131,21656,live
1099928120082,782888,123132,21657,live
1099928120083,782888,123133,21658,live
1099928120084,782888,123134,21659,live
1099928120085,782888,123135,21660,live
1099928120086,782888,123136,21661,live
1099928120087,782888,123137,21662,live
1099928120088,782888,123138,21663,live
1099928120089,782888,123139,21664,live
1099928120090,782888,123140,21665,live
1099928120091,782888,123141,21666,live
1099928120092,782888,123142,21667,live
1099928120103,782888,123143,21668,live
1099928120104,782888,123144,21669,live
1099928120105,782888,123145,21670,live
1099928120106,782888,123146,21671,live
1099928120107,782888,123147,21672,live
1099928120108,782888,123148,21673,live
1099928120109,782888,123149,21674,live
1099928120110,782888,123150,21675,live
1099928120111,782888,123151,21676,live
1099928120112,782888,123152,21677,live
1099928120113,782888,123153,21678,live
1099928120114,782888,123154,21679,live
1099928120115,782888,123155,21680,live
1099928120116,782888,123156,21681,live
1099928120117,782888,123157,21682,live
1099928120118,782888,123158,21683,live
1099928120119,782888,123159,21684,live
1099928120120,782888,123160,21685,live
1099928120121,782888,123161,21686,live
1099928120122,782888,123162,21687,live
1099928120123,782888,123163,21688,live
1099928120124,782888,123164,21689,live
1099928120125,782888,123165,21690,live
1099928120126,782888,123166,21691,live
1099928120127,782888,123167,21692,live
1099928120128,782888,123168,21693,live
1099928120129,782888,123169,21694,live
1099928120130,782888,123170,21695,live
1099928120131,782888,123171,21696,live
1099928120132,782888,123172,21697,live
1099928120133,782888,123173,21698,live
1099928120134,782888,123174,21699,live
1099928120135,782888,123175,21700,live
1099928120136,782888,123176,21701,live
1099928120137,782888,123177,21702,live
1099928120138,782888,123178,21703,live
1099928120139,782888,123179,21704,live
1099928120140,782888,123180,21705,live
1099928120141,782888,123181,21706,live
1099928120142,782888,123182,21707,live
1099928120143,782888,123183,21708,live
1099928120144,782888,123184,21709,live
1099928120145,782888,123185,21710,live
1099928120146,782888,123186,21711,live
1099928120147,782888,123187,21712,live
1099928120148,782888,123188,21713,live
1099928120149,782888,123189,21714,live
1099928120150,782888,123190,21715,live
1099928120151,782888,123191,21716,live
1099928120152,782888,123192,21717,live
1099928120153,782888,123193,21718,live
1099928120154,782888,123194,21719,live
1099928120155,782888,123195,21720,live
1099928120156,782888,123196,21721,live
1099928120157,782888,123197,21722,live
1099928120158,782888,123198,21723,live
1099928120159,782888,123199,21724,live
1099928120160,782888,123200,21725,live
1099928120161,782888,123201,21726,live
1099928120162,782888,123202,21727,live
1099928120163,782888,123203,21728,live
1099928120164,782888,123204,21729,live
1099928120165,782888,123205,21730,live
1099928120166,782888,123206,21731,live
1099928120167,782888,123207,21732,live
1099928120168,782888,123208,21733,live
1099928120169,782888,123209,21734,live
1099928120170,782888,123210,21735,live
1099928120171,782888,123211,21736,live
1099928120172,782888,123212,21737,live
1099928120173,782888,123213,21738,live
1099928120174,782888,123214,21739,live
1099928120175,782888,123215,21740,live
1099928120176,782888,123216,21741,live
1099928120177,782888,123217,21742,live
1099928120178,782888,123218,21743,live
1099928120179,782888,123219,21744,live
1099928120180,782888,123220,21745,live
1099928120181,782888,123221,21746,live
1099928120182,782888,123222,21747,live
1099928120183,782888,123223,21748,live
1099928120184,782888,123224,21749,live
1099928120185,782888,123225,21750,live
1099928120186,782888,123226,21751,live
1099928120187,782888,123227,21752,live
1099928120188,782888,123228,21753,live
1099928120189,782888,123229,21754,live
1099928120190,782888,123230,21755,live
1099928120191,782888,123231,21756,live
1099928120192,782888,123232,21757,live
1099928120193,782888,123233,21758,live
1099928120194,782888,123234,21759,live
1099928120195,782888,123235,21760,live
1099928120196,782888,123236,21761,live
1099928120197,782888,123237,21762,live
1099928120198,782888,123238,21763,live
1099928120199,782888,123239,21764,live
1099928120200,782888,123240,21765,live
1099928120201,782888,123241,21766,live
1099928120202,782888,123242,21767,live
1099928120203,782888,123243,21768,live
1099928120204,782888,123244,21769,live
1099928120205,782888,123245,21770,live
1099928120206,782888,123246,21771,live
1099928120207,782888,123247,21772,live
1099928120208,782888,123248,21773,live
1099928120209,782888,123249,21774,live
1099928120210,782888,123250,21775,live
1099928120211,782888,123251,21776,live
1099928120212,782888,123252,21777,live
1099928120213,782888,123253,21778,live
1099928120214,782888,123254,21779,live
1099928120215,782888,123255,21780,live
1099928120216,782888,123256,21781,live
1099928120217,782888,123257,21782,live
1099928120218,782888,123258,21783,live
1099928120219,782888,123259,21784,live
1099928120220,782888,123260,21785,live
1099928120221,782888,123261,21786,live
1099928120222,782888,123262,21787,live
1099928120223,782888,123263,21788,live
1099928120224,782888,123264,21789,live
1099928120225,782888,123265,21790,live
1099928120226,782888,123266,21791,live
1099928120227,782888,123267,21792,live
1099928120228,782888,123268,21793,live
1099928120229,782888,123269,21794,live
1099928120230,782888,123270,21795,live
1099928120231,782888,123271,21796,live
1099928120232,782888,123272,21797,live
1099928120233,782888,123273,21798,live
1099928120234,782888,123274,21799,live
1099928120235,782888,123275,21800,live
1099928120236,782888,123276,21801,live
1099928120237,782888,123277,21802,live
1099928120238,782888,123278,21803,live
1099928120239,782888,123279,21804,live
1099928120240,782888,123280,21805,live
1099928120241,782888,123281,21806,live
1099928120242,782888,123282,21807,live
1099928120243,782888,123283,21808,live
1099928120244,782888,123284,21809,live
1099928120245,782888,123285,21810,live
1099928120246,782888,123286,21811,live
1099928120247,782888,123287,21812,live
1099928120248,782888,123288,21813,live
1099928120249,782888,123289,21814,live
1099928120250,782888,123290,21815,live
1099928120251,782888,123291,21816,live
1099928120252,782888,123292,21817,live
1099928120253,782888,123293,21818,live
1099928120254,782888,123294,21819,live
1099928120255,782888,123295,21820,live
1099928120256,782888,123296,21821,live
1099928120257,782888,123297,21822,live
1099928120258,782888,123298,21823,live
1099928120259,782888,123299,21824,live
1099928120260,782888,123300,21825,live
1099928120261,782888,123301,21826,live
1099928120262,782888,123302,21827,live
1099928120263,782888,123303,21828,live
1099928120264,782888,123304,21829,live
1099928120265,782888,123305,21830,live
1099928120266,782888,123306,21831,live
1099928120267,782888,123307,21832,live
1099928120268,782888,123308,21833,live
1099928120269,782888,123309,21834,live
1099928120270,782888,123310,21835,live
1099928120271,782888,123311,21836,live
1099928120272,782888,123312,21837,live
1099928120273,782888,123313,21838,live
1099928120274,782888,123314,21839,live
1099928120275,782888,123315,21840,live
1099928120276,782888,123316,21841,live
1099928120277,782888,123317,21842,live
1099928120278,782888,123318,21843,live
1099928120279,782888,123319,21844,live
1099928120280,782888,123320,21845,live
1099928120281,782888,123321,21846,live
1099928120282,782888,123322,21847,live
1099928120283,782888,123323,21848,live
1099928120284,782888,123324,21849,live
1099928120285,782888,123325,21850,live
1099928120286,782888,123326,21851,live
1099928120287,782888,123327,21852,live
1099928120288,782888,123328,21853,live
1099928120289,782888,123329,21854,live
1099928120290,782888,123330,21855,live
1099928120291,782888,123331,21856,live
1099928120292,782888,123332,21857,live
1099928120293,782888,123333,21858,live
1099928120294,782888,123334,21859,live
1099928120295,782888,123335,21860,live
1099928120296,782888,123336,21861,live
1099928120297,782888,123337,21862,live
1099928120298,782888,123338,21863,live
1099928120299,782888,123339,21864,live
1099928120300,782888,123340,21865,live
1099928120301,782888,123341,21866,live
1099928120302,782888,123342,21867,live
1099928120309,782888,123343,21868,live
1099928120310,782888,123344,21869,live
1099928120311,782888,123345,21870,live
1099928120312,782888,123346,21871,live
1099928120313,782888,123347,21872,live
1099928120314,782888,123348,21873,live
1099928120315,782888,123349,21874,live
1099928120316,782888,123350,21875,live
1099928120317,782888,123351,21876,live
1099928120318,782888,123352,21877,live
1099928120319,782888,123353,21878,live
1099928120320,782888,123354,21879,live
1099928120321,782888,123355,21880,live
1099928120322,782888,123356,21881,live
1099928120323,782888,123357,21882,live
1099928120324,782888,123358,21883,live
1099928120325,782888,123359,21884,live
1099928120326,782888,123360,21885,live
1099928120327,782888,123361,21886,live
1099928120328,782888,123362,21887,live
1099928120329,782888,123363,21888,live
1099928120330,782888,123364,21889,live
1099928120331,782888,123365,21890,live
1099928120332,782888,123366,21891,live
1099928120333,782888,123367,21892,live
1099928120334,782888,123368,21893,live
1099928120335,782888,123369,21894,live
1099928120336,782888,123370,21895,live
1099928120337,782888,123371,21896,live
1099928120338,782888,123372,21897,live
1099928120339,782888,123373,21898,live
1099928120340,782888,123374,21899,live
1099928120341,782888,123375,21900,live
1099928120342,782888,123376,21901,live
1099928120343,782888,123377,21902,live
1099928120344,782888,123378,21903,live
1099928120345,782888,123379,21904,live
1099928120346,782888,123380,21905,live
1099928120347,782888,123381,21906,live
1099928120348,782888,123382,21907,live
1099928120349,782888,123383,21908,live
1099928120350,782888,123384,21909,live
1099928120351,782888,123385,21910,live
1099928120352,782888,123386,21911,live
1099928120353,782888,123387,21912,live
1099928120354,782888,123388,21913,live
1099928120355,782888,123389,21914,live
1099928120356,782888,123390,21915,live
1099928120357,782888,123391,21916,live
1099928120358,782888,123392,21917,live
1099928120359,782888,123393,21918,live
1099928120360,782888,123394,21919,live
1099928120361,782888,123395,21920,live
1099928120362,782888,123396,21921,live
1099928120363,782888,123397,21922,live
1099928120364,782888,123398,21923,live
1099928120365,782888,123399,21924,live
1099928120366,782888,123400,21925,live
1099928120367,782888,123401,21926,live
1099928120368,782888,123402,21927,live
1099928120369,782888,123403,21928,live
1099928120370,782888,123404,21929,live
1099928120371,782888,123405,21930,live
1099928120372,782888,123406,21931,live
1099928120373,782888,123407,21932,live
1099928120374,782888,123408,21933,live
1099928120375,782888,123409,21934,live
1099928120376,782888,123410,21935,live
1099928120377,782888,123411,21936,live
1099928120378,782888,123412,21937,live
1099928120379,782888,123413,21938,live
1099928120380,782888,123414,21939,live
1099928120381,782888,123415,21940,live
1099928120382,782888,123416,21941,live
1099928120383,782888,123417,21942,live
1099928120384,782888,123418,21943,live
1099928120385,782888,123419,21944,live
1099928120386,782888,123420,21945,live
1099928120387,782888,123421,21946,live
1099928120388,782888,123422,21947,live
1099928120389,782888,123423,21948,live
1099928120390,782888,123424,21949,live
1099928120391,782888,123425,21950,live
1099928120392,782888,123426,21951,live
1099928120393,782888,123427,21952,live
1099928120394,782888,123428,21953,live
1099928120395,782888,123429,21954,live
1099928120396,782888,123430,21955,live
1099928120397,782888,123431,21956,live
1099928120398,782888,123432,21957,live
1099928120399,782888,123433,21958,live
1099928120400,782888,123434,21959,live
1099928120401,782888,123435,21960,live
1099928120402,782888,123436,21961,live
1099928120403,782888,123437,21962,live
1099928120404,782888,123438,21963,live
1099928120405,782888,123439,21964,live
1099928120406,782888,123440,21965,live
1099928120407,782888,123441,21966,live
1099928120408,782888,123442,21967,live
1099928120409,782888,123443,21968,live
1099928120410,782888,123444,21969,live
1099928120411,782888,123445,21970,live
1099928120412,782888,123446,21971,live
1099928120413,782888,123447,21972,live
1099928120414,782888,123448,21973,live
1099928120415,782888,123449,21974,live
1099928120416,782888,123450,21975,live
1099925173023,783235,1,1,live
1099925328732,783235,2,2,live
1099925342578,783235,3,3,live
1099925350169,783235,4,4,live
1099925416261,783235,5,5,live
1099925479443,783235,6,6,live
1099926085599,783235,7,7,live
1099969756078,783235,8,8,live
1099925290051,783245,1,1,live
1099925326595,783245,2,2,live
1099925329674,783245,3,3,live
1099925342665,783245,4,4,live
1099925350222,783245,5,5,live
1099925479407,783245,6,6,live
1099926085540,783245,7,7,live
1099925205618,783247,1,1,live
1099925328884,783247,2,2,live
1099925342681,783247,3,3,live
1099925479400,783247,4,4,live
1099925502173,783247,5,5,live
1099926085516,783247,6,6,live
1099925312567,783250,1,1,live
1099925325044,783250,2,2,live
1099925342703,783250,3,3,live
1099925479398,783250,4,4,live
1099926085398,783250,5,5,live
1099925225307,783252,1,1,live
1099925329418,783252,2,2,live
1099925343319,783252,3,3,live
1099925479387,783252,4,4,live
1099925573115,783252,5,5,live
1099926085384,783252,6,6,live
1099925289241,783253,1,1,live
1099925325335,783253,2,2,live
1099925338528,783253,3,3,live
1099925343285,783253,4,4,live
1099925479384,783253,5,5,live
1099926085324,783253,6,6,live
1099925312509,783255,1,1,live
1099925326690,783255,2,2,live
1099925343239,783255,3,3,live
1099925476588,783255,4,4,live
1099926085296,783255,5,5,live
1099925205532,783258,1,1,live
1099925325053,783258,2,2,live
1099925343396,783258,3,3,live
1099925472340,783258,4,4,live
1099925502158,783258,5,5,live
1099926084310,783258,6,6,live
1099936648421,783258,7,7,live
1099925226065,783260,1,1,live
1099925231727,783260,2,2,live
1099925330543,783260,3,3,live
1099925341570,783260,4,4,live
1099925472331,783260,5,5,live
1099926084259,783260,6,6,live
1099925206158,783263,1,1,live
1099925329306,783263,2,2,live
1099925342362,783263,3,3,live
1099925343199,783263,4,4,live
1099925470008,783263,5,5,live
1099926084252,783263,6,6,live
1099925219251,783269,1,1,live
1099925325112,783269,2,2,live
1099925336106,783269,3,3,live
1099925338417,783269,4,4,live
1099925343152,783269,5,5,live
1099925469251,783269,6,6,live
1099925502296,783269,7,7,live
1099926084236,783269,8,8,live
1099925286313,783282,1,1,live
1099925326919,783282,2,2,live
1099925342956,783282,3,3,live
1099925469225,783282,4,4,live
1099925573083,783282,5,5,live
1099926080371,783282,6,6,live
1099926084229,783282,7,7,live
1099925289391,783291,1,1,live
1099925325038,783291,2,2,live
1099925338544,783291,3,3,live
1099925342862,783291,4,4,live
1099925469187,783291,5,5,live
1099925573080,783291,6,6,live
1099926084206,783291,7,7,live
1099925234495,783295,1,1,live
1099925275369,783295,2,2,live
1099925312367,783295,3,3,live
1099925341455,783295,4,4,live
1099925469181,783295,5,5,live
1099925573074,783295,6,6,live
1099926084185,783295,7,7,live
1099925289099,783296,1,1,live
1099925289224,783296,2,2,live
1099925334436,783296,3,3,live
1099925339247,783296,4,4,live
1099925341481,783296,5,5,live
1099925350383,783296,6,6,live
1099925416252,783296,7,7,live
1099925469152,783296,8,8,live
1099925573073,783296,9,9,live
1099926084181,783296,10,10,live
1099925285630,783298,1,1,live
1099925325033,783298,2,2,live
1099925342911,783298,3,3,live
1099925348940,783298,4,4,live
1099925469122,783298,5,5,live
1099925573069,783298,6,6,live
1099926084169,783298,7,7,live
1099925285728,783300,1,1,live
1099925289447,783300,2,2,live
1099925342882,783300,3,3,live
1099925384957,783300,4,4,live
1099925469088,783300,5,5,live
1099925573055,783300,6,6,live
1099926084145,783300,7,7,live
1099925275216,783301,1,1,live
1099925312161,783301,2,2,live
1099925335964,783301,3,3,live
1099925341417,783301,4,4,live
1099925469082,783301,5,5,live
1099925573053,783301,6,6,live
1099926083991,783301,7,7,live
1099925289214,783306,1,1,live
1099925289875,783306,2,2,live
1099925338530,783306,3,3,live
1099925343139,783306,4,4,live
1099925469055,783306,5,5,live
1099925573052,783306,6,6,live
1099926083976,783306,7,7,live
1099925289186,783307,1,1,live
1099925289202,783307,2,2,live
1099925325725,783307,3,3,live
1099925338425,783307,4,4,live
1099925343107,783307,5,5,live
1099925469046,783307,6,6,live
1099925573040,783307,7,7,live
1099926083955,783307,8,8,live
1099925350239,783371,1,1,live
1099925427769,783371,2,2,live
1099925469041,783371,3,3,live
1099925499348,783371,4,4,live
1099926083950,783371,5,5,live
1099925349905,783372,1,1,live
1099925469018,783372,2,2,live
1099925534600,783372,3,3,live
1099925573013,783372,4,4,live
1099926083945,783372,5,5,live
1099925344558,783373,1,1,live
1099925443395,783373,2,2,live
1099925469008,783373,3,3,live
1099925502198,783373,4,4,live
1099926083941,783373,5,5,live
1099925375399,783374,1,1,live
1099925481475,783374,2,2,live
1099925573006,783374,3,3,live
1099926083930,783374,4,4,live
1099932698524,783374,5,5,live
1099925375440,783375,1,1,live
1099925481501,783375,2,2,live
1099925572956,783375,3,3,live
1099926083915,783375,4,4,live
1099925370887,783376,1,1,live
1099925469003,783376,2,2,live
1099925504794,783376,3,3,live
1099925572919,783376,4,4,live
1099926078322,783376,5,5,live
1099925375478,783377,1,1,live
1099925387772,783377,2,2,live
1099925572912,783377,3,3,live
1099926078310,783377,4,4,live
1099925360375,783378,1,1,live
1099925417352,783378,2,2,live
1099925430613,783378,3,3,live
1099925468986,783378,4,4,live
1099925572896,783378,5,5,live
1099926078290,783378,6,6,live
1099925352397,783379,1,1,live
1099925368347,783379,2,2,live
1099925417445,783379,3,3,live
1099925572890,783379,4,4,live
1099926078254,783379,5,5,live
1099925346106,783380,1,1,live
1099925468975,783380,2,2,live
1099925473840,783380,3,3,live
1099925572883,783380,4,4,live
1099926078195,783380,5,5,live
1099931465060,783380,6,6,live
1099925346615,783384,1,1,live
1099925468968,783384,2,2,live
1099925502155,783384,3,3,live
1099926078162,783384,4,4,live
1099948868274,783384,5,5,live
1099925349161,783385,1,1,live
1099925468958,783385,2,2,live
1099925499345,783385,3,3,live
1099926078156,783385,4,4,live
1099929280586,783385,5,5,live
1099925375683,783389,1,1,live
1099925388818,783389,2,2,live
1099925572856,783389,3,3,live
1099926078152,783389,4,4,live
1099938967036,783389,5,5,live
1099925348999,783392,1,1,live
1099925372403,783392,2,2,live
1099925395440,783392,3,3,live
1099925468946,783392,4,4,live
1099925572787,783392,5,5,live
1099926069079,783392,6,6,live
1099926264767,783392,7,7,live
1099931464952,783392,8,8,live
1099936648468,783392,9,9,live
1099925348972,783394,1,1,live
1099925387216,783394,2,2,live
1099925394781,783394,3,3,live
1099925468906,783394,4,4,live
1099925572778,783394,5,5,live
1099926069062,783394,6,6,live
1099928284020,783395,1,1,live
1099928371675,783395,2,2,live
1099928371774,783395,3,3,live
1099930310842,783395,4,4,live
1099932258764,783395,5,5,live
1099933612100,783395,6,6,live
1099933929715,783395,7,7,live
1099937310335,783395,8,8,live
1099937359752,783395,9,9,live
1099925350058,783398,1,1,live
1099925468903,783398,2,2,live
1099925572770,783398,3,3,live
1099925586123,783398,4,4,live
1099926264806,783398,5,5,live
1099925350002,783399,1,1,live
1099925468892,783399,2,2,live
1099925572769,783399,3,3,live
1099925585698,783399,4,4,live
1099926264851,783399,5,5,live
1099925350715,783401,1,1,live
1099925440233,783401,2,2,live
1099925468868,783401,3,3,live
1099925502331,783401,4,4,live
1099926265054,783401,5,5,live
1099925351453,783403,1,1,live
1099925440167,783403,2,2,live
1099925445090,783403,3,3,live
1099925572750,783403,4,4,live
1099925585943,783403,5,5,live
1099926265186,783403,6,6,live
1099925351581,783404,1,1,live
1099925445080,783404,2,2,live
1099925502151,783404,3,3,live
1099925585834,783404,4,4,live
1099926265299,783404,5,5,live
1099925352394,783405,1,1,live
1099925387107,783405,2,2,live
1099925445073,783405,3,3,live
1099925572666,783405,4,4,live
1099925585643,783405,5,5,live
1099925352326,783406,1,1,live
1099925422299,783406,2,2,live
1099925435827,783406,3,3,live
1099925533962,783406,4,4,live
1099925572632,783406,5,5,live
1099925585636,783406,6,6,live
1099926265413,783406,7,7,live
1099925352358,783407,1,1,live
1099925395493,783407,2,2,live
1099925445039,783407,3,3,live
1099925572630,783407,4,4,live
1099925585619,783407,5,5,live
1099926265449,783407,6,6,live
1099925352745,783408,1,1,live
1099925440255,783408,2,2,live
1099925533948,783408,3,3,live
1099925572626,783408,4,4,live
1099925585440,783408,5,5,live
1099926265599,783408,6,6,live
1099936341245,783408,7,7,live
1099969756806,783408,8,8,live
1099925361540,783410,1,1,live
1099925368439,783410,2,2,live
1099925445029,783410,3,3,live
1099925572613,783410,4,4,live
1099925585423,783410,5,5,live
1099925361289,783411,1,1,live
1099925440375,783411,2,2,live
1099925445023,783411,3,3,live
1099925585394,783411,4,4,live
1099925354959,783412,1,1,live
1099925394915,783412,2,2,live
1099925435988,783412,3,3,live
1099925585381,783412,4,4,live
1099925375009,783413,1,1,live
1099925428902,783413,2,2,live
1099925499686,783413,3,3,live
1099925585301,783413,4,4,live
1099926265660,783413,5,5,live
1099925353855,783414,1,1,live
1099925437113,783414,2,2,live
1099925445007,783414,3,3,live
1099925572609,783414,4,4,live
1099925585186,783414,5,5,live
1099929385984,783414,6,6,live
1099933669228,783414,7,7,live
1099925374895,783415,1,1,live
1099925394876,783415,2,2,live
1099925572608,783415,3,3,live
1099925585027,783415,4,4,live
1099926081149,783415,5,5,live
1099926265786,783415,6,6,live
1099925356837,783431,1,1,live
1099925411053,783431,2,2,live
1099925435993,783431,3,3,live
1099925572606,783431,4,4,live
1099925584911,783431,5,5,live
1099928345179,783431,6,6,live
1099925367351,783432,1,1,live
1099925444988,783432,2,2,live
1099925572599,783432,3,3,live
1099925584777,783432,4,4,live
1099925367804,783433,1,1,live
1099925388875,783433,2,2,live
1099925436012,783433,3,3,live
1099925572598,783433,4,4,live
1099954801215,783433,5,5,live
1099925374865,783442,1,1,live
1099925481876,783442,2,2,live
1099925584159,783442,3,3,live
1099953564270,783442,4,4,live
1099925366433,783444,1,1,live
1099925441864,783444,2,2,live
1099925481160,783444,3,3,live
1099925584129,783444,4,4,live
1099925374856,783445,1,1,live
1099925481817,783445,2,2,live
1099925502147,783445,3,3,live
1099925527636,783445,4,4,live
1099925584124,783445,5,5,live
1099925374850,783447,1,1,live
1099925437439,783447,2,2,live
1099925499329,783447,3,3,live
1099925584032,783447,4,4,live
1099925374495,783448,1,1,live
1099925396836,783448,2,2,live
1099925499327,783448,3,3,live
1099925584029,783448,4,4,live
1099929308541,783448,5,5,live
1099925367162,783451,1,1,live
1099925388876,783451,2,2,live
1099925441849,783451,3,3,live
1099925499326,783451,4,4,live
1099925583991,783451,5,5,live
1099925367470,783453,1,1,live
1099925421904,783453,2,2,live
1099925427533,783453,3,3,live
1099925441842,783453,4,4,live
1099925499151,783453,5,5,live
1099925505523,783453,6,6,live
1099925583956,783453,7,7,live
1099925374845,783454,1,1,live
1099925421393,783454,2,2,live
1099925458518,783454,3,3,live
1099925499149,783454,4,4,live
1099925583922,783454,5,5,live
1099925368266,783455,1,1,live
1099925368321,783455,2,2,live
1099925376008,783455,3,3,live
1099925376669,783455,4,4,live
1099925376784,783455,5,5,live
1099925377329,783455,6,6,live
1099925389870,783455,7,7,live
1099925400071,783455,8,8,live
1099925416244,783455,9,9,live
1099925425548,783455,10,10,live
1099925433850,783455,11,11,live
1099925440186,783455,12,12,live
1099925441838,783455,13,13,live
1099925449906,783455,14,14,live
1099925454890,783455,15,15,live
1099925461624,783455,16,16,live
1099925471221,783455,17,17,live
1099925472801,783455,18,18,live
1099925481716,783455,19,19,live
1099925499144,783455,20,20,live
1099925500537,783455,21,21,live
1099925512304,783455,22,22,live
1099925533862,783455,23,23,live
1099925553962,783455,24,24,live
1099925567993,783455,25,25,live
1099925578872,783455,26,26,live
1099925582177,783455,27,27,live
1099925583376,783455,28,28,live
1099926073990,783455,29,29,live
1099926078149,783455,30,30,live
1099926090082,783455,31,31,live
1099926099105,783455,32,32,live
1099926101646,783455,33,33,live
1099926104363,783455,34,34,live
1099926109437,783455,35,35,live
1099926153452,783455,36,36,live
1099926155605,783455,37,37,live
1099926183470,783455,38,38,live
1099926236810,783455,39,39,live
1099926252312,783455,40,40,live
1099926267364,783455,41,41,live
1099926278613,783455,42,42,live
1099926308435,783455,43,43,live
1099926338184,783455,44,44,live
1099926415521,783455,45,45,live
1099926416016,783455,46,46,live
1099926447616,783455,47,47,live
1099926948365,783455,48,48,live
1099927025498,783455,49,49,live
1099928299374,783455,50,50,live
1099929412868,783455,51,51,live
1099929674257,783455,52,52,live
1099930315033,783455,53,53,live
1099930640754,783455,54,54,live
1099930696272,783455,55,55,live
1099930741482,783455,56,56,live
1099930842857,783455,57,57,live
1099934919144,783455,58,58,live
1099934941492,783455,59,59,live
1099936496792,783455,60,60,live
1099936512974,783455,61,61,live
1099939812555,783455,62,62,live
1099940374877,783455,63,63,live
1099943988483,783455,64,64,live
1099944296890,783455,65,65,live
1099946763555,783455,66,66,live
1099952692444,783455,67,67,live
1099952703999,783455,68,68,live
1099952815526,783455,69,69,live
1099956379120,783455,70,70,live
1099963213135,783455,71,71,live
1099993006150,783455,72,72,live
1099925374838,783457,1,1,live
1099925440246,783457,2,2,live
1099925499139,783457,3,3,live
1099925583371,783457,4,4,live
1099925600127,783457,5,5,live
1099925374625,783459,1,1,live
1099925416143,783459,2,2,live
1099925499135,783459,3,3,live
1099925535453,783459,4,4,live
1099925583368,783459,5,5,live
1099925372230,783461,1,1,live
1099925388024,783461,2,2,live
1099925453032,783461,3,3,live
1099925499130,783461,4,4,live
1099925535443,783461,5,5,live
1099925583362,783461,6,6,live
1099925372670,783462,1,1,live
1099925372916,783462,2,2,live
1099925429159,783462,3,3,live
1099925441820,783462,4,4,live
1099925499119,783462,5,5,live
1099925535435,783462,6,6,live
1099925583357,783462,7,7,live
1099925372605,783463,1,1,live
1099925387248,783463,2,2,live
1099925433825,783463,3,3,live
1099925433933,783463,4,4,live
1099925441078,783463,5,5,live
1099925441815,783463,6,6,live
1099925499121,783463,7,7,live
1099925535187,783463,8,8,live
1099925583355,783463,9,9,live
1099925372228,783464,1,1,live
1099925386842,783464,2,2,live
1099925433865,783464,3,3,live
1099925441807,783464,4,4,live
1099925499125,783464,5,5,live
1099925535129,783464,6,6,live
1099925583332,783464,7,7,live
1099925372220,783466,1,1,live
1099925380511,783466,2,2,live
1099925387237,783466,3,3,live
1099925441803,783466,4,4,live
1099925499129,783466,5,5,live
1099925535110,783466,6,6,live
1099925583328,783466,7,7,live
1099925374315,783468,1,1,live
1099925383699,783468,2,2,live
1099925393051,783468,3,3,live
1099925395413,783468,4,4,live
1099925422475,783468,5,5,live
1099925433726,783468,6,6,live
1099925458379,783468,7,7,live
1099925524113,783468,8,8,live
1099925573280,783468,9,9,live
1099925582743,783468,10,10,live
1099925583264,783468,11,11,live
1099929499767,783468,12,12,live
1099925374296,783470,1,1,live
1099925386835,783470,2,2,live
1099925390538,783470,3,3,live
1099925417359,783470,4,4,live
1099925422482,783470,5,5,live
1099925480281,783470,6,6,live
1099925502220,783470,7,7,live
1099925524546,783470,8,8,live
1099925582636,783470,9,9,live
1099925583263,783470,10,10,live
1099929499762,783470,11,11,live
1099936649013,783470,12,12,live
1099925486770,783747,1,1,live
1099925499470,783747,2,2,live
1099925531607,783747,3,3,live
1099925535318,783747,4,4,live
1099925583254,783747,5,5,live
1099929499760,783747,6,6,live
1099954798723,783747,7,7,live
1099925495566,783755,1,1,live
1099925499092,783755,2,2,live
1099925517969,783755,3,3,live
1099925547363,783755,4,4,live
1099925583249,783755,5,5,live
1099929499758,783755,6,6,live
1099969756898,783755,7,7,live
1099925495488,783757,1,1,live
1099925499367,783757,2,2,live
1099925517886,783757,3,3,live
1099925547357,783757,4,4,live
1099925583165,783757,5,5,live
1099926171225,783757,6,6,live
1099929499756,783757,7,7,live
1099925495829,783759,1,1,live
1099925499084,783759,2,2,live
1099925511892,783759,3,3,live
1099925517848,783759,4,4,live
1099925547354,783759,5,5,live
1099925583151,783759,6,6,live
1099929499750,783759,7,7,live
1099940389158,783759,8,8,live
1099925495819,783760,1,1,live
1099925497598,783760,2,2,live
1099925499111,783760,3,3,live
1099925517821,783760,4,4,live
1099925524234,783760,5,5,live
1099925547342,783760,6,6,live
1099925583147,783760,7,7,live
1099929499749,783760,8,8,live
1099925495569,783764,1,1,live
1099925502395,783764,2,2,live
1099925505489,783764,3,3,live
1099925515518,783764,4,4,live
1099925517791,783764,5,5,live
1099925547340,783764,6,6,live
1099925583142,783764,7,7,live
1099929499747,783764,8,8,live
1099926082957,784220,1,1,live
1099926212089,784229,1,1,live
1099926212090,784229,2,2,live
1099926220916,784229,3,3,live
1099926348281,784229,4,4,live
1099936743090,784229,5,5,live
1099969756912,784229,6,6,live
1099926212047,784264,1,1,live
1099926212049,784264,2,2,live
1099926212186,784264,3,3,live
1099926348285,784264,4,4,live
1099930315074,784264,5,5,live
1099932920541,784264,6,6,live
1099969756913,784264,7,7,live
1099926212008,784266,1,1,live
1099926212009,784266,2,2,live
1099926212124,784266,3,3,live
1099926348189,784266,4,4,live
1099969756839,784266,5,5,live
1099926211978,784269,1,1,live
1099926212328,784269,2,2,live
1099926225739,784269,3,3,live
1099926348323,784269,4,4,live
1099969756829,784269,5,5,live
1099926211869,784272,1,1,live
1099926211870,784272,2,2,live
1099926211873,784272,3,3,live
1099926211950,784272,4,4,live
1099926212288,784272,5,5,live
1099926347100,784272,6,6,live
1099926348325,784272,7,7,live
1099926211836,784274,1,1,live
1099926211840,784274,2,2,live
1099926211841,784274,3,3,live
1099926211843,784274,4,4,live
1099926211985,784274,5,5,live
1099926225582,784274,6,6,live
1099926347152,784274,7,7,live
1099926348182,784274,8,8,live
1099926356124,784274,9,9,live
1099926357186,784274,10,10,live
1099926357669,784274,11,11,live
1099926358065,784274,12,12,live
1099926358120,784276,1,1,live
1099926409944,784276,2,2,live
1099928337572,784276,3,3,live
1099929499741,784276,4,4,live
1099960582835,784276,5,5,live
1099969756930,784276,6,6,live
1099927033249,784277,1,1,live
1099927037062,784277,2,2,live
1099928373085,784277,3,3,live
1099929273494,784277,4,4,live
1099929499740,784277,5,5,live
1099932920625,784277,6,6,live
1099935428573,784277,7,7,live
1099956379329,784277,8,8,live
1099960582859,784277,9,9,live
1099926211652,784280,1,1,live
1099926211665,784280,2,2,live
1099926212019,784280,3,3,live
1099926348220,784280,4,4,live
1099926470649,784280,5,5,live
1099969757143,784280,6,6,live
1099926211541,784284,1,1,live
1099926211555,784284,2,2,live
1099926212015,784284,3,3,live
1099926348218,784284,4,4,live
1099954801308,784284,5,5,live
1099926102350,784332,1,1,live
1099926115808,784332,2,2,live
1099926245935,784332,3,3,live
1099926348280,784332,4,4,live
1099930534367,784332,5,5,live
1099930780884,784332,6,6,live
1099930873097,784332,7,7,live
1099933747403,784332,8,8,live
1099935685676,784332,9,9,live
1099937354700,784332,10,10,live
1099954798611,784332,11,11,live
1099926111708,784340,1,1,live
1099926115776,784340,2,2,live
1099926116535,784340,3,3,live
1099926348268,784340,4,4,live
1099928302020,784340,5,5,live
1099928356439,784340,6,6,live
1099929499727,784340,7,7,live
1099930734291,784340,8,8,live
1099933870507,784340,9,9,live
1099954798721,784340,10,10,live
1099926110079,784344,1,1,live
1099926151064,784344,2,2,live
1099926225747,784344,3,3,live
1099926312349,784344,4,4,live
1099926348267,784344,5,5,live
1099928356447,784344,6,6,live
1099929499786,784344,7,7,live
1099938362385,784344,8,8,live
1099969756856,784344,9,9,live
1099926110043,784350,1,1,live
1099926111738,784350,2,2,live
1099926154046,784350,3,3,live
1099926206660,784350,4,4,live
1099926213078,784350,5,5,live
1099926348266,784350,6,6,live
1099929499791,784350,7,7,live
1099926131035,784413,1,1,live
1099926143932,784413,2,2,live
1099926154052,784413,3,3,live
1099926200673,784413,4,4,live
1099926348264,784413,5,5,live
1099929499797,784413,6,6,live
1099950125723,784413,7,7,live
1099954801251,784413,8,8,live
1099929499802,784419,6,1,live
1099931464917,784419,7,2,live
1099969757146,784419,8,3,live
1099928283982,788015,1,1,live
1099928363119,788015,2,2,live
1099928371772,788015,3,3,live
1099930188083,788015,4,4,live
1099930310982,788015,5,5,live
1099931714853,788015,6,6,live
1099932258767,788015,7,7,live
1099933612109,788015,8,8,live
1099933929767,788015,9,9,live
