asset_rank,asset_final_score,asset_id,template_id,owner,template_rank,template_final_score,template_score_component,original_mint_number,original_mint_score,original_mint_score_component,original_mint_status,surviving_mint_rank,surviving_mint_rank_score,surviving_mint_rank_score_component,surviving_mint_rank_status,live_supply,issued_supply,rarity_band,burned,price_used,market_data_used
1,96.6679,1099595898015,401767,pepperstake,1,94.4465,56.6679,1,1,20,ok,1,1,20,ok,13,13,Ultra Rare,false,false,false
2,96.5238,1099595902155,401779,pepperstake,2,94.2064,56.5238,1,1,20,ok,1,1,20,ok,21,18,Rare,false,false,false
3,96.2897,1099595905079,401786,pepperstake,3,93.8162,56.2897,1,1,20,ok,1,1,20,ok,34,21,Rare,false,false,false
4,95.0775,1099595905080,401786,yoitscharlie,3,93.8162,56.2897,2,0.969697,19.3939,ok,2,0.969697,19.3939,ok,34,21,Rare,false,false,false
5,94.5238,1099595902156,401779,yoitscharlie,2,94.2064,56.5238,2,0.95,19,ok,2,0.95,19,ok,21,18,Rare,false,false,false
6,93.8655,1099595905081,401786,opxp4.c.wam,3,93.8162,56.2897,3,0.939394,18.7879,ok,3,0.939394,18.7879,ok,34,21,Rare,false,false,false
7,93.3345,1099595898016,401767,yoitscharlie,1,94.4465,56.6679,2,0.916667,18.3333,ok,2,0.916667,18.3333,ok,13,13,Ultra Rare,false,false,false
8,92.6533,1099595905082,401786,xsph.wam,3,93.8162,56.2897,4,0.909091,18.1818,ok,4,0.909091,18.1818,ok,34,21,Rare,false,false,false
9,92.5238,1099595902157,401779,xsph.wam,2,94.2064,56.5238,3,0.9,18,ok,3,0.9,18,ok,21,18,Rare,false,false,false
10,91.4413,1099595905083,401786,yoitscharlie,3,93.8162,56.2897,5,0.878788,17.5758,ok,5,0.878788,17.5758,ok,34,21,Rare,false,false,false
11,90.5238,1099595902158,401779,opxp4.c.wam,2,94.2064,56.5238,4,0.85,17,ok,4,0.85,17,ok,21,18,Rare,false,false,false
12,90.2291,1099595905084,401786,,3,93.8162,56.2897,6,0.848485,16.9697,ok,6,0.848485,16.9697,ok,34,21,Rare,false,false,false
13,90.0013,1099595898017,401767,xsph.wam,1,94.4465,56.6679,3,0.833333,16.6667,ok,3,0.833333,16.6667,ok,13,13,Ultra Rare,false,false,false
14,89.0169,1099595905085,401786,yoitscharlie,3,93.8162,56.2897,7,0.818182,16.3636,ok,7,0.818182,16.3636,ok,34,21,Rare,false,false,false
15,88.5238,1099595902159,401779,yoitscharlie,2,94.2064,56.5238,5,0.8,16,ok,5,0.8,16,ok,21,18,Rare,false,false,false
16,87.8049,1099595905086,401786,qp..w.c.wam,3,93.8162,56.2897,8,0.787879,15.7576,ok,8,0.787879,15.7576,ok,34,21,Rare,false,false,false
17,86.6679,1099595898018,401767,opxp4.c.wam,1,94.4465,56.6679,4,0.75,15,ok,4,0.75,15,ok,13,13,Ultra Rare,false,false,false
18,86.5927,1099595905087,401786,yoitscharlie,3,93.8162,56.2897,9,0.757576,15.1515,ok,9,0.757576,15.1515,ok,34,21,Rare,false,false,false
19,86.5238,1099595902160,401779,,2,94.2064,56.5238,6,0.75,15,ok,6,0.75,15,ok,21,18,Rare,false,false,false
20,85.3807,1099595905088,401786,yoitscharlie,3,93.8162,56.2897,10,0.727273,14.5455,ok,10,0.727273,14.5455,ok,34,21,Rare,false,false,false
21,84.5238,1099595902161,401779,yoitscharlie,2,94.2064,56.5238,7,0.7,14,ok,7,0.7,14,ok,21,18,Rare,false,false,false
22,84.1685,1099595905089,401786,neyau.wam,3,93.8162,56.2897,11,0.69697,13.9394,ok,11,0.69697,13.9394,ok,34,21,Rare,false,false,false
23,84.0276,1099675841570,458168,5fsuc.wam,4,73.3794,44.0276,1,1,20,ok,1,1,20,ok,55,39,Rare,false,false,false
24,83.4153,1099667784750,453934,pepperstake,5,72.3589,43.4153,1,1,20,ok,1,1,20,ok,89,89,Uncommon,false,false,false
25,83.3345,1099595898019,401767,pepperstake,1,94.4465,56.6679,5,0.666667,13.3333,ok,5,0.666667,13.3333,ok,13,13,Ultra Rare,false,false,false
26,83.2868,1099675855334,458168,newyork.gm,4,73.3794,44.0276,2,0.981481,19.6296,ok,2,0.981481,19.6296,ok,55,39,Rare,false,false,false
27,82.9607,1099667784751,453934,yoitscharlie,5,72.3589,43.4153,2,0.988636,19.7727,ok,2,0.988636,19.7727,ok,89,89,Uncommon,false,false,false
28,82.9563,1099595905090,401786,yoitscharlie,3,93.8162,56.2897,12,0.666667,13.3333,ok,12,0.666667,13.3333,ok,34,21,Rare,false,false,false
29,82.5462,1099675862694,458168,ve41k.c.wam,4,73.3794,44.0276,3,0.962963,19.2593,ok,3,0.962963,19.2593,ok,55,39,Rare,false,false,false
30,82.5238,1099595902162,401779,qp..w.c.wam,2,94.2064,56.5238,8,0.65,13,ok,8,0.65,13,ok,21,18,Rare,false,false,false
31,82.5063,1099667784752,453934,yoitscharlie,5,72.3589,43.4153,3,0.977273,19.5455,ok,3,0.977273,19.5455,ok,89,89,Uncommon,false,false,false
32,82.425,1099659329449,449935,newyork.gm,6,70.7083,42.425,1,1,20,ok,1,1,20,ok,144,144,Uncommon,false,false,false
33,82.1452,1099659329450,449935,yoitscharlie,6,70.7083,42.425,2,0.993007,19.8601,ok,2,0.993007,19.8601,ok,144,144,Uncommon,false,false,false
34,82.0517,1099667784753,453934,yoitscharlie,5,72.3589,43.4153,4,0.965909,19.3182,ok,4,0.965909,19.3182,ok,89,89,Uncommon,false,false,false
35,81.8656,1099659329451,449935,yoitscharlie,6,70.7083,42.425,3,0.986014,19.7203,ok,3,0.986014,19.7203,ok,144,144,Uncommon,false,false,false
36,81.8054,1099675865586,458168,2pvrq.wam,4,73.3794,44.0276,4,0.944444,18.8889,ok,4,0.944444,18.8889,ok,55,39,Rare,false,false,false
37,81.7443,1099595905091,401786,yoitscharlie,3,93.8162,56.2897,13,0.636364,12.7273,ok,13,0.636364,12.7273,ok,34,21,Rare,false,false,false
38,81.5971,1099667784754,453934,yoitscharlie,5,72.3589,43.4153,5,0.954545,19.0909,ok,5,0.954545,19.0909,ok,89,89,Uncommon,false,false,false
39,81.5858,1099659329452,449935,yoitscharlie,6,70.7083,42.425,4,0.979021,19.5804,ok,4,0.979021,19.5804,ok,144,144,Uncommon,false,false,false
40,81.3062,1099659329453,449935,yoitscharlie,6,70.7083,42.425,5,0.972028,19.4406,ok,5,0.972028,19.4406,ok,144,144,Uncommon,false,false,false
41,81.1425,1099667784755,453934,yoitscharlie,5,72.3589,43.4153,6,0.943182,18.8636,ok,6,0.943182,18.8636,ok,89,89,Uncommon,false,false,false
42,81.0646,1099675898853,458168,pepperstake,4,73.3794,44.0276,5,0.925926,18.5185,ok,5,0.925926,18.5185,ok,55,39,Rare,false,false,false
43,81.0264,1099659329454,449935,yoitscharlie,6,70.7083,42.425,6,0.965035,19.3007,ok,6,0.965035,19.3007,ok,144,144,Uncommon,false,false,false
44,80.8223,1099651222519,445272,newyork.gm,7,68.0372,40.8223,1,1,20,ok,1,1,20,ok,233,146,Uncommon,false,false,false
45,80.7466,1099659329455,449935,yoitscharlie,6,70.7083,42.425,7,0.958042,19.1608,ok,7,0.958042,19.1608,ok,144,144,Uncommon,false,false,false
46,80.6881,1099667784756,453934,yoitscharlie,5,72.3589,43.4153,7,0.931818,18.6364,ok,7,0.931818,18.6364,ok,89,89,Uncommon,false,false,false
47,80.6499,1099651222520,445272,yoitscharlie,7,68.0372,40.8223,2,0.99569,19.9138,ok,2,0.99569,19.9138,ok,233,146,Uncommon,false,false,false
48,80.5321,1099809598845,401786,cwzqw.wam,3,93.8162,56.2897,14,0.606061,12.1212,ok,14,0.606061,12.1212,ok,34,21,Rare,false,false,false
49,80.5238,1099595902163,401779,yoitscharlie,2,94.2064,56.5238,9,0.6,12,ok,9,0.6,12,ok,21,18,Rare,false,false,false
50,80.4775,1099651222521,445272,yoitscharlie,7,68.0372,40.8223,3,0.991379,19.8276,ok,3,0.991379,19.8276,ok,233,146,Uncommon,false,false,false
51,80.467,1099659329456,449935,yoitscharlie,6,70.7083,42.425,8,0.951049,19.021,ok,8,0.951049,19.021,ok,144,144,Uncommon,false,false,false
52,80.3238,1099675899743,458168,cwzqw.wam,4,73.3794,44.0276,6,0.907407,18.1481,ok,6,0.907407,18.1481,ok,55,39,Rare,false,false,false
53,80.3051,1099651222522,445272,yoitscharlie,7,68.0372,40.8223,4,0.987069,19.7414,ok,4,0.987069,19.7414,ok,233,146,Uncommon,false,false,false
54,80.2335,1099667784757,453934,yoitscharlie,5,72.3589,43.4153,8,0.920455,18.4091,ok,8,0.920455,18.4091,ok,89,89,Uncommon,false,false,false
55,80.1872,1099659329457,449935,yoitscharlie,6,70.7083,42.425,9,0.944056,18.8811,ok,9,0.944056,18.8811,ok,144,144,Uncommon,false,false,false
56,80.1327,1099651222523,445272,yoitscharlie,7,68.0372,40.8223,5,0.982759,19.6552,ok,5,0.982759,19.6552,ok,233,146,Uncommon,false,false,false
57,80.0013,1099595898020,401767,toonboytwofu,1,94.4465,56.6679,6,0.583333,11.6667,ok,6,0.583333,11.6667,ok,13,13,Ultra Rare,false,false,false
58,79.9603,1099651222524,445272,yoitscharlie,7,68.0372,40.8223,6,0.978448,19.569,ok,6,0.978448,19.569,ok,233,146,Uncommon,false,false,false
59,79.9076,1099659329458,449935,neyau.wam,6,70.7083,42.425,10,0.937063,18.7413,ok,10,0.937063,18.7413,ok,144,144,Uncommon,false,false,false
60,79.7879,1099651222525,445272,yoitscharlie,7,68.0372,40.8223,7,0.974138,19.4828,ok,7,0.974138,19.4828,ok,233,146,Uncommon,false,false,false
61,79.7789,1099667784758,453934,yoitscharlie,5,72.3589,43.4153,9,0.909091,18.1818,ok,9,0.909091,18.1818,ok,89,89,Uncommon,false,false,false
62,79.6278,1099659329459,449935,pepperstake,6,70.7083,42.425,11,0.93007,18.6014,ok,11,0.93007,18.6014,ok,144,144,Uncommon,false,false,false
63,79.6155,1099651222526,445272,yoitscharlie,7,68.0372,40.8223,8,0.969828,19.3966,ok,8,0.969828,19.3966,ok,233,146,Uncommon,false,false,false
64,79.5832,1099676157338,458168,,4,73.3794,44.0276,7,0.888889,17.7778,ok,7,0.888889,17.7778,ok,55,39,Rare,false,false,false
65,79.4429,1099651222527,445272,yoitscharlie,7,68.0372,40.8223,9,0.965517,19.3103,ok,9,0.965517,19.3103,ok,233,146,Uncommon,false,false,false
66,79.348,1099659329460,449935,yoitscharlie,6,70.7083,42.425,12,0.923077,18.4615,ok,12,0.923077,18.4615,ok,144,144,Uncommon,false,false,false
67,79.3243,1099667784759,453934,yoitscharlie,5,72.3589,43.4153,10,0.897727,17.9545,ok,10,0.897727,17.9545,ok,89,89,Uncommon,false,false,false
68,79.3201,1099809648396,401786,fs1r2.wam,3,93.8162,56.2897,15,0.575758,11.5152,ok,15,0.575758,11.5152,ok,34,21,Rare,false,false,false
69,79.2705,1099651222528,445272,neyau.wam,7,68.0372,40.8223,10,0.961207,19.2241,ok,10,0.961207,19.2241,ok,233,146,Uncommon,false,false,false
70,79.0981,1099651222529,445272,yoitscharlie,7,68.0372,40.8223,11,0.956897,19.1379,ok,11,0.956897,19.1379,ok,233,146,Uncommon,false,false,false
71,79.0684,1099659329461,449935,yoitscharlie,6,70.7083,42.425,13,0.916084,18.3217,ok,13,0.916084,18.3217,ok,144,144,Uncommon,false,false,false
72,78.9257,1099651222530,445272,yoitscharlie,7,68.0372,40.8223,12,0.952586,19.0517,ok,12,0.952586,19.0517,ok,233,146,Uncommon,false,false,false
73,78.8699,1099667784760,453934,yoitscharlie,5,72.3589,43.4153,11,0.886364,17.7273,ok,11,0.886364,17.7273,ok,89,89,Uncommon,false,false,false
74,78.8424,1099676190597,458168,pepperstake,4,73.3794,44.0276,8,0.87037,17.4074,ok,8,0.87037,17.4074,ok,55,39,Rare,false,false,false
75,78.7886,1099659329462,449935,yoitscharlie,6,70.7083,42.425,14,0.909091,18.1818,ok,14,0.909091,18.1818,ok,144,144,Uncommon,false,false,false
76,78.7533,1099651222531,445272,yoitscharlie,7,68.0372,40.8223,13,0.948276,18.9655,ok,13,0.948276,18.9655,ok,233,146,Uncommon,false,false,false
77,78.5809,1099651222532,445272,yoitscharlie,7,68.0372,40.8223,14,0.943966,18.8793,ok,14,0.943966,18.8793,ok,233,146,Uncommon,false,false,false
78,78.5238,1099595902164,401779,yoitscharlie,2,94.2064,56.5238,10,0.55,11,ok,10,0.55,11,ok,21,18,Rare,false,false,false
79,78.509,1099659329463,449935,yoitscharlie,6,70.7083,42.425,15,0.902098,18.042,ok,15,0.902098,18.042,ok,144,144,Uncommon,false,false,false
80,78.4153,1099667784761,453934,,5,72.3589,43.4153,12,0.875,17.5,ok,12,0.875,17.5,ok,89,89,Uncommon,false,false,false
81,78.4085,1099651222533,445272,yoitscharlie,7,68.0372,40.8223,15,0.939655,18.7931,ok,15,0.939655,18.7931,ok,233,146,Uncommon,false,false,false
82,78.2361,1099651222534,445272,yoitscharlie,7,68.0372,40.8223,16,0.935345,18.7069,ok,16,0.935345,18.7069,ok,233,146,Uncommon,false,false,false
83,78.2293,1099642207718,441677,toonboytwofu,8,63.7155,38.2293,1,1,20,ok,1,1,20,ok,377,144,Uncommon,false,false,false
84,78.2292,1099659329464,449935,yoitscharlie,6,70.7083,42.425,16,0.895105,17.9021,ok,16,0.895105,17.9021,ok,144,144,Uncommon,false,false,false
85,78.1229,1099642207719,441677,yoitscharlie,8,63.7155,38.2293,2,0.99734,19.9468,ok,2,0.99734,19.9468,ok,377,144,Uncommon,false,false,false
86,78.1079,1099809649275,401786,fs1r2.wam,3,93.8162,56.2897,16,0.545455,10.9091,ok,16,0.545455,10.9091,ok,34,21,Rare,false,false,false
87,78.1016,1099676860884,458168,pepperstake,4,73.3794,44.0276,9,0.851852,17.037,ok,9,0.851852,17.037,ok,55,39,Rare,false,false,false
88,78.0637,1099651222535,445272,yoitscharlie,7,68.0372,40.8223,17,0.931034,18.6207,ok,17,0.931034,18.6207,ok,233,146,Uncommon,false,false,false
89,78.0165,1099642207720,441677,pepperstake,8,63.7155,38.2293,3,0.994681,19.8936,ok,3,0.994681,19.8936,ok,377,144,Uncommon,false,false,false
90,77.9607,1099667784762,453934,yoitscharlie,5,72.3589,43.4153,13,0.863636,17.2727,ok,13,0.863636,17.2727,ok,89,89,Uncommon,false,false,false
91,77.9494,1099659329465,449935,yoitscharlie,6,70.7083,42.425,17,0.888112,17.7622,ok,17,0.888112,17.7622,ok,144,144,Uncommon,false,false,false
92,77.9101,1099642207721,441677,yoitscharlie,8,63.7155,38.2293,4,0.992021,19.8404,ok,4,0.992021,19.8404,ok,377,144,Uncommon,false,false,false
93,77.8913,1099651222536,445272,yoitscharlie,7,68.0372,40.8223,18,0.926724,18.5345,ok,18,0.926724,18.5345,ok,233,146,Uncommon,false,false,false
94,77.8037,1099642207722,441677,yoitscharlie,8,63.7155,38.2293,5,0.989362,19.7872,ok,5,0.989362,19.7872,ok,377,144,Uncommon,false,false,false
95,77.7189,1099651222537,445272,yoitscharlie,7,68.0372,40.8223,19,0.922414,18.4483,ok,19,0.922414,18.4483,ok,233,146,Uncommon,false,false,false
96,77.6973,1099642207723,441677,yoitscharlie,8,63.7155,38.2293,6,0.986702,19.734,ok,6,0.986702,19.734,ok,377,144,Uncommon,false,false,false
97,77.6698,1099659329466,449935,yoitscharlie,6,70.7083,42.425,18,0.881119,17.6224,ok,18,0.881119,17.6224,ok,144,144,Uncommon,false,false,false
98,77.5911,1099642207724,441677,yoitscharlie,8,63.7155,38.2293,7,0.984043,19.6809,ok,7,0.984043,19.6809,ok,377,144,Uncommon,false,false,false
99,77.5465,1099651222538,445272,yoitscharlie,7,68.0372,40.8223,20,0.918103,18.3621,ok,20,0.918103,18.3621,ok,233,146,Uncommon,false,false,false
100,77.5063,1099667784763,453934,yoitscharlie,5,72.3589,43.4153,14,0.852273,17.0455,ok,14,0.852273,17.0455,ok,89,89,Uncommon,false,false,false
101,77.4847,1099642207725,441677,yoitscharlie,8,63.7155,38.2293,8,0.981383,19.6277,ok,8,0.981383,19.6277,ok,377,144,Uncommon,false,false,false
102,77.455,1099636300489,438904,pepperstake,9,62.425,37.455,1,1,20,ok,1,1,20,ok,420,420,Common,false,false,false
103,77.39,1099659329467,449935,yoitscharlie,6,70.7083,42.425,19,0.874126,17.4825,ok,19,0.874126,17.4825,ok,144,144,Uncommon,false,false,false
104,77.3783,1099642207726,441677,yoitscharlie,8,63.7155,38.2293,9,0.978723,19.5745,ok,9,0.978723,19.5745,ok,377,144,Uncommon,false,false,false
105,77.3741,1099651222539,445272,yoitscharlie,7,68.0372,40.8223,21,0.913793,18.2759,ok,21,0.913793,18.2759,ok,233,146,Uncommon,false,false,false
106,77.361,1099679218104,458168,,4,73.3794,44.0276,10,0.833333,16.6667,ok,10,0.833333,16.6667,ok,55,39,Rare,false,false,false
107,77.3596,1099636300490,438904,pepperstake,9,62.425,37.455,2,0.997613,19.9523,ok,2,0.997613,19.9523,ok,420,420,Common,false,false,false
108,77.2719,1099642207727,441677,yoitscharlie,8,63.7155,38.2293,10,0.976064,19.5213,ok,10,0.976064,19.5213,ok,377,144,Uncommon,false,false,false
109,77.264,1099636300491,438904,newyork.gm,9,62.425,37.455,3,0.995227,19.9045,ok,3,0.995227,19.9045,ok,420,420,Common,false,false,false
110,77.2017,1099651222540,445272,yoitscharlie,7,68.0372,40.8223,22,0.909483,18.1897,ok,22,0.909483,18.1897,ok,233,146,Uncommon,false,false,false
111,77.1686,1099636300492,438904,yoitscharlie,9,62.425,37.455,4,0.99284,19.8568,ok,4,0.99284,19.8568,ok,420,420,Common,false,false,false
112,77.1655,1099642207728,441677,yoitscharlie,8,63.7155,38.2293,11,0.973404,19.4681,ok,11,0.973404,19.4681,ok,377,144,Uncommon,false,false,false
113,77.1104,1099659329468,449935,yoitscharlie,6,70.7083,42.425,20,0.867133,17.3427,ok,20,0.867133,17.3427,ok,144,144,Uncommon,false,false,false
114,77.0732,1099636300493,438904,yoitscharlie,9,62.425,37.455,5,0.990453,19.8091,ok,5,0.990453,19.8091,ok,420,420,Common,false,false,false
115,77.0591,1099642207729,441677,yoitscharlie,8,63.7155,38.2293,12,0.970745,19.4149,ok,12,0.970745,19.4149,ok,377,144,Uncommon,false,false,false
116,77.0517,1099667784764,453934,yoitscharlie,5,72.3589,43.4153,15,0.840909,16.8182,ok,15,0.840909,16.8182,ok,89,89,Uncommon,false,false,false
117,77.0291,1099651222541,445272,yoitscharlie,7,68.0372,40.8223,23,0.905172,18.1034,ok,23,0.905172,18.1034,ok,233,146,Uncommon,false,false,false
118,76.9776,1099636300494,438904,yoitscharlie,9,62.425,37.455,6,0.988067,19.7613,ok,6,0.988067,19.7613,ok,420,420,Common,false,false,false
119,76.9527,1099642207730,441677,yoitscharlie,8,63.7155,38.2293,13,0.968085,19.3617,ok,13,0.968085,19.3617,ok,377,144,Uncommon,false,false,false
120,76.8957,1099825711609,401786,5qtbm.wam,3,93.8162,56.2897,17,0.515152,10.303,ok,17,0.515152,10.303,ok,34,21,Rare,false,false,false
121,76.8822,1099636300495,438904,yoitscharlie,9,62.425,37.455,7,0.98568,19.7136,ok,7,0.98568,19.7136,ok,420,420,Common,false,false,false
122,76.8567,1099651222542,445272,yoitscharlie,7,68.0372,40.8223,24,0.900862,18.0172,ok,24,0.900862,18.0172,ok,233,146,Uncommon,false,false,false
123,76.8463,1099642207731,441677,yoitscharlie,8,63.7155,38.2293,14,0.965426,19.3085,ok,14,0.965426,19.3085,ok,377,144,Uncommon,false,false,false
124,76.8306,1099659329469,449935,yoitscharlie,6,70.7083,42.425,21,0.86014,17.2028,ok,21,0.86014,17.2028,ok,144,144,Uncommon,false,false,false
125,76.7868,1099636300496,438904,yoitscharlie,9,62.425,37.455,8,0.983294,19.6659,ok,8,0.983294,19.6659,ok,420,420,Common,false,false,false
126,76.7399,1099642207732,441677,yoitscharlie,8,63.7155,38.2293,15,0.962766,19.2553,ok,15,0.962766,19.2553,ok,377,144,Uncommon,false,false,false
127,76.6912,1099636300497,438904,yoitscharlie,9,62.425,37.455,9,0.980907,19.6181,ok,9,0.980907,19.6181,ok,420,420,Common,false,false,false
128,76.6843,1099651222543,445272,yoitscharlie,7,68.0372,40.8223,25,0.896552,17.931,ok,25,0.896552,17.931,ok,233,146,Uncommon,false,false,false
129,76.6679,1099595898021,401767,yoitscharlie,1,94.4465,56.6679,7,0.5,10,ok,7,0.5,10,ok,13,13,Ultra Rare,false,false,false
130,76.6335,1099642207733,441677,yoitscharlie,8,63.7155,38.2293,16,0.960106,19.2021,ok,16,0.960106,19.2021,ok,377,144,Uncommon,false,false,false
131,76.6202,1099680501631,458168,pepperstake,4,73.3794,44.0276,11,0.814815,16.2963,ok,11,0.814815,16.2963,ok,55,39,Rare,false,false,false
132,76.5971,1099667784765,453934,yoitscharlie,5,72.3589,43.4153,16,0.829545,16.5909,ok,16,0.829545,16.5909,ok,89,89,Uncommon,false,false,false
133,76.5958,1099636300498,438904,yoitscharlie,9,62.425,37.455,10,0.97852,19.5704,ok,10,0.97852,19.5704,ok,420,420,Common,false,false,false
134,76.5508,1099659329470,449935,yoitscharlie,6,70.7083,42.425,22,0.853147,17.0629,ok,22,0.853147,17.0629,ok,144,144,Uncommon,false,false,false
135,76.5271,1099642207734,441677,yoitscharlie,8,63.7155,38.2293,17,0.957447,19.1489,ok,17,0.957447,19.1489,ok,377,144,Uncommon,false,false,false
136,76.5238,1099595902165,401779,neyau.wam,2,94.2064,56.5238,11,0.5,10,ok,11,0.5,10,ok,21,18,Rare,false,false,false
137,76.5119,1099651222544,445272,yoitscharlie,7,68.0372,40.8223,26,0.892241,17.8448,ok,26,0.892241,17.8448,ok,233,146,Uncommon,false,false,false
138,76.5004,1099636300499,438904,yoitscharlie,9,62.425,37.455,11,0.976134,19.5227,ok,11,0.976134,19.5227,ok,420,420,Common,false,false,false
139,76.4207,1099642207735,441677,yoitscharlie,8,63.7155,38.2293,18,0.954787,19.0957,ok,18,0.954787,19.0957,ok,377,144,Uncommon,false,false,false
140,76.4048,1099636300500,438904,cwzqw.wam,9,62.425,37.455,12,0.973747,19.4749,ok,12,0.973747,19.4749,ok,420,420,Common,false,false,false
141,76.3395,1099651222545,445272,yoitscharlie,7,68.0372,40.8223,27,0.887931,17.7586,ok,27,0.887931,17.7586,ok,233,146,Uncommon,false,false,false
142,76.3145,1099642207736,441677,yoitscharlie,8,63.7155,38.2293,19,0.952128,19.0426,ok,19,0.952128,19.0426,ok,377,144,Uncommon,false,false,false
143,76.3094,1099636300501,438904,pepperstake,9,62.425,37.455,13,0.97136,19.4272,ok,13,0.97136,19.4272,ok,420,420,Common,false,false,false
144,76.2712,1099659329471,449935,yoitscharlie,6,70.7083,42.425,23,0.846154,16.9231,ok,23,0.846154,16.9231,ok,144,144,Uncommon,false,false,false
145,76.214,1099636300502,438904,yoitscharlie,9,62.425,37.455,14,0.968974,19.3795,ok,14,0.968974,19.3795,ok,420,420,Common,false,false,false
146,76.2081,1099642207737,441677,yoitscharlie,8,63.7155,38.2293,20,0.949468,18.9894,ok,20,0.949468,18.9894,ok,377,144,Uncommon,false,false,false
147,76.1671,1099651222546,445272,yoitscharlie,7,68.0372,40.8223,28,0.883621,17.6724,ok,28,0.883621,17.6724,ok,233,146,Uncommon,false,false,false
148,76.1425,1099667784766,453934,yoitscharlie,5,72.3589,43.4153,17,0.818182,16.3636,ok,17,0.818182,16.3636,ok,89,89,Uncommon,false,false,false
149,76.1184,1099636300503,438904,yoitscharlie,9,62.425,37.455,15,0.966587,19.3317,ok,15,0.966587,19.3317,ok,420,420,Common,false,false,false
150,76.1017,1099642207738,441677,yoitscharlie,8,63.7155,38.2293,21,0.946809,18.9362,ok,21,0.946809,18.9362,ok,377,144,Uncommon,false,false,false
151,76.023,1099636300504,438904,yoitscharlie,9,62.425,37.455,16,0.9642,19.284,ok,16,0.9642,19.284,ok,420,420,Common,false,false,false
152,75.9953,1099642207739,441677,yoitscharlie,8,63.7155,38.2293,22,0.944149,18.883,ok,22,0.944149,18.883,ok,377,144,Uncommon,false,false,false
153,75.9947,1099651222547,445272,yoitscharlie,7,68.0372,40.8223,29,0.87931,17.5862,ok,29,0.87931,17.5862,ok,233,146,Uncommon,false,false,false
154,75.9914,1099659329472,449935,yoitscharlie,6,70.7083,42.425,24,0.839161,16.7832,ok,24,0.839161,16.7832,ok,144,144,Uncommon,false,false,false
155,75.9276,1099636300505,438904,yoitscharlie,9,62.425,37.455,17,0.961814,19.2363,ok,17,0.961814,19.2363,ok,420,420,Common,false,false,false
156,75.8889,1099642207740,441677,yoitscharlie,8,63.7155,38.2293,23,0.941489,18.8298,ok,23,0.941489,18.8298,ok,377,144,Uncommon,false,false,false
157,75.8794,1099681914569,458168,sqeba.wam,4,73.3794,44.0276,12,0.796296,15.9259,ok,12,0.796296,15.9259,ok,55,39,Rare,false,false,false
158,75.832,1099636300506,438904,yoitscharlie,9,62.425,37.455,18,0.959427,19.1885,ok,18,0.959427,19.1885,ok,420,420,Common,false,false,false
159,75.8223,1099651222548,445272,yoitscharlie,7,68.0372,40.8223,30,0.875,17.5,ok,30,0.875,17.5,ok,233,146,Uncommon,false,false,false
160,75.7825,1099642207741,441677,yoitscharlie,8,63.7155,38.2293,24,0.93883,18.7766,ok,24,0.93883,18.7766,ok,377,144,Uncommon,false,false,false
161,75.7366,1099636300507,438904,yoitscharlie,9,62.425,37.455,19,0.957041,19.1408,ok,19,0.957041,19.1408,ok,420,420,Common,false,false,false
162,75.7118,1099659329473,449935,yoitscharlie,6,70.7083,42.425,25,0.832168,16.6434,ok,25,0.832168,16.6434,ok,144,144,Uncommon,false,false,false
163,75.6881,1099667784767,453934,yoitscharlie,5,72.3589,43.4153,18,0.806818,16.1364,ok,18,0.806818,16.1364,ok,89,89,Uncommon,false,false,false
164,75.6837,1099835057291,401786,pepperstake,3,93.8162,56.2897,18,0.484848,9.697,ok,18,0.484848,9.697,ok,34,21,Rare,false,false,false
165,75.6761,1099642207742,441677,yoitscharlie,8,63.7155,38.2293,25,0.93617,18.7234,ok,25,0.93617,18.7234,ok,377,144,Uncommon,false,false,false
166,75.6499,1099651222549,445272,yoitscharlie,7,68.0372,40.8223,31,0.87069,17.4138,ok,31,0.87069,17.4138,ok,233,146,Uncommon,false,false,false
167,75.6412,1099636300508,438904,yoitscharlie,9,62.425,37.455,20,0.954654,19.0931,ok,20,0.954654,19.0931,ok,420,420,Common,false,false,false
168,75.5697,1099642207743,441677,yoitscharlie,8,63.7155,38.2293,26,0.933511,18.6702,ok,26,0.933511,18.6702,ok,377,144,Uncommon,false,false,false
169,75.5456,1099636300509,438904,yoitscharlie,9,62.425,37.455,21,0.952267,19.0453,ok,21,0.952267,19.0453,ok,420,420,Common,false,false,false
170,75.4775,1099651222550,445272,yoitscharlie,7,68.0372,40.8223,32,0.866379,17.3276,ok,32,0.866379,17.3276,ok,233,146,Uncommon,false,false,false
171,75.4633,1099642207744,441677,yoitscharlie,8,63.7155,38.2293,27,0.930851,18.617,ok,27,0.930851,18.617,ok,377,144,Uncommon,false,false,false
172,75.4502,1099636300510,438904,yoitscharlie,9,62.425,37.455,22,0.949881,18.9976,ok,22,0.949881,18.9976,ok,420,420,Common,false,false,false
173,75.432,1099659329474,449935,yoitscharlie,6,70.7083,42.425,26,0.825175,16.5035,ok,26,0.825175,16.5035,ok,144,144,Uncommon,false,false,false
174,75.3569,1099642207745,441677,yoitscharlie,8,63.7155,38.2293,28,0.928191,18.5638,ok,28,0.928191,18.5638,ok,377,144,Uncommon,false,false,false
175,75.3548,1099636300511,438904,yoitscharlie,9,62.425,37.455,23,0.947494,18.9499,ok,23,0.947494,18.9499,ok,420,420,Common,false,false,false
176,75.3051,1099651222551,445272,yoitscharlie,7,68.0372,40.8223,33,0.862069,17.2414,ok,33,0.862069,17.2414,ok,233,146,Uncommon,false,false,false
177,75.2592,1099636300512,438904,yoitscharlie,9,62.425,37.455,24,0.945107,18.9021,ok,24,0.945107,18.9021,ok,420,420,Common,false,false,false
178,75.2505,1099642207746,441677,yoitscharlie,8,63.7155,38.2293,29,0.925532,18.5106,ok,29,0.925532,18.5106,ok,377,144,Uncommon,false,false,false
179,75.2335,1099667784768,453934,yoitscharlie,5,72.3589,43.4153,19,0.795455,15.9091,ok,19,0.795455,15.9091,ok,89,89,Uncommon,false,false,false
180,75.1638,1099636300513,438904,pepperstake,9,62.425,37.455,25,0.942721,18.8544,ok,25,0.942721,18.8544,ok,420,420,Common,false,false,false
181,75.1522,1099659329475,449935,yoitscharlie,6,70.7083,42.425,27,0.818182,16.3636,ok,27,0.818182,16.3636,ok,144,144,Uncommon,false,false,false
182,75.1441,1099642207747,441677,yoitscharlie,8,63.7155,38.2293,30,0.922872,18.4574,ok,30,0.922872,18.4574,ok,377,144,Uncommon,false,false,false
183,75.1388,1099682369055,458168,bsyru.wam,4,73.3794,44.0276,13,0.777778,15.5556,ok,13,0.777778,15.5556,ok,55,39,Rare,false,false,false
184,75.1327,1099651222552,445272,yoitscharlie,7,68.0372,40.8223,34,0.857759,17.1552,ok,34,0.857759,17.1552,ok,233,146,Uncommon,false,false,false
185,75.0684,1099636300514,438904,yoitscharlie,9,62.425,37.455,26,0.940334,18.8067,ok,26,0.940334,18.8067,ok,420,420,Common,false,false,false
186,75.0379,1099642207748,441677,yoitscharlie,8,63.7155,38.2293,31,0.920213,18.4043,ok,31,0.920213,18.4043,ok,377,144,Uncommon,false,false,false
187,74.9728,1099636300515,438904,yoitscharlie,9,62.425,37.455,27,0.937947,18.7589,ok,27,0.937947,18.7589,ok,420,420,Common,false,false,false
188,74.9603,1099651222553,445272,yoitscharlie,7,68.0372,40.8223,35,0.853448,17.069,ok,35,0.853448,17.069,ok,233,146,Uncommon,false,false,false
189,74.9315,1099642207749,441677,yoitscharlie,8,63.7155,38.2293,32,0.917553,18.3511,ok,32,0.917553,18.3511,ok,377,144,Uncommon,false,false,false
190,74.8774,1099636300516,438904,yoitscharlie,9,62.425,37.455,28,0.935561,18.7112,ok,28,0.935561,18.7112,ok,420,420,Common,false,false,false
191,74.8726,1099659329476,449935,yoitscharlie,6,70.7083,42.425,28,0.811189,16.2238,ok,28,0.811189,16.2238,ok,144,144,Uncommon,false,false,false
192,74.8251,1099642207750,441677,yoitscharlie,8,63.7155,38.2293,33,0.914894,18.2979,ok,33,0.914894,18.2979,ok,377,144,Uncommon,false,false,false
193,74.7879,1099651222554,445272,yoitscharlie,7,68.0372,40.8223,36,0.849138,16.9828,ok,36,0.849138,16.9828,ok,233,146,Uncommon,false,false,false
194,74.782,1099636300517,438904,bsyru.wam,9,62.425,37.455,29,0.933174,18.6635,ok,29,0.933174,18.6635,ok,420,420,Common,false,false,false
195,74.7789,1099667784769,453934,yoitscharlie,5,72.3589,43.4153,20,0.784091,15.6818,ok,20,0.784091,15.6818,ok,89,89,Uncommon,false,false,false
196,74.7187,1099642207751,441677,yoitscharlie,8,63.7155,38.2293,34,0.912234,18.2447,ok,34,0.912234,18.2447,ok,377,144,Uncommon,false,false,false
197,74.6866,1099636300518,438904,yoitscharlie,9,62.425,37.455,30,0.930788,18.6158,ok,30,0.930788,18.6158,ok,420,420,Common,false,false,false
198,74.6155,1099651222555,445272,yoitscharlie,7,68.0372,40.8223,37,0.844828,16.8966,ok,37,0.844828,16.8966,ok,233,146,Uncommon,false,false,false
199,74.6123,1099642207752,441677,yoitscharlie,8,63.7155,38.2293,35,0.909574,18.1915,ok,35,0.909574,18.1915,ok,377,144,Uncommon,false,false,false
200,74.5928,1099659329477,449935,yoitscharlie,6,70.7083,42.425,29,0.804196,16.0839,ok,29,0.804196,16.0839,ok,144,144,Uncommon,false,false,false
201,74.591,1099636300519,438904,yoitscharlie,9,62.425,37.455,31,0.928401,18.568,ok,31,0.928401,18.568,ok,420,420,Common,false,false,false
202,74.5238,1099595902166,401779,d1uqy.wam,2,94.2064,56.5238,12,0.45,9,ok,12,0.45,9,ok,21,18,Rare,false,false,false
203,74.5059,1099642207753,441677,yoitscharlie,8,63.7155,38.2293,36,0.906915,18.1383,ok,36,0.906915,18.1383,ok,377,144,Uncommon,false,false,false
204,74.4956,1099636300520,438904,yoitscharlie,9,62.425,37.455,32,0.926014,18.5203,ok,32,0.926014,18.5203,ok,420,420,Common,false,false,false
205,74.4715,1099934276085,401786,pepperstake,3,93.8162,56.2897,19,0.454545,9.0909,ok,19,0.454545,9.0909,ok,34,21,Rare,false,false,false
206,74.4429,1099651222556,445272,yoitscharlie,7,68.0372,40.8223,38,0.840517,16.8103,ok,38,0.840517,16.8103,ok,233,146,Uncommon,false,false,false
207,74.4002,1099636300521,438904,yoitscharlie,9,62.425,37.455,33,0.923628,18.4726,ok,33,0.923628,18.4726,ok,420,420,Common,false,false,false
208,74.3995,1099642207754,441677,yoitscharlie,8,63.7155,38.2293,37,0.904255,18.0851,ok,37,0.904255,18.0851,ok,377,144,Uncommon,false,false,false
209,74.398,1099684504346,458168,yoitscharlie,4,73.3794,44.0276,14,0.759259,15.1852,ok,14,0.759259,15.1852,ok,55,39,Rare,false,false,false
210,74.3243,1099667784770,453934,yoitscharlie,5,72.3589,43.4153,21,0.772727,15.4545,ok,21,0.772727,15.4545,ok,89,89,Uncommon,false,false,false
211,74.3132,1099659329478,449935,yoitscharlie,6,70.7083,42.425,30,0.797203,15.9441,ok,30,0.797203,15.9441,ok,144,144,Uncommon,false,false,false
212,74.3046,1099636300522,438904,yoitscharlie,9,62.425,37.455,34,0.921241,18.4248,ok,34,0.921241,18.4248,ok,420,420,Common,false,false,false
213,74.2931,1099642207755,441677,yoitscharlie,8,63.7155,38.2293,38,0.901596,18.0319,ok,38,0.901596,18.0319,ok,377,144,Uncommon,false,false,false
214,74.2705,1099651222557,445272,yoitscharlie,7,68.0372,40.8223,39,0.836207,16.7241,ok,39,0.836207,16.7241,ok,233,146,Uncommon,false,false,false
215,74.2092,1099636300523,438904,yoitscharlie,9,62.425,37.455,35,0.918854,18.3771,ok,35,0.918854,18.3771,ok,420,420,Common,false,false,false
216,74.1867,1099642207756,441677,yoitscharlie,8,63.7155,38.2293,39,0.898936,17.9787,ok,39,0.898936,17.9787,ok,377,144,Uncommon,false,false,false
217,74.1138,1099636300524,438904,yoitscharlie,9,62.425,37.455,36,0.916468,18.3294,ok,36,0.916468,18.3294,ok,420,420,Common,false,false,false
218,74.0981,1099651222558,445272,yoitscharlie,7,68.0372,40.8223,40,0.831897,16.6379,ok,40,0.831897,16.6379,ok,233,146,Uncommon,false,false,false
219,74.0803,1099642207757,441677,yoitscharlie,8,63.7155,38.2293,40,0.896277,17.9255,ok,40,0.896277,17.9255,ok,377,144,Uncommon,false,false,false
220,74.0336,1099629283848,435457,pepperstake,10,56.7227,34.0336,1,1,20,ok,1,1,20,ok,610,454,Common,false,false,false
221,74.0334,1099659329479,449935,yoitscharlie,6,70.7083,42.425,31,0.79021,15.8042,ok,31,0.79021,15.8042,ok,144,144,Uncommon,false,false,false
222,74.0182,1099636300525,438904,yoitscharlie,9,62.425,37.455,37,0.914081,18.2816,ok,37,0.914081,18.2816,ok,420,420,Common,false,false,false
223,73.9739,1099642207758,441677,yoitscharlie,8,63.7155,38.2293,41,0.893617,17.8723,ok,41,0.893617,17.8723,ok,377,144,Uncommon,false,false,false
224,73.968,1099629283849,435457,yoitscharlie,10,56.7227,34.0336,2,0.998358,19.9672,ok,2,0.998358,19.9672,ok,610,454,Common,false,false,false
225,73.9257,1099651222559,445272,yoitscharlie,7,68.0372,40.8223,41,0.827586,16.5517,ok,41,0.827586,16.5517,ok,233,146,Uncommon,false,false,false
226,73.9228,1099636300526,438904,yoitscharlie,9,62.425,37.455,38,0.911695,18.2339,ok,38,0.911695,18.2339,ok,420,420,Common,false,false,false
227,73.9022,1099629283850,435457,pepperstake,10,56.7227,34.0336,3,0.996716,19.9343,ok,3,0.996716,19.9343,ok,610,454,Common,false,false,false
228,73.8699,1099667784771,453934,yoitscharlie,5,72.3589,43.4153,22,0.761364,15.2273,ok,22,0.761364,15.2273,ok,89,89,Uncommon,false,false,false
229,73.8675,1099642207759,441677,yoitscharlie,8,63.7155,38.2293,42,0.890957,17.8191,ok,42,0.890957,17.8191,ok,377,144,Uncommon,false,false,false
230,73.8366,1099629283851,435457,yoitscharlie,10,56.7227,34.0336,4,0.995074,19.9015,ok,4,0.995074,19.9015,ok,610,454,Common,false,false,false
231,73.8274,1099636300527,438904,yoitscharlie,9,62.425,37.455,39,0.909308,18.1862,ok,39,0.909308,18.1862,ok,420,420,Common,false,false,false
232,73.7708,1099629283852,435457,yoitscharlie,10,56.7227,34.0336,5,0.993432,19.8686,ok,5,0.993432,19.8686,ok,610,454,Common,false,false,false
233,73.7613,1099642207760,441677,cwzqw.wam,8,63.7155,38.2293,43,0.888298,17.766,ok,43,0.888298,17.766,ok,377,144,Uncommon,false,false,false
234,73.7536,1099659329480,449935,yoitscharlie,6,70.7083,42.425,32,0.783217,15.6643,ok,32,0.783217,15.6643,ok,144,144,Uncommon,false,false,false
235,73.7533,1099651222560,445272,yoitscharlie,7,68.0372,40.8223,42,0.823276,16.4655,ok,42,0.823276,16.4655,ok,233,146,Uncommon,false,false,false
236,73.7318,1099636300528,438904,bsyru.wam,9,62.425,37.455,40,0.906921,18.1384,ok,40,0.906921,18.1384,ok,420,420,Common,false,false,false
237,73.7052,1099629283853,435457,yoitscharlie,10,56.7227,34.0336,6,0.99179,19.8358,ok,6,0.99179,19.8358,ok,610,454,Common,false,false,false
238,73.6572,1099698515848,458168,,4,73.3794,44.0276,15,0.740741,14.8148,ok,15,0.740741,14.8148,ok,55,39,Rare,false,false,false
239,73.6549,1099642207761,441677,yoitscharlie,8,63.7155,38.2293,44,0.885638,17.7128,ok,44,0.885638,17.7128,ok,377,144,Uncommon,false,false,false
240,73.6396,1099629283854,435457,yoitscharlie,10,56.7227,34.0336,7,0.990148,19.803,ok,7,0.990148,19.803,ok,610,454,Common,false,false,false
241,73.6364,1099636300529,438904,cwzqw.wam,9,62.425,37.455,41,0.904535,18.0907,ok,41,0.904535,18.0907,ok,420,420,Common,false,false,false
242,73.5809,1099651222561,445272,yoitscharlie,7,68.0372,40.8223,43,0.818966,16.3793,ok,43,0.818966,16.3793,ok,233,146,Uncommon,false,false,false
243,73.5738,1099629283855,435457,yoitscharlie,10,56.7227,34.0336,8,0.988506,19.7701,ok,8,0.988506,19.7701,ok,610,454,Common,false,false,false
244,73.5485,1099642207762,441677,yoitscharlie,8,63.7155,38.2293,45,0.882979,17.6596,ok,45,0.882979,17.6596,ok,377,144,Uncommon,false,false,false
245,73.541,1099636300530,438904,,9,62.425,37.455,42,0.902148,18.043,ok,42,0.902148,18.043,ok,420,420,Common,false,false,false
246,73.5082,1099629283856,435457,yoitscharlie,10,56.7227,34.0336,9,0.986864,19.7373,ok,9,0.986864,19.7373,ok,610,454,Common,false,false,false
247,73.474,1099659329481,449935,yoitscharlie,6,70.7083,42.425,33,0.776224,15.5245,ok,33,0.776224,15.5245,ok,144,144,Uncommon,false,false,false
248,73.4454,1099636300531,438904,cwzqw.wam,9,62.425,37.455,43,0.899761,17.9952,ok,43,0.899761,17.9952,ok,420,420,Common,false,false,false
249,73.4424,1099629283857,435457,yoitscharlie,10,56.7227,34.0336,10,0.985222,19.7044,ok,10,0.985222,19.7044,ok,610,454,Common,false,false,false
250,73.4421,1099642207763,441677,yoitscharlie,8,63.7155,38.2293,46,0.880319,17.6064,ok,46,0.880319,17.6064,ok,377,144,Uncommon,false,false,false
251,73.4153,1099667784772,453934,yoitscharlie,5,72.3589,43.4153,23,0.75,15,ok,23,0.75,15,ok,89,89,Uncommon,false,false,false
252,73.4085,1099651222562,445272,yoitscharlie,7,68.0372,40.8223,44,0.814655,16.2931,ok,44,0.814655,16.2931,ok,233,146,Uncommon,false,false,false
253,73.3768,1099629283858,435457,yoitscharlie,10,56.7227,34.0336,11,0.98358,19.6716,ok,11,0.98358,19.6716,ok,610,454,Common,false,false,false
254,73.35,1099636300532,438904,yoitscharlie,9,62.425,37.455,44,0.897375,17.9475,ok,44,0.897375,17.9475,ok,420,420,Common,false,false,false
255,73.3357,1099642207764,441677,yoitscharlie,8,63.7155,38.2293,47,0.87766,17.5532,ok,47,0.87766,17.5532,ok,377,144,Uncommon,false,false,false
256,73.3345,1099595898022,401767,qp..w.c.wam,1,94.4465,56.6679,8,0.416667,8.3333,ok,8,0.416667,8.3333,ok,13,13,Ultra Rare,false,false,false
257,73.3112,1099629283859,435457,cwzqw.wam,10,56.7227,34.0336,12,0.981938,19.6388,ok,12,0.981938,19.6388,ok,610,454,Common,false,false,false
258,73.2593,1099939338720,401786,pepperstake,3,93.8162,56.2897,20,0.424242,8.4848,ok,20,0.424242,8.4848,ok,34,21,Rare,false,false,false
259,73.2546,1099636300533,438904,yoitscharlie,9,62.425,37.455,45,0.894988,17.8998,ok,45,0.894988,17.8998,ok,420,420,Common,false,false,false
260,73.2454,1099629283860,435457,yoitscharlie,10,56.7227,34.0336,13,0.980296,19.6059,ok,13,0.980296,19.6059,ok,610,454,Common,false,false,false
261,73.2361,1099651222563,445272,yoitscharlie,7,68.0372,40.8223,45,0.810345,16.2069,ok,45,0.810345,16.2069,ok,233,146,Uncommon,false,false,false
262,73.2293,1099642207765,441677,yoitscharlie,8,63.7155,38.2293,48,0.875,17.5,ok,48,0.875,17.5,ok,377,144,Uncommon,false,false,false
263,73.1942,1099659329482,449935,yoitscharlie,6,70.7083,42.425,34,0.769231,15.3846,ok,34,0.769231,15.3846,ok,144,144,Uncommon,false,false,false
264,73.1798,1099629283861,435457,yoitscharlie,10,56.7227,34.0336,14,0.978654,19.5731,ok,14,0.978654,19.5731,ok,610,454,Common,false,false,false
265,73.159,1099636300534,438904,yoitscharlie,9,62.425,37.455,46,0.892601,17.852,ok,46,0.892601,17.852,ok,420,420,Common,false,false,false
266,73.1229,1099642207766,441677,yoitscharlie,8,63.7155,38.2293,49,0.87234,17.4468,ok,49,0.87234,17.4468,ok,377,144,Uncommon,false,false,false
267,73.114,1099629283862,435457,yoitscharlie,10,56.7227,34.0336,15,0.977011,19.5402,ok,15,0.977011,19.5402,ok,610,454,Common,false,false,false
268,73.0637,1099651222564,445272,yoitscharlie,7,68.0372,40.8223,46,0.806034,16.1207,ok,46,0.806034,16.1207,ok,233,146,Uncommon,false,false,false
269,73.0636,1099636300535,438904,yoitscharlie,9,62.425,37.455,47,0.890215,17.8043,ok,47,0.890215,17.8043,ok,420,420,Common,false,false,false
270,73.0484,1099629283863,435457,yoitscharlie,10,56.7227,34.0336,16,0.975369,19.5074,ok,16,0.975369,19.5074,ok,610,454,Common,false,false,false
271,73.0165,1099642207767,441677,yoitscharlie,8,63.7155,38.2293,50,0.869681,17.3936,ok,50,0.869681,17.3936,ok,377,144,Uncommon,false,false,false
272,72.9826,1099629283864,435457,yoitscharlie,10,56.7227,34.0336,17,0.973727,19.4745,ok,17,0.973727,19.4745,ok,610,454,Common,false,false,false
273,72.9682,1099636300536,438904,yoitscharlie,9,62.425,37.455,48,0.887828,17.7566,ok,48,0.887828,17.7566,ok,420,420,Common,false,false,false
274,72.9607,1099667784773,453934,yoitscharlie,5,72.3589,43.4153,24,0.738636,14.7727,ok,24,0.738636,14.7727,ok,89,89,Uncommon,false,false,false
275,72.917,1099629283865,435457,yoitscharlie,10,56.7227,34.0336,18,0.972085,19.4417,ok,18,0.972085,19.4417,ok,610,454,Common,false,false,false
276,72.9164,1099705187231,458168,,4,73.3794,44.0276,16,0.722222,14.4444,ok,16,0.722222,14.4444,ok,55,39,Rare,false,false,false
277,72.9146,1099659329483,449935,yoitscharlie,6,70.7083,42.425,35,0.762238,15.2448,ok,35,0.762238,15.2448,ok,144,144,Uncommon,false,false,false
278,72.9101,1099642207768,441677,yoitscharlie,8,63.7155,38.2293,51,0.867021,17.3404,ok,51,0.867021,17.3404,ok,377,144,Uncommon,false,false,false
279,72.8913,1099651222565,445272,yoitscharlie,7,68.0372,40.8223,47,0.801724,16.0345,ok,47,0.801724,16.0345,ok,233,146,Uncommon,false,false,false
280,72.8726,1099636300537,438904,yoitscharlie,9,62.425,37.455,49,0.885442,17.7088,ok,49,0.885442,17.7088,ok,420,420,Common,false,false,false
281,72.8514,1099629283866,435457,yoitscharlie,10,56.7227,34.0336,19,0.970443,19.4089,ok,19,0.970443,19.4089,ok,610,454,Common,false,false,false
282,72.8037,1099642207769,441677,yoitscharlie,8,63.7155,38.2293,52,0.864362,17.2872,ok,52,0.864362,17.2872,ok,377,144,Uncommon,false,false,false
283,72.7856,1099629283867,435457,yoitscharlie,10,56.7227,34.0336,20,0.968801,19.376,ok,20,0.968801,19.376,ok,610,454,Common,false,false,false
284,72.7772,1099636300538,438904,yoitscharlie,9,62.425,37.455,50,0.883055,17.6611,ok,50,0.883055,17.6611,ok,420,420,Common,false,false,false
285,72.72,1099629283868,435457,yoitscharlie,10,56.7227,34.0336,21,0.967159,19.3432,ok,21,0.967159,19.3432,ok,610,454,Common,false,false,false
286,72.7189,1099651222566,445272,yoitscharlie,7,68.0372,40.8223,48,0.797414,15.9483,ok,48,0.797414,15.9483,ok,233,146,Uncommon,false,false,false
287,72.6973,1099642207770,441677,yoitscharlie,8,63.7155,38.2293,53,0.861702,17.234,ok,53,0.861702,17.234,ok,377,144,Uncommon,false,false,false
288,72.6818,1099636300539,438904,yoitscharlie,9,62.425,37.455,51,0.880668,17.6134,ok,51,0.880668,17.6134,ok,420,420,Common,false,false,false
289,72.6542,1099629283869,435457,yoitscharlie,10,56.7227,34.0336,22,0.965517,19.3103,ok,22,0.965517,19.3103,ok,610,454,Common,false,false,false
290,72.6348,1099659329484,449935,yoitscharlie,6,70.7083,42.425,36,0.755245,15.1049,ok,36,0.755245,15.1049,ok,144,144,Uncommon,false,false,false
291,72.5911,1099642207771,441677,yoitscharlie,8,63.7155,38.2293,54,0.859043,17.1809,ok,54,0.859043,17.1809,ok,377,144,Uncommon,false,false,false
292,72.5886,1099629283870,435457,yoitscharlie,10,56.7227,34.0336,23,0.963875,19.2775,ok,23,0.963875,19.2775,ok,610,454,Common,false,false,false
293,72.5862,1099636300540,438904,xsph.wam,9,62.425,37.455,52,0.878282,17.5656,ok,52,0.878282,17.5656,ok,420,420,Common,false,false,false
294,72.5465,1099651222567,445272,yoitscharlie,7,68.0372,40.8223,49,0.793103,15.8621,ok,49,0.793103,15.8621,ok,233,146,Uncommon,false,false,false
295,72.5238,1099595902167,401779,yoitscharlie,2,94.2064,56.5238,13,0.4,8,ok,13,0.4,8,ok,21,18,Rare,false,false,false
296,72.523,1099629283871,435457,yoitscharlie,10,56.7227,34.0336,24,0.962233,19.2447,ok,24,0.962233,19.2447,ok,610,454,Common,false,false,false
297,72.5063,1099667784774,453934,yoitscharlie,5,72.3589,43.4153,25,0.727273,14.5455,ok,25,0.727273,14.5455,ok,89,89,Uncommon,false,false,false
298,72.4908,1099636300541,438904,,9,62.425,37.455,53,0.875895,17.5179,ok,53,0.875895,17.5179,ok,420,420,Common,false,false,false
299,72.4847,1099642207772,441677,yoitscharlie,8,63.7155,38.2293,55,0.856383,17.1277,ok,55,0.856383,17.1277,ok,377,144,Uncommon,false,false,false
300,72.4572,1099629283872,435457,yoitscharlie,10,56.7227,34.0336,25,0.960591,19.2118,ok,25,0.960591,19.2118,ok,610,454,Common,false,false,false
301,72.3954,1099636300542,438904,yoitscharlie,9,62.425,37.455,54,0.873508,17.4702,ok,54,0.873508,17.4702,ok,420,420,Common,false,false,false
302,72.3916,1099629283873,435457,yoitscharlie,10,56.7227,34.0336,26,0.958949,19.179,ok,26,0.958949,19.179,ok,610,454,Common,false,false,false
303,72.3783,1099643442822,441677,pepperstake,8,63.7155,38.2293,56,0.853723,17.0745,ok,56,0.853723,17.0745,ok,377,144,Uncommon,false,false,false
304,72.3741,1099651222568,445272,yoitscharlie,7,68.0372,40.8223,50,0.788793,15.7759,ok,50,0.788793,15.7759,ok,233,146,Uncommon,false,false,false
305,72.355,1099659329485,449935,yoitscharlie,6,70.7083,42.425,37,0.748252,14.965,ok,37,0.748252,14.965,ok,144,144,Uncommon,false,false,false
306,72.3258,1099629283874,435457,yoitscharlie,10,56.7227,34.0336,27,0.957307,19.1461,ok,27,0.957307,19.1461,ok,610,454,Common,false,false,false
307,72.2998,1099636300543,438904,yoitscharlie,9,62.425,37.455,55,0.871122,17.4224,ok,55,0.871122,17.4224,ok,420,420,Common,false,false,false
308,72.2719,1099643443133,441677,5fsuc.wam,8,63.7155,38.2293,57,0.851064,17.0213,ok,57,0.851064,17.0213,ok,377,144,Uncommon,false,false,false
309,72.2602,1099629283875,435457,yoitscharlie,10,56.7227,34.0336,28,0.955665,19.1133,ok,28,0.955665,19.1133,ok,610,454,Common,false,false,false
310,72.2044,1099636335020,438904,qr1nc.c.wam,9,62.425,37.455,56,0.868735,17.3747,ok,56,0.868735,17.3747,ok,420,420,Common,false,false,false
311,72.2017,1099651222569,445272,yoitscharlie,7,68.0372,40.8223,51,0.784483,15.6897,ok,51,0.784483,15.6897,ok,233,146,Uncommon,false,false,false
312,72.1946,1099629283876,435457,yoitscharlie,10,56.7227,34.0336,29,0.954023,19.0805,ok,29,0.954023,19.0805,ok,610,454,Common,false,false,false
313,72.1758,1099788221653,458168,,4,73.3794,44.0276,17,0.703704,14.0741,ok,17,0.703704,14.0741,ok,55,39,Rare,false,false,false
314,72.1655,1099643443337,441677,,8,63.7155,38.2293,58,0.848404,16.9681,ok,58,0.848404,16.9681,ok,377,144,Uncommon,false,false,false
315,72.1288,1099629283877,435457,yoitscharlie,10,56.7227,34.0336,30,0.952381,19.0476,ok,30,0.952381,19.0476,ok,610,454,Common,false,false,false
316,72.109,1099636335021,438904,pepperstake,9,62.425,37.455,57,0.866348,17.327,ok,57,0.866348,17.327,ok,420,420,Common,false,false,false
317,72.0754,1099659329486,449935,yoitscharlie,6,70.7083,42.425,38,0.741259,14.8252,ok,38,0.741259,14.8252,ok,144,144,Uncommon,false,false,false
318,72.0632,1099629283878,435457,yoitscharlie,10,56.7227,34.0336,31,0.950739,19.0148,ok,31,0.950739,19.0148,ok,610,454,Common,false,false,false
319,72.0591,1099643443501,441677,,8,63.7155,38.2293,59,0.845745,16.9149,ok,59,0.845745,16.9149,ok,377,144,Uncommon,false,false,false
320,72.0517,1099667784775,453934,yoitscharlie,5,72.3589,43.4153,26,0.715909,14.3182,ok,26,0.715909,14.3182,ok,89,89,Uncommon,false,false,false
321,72.0473,1099951264537,401786,pepperstake,3,93.8162,56.2897,21,0.393939,7.8788,ok,21,0.393939,7.8788,ok,34,21,Rare,false,false,false
322,72.0291,1099651222570,445272,yoitscharlie,7,68.0372,40.8223,52,0.780172,15.6034,ok,52,0.780172,15.6034,ok,233,146,Uncommon,false,false,false
323,72.0134,1099636335022,438904,ve41k.c.wam,9,62.425,37.455,58,0.863962,17.2792,ok,58,0.863962,17.2792,ok,420,420,Common,false,false,false
324,71.9974,1099629283879,435457,yoitscharlie,10,56.7227,34.0336,32,0.949097,18.9819,ok,32,0.949097,18.9819,ok,610,454,Common,false,false,false
325,71.9527,1099643443566,441677,,8,63.7155,38.2293,60,0.843085,16.8617,ok,60,0.843085,16.8617,ok,377,144,Uncommon,false,false,false
326,71.9318,1099629283880,435457,yoitscharlie,10,56.7227,34.0336,33,0.947455,18.9491,ok,33,0.947455,18.9491,ok,610,454,Common,false,false,false
327,71.918,1099636335023,438904,qr1nc.c.wam,9,62.425,37.455,59,0.861575,17.2315,ok,59,0.861575,17.2315,ok,420,420,Common,false,false,false
328,71.8662,1099629283881,435457,yoitscharlie,10,56.7227,34.0336,34,0.945813,18.9163,ok,34,0.945813,18.9163,ok,610,454,Common,false,false,false
329,71.8567,1099651222571,445272,yoitscharlie,7,68.0372,40.8223,53,0.775862,15.5172,ok,53,0.775862,15.5172,ok,233,146,Uncommon,false,false,false
330,71.8463,1099643443876,441677,wfor4.wam,8,63.7155,38.2293,61,0.840426,16.8085,ok,61,0.840426,16.8085,ok,377,144,Uncommon,false,false,false
331,71.8226,1099636335024,438904,pepperstake,9,62.425,37.455,60,0.859189,17.1838,ok,60,0.859189,17.1838,ok,420,420,Common,false,false,false
332,71.8004,1099629283882,435457,yoitscharlie,10,56.7227,34.0336,35,0.944171,18.8834,ok,35,0.944171,18.8834,ok,610,454,Common,false,false,false
333,71.7956,1099659329487,449935,yoitscharlie,6,70.7083,42.425,39,0.734266,14.6853,ok,39,0.734266,14.6853,ok,144,144,Uncommon,false,false,false
334,71.7399,1099643444067,441677,,8,63.7155,38.2293,62,0.837766,16.7553,ok,62,0.837766,16.7553,ok,377,144,Uncommon,false,false,false
335,71.7348,1099629283883,435457,yoitscharlie,10,56.7227,34.0336,36,0.942529,18.8506,ok,36,0.942529,18.8506,ok,610,454,Common,false,false,false
336,71.727,1099636335025,438904,pepperstake,9,62.425,37.455,61,0.856802,17.136,ok,61,0.856802,17.136,ok,420,420,Common,false,false,false
337,71.6843,1099651222572,445272,yoitscharlie,7,68.0372,40.8223,54,0.771552,15.431,ok,54,0.771552,15.431,ok,233,146,Uncommon,false,false,false
338,71.669,1099629283884,435457,yoitscharlie,10,56.7227,34.0336,37,0.940887,18.8177,ok,37,0.940887,18.8177,ok,610,454,Common,false,false,false
339,71.6335,1099643446284,441677,kelin.gm,8,63.7155,38.2293,63,0.835106,16.7021,ok,63,0.835106,16.7021,ok,377,144,Uncommon,false,false,false
340,71.6316,1099636335026,438904,pepperstake,9,62.425,37.455,62,0.854415,17.0883,ok,62,0.854415,17.0883,ok,420,420,Common,false,false,false
341,71.6034,1099629283885,435457,yoitscharlie,10,56.7227,34.0336,38,0.939245,18.7849,ok,38,0.939245,18.7849,ok,610,454,Common,false,false,false
342,71.5971,1099667784776,453934,yoitscharlie,5,72.3589,43.4153,27,0.704545,14.0909,ok,27,0.704545,14.0909,ok,89,89,Uncommon,false,false,false
343,71.5378,1099629283886,435457,yoitscharlie,10,56.7227,34.0336,39,0.937603,18.7521,ok,39,0.937603,18.7521,ok,610,454,Common,false,false,false
344,71.5362,1099636335027,438904,pepperstake,9,62.425,37.455,63,0.852029,17.0406,ok,63,0.852029,17.0406,ok,420,420,Common,false,false,false
345,71.5271,1099643446693,441677,,8,63.7155,38.2293,64,0.832447,16.6489,ok,64,0.832447,16.6489,ok,377,144,Uncommon,false,false,false
346,71.516,1099659329488,449935,yoitscharlie,6,70.7083,42.425,40,0.727273,14.5455,ok,40,0.727273,14.5455,ok,144,144,Uncommon,false,false,false
347,71.5119,1099651222573,445272,yoitscharlie,7,68.0372,40.8223,55,0.767241,15.3448,ok,55,0.767241,15.3448,ok,233,146,Uncommon,false,false,false
348,71.472,1099629283887,435457,yoitscharlie,10,56.7227,34.0336,40,0.935961,18.7192,ok,40,0.935961,18.7192,ok,610,454,Common,false,false,false
349,71.4406,1099636335028,438904,pepperstake,9,62.425,37.455,64,0.849642,16.9928,ok,64,0.849642,16.9928,ok,420,420,Common,false,false,false
350,71.435,1099812061084,458168,,4,73.3794,44.0276,18,0.685185,13.7037,ok,18,0.685185,13.7037,ok,55,39,Rare,false,false,false
351,71.4207,1099643448064,441677,,8,63.7155,38.2293,65,0.829787,16.5957,ok,65,0.829787,16.5957,ok,377,144,Uncommon,false,false,false
352,71.4064,1099629283888,435457,cwzqw.wam,10,56.7227,34.0336,41,0.934319,18.6864,ok,41,0.934319,18.6864,ok,610,454,Common,false,false,false
353,71.3452,1099636335029,438904,qr1nc.c.wam,9,62.425,37.455,65,0.847255,16.9451,ok,65,0.847255,16.9451,ok,420,420,Common,false,false,false
354,71.3406,1099629283889,435457,yoitscharlie,10,56.7227,34.0336,42,0.932677,18.6535,ok,42,0.932677,18.6535,ok,610,454,Common,false,false,false
355,71.3395,1099651255283,445272,,7,68.0372,40.8223,56,0.762931,15.2586,ok,56,0.762931,15.2586,ok,233,146,Uncommon,false,false,false
356,71.3145,1099643448816,441677,,8,63.7155,38.2293,66,0.827128,16.5426,ok,66,0.827128,16.5426,ok,377,144,Uncommon,false,false,false
357,71.275,1099629283890,435457,cwzqw.wam,10,56.7227,34.0336,43,0.931034,18.6207,ok,43,0.931034,18.6207,ok,610,454,Common,false,false,false
358,71.2498,1099636335037,438904,5fsuc.wam,9,62.425,37.455,66,0.844869,16.8974,ok,66,0.844869,16.8974,ok,420,420,Common,false,false,false
359,71.2362,1099659329489,449935,yoitscharlie,6,70.7083,42.425,41,0.72028,14.4056,ok,41,0.72028,14.4056,ok,144,144,Uncommon,false,false,false
360,71.2092,1099629283891,435457,yoitscharlie,10,56.7227,34.0336,44,0.929392,18.5878,ok,44,0.929392,18.5878,ok,610,454,Common,false,false,false
361,71.2081,1099643449068,441677,sb.qw.wam,8,63.7155,38.2293,67,0.824468,16.4894,ok,67,0.824468,16.4894,ok,377,144,Uncommon,false,false,false
362,71.1671,1099651255369,445272,,7,68.0372,40.8223,57,0.758621,15.1724,ok,57,0.758621,15.1724,ok,233,146,Uncommon,false,false,false
363,71.1542,1099636335038,438904,5fsuc.wam,9,62.425,37.455,67,0.842482,16.8496,ok,67,0.842482,16.8496,ok,420,420,Common,false,false,false
364,71.1436,1099629283892,435457,yoitscharlie,10,56.7227,34.0336,45,0.92775,18.555,ok,45,0.92775,18.555,ok,610,454,Common,false,false,false
365,71.1425,1099667784777,453934,yoitscharlie,5,72.3589,43.4153,28,0.693182,13.8636,ok,28,0.693182,13.8636,ok,89,89,Uncommon,false,false,false
366,71.1017,1099643449216,441677,sdpww.wam,8,63.7155,38.2293,68,0.821809,16.4362,ok,68,0.821809,16.4362,ok,377,144,Uncommon,false,false,false
367,71.078,1099629283893,435457,yoitscharlie,10,56.7227,34.0336,46,0.926108,18.5222,ok,46,0.926108,18.5222,ok,610,454,Common,false,false,false
368,71.0588,1099636335047,438904,,9,62.425,37.455,68,0.840095,16.8019,ok,68,0.840095,16.8019,ok,420,420,Common,false,false,false
369,71.0122,1099629283894,435457,yoitscharlie,10,56.7227,34.0336,47,0.924466,18.4893,ok,47,0.924466,18.4893,ok,610,454,Common,false,false,false
370,70.9953,1099643449224,441677,sdpww.wam,8,63.7155,38.2293,69,0.819149,16.383,ok,69,0.819149,16.383,ok,377,144,Uncommon,false,false,false
371,70.9947,1099651256148,445272,,7,68.0372,40.8223,58,0.75431,15.0862,ok,58,0.75431,15.0862,ok,233,146,Uncommon,false,false,false
372,70.9634,1099636335048,438904,yoitscharlie,9,62.425,37.455,69,0.837709,16.7542,ok,69,0.837709,16.7542,ok,420,420,Common,false,false,false
373,70.9564,1099659329490,449935,yoitscharlie,6,70.7083,42.425,42,0.713287,14.2657,ok,42,0.713287,14.2657,ok,144,144,Uncommon,false,false,false
374,70.9466,1099629283895,435457,yoitscharlie,10,56.7227,34.0336,48,0.922824,18.4565,ok,48,0.922824,18.4565,ok,610,454,Common,false,false,false
375,70.8889,1099643449254,441677,,8,63.7155,38.2293,70,0.816489,16.3298,ok,70,0.816489,16.3298,ok,377,144,Uncommon,false,false,false
376,70.8808,1099629283896,435457,yoitscharlie,10,56.7227,34.0336,49,0.921182,18.4236,ok,49,0.921182,18.4236,ok,610,454,Common,false,false,false
377,70.8678,1099636335068,438904,pepperstake,9,62.425,37.455,70,0.835322,16.7064,ok,70,0.835322,16.7064,ok,420,420,Common,false,false,false
378,70.8351,1099997876482,401786,yoitscharlie,3,93.8162,56.2897,22,0.363636,7.2727,ok,22,0.363636,7.2727,ok,34,21,Rare,false,false,false
379,70.8223,1099651263716,445272,dyobo.wam,7,68.0372,40.8223,59,0.75,15,ok,59,0.75,15,ok,233,146,Uncommon,false,false,false
380,70.8152,1099629283897,435457,yoitscharlie,10,56.7227,34.0336,50,0.91954,18.3908,ok,50,0.91954,18.3908,ok,610,454,Common,false,false,false
381,70.7825,1099643449275,441677,toonboytwofu,8,63.7155,38.2293,71,0.81383,16.2766,ok,71,0.81383,16.2766,ok,377,144,Uncommon,false,false,false
382,70.7724,1099636335127,438904,3u5gw.wam,9,62.425,37.455,71,0.832936,16.6587,ok,71,0.832936,16.6587,ok,420,420,Common,false,false,false
383,70.7496,1099629283898,435457,yoitscharlie,10,56.7227,34.0336,51,0.917898,18.358,ok,51,0.917898,18.358,ok,610,454,Common,false,false,false
384,70.6942,1099812097553,458168,,4,73.3794,44.0276,19,0.666667,13.3333,ok,19,0.666667,13.3333,ok,55,39,Rare,false,false,false
385,70.6881,1099667784778,453934,yoitscharlie,5,72.3589,43.4153,29,0.681818,13.6364,ok,29,0.681818,13.6364,ok,89,89,Uncommon,false,false,false
386,70.6838,1099629283899,435457,yoitscharlie,10,56.7227,34.0336,52,0.916256,18.3251,ok,52,0.916256,18.3251,ok,610,454,Common,false,false,false
387,70.677,1099636335128,438904,3u5gw.wam,9,62.425,37.455,72,0.830549,16.611,ok,72,0.830549,16.611,ok,420,420,Common,false,false,false
388,70.6768,1099659329491,449935,yoitscharlie,6,70.7083,42.425,43,0.706294,14.1259,ok,43,0.706294,14.1259,ok,144,144,Uncommon,false,false,false
389,70.6761,1099643449276,441677,sb.qw.wam,8,63.7155,38.2293,72,0.81117,16.2234,ok,72,0.81117,16.2234,ok,377,144,Uncommon,false,false,false
390,70.6499,1099651267098,445272,,7,68.0372,40.8223,60,0.74569,14.9138,ok,60,0.74569,14.9138,ok,233,146,Uncommon,false,false,false
391,70.6182,1099629283900,435457,yoitscharlie,10,56.7227,34.0336,53,0.914614,18.2923,ok,53,0.914614,18.2923,ok,610,454,Common,false,false,false
392,70.5814,1099636335129,438904,3u5gw.wam,9,62.425,37.455,73,0.828162,16.5632,ok,73,0.828162,16.5632,ok,420,420,Common,false,false,false
393,70.5697,1099643449282,441677,,8,63.7155,38.2293,73,0.808511,16.1702,ok,73,0.808511,16.1702,ok,377,144,Uncommon,false,false,false
394,70.5524,1099629283901,435457,yoitscharlie,10,56.7227,34.0336,54,0.912972,18.2594,ok,54,0.912972,18.2594,ok,610,454,Common,false,false,false
395,70.5238,1099809598825,401779,cwzqw.wam,2,94.2064,56.5238,14,0.35,7,ok,14,0.35,7,ok,21,18,Rare,false,false,false
396,70.4868,1099629283902,435457,yoitscharlie,10,56.7227,34.0336,55,0.91133,18.2266,ok,55,0.91133,18.2266,ok,610,454,Common,false,false,false
397,70.486,1099636335130,438904,3u5gw.wam,9,62.425,37.455,74,0.825776,16.5155,ok,74,0.825776,16.5155,ok,420,420,Common,false,false,false
398,70.4775,1099651278844,445272,,7,68.0372,40.8223,61,0.741379,14.8276,ok,61,0.741379,14.8276,ok,233,146,Uncommon,false,false,false
399,70.4633,1099643449292,441677,5.1xq.wam,8,63.7155,38.2293,74,0.805851,16.117,ok,74,0.805851,16.117,ok,377,144,Uncommon,false,false,false
400,70.4212,1099629357013,435457,q4oia.wam,10,56.7227,34.0336,56,0.909688,18.1938,ok,56,0.909688,18.1938,ok,610,454,Common,false,false,false
401,70.397,1099659329492,449935,yoitscharlie,6,70.7083,42.425,44,0.699301,13.986,ok,44,0.699301,13.986,ok,144,144,Uncommon,false,false,false
402,70.3906,1099636335131,438904,3u5gw.wam,9,62.425,37.455,75,0.823389,16.4678,ok,75,0.823389,16.4678,ok,420,420,Common,false,false,false
403,70.3569,1099643449302,441677,toonboytwofu,8,63.7155,38.2293,75,0.803191,16.0638,ok,75,0.803191,16.0638,ok,377,144,Uncommon,false,false,false
404,70.3554,1099629357163,435457,5fsuc.wam,10,56.7227,34.0336,57,0.908046,18.1609,ok,57,0.908046,18.1609,ok,610,454,Common,false,false,false
405,70.3051,1099651308691,445272,pepperstake,7,68.0372,40.8223,62,0.737069,14.7414,ok,62,0.737069,14.7414,ok,233,146,Uncommon,false,false,false
406,70.295,1099636335132,438904,3u5gw.wam,9,62.425,37.455,76,0.821002,16.42,ok,76,0.821002,16.42,ok,420,420,Common,false,false,false
407,70.2898,1099629357273,435457,,10,56.7227,34.0336,58,0.906404,18.1281,ok,58,0.906404,18.1281,ok,610,454,Common,false,false,false
408,70.2505,1099643449359,441677,,8,63.7155,38.2293,76,0.800532,16.0106,ok,76,0.800532,16.0106,ok,377,144,Uncommon,false,false,false
409,70.2335,1099667784779,453934,yoitscharlie,5,72.3589,43.4153,30,0.670455,13.4091,ok,30,0.670455,13.4091,ok,89,89,Uncommon,false,false,false
410,70.224,1099629357355,435457,1fcgq.wam,10,56.7227,34.0336,59,0.904762,18.0952,ok,59,0.904762,18.0952,ok,610,454,Common,false,false,false
411,70.1996,1099636335133,438904,3u5gw.wam,9,62.425,37.455,77,0.818616,16.3723,ok,77,0.818616,16.3723,ok,420,420,Common,false,false,false
412,70.1584,1099629357381,435457,jr.fu.wam,10,56.7227,34.0336,60,0.90312,18.0624,ok,60,0.90312,18.0624,ok,610,454,Common,false,false,false
413,70.1441,1099643449376,441677,pepperstake,8,63.7155,38.2293,77,0.797872,15.9574,ok,77,0.797872,15.9574,ok,377,144,Uncommon,false,false,false
414,70.1327,1099651308716,445272,,7,68.0372,40.8223,63,0.732759,14.6552,ok,63,0.732759,14.6552,ok,233,146,Uncommon,false,false,false
415,70.1174,1099659329493,449935,yoitscharlie,6,70.7083,42.425,45,0.692308,13.8462,ok,45,0.692308,13.8462,ok,144,144,Uncommon,false,false,false
416,70.1042,1099636335134,438904,3u5gw.wam,9,62.425,37.455,78,0.816229,16.3246,ok,78,0.816229,16.3246,ok,420,420,Common,false,false,false
417,70.0928,1099629360764,435457,sb.qw.wam,10,56.7227,34.0336,61,0.901478,18.0296,ok,61,0.901478,18.0296,ok,610,454,Common,false,false,false
418,70.0379,1099643449427,441677,sb.qw.wam,8,63.7155,38.2293,78,0.795213,15.9043,ok,78,0.795213,15.9043,ok,377,144,Uncommon,false,false,false
419,70.027,1099629361062,435457,,10,56.7227,34.0336,62,0.899836,17.9967,ok,62,0.899836,17.9967,ok,610,454,Common,false,false,false
420,70.0086,1099636335135,438904,3u5gw.wam,9,62.425,37.455,79,0.813842,16.2768,ok,79,0.813842,16.2768,ok,420,420,Common,false,false,false
421,70.0013,1099595898023,401767,neftyblocksd,1,94.4465,56.6679,9,0.333333,6.6667,ok,9,0.333333,6.6667,ok,13,13,Ultra Rare,false,false,false
422,69.9614,1099629363792,435457,,10,56.7227,34.0336,63,0.898194,17.9639,ok,63,0.898194,17.9639,ok,610,454,Common,false,false,false
423,69.9603,1099651308925,445272,,7,68.0372,40.8223,64,0.728448,14.569,ok,64,0.728448,14.569,ok,233,146,Uncommon,false,false,false
424,69.9536,1099812097554,458168,,4,73.3794,44.0276,20,0.648148,12.963,ok,20,0.648148,12.963,ok,55,39,Rare,false,false,false
425,69.9315,1099643450224,441677,sb.qw.wam,8,63.7155,38.2293,79,0.792553,15.8511,ok,79,0.792553,15.8511,ok,377,144,Uncommon,false,false,false
426,69.9132,1099636335136,438904,3u5gw.wam,9,62.425,37.455,80,0.811456,16.2291,ok,80,0.811456,16.2291,ok,420,420,Common,false,false,false
427,69.8956,1099629365032,435457,.dvlu.c.wam,10,56.7227,34.0336,64,0.896552,17.931,ok,64,0.896552,17.931,ok,610,454,Common,false,false,false
428,69.8376,1099659329494,449935,yoitscharlie,6,70.7083,42.425,46,0.685315,13.7063,ok,46,0.685315,13.7063,ok,144,144,Uncommon,false,false,false
429,69.83,1099629376939,435457,,10,56.7227,34.0336,65,0.89491,17.8982,ok,65,0.89491,17.8982,ok,610,454,Common,false,false,false
430,69.8251,1099643451510,441677,,8,63.7155,38.2293,80,0.789894,15.7979,ok,80,0.789894,15.7979,ok,377,144,Uncommon,false,false,false
431,69.8178,1099636335137,438904,3u5gw.wam,9,62.425,37.455,81,0.809069,16.1814,ok,81,0.809069,16.1814,ok,420,420,Common,false,false,false
432,69.7879,1099651313211,445272,42tec.wam,7,68.0372,40.8223,65,0.724138,14.4828,ok,65,0.724138,14.4828,ok,233,146,Uncommon,false,false,false
433,69.7789,1099667784780,453934,yoitscharlie,5,72.3589,43.4153,31,0.659091,13.1818,ok,31,0.659091,13.1818,ok,89,89,Uncommon,false,false,false
434,69.7644,1099629377030,435457,,10,56.7227,34.0336,66,0.893268,17.8654,ok,66,0.893268,17.8654,ok,610,454,Common,false,false,false
435,69.7224,1099636335138,438904,3u5gw.wam,9,62.425,37.455,82,0.806683,16.1337,ok,82,0.806683,16.1337,ok,420,420,Common,false,false,false
436,69.7187,1099643452575,441677,,8,63.7155,38.2293,81,0.787234,15.7447,ok,81,0.787234,15.7447,ok,377,144,Uncommon,false,false,false
437,69.6986,1099629387130,435457,sdpww.wam,10,56.7227,34.0336,67,0.891626,17.8325,ok,67,0.891626,17.8325,ok,610,454,Common,false,false,false
438,69.633,1099629387195,435457,sdpww.wam,10,56.7227,34.0336,68,0.889984,17.7997,ok,68,0.889984,17.7997,ok,610,454,Common,false,false,false
439,69.6268,1099636335139,438904,3u5gw.wam,9,62.425,37.455,83,0.804296,16.0859,ok,83,0.804296,16.0859,ok,420,420,Common,false,false,false
440,69.6231,1099997876483,401786,yoitscharlie,3,93.8162,56.2897,23,0.333333,6.6667,ok,23,0.333333,6.6667,ok,34,21,Rare,false,false,false
441,69.6155,1099651321325,445272,4nvqy.wam,7,68.0372,40.8223,66,0.719828,14.3966,ok,66,0.719828,14.3966,ok,233,146,Uncommon,false,false,false
442,69.6123,1099643460746,441677,eaz1e.c.wam,8,63.7155,38.2293,82,0.784574,15.6915,ok,82,0.784574,15.6915,ok,377,144,Uncommon,false,false,false
443,69.5672,1099629387236,435457,sdpww.wam,10,56.7227,34.0336,69,0.888342,17.7668,ok,69,0.888342,17.7668,ok,610,454,Common,false,false,false
444,69.5578,1099659329495,449935,yoitscharlie,6,70.7083,42.425,47,0.678322,13.5664,ok,47,0.678322,13.5664,ok,144,144,Uncommon,false,false,false
445,69.5314,1099636335140,438904,3u5gw.wam,9,62.425,37.455,84,0.801909,16.0382,ok,84,0.801909,16.0382,ok,420,420,Common,false,false,false
446,69.5059,1099643464932,441677,wfor4.wam,8,63.7155,38.2293,83,0.781915,15.6383,ok,83,0.781915,15.6383,ok,377,144,Uncommon,false,false,false
447,69.5016,1099629388337,435457,pepperstake,10,56.7227,34.0336,70,0.8867,17.734,ok,70,0.8867,17.734,ok,610,454,Common,false,false,false
448,69.4429,1099651328229,445272,pepperstake,7,68.0372,40.8223,67,0.715517,14.3103,ok,67,0.715517,14.3103,ok,233,146,Uncommon,false,false,false
449,69.436,1099636335141,438904,3u5gw.wam,9,62.425,37.455,85,0.799523,15.9905,ok,85,0.799523,15.9905,ok,420,420,Common,false,false,false
450,69.4358,1099629391973,435457,pepperstake,10,56.7227,34.0336,71,0.885057,17.7011,ok,71,0.885057,17.7011,ok,610,454,Common,false,false,false
451,69.3995,1099643466611,441677,pepperstake,8,63.7155,38.2293,84,0.779255,15.5851,ok,84,0.779255,15.5851,ok,377,144,Uncommon,false,false,false
452,69.3702,1099629420276,435457,sdlr4.wam,10,56.7227,34.0336,72,0.883415,17.6683,ok,72,0.883415,17.6683,ok,610,454,Common,false,false,false
453,69.3404,1099636335142,438904,3u5gw.wam,9,62.425,37.455,86,0.797136,15.9427,ok,86,0.797136,15.9427,ok,420,420,Common,false,false,false
454,69.3243,1099667784781,453934,yoitscharlie,5,72.3589,43.4153,32,0.647727,12.9545,ok,32,0.647727,12.9545,ok,89,89,Uncommon,false,false,false
455,69.3046,1099629975191,435457,sqeba.wam,10,56.7227,34.0336,73,0.881773,17.6355,ok,73,0.881773,17.6355,ok,610,454,Common,false,false,false
456,69.2931,1099643470857,441677,,8,63.7155,38.2293,85,0.776596,15.5319,ok,85,0.776596,15.5319,ok,377,144,Uncommon,false,false,false
457,69.2782,1099659329496,449935,yoitscharlie,6,70.7083,42.425,48,0.671329,13.4266,ok,48,0.671329,13.4266,ok,144,144,Uncommon,false,false,false
458,69.2705,1099651329083,445272,pepperstake,7,68.0372,40.8223,68,0.711207,14.2241,ok,68,0.711207,14.2241,ok,233,146,Uncommon,false,false,false
459,69.245,1099636335143,438904,3u5gw.wam,9,62.425,37.455,87,0.794749,15.895,ok,87,0.794749,15.895,ok,420,420,Common,false,false,false
460,69.2388,1099630136424,435457,q4oia.wam,10,56.7227,34.0336,74,0.880131,17.6026,ok,74,0.880131,17.6026,ok,610,454,Common,false,false,false
461,69.2128,1099812097555,458168,bsyru.wam,4,73.3794,44.0276,21,0.62963,12.5926,ok,21,0.62963,12.5926,ok,55,39,Rare,false,false,false
462,69.1867,1099643487423,441677,,8,63.7155,38.2293,86,0.773936,15.4787,ok,86,0.773936,15.4787,ok,377,144,Uncommon,false,false,false
463,69.1732,1099630990535,435457,3klrm.wam,10,56.7227,34.0336,75,0.878489,17.5698,ok,75,0.878489,17.5698,ok,610,454,Common,false,false,false
464,69.1496,1099636335144,438904,3u5gw.wam,9,62.425,37.455,88,0.792363,15.8473,ok,88,0.792363,15.8473,ok,420,420,Common,false,false,false
465,69.1074,1099630990710,435457,3klrm.wam,10,56.7227,34.0336,76,0.876847,17.5369,ok,76,0.876847,17.5369,ok,610,454,Common,false,false,false
466,69.0981,1099651329150,445272,yoitscharlie,7,68.0372,40.8223,69,0.706897,14.1379,ok,69,0.706897,14.1379,ok,233,146,Uncommon,false,false,false
467,69.0803,1099643487663,441677,,8,63.7155,38.2293,87,0.771277,15.4255,ok,87,0.771277,15.4255,ok,377,144,Uncommon,false,false,false
468,69.054,1099636335145,438904,3u5gw.wam,9,62.425,37.455,89,0.789976,15.7995,ok,89,0.789976,15.7995,ok,420,420,Common,false,false,false
469,69.0418,1099631077871,435457,peyr4.wam,10,56.7227,34.0336,77,0.875205,17.5041,ok,77,0.875205,17.5041,ok,610,454,Common,false,false,false
470,68.9984,1099659329497,449935,yoitscharlie,6,70.7083,42.425,49,0.664336,13.2867,ok,49,0.664336,13.2867,ok,144,144,Uncommon,false,false,false
471,68.9762,1099631833269,435457,,10,56.7227,34.0336,78,0.873563,17.4713,ok,78,0.873563,17.4713,ok,610,454,Common,false,false,false
472,68.9739,1099643487664,441677,bsyru.wam,8,63.7155,38.2293,88,0.768617,15.3723,ok,88,0.768617,15.3723,ok,377,144,Uncommon,false,false,false
473,68.9586,1099636335146,438904,3u5gw.wam,9,62.425,37.455,90,0.787589,15.7518,ok,90,0.787589,15.7518,ok,420,420,Common,false,false,false
474,68.9257,1099651354609,445272,,7,68.0372,40.8223,70,0.702586,14.0517,ok,70,0.702586,14.0517,ok,233,146,Uncommon,false,false,false
475,68.9104,1099638225975,435457,,10,56.7227,34.0336,79,0.871921,17.4384,ok,79,0.871921,17.4384,ok,610,454,Common,false,false,false
476,68.8699,1099667784782,453934,yoitscharlie,5,72.3589,43.4153,33,0.636364,12.7273,ok,33,0.636364,12.7273,ok,89,89,Uncommon,false,false,false
477,68.8675,1099643487830,441677,pepperstake,8,63.7155,38.2293,89,0.765957,15.3191,ok,89,0.765957,15.3191,ok,377,144,Uncommon,false,false,false
478,68.8632,1099636335170,438904,toonboytwofu,9,62.425,37.455,91,0.785203,15.7041,ok,91,0.785203,15.7041,ok,420,420,Common,false,false,false
479,68.8448,1099638225976,435457,pepperstake,10,56.7227,34.0336,80,0.870279,17.4056,ok,80,0.870279,17.4056,ok,610,454,Common,false,false,false
480,68.779,1099638225977,435457,sb.qw.wam,10,56.7227,34.0336,81,0.868637,17.3727,ok,81,0.868637,17.3727,ok,610,454,Common,false,false,false
481,68.7676,1099636335171,438904,toonboytwofu,9,62.425,37.455,92,0.782816,15.6563,ok,92,0.782816,15.6563,ok,420,420,Common,false,false,false
482,68.7613,1099643487860,441677,,8,63.7155,38.2293,90,0.763298,15.266,ok,90,0.763298,15.266,ok,377,144,Uncommon,false,false,false
483,68.7533,1099651359512,445272,3klrm.wam,7,68.0372,40.8223,71,0.698276,13.9655,ok,71,0.698276,13.9655,ok,233,146,Uncommon,false,false,false
484,68.7188,1099659329498,449935,yoitscharlie,6,70.7083,42.425,50,0.657343,13.1469,ok,50,0.657343,13.1469,ok,144,144,Uncommon,false,false,false
485,68.7134,1099638225978,435457,sb.qw.wam,10,56.7227,34.0336,82,0.866995,17.3399,ok,82,0.866995,17.3399,ok,610,454,Common,false,false,false
486,68.6722,1099636335172,438904,toonboytwofu,9,62.425,37.455,93,0.78043,15.6086,ok,93,0.78043,15.6086,ok,420,420,Common,false,false,false
487,68.6549,1099643489310,441677,ve41k.c.wam,8,63.7155,38.2293,91,0.760638,15.2128,ok,91,0.760638,15.2128,ok,377,144,Uncommon,false,false,false
488,68.6478,1099638225979,435457,sb.qw.wam,10,56.7227,34.0336,83,0.865353,17.3071,ok,83,0.865353,17.3071,ok,610,454,Common,false,false,false
489,68.582,1099638225980,435457,,10,56.7227,34.0336,84,0.863711,17.2742,ok,84,0.863711,17.2742,ok,610,454,Common,false,false,false
490,68.5809,1099651359709,445272,3klrm.wam,7,68.0372,40.8223,72,0.693966,13.8793,ok,72,0.693966,13.8793,ok,233,146,Uncommon,false,false,false
491,68.5768,1099636335173,438904,toonboytwofu,9,62.425,37.455,94,0.778043,15.5609,ok,94,0.778043,15.5609,ok,420,420,Common,false,false,false
492,68.5485,1099643546959,441677,,8,63.7155,38.2293,92,0.757979,15.1596,ok,92,0.757979,15.1596,ok,377,144,Uncommon,false,false,false
493,68.5238,1099809648024,401779,fs1r2.wam,2,94.2064,56.5238,15,0.3,6,ok,15,0.3,6,ok,21,18,Rare,false,false,false
494,68.5164,1099638225981,435457,sb.qw.wam,10,56.7227,34.0336,85,0.862069,17.2414,ok,85,0.862069,17.2414,ok,610,454,Common,false,false,false
495,68.4812,1099636335174,438904,toonboytwofu,9,62.425,37.455,95,0.775656,15.5131,ok,95,0.775656,15.5131,ok,420,420,Common,false,false,false
496,68.472,1099812451084,458168,,4,73.3794,44.0276,22,0.611111,12.2222,ok,22,0.611111,12.2222,ok,55,39,Rare,false,false,false
497,68.4506,1099638225982,435457,sb.qw.wam,10,56.7227,34.0336,86,0.860427,17.2085,ok,86,0.860427,17.2085,ok,610,454,Common,false,false,false
498,68.4421,1099643565583,441677,2pvrq.wam,8,63.7155,38.2293,93,0.755319,15.1064,ok,93,0.755319,15.1064,ok,377,144,Uncommon,false,false,false
499,68.439,1099659329499,449935,yoitscharlie,6,70.7083,42.425,51,0.65035,13.007,ok,51,0.65035,13.007,ok,144,144,Uncommon,false,false,false
500,68.4153,1099667784783,453934,yoitscharlie,5,72.3589,43.4153,34,0.625,12.5,ok,34,0.625,12.5,ok,89,89,Uncommon,false,false,false
501,68.4109,1099997876484,401786,yoitscharlie,3,93.8162,56.2897,24,0.30303,6.0606,ok,24,0.30303,6.0606,ok,34,21,Rare,false,false,false
502,68.4085,1099651363738,445272,,7,68.0372,40.8223,73,0.689655,13.7931,ok,73,0.689655,13.7931,ok,233,146,Uncommon,false,false,false
503,68.3858,1099636335175,438904,1fcgq.wam,9,62.425,37.455,96,0.77327,15.4654,ok,96,0.77327,15.4654,ok,420,420,Common,false,false,false
504,68.385,1099638225983,435457,sb.qw.wam,10,56.7227,34.0336,87,0.858785,17.1757,ok,87,0.858785,17.1757,ok,610,454,Common,false,false,false
505,68.3357,1099643566124,441677,zy1ho.wam,8,63.7155,38.2293,94,0.75266,15.0532,ok,94,0.75266,15.0532,ok,377,144,Uncommon,false,false,false
506,68.3194,1099638225984,435457,yoitscharlie,10,56.7227,34.0336,88,0.857143,17.1429,ok,88,0.857143,17.1429,ok,610,454,Common,false,false,false
507,68.2904,1099636335176,438904,,9,62.425,37.455,97,0.770883,15.4177,ok,97,0.770883,15.4177,ok,420,420,Common,false,false,false
508,68.2536,1099638225985,435457,sb.qw.wam,10,56.7227,34.0336,89,0.855501,17.11,ok,89,0.855501,17.11,ok,610,454,Common,false,false,false
509,68.2361,1099651463149,445272,ge4dinrugige,7,68.0372,40.8223,74,0.685345,13.7069,ok,74,0.685345,13.7069,ok,233,146,Uncommon,false,false,false
510,68.2293,1099643568596,441677,ioihy.wam,8,63.7155,38.2293,95,0.75,15,ok,95,0.75,15,ok,377,144,Uncommon,false,false,false
511,68.1948,1099636335177,438904,jycgm.wam,9,62.425,37.455,98,0.768496,15.3699,ok,98,0.768496,15.3699,ok,420,420,Common,false,false,false
512,68.188,1099638225986,435457,sb.qw.wam,10,56.7227,34.0336,90,0.853859,17.0772,ok,90,0.853859,17.0772,ok,610,454,Common,false,false,false
513,68.1592,1099659329500,449935,yoitscharlie,6,70.7083,42.425,52,0.643357,12.8671,ok,52,0.643357,12.8671,ok,144,144,Uncommon,false,false,false
514,68.1229,1099643581318,441677,,8,63.7155,38.2293,96,0.74734,14.9468,ok,96,0.74734,14.9468,ok,377,144,Uncommon,false,false,false
515,68.1222,1099638225987,435457,,10,56.7227,34.0336,91,0.852217,17.0443,ok,91,0.852217,17.0443,ok,610,454,Common,false,false,false
516,68.0994,1099636335178,438904,1fcgq.wam,9,62.425,37.455,99,0.76611,15.3222,ok,99,0.76611,15.3222,ok,420,420,Common,false,false,false
517,68.0637,1099651573533,445272,sb.qw.wam,7,68.0372,40.8223,75,0.681034,13.6207,ok,75,0.681034,13.6207,ok,233,146,Uncommon,false,false,false
518,68.0566,1099638225988,435457,skvba.wam,10,56.7227,34.0336,92,0.850575,17.0115,ok,92,0.850575,17.0115,ok,610,454,Common,false,false,false
519,68.0165,1099643602304,441677,3vzr2.wam,8,63.7155,38.2293,97,0.744681,14.8936,ok,97,0.744681,14.8936,ok,377,144,Uncommon,false,false,false
520,68.004,1099636335179,438904,1fcgq.wam,9,62.425,37.455,100,0.763723,15.2745,ok,100,0.763723,15.2745,ok,420,420,Common,false,false,false
521,67.991,1099638225989,435457,,10,56.7227,34.0336,93,0.848933,16.9787,ok,93,0.848933,16.9787,ok,610,454,Common,false,false,false
522,67.9607,1099667784784,453934,yoitscharlie,5,72.3589,43.4153,35,0.613636,12.2727,ok,35,0.613636,12.2727,ok,89,89,Uncommon,false,false,false
523,67.9252,1099638225990,435457,jsoww.wam,10,56.7227,34.0336,94,0.847291,16.9458,ok,94,0.847291,16.9458,ok,610,454,Common,false,false,false
524,67.9101,1099643619744,441677,3klrm.wam,8,63.7155,38.2293,98,0.742021,14.8404,ok,98,0.742021,14.8404,ok,377,144,Uncommon,false,false,false
525,67.9084,1099636335193,438904,sb.qw.wam,9,62.425,37.455,101,0.761337,15.2267,ok,101,0.761337,15.2267,ok,420,420,Common,false,false,false
526,67.8913,1099651586264,445272,,7,68.0372,40.8223,76,0.676724,13.5345,ok,76,0.676724,13.5345,ok,233,146,Uncommon,false,false,false
527,67.8796,1099659329501,449935,yoitscharlie,6,70.7083,42.425,53,0.636364,12.7273,ok,53,0.636364,12.7273,ok,144,144,Uncommon,false,false,false
528,67.8596,1099638225991,435457,,10,56.7227,34.0336,95,0.845649,16.913,ok,95,0.845649,16.913,ok,610,454,Common,false,false,false
529,67.813,1099636335194,438904,sb.qw.wam,9,62.425,37.455,102,0.75895,15.179,ok,102,0.75895,15.179,ok,420,420,Common,false,false,false
530,67.8037,1099643648442,441677,wfor4.wam,8,63.7155,38.2293,99,0.739362,14.7872,ok,99,0.739362,14.7872,ok,377,144,Uncommon,false,false,false
531,67.7938,1099638225992,435457,hs322.wam,10,56.7227,34.0336,96,0.844007,16.8801,ok,96,0.844007,16.8801,ok,610,454,Common,false,false,false
532,67.7314,1099814998330,458168,,4,73.3794,44.0276,23,0.592593,11.8519,ok,23,0.592593,11.8519,ok,55,39,Rare,false,false,false
533,67.7282,1099638225993,435457,2pvrq.wam,10,56.7227,34.0336,97,0.842365,16.8473,ok,97,0.842365,16.8473,ok,610,454,Common,false,false,false
534,67.7189,1099651634716,445272,,7,68.0372,40.8223,77,0.672414,13.4483,ok,77,0.672414,13.4483,ok,233,146,Uncommon,false,false,false
535,67.7176,1099636335205,438904,bsyru.wam,9,62.425,37.455,103,0.756563,15.1313,ok,103,0.756563,15.1313,ok,420,420,Common,false,false,false
536,67.6973,1099643685597,441677,,8,63.7155,38.2293,100,0.736702,14.734,ok,100,0.736702,14.734,ok,377,144,Uncommon,false,false,false
537,67.6624,1099638225994,435457,ifvvw.wam,10,56.7227,34.0336,98,0.840722,16.8144,ok,98,0.840722,16.8144,ok,610,454,Common,false,false,false
538,67.622,1099636335206,438904,jeuxg.wam,9,62.425,37.455,104,0.754177,15.0835,ok,104,0.754177,15.0835,ok,420,420,Common,false,false,false
539,67.5998,1099659329502,449935,yoitscharlie,6,70.7083,42.425,54,0.629371,12.5874,ok,54,0.629371,12.5874,ok,144,144,Uncommon,false,false,false
540,67.5968,1099638225995,435457,toonboytwofu,10,56.7227,34.0336,99,0.83908,16.7816,ok,99,0.83908,16.7816,ok,610,454,Common,false,false,false
541,67.5911,1099644409619,441677,,8,63.7155,38.2293,101,0.734043,14.6809,ok,101,0.734043,14.6809,ok,377,144,Uncommon,false,false,false
542,67.5465,1099651668505,445272,,7,68.0372,40.8223,78,0.668103,13.3621,ok,78,0.668103,13.3621,ok,233,146,Uncommon,false,false,false
543,67.5312,1099638225996,435457,pepperstake,10,56.7227,34.0336,100,0.837438,16.7488,ok,100,0.837438,16.7488,ok,610,454,Common,false,false,false
544,67.5266,1099636335208,438904,,9,62.425,37.455,105,0.75179,15.0358,ok,105,0.75179,15.0358,ok,420,420,Common,false,false,false
545,67.5063,1099667784785,453934,yoitscharlie,5,72.3589,43.4153,36,0.602273,12.0455,ok,36,0.602273,12.0455,ok,89,89,Uncommon,false,false,false
546,67.4847,1099644409814,441677,,8,63.7155,38.2293,102,0.731383,14.6277,ok,102,0.731383,14.6277,ok,377,144,Uncommon,false,false,false
547,67.4654,1099638225997,435457,,10,56.7227,34.0336,101,0.835796,16.7159,ok,101,0.835796,16.7159,ok,610,454,Common,false,false,false
548,67.4312,1099636335209,438904,,9,62.425,37.455,106,0.749403,14.9881,ok,106,0.749403,14.9881,ok,420,420,Common,false,false,false
549,67.3998,1099638225998,435457,5.1xq.wam,10,56.7227,34.0336,102,0.834154,16.6831,ok,102,0.834154,16.6831,ok,610,454,Common,false,false,false
550,67.3783,1099644812816,441677,,8,63.7155,38.2293,103,0.728723,14.5745,ok,103,0.728723,14.5745,ok,377,144,Uncommon,false,false,false
551,67.3741,1099651668572,445272,,7,68.0372,40.8223,79,0.663793,13.2759,ok,79,0.663793,13.2759,ok,233,146,Uncommon,false,false,false
552,67.3356,1099636335217,438904,eaz1e.c.wam,9,62.425,37.455,107,0.747017,14.9403,ok,107,0.747017,14.9403,ok,420,420,Common,false,false,false
553,67.334,1099638225999,435457,,10,56.7227,34.0336,103,0.832512,16.6502,ok,103,0.832512,16.6502,ok,610,454,Common,false,false,false
554,67.3202,1099659329503,449935,yoitscharlie,6,70.7083,42.425,55,0.622378,12.4476,ok,55,0.622378,12.4476,ok,144,144,Uncommon,false,false,false
555,67.2719,1099646480194,441677,efex2.wam,8,63.7155,38.2293,104,0.726064,14.5213,ok,104,0.726064,14.5213,ok,377,144,Uncommon,false,false,false
556,67.2684,1099638226000,435457,q4oia.wam,10,56.7227,34.0336,104,0.83087,16.6174,ok,104,0.83087,16.6174,ok,610,454,Common,false,false,false
557,67.2402,1099636335218,438904,sebrock42wax,9,62.425,37.455,108,0.74463,14.8926,ok,108,0.74463,14.8926,ok,420,420,Common,false,false,false
558,67.2028,1099638226001,435457,q4oia.wam,10,56.7227,34.0336,105,0.829228,16.5846,ok,105,0.829228,16.5846,ok,610,454,Common,false,false,false
559,67.2017,1099651668768,445272,,7,68.0372,40.8223,80,0.659483,13.1897,ok,80,0.659483,13.1897,ok,233,146,Uncommon,false,false,false
560,67.1987,1099997876485,401786,yoitscharlie,3,93.8162,56.2897,25,0.272727,5.4545,ok,25,0.272727,5.4545,ok,34,21,Rare,false,false,false
561,67.1655,1099812318608,441677,,8,63.7155,38.2293,105,0.723404,14.4681,ok,105,0.723404,14.4681,ok,377,144,Uncommon,false,false,false
562,67.1448,1099636335236,438904,mm2hk.wam,9,62.425,37.455,109,0.742243,14.8449,ok,109,0.742243,14.8449,ok,420,420,Common,false,false,false
563,67.137,1099638226002,435457,,10,56.7227,34.0336,106,0.827586,16.5517,ok,106,0.827586,16.5517,ok,610,454,Common,false,false,false
564,67.0714,1099638226003,435457,,10,56.7227,34.0336,107,0.825944,16.5189,ok,107,0.825944,16.5189,ok,610,454,Common,false,false,false
565,67.0591,1099812318609,441677,,8,63.7155,38.2293,106,0.720745,14.4149,ok,106,0.720745,14.4149,ok,377,144,Uncommon,false,false,false
566,67.0517,1099667784786,453934,yoitscharlie,5,72.3589,43.4153,37,0.590909,11.8182,ok,37,0.590909,11.8182,ok,89,89,Uncommon,false,false,false
567,67.0492,1099636335314,438904,zv3fu.wam,9,62.425,37.455,110,0.739857,14.7971,ok,110,0.739857,14.7971,ok,420,420,Common,false,false,false
568,67.0404,1099659366873,449935,pepperstake,6,70.7083,42.425,56,0.615385,12.3077,ok,56,0.615385,12.3077,ok,144,144,Uncommon,false,false,false
569,67.0291,1099651672135,445272,,7,68.0372,40.8223,81,0.655172,13.1034,ok,81,0.655172,13.1034,ok,233,146,Uncommon,false,false,false
570,67.0056,1099638226004,435457,q4oia.wam,10,56.7227,34.0336,108,0.824302,16.486,ok,108,0.824302,16.486,ok,610,454,Common,false,false,false
571,66.9906,1099815002616,458168,pepperstake,4,73.3794,44.0276,24,0.574074,11.4815,ok,24,0.574074,11.4815,ok,55,39,Rare,false,false,false
572,66.9538,1099636335427,438904,becdclxvi.gm,9,62.425,37.455,111,0.73747,14.7494,ok,111,0.73747,14.7494,ok,420,420,Common,false,false,false
573,66.9527,1099812453355,441677,,8,63.7155,38.2293,107,0.718085,14.3617,ok,107,0.718085,14.3617,ok,377,144,Uncommon,false,false,false
574,66.94,1099638226005,435457,,10,56.7227,34.0336,109,0.82266,16.4532,ok,109,0.82266,16.4532,ok,610,454,Common,false,false,false
575,66.8744,1099638226006,435457,q4oia.wam,10,56.7227,34.0336,110,0.821018,16.4204,ok,110,0.821018,16.4204,ok,610,454,Common,false,false,false
576,66.8584,1099636335428,438904,sb.qw.wam,9,62.425,37.455,112,0.735084,14.7017,ok,112,0.735084,14.7017,ok,420,420,Common,false,false,false
577,66.8567,1099652124247,445272,5fsuc.wam,7,68.0372,40.8223,82,0.650862,13.0172,ok,82,0.650862,13.0172,ok,233,146,Uncommon,false,false,false
578,66.8463,1099812453356,441677,,8,63.7155,38.2293,108,0.715426,14.3085,ok,108,0.715426,14.3085,ok,377,144,Uncommon,false,false,false
579,66.8086,1099638226007,435457,becdclxvi.gm,10,56.7227,34.0336,111,0.819376,16.3875,ok,111,0.819376,16.3875,ok,610,454,Common,false,false,false
580,66.7628,1099636335438,438904,q4oia.wam,9,62.425,37.455,113,0.732697,14.6539,ok,113,0.732697,14.6539,ok,420,420,Common,false,false,false
581,66.7606,1099659367249,449935,neftyblocksd,6,70.7083,42.425,57,0.608392,12.1678,ok,57,0.608392,12.1678,ok,144,144,Uncommon,false,false,false
582,66.743,1099638226008,435457,,10,56.7227,34.0336,112,0.817734,16.3547,ok,112,0.817734,16.3547,ok,610,454,Common,false,false,false
583,66.7399,1099812453357,441677,,8,63.7155,38.2293,109,0.712766,14.2553,ok,109,0.712766,14.2553,ok,377,144,Uncommon,false,false,false
584,66.6843,1099656761694,445272,,7,68.0372,40.8223,83,0.646552,12.931,ok,83,0.646552,12.931,ok,233,146,Uncommon,false,false,false
585,66.6772,1099638226009,435457,djpzi.wam,10,56.7227,34.0336,113,0.816092,16.3218,ok,113,0.816092,16.3218,ok,610,454,Common,false,false,false
586,66.6679,1099595898024,401767,blend.nefty,1,94.4465,56.6679,10,0.25,5,ok,10,0.25,5,ok,13,13,Ultra Rare,false,false,false
587,66.6674,1099636335450,438904,ab2vu.wam,9,62.425,37.455,114,0.73031,14.6062,ok,114,0.73031,14.6062,ok,420,420,Common,false,false,false
588,66.6335,1099818929263,441677,cwzqw.wam,8,63.7155,38.2293,110,0.710106,14.2021,ok,110,0.710106,14.2021,ok,377,144,Uncommon,false,false,false
589,66.6116,1099638226010,435457,,10,56.7227,34.0336,114,0.81445,16.289,ok,114,0.81445,16.289,ok,610,454,Common,false,false,false
590,66.5971,1099667784787,453934,yoitscharlie,5,72.3589,43.4153,38,0.579545,11.5909,ok,38,0.579545,11.5909,ok,89,89,Uncommon,false,false,false
591,66.572,1099636335451,438904,ab2vu.wam,9,62.425,37.455,115,0.727924,14.5585,ok,115,0.727924,14.5585,ok,420,420,Common,false,false,false
592,66.546,1099638226011,435457,q4oia.wam,10,56.7227,34.0336,115,0.812808,16.2562,ok,115,0.812808,16.2562,ok,610,454,Common,false,false,false
593,66.5271,1099819035506,441677,,8,63.7155,38.2293,111,0.707447,14.1489,ok,111,0.707447,14.1489,ok,377,144,Uncommon,false,false,false
594,66.5238,1099815003841,401779,yoitscharlie,2,94.2064,56.5238,16,0.25,5,ok,16,0.25,5,ok,21,18,Rare,false,false,false
595,66.5119,1099656786980,445272,,7,68.0372,40.8223,84,0.642241,12.8448,ok,84,0.642241,12.8448,ok,233,146,Uncommon,false,false,false
596,66.481,1099659367664,449935,cwzqw.wam,6,70.7083,42.425,58,0.601399,12.028,ok,58,0.601399,12.028,ok,144,144,Uncommon,false,false,false
597,66.4802,1099638226012,435457,pepperstake,10,56.7227,34.0336,116,0.811166,16.2233,ok,116,0.811166,16.2233,ok,610,454,Common,false,false,false
598,66.4764,1099636335610,438904,cwzqw.wam,9,62.425,37.455,116,0.725537,14.5107,ok,116,0.725537,14.5107,ok,420,420,Common,false,false,false
599,66.4207,1099825711333,441677,,8,63.7155,38.2293,112,0.704787,14.0957,ok,112,0.704787,14.0957,ok,377,144,Uncommon,false,false,false
600,66.4146,1099638226013,435457,.13jg.wam,10,56.7227,34.0336,117,0.809524,16.1905,ok,117,0.809524,16.1905,ok,610,454,Common,false,false,false
601,66.381,1099636335611,438904,cwzqw.wam,9,62.425,37.455,117,0.72315,14.463,ok,117,0.72315,14.463,ok,420,420,Common,false,false,false
602,66.3488,1099638226014,435457,,10,56.7227,34.0336,118,0.807882,16.1576,ok,118,0.807882,16.1576,ok,610,454,Common,false,false,false
603,66.3395,1099656788171,445272,,7,68.0372,40.8223,85,0.637931,12.7586,ok,85,0.637931,12.7586,ok,233,146,Uncommon,false,false,false
604,66.3145,1099853290556,441677,cwzqw.wam,8,63.7155,38.2293,113,0.702128,14.0426,ok,113,0.702128,14.0426,ok,377,144,Uncommon,false,false,false
605,66.2856,1099636335612,438904,cwzqw.wam,9,62.425,37.455,118,0.720764,14.4153,ok,118,0.720764,14.4153,ok,420,420,Common,false,false,false
606,66.2832,1099638226015,435457,kvqr.wam,10,56.7227,34.0336,119,0.80624,16.1248,ok,119,0.80624,16.1248,ok,610,454,Common,false,false,false
607,66.2498,1099815019274,458168,pepperstake,4,73.3794,44.0276,25,0.555556,11.1111,ok,25,0.555556,11.1111,ok,55,39,Rare,false,false,false
608,66.2176,1099638226016,435457,,10,56.7227,34.0336,120,0.804598,16.092,ok,120,0.804598,16.092,ok,610,454,Common,false,false,false
609,66.2081,1099872056830,441677,,8,63.7155,38.2293,114,0.699468,13.9894,ok,114,0.699468,13.9894,ok,377,144,Uncommon,false,false,false
610,66.2012,1099659367926,449935,i5d52.c.wam,6,70.7083,42.425,59,0.594406,11.8881,ok,59,0.594406,11.8881,ok,144,144,Uncommon,false,false,false
611,66.19,1099636335613,438904,cwzqw.wam,9,62.425,37.455,119,0.718377,14.3675,ok,119,0.718377,14.3675,ok,420,420,Common,false,false,false
612,66.1671,1099656888995,445272,q4oia.wam,7,68.0372,40.8223,86,0.633621,12.6724,ok,86,0.633621,12.6724,ok,233,146,Uncommon,false,false,false
613,66.1518,1099638226017,435457,,10,56.7227,34.0336,121,0.802956,16.0591,ok,121,0.802956,16.0591,ok,610,454,Common,false,false,false
614,66.1425,1099667784788,453934,yoitscharlie,5,72.3589,43.4153,39,0.568182,11.3636,ok,39,0.568182,11.3636,ok,89,89,Uncommon,false,false,false
615,66.1017,1099872056831,441677,,8,63.7155,38.2293,115,0.696809,13.9362,ok,115,0.696809,13.9362,ok,377,144,Uncommon,false,false,false
616,66.0946,1099636335614,438904,cwzqw.wam,9,62.425,37.455,120,0.71599,14.3198,ok,120,0.71599,14.3198,ok,420,420,Common,false,false,false
617,66.0862,1099638226018,435457,.wyaw.wam,10,56.7227,34.0336,122,0.801314,16.0263,ok,122,0.801314,16.0263,ok,610,454,Common,false,false,false
618,66.0204,1099638226019,435457,,10,56.7227,34.0336,123,0.799672,15.9934,ok,123,0.799672,15.9934,ok,610,454,Common,false,false,false
619,65.9992,1099636335615,438904,cwzqw.wam,9,62.425,37.455,121,0.713604,14.2721,ok,121,0.713604,14.2721,ok,420,420,Common,false,false,false
620,65.9953,1099872056832,441677,pepperstake,8,63.7155,38.2293,116,0.694149,13.883,ok,116,0.694149,13.883,ok,377,144,Uncommon,false,false,false
621,65.9947,1099656905384,445272,q4oia.wam,7,68.0372,40.8223,87,0.62931,12.5862,ok,87,0.62931,12.5862,ok,233,146,Uncommon,false,false,false
622,65.9867,1099997876486,401786,yoitscharlie,3,93.8162,56.2897,26,0.242424,4.8485,ok,26,0.242424,4.8485,ok,34,21,Rare,false,false,false
623,65.9548,1099638226020,435457,wfor4.wam,10,56.7227,34.0336,124,0.79803,15.9606,ok,124,0.79803,15.9606,ok,610,454,Common,false,false,false
624,65.9216,1099659372837,449935,,6,70.7083,42.425,60,0.587413,11.7483,ok,60,0.587413,11.7483,ok,144,144,Uncommon,false,false,false
625,65.9036,1099636335616,438904,cwzqw.wam,9,62.425,37.455,122,0.711217,14.2243,ok,122,0.711217,14.2243,ok,420,420,Common,false,false,false
626,65.8892,1099638226021,435457,,10,56.7227,34.0336,125,0.796388,15.9278,ok,125,0.796388,15.9278,ok,610,454,Common,false,false,false
627,65.8889,1099872056833,441677,jycgm.wam,8,63.7155,38.2293,117,0.691489,13.8298,ok,117,0.691489,13.8298,ok,377,144,Uncommon,false,false,false
628,65.8234,1099638226022,435457,wu2xg.wam,10,56.7227,34.0336,126,0.794745,15.8949,ok,126,0.794745,15.8949,ok,610,454,Common,false,false,false
629,65.8223,1099656905581,445272,q4oia.wam,7,68.0372,40.8223,88,0.625,12.5,ok,88,0.625,12.5,ok,233,146,Uncommon,false,false,false
630,65.8082,1099636335617,438904,cwzqw.wam,9,62.425,37.455,123,0.708831,14.1766,ok,123,0.708831,14.1766,ok,420,420,Common,false,false,false
631,65.7825,1099872056834,441677,pepperstake,8,63.7155,38.2293,118,0.68883,13.7766,ok,118,0.68883,13.7766,ok,377,144,Uncommon,false,false,false
632,65.7578,1099638226023,435457,wu2xg.wam,10,56.7227,34.0336,127,0.793103,15.8621,ok,127,0.793103,15.8621,ok,610,454,Common,false,false,false
633,65.7128,1099636335618,438904,,9,62.425,37.455,124,0.706444,14.1289,ok,124,0.706444,14.1289,ok,420,420,Common,false,false,false
634,65.692,1099638226024,435457,,10,56.7227,34.0336,128,0.791461,15.8292,ok,128,0.791461,15.8292,ok,610,454,Common,false,false,false
635,65.6881,1099667784789,453934,yoitscharlie,5,72.3589,43.4153,40,0.556818,11.1364,ok,40,0.556818,11.1364,ok,89,89,Uncommon,false,false,false
636,65.6761,1099925434388,441677,,8,63.7155,38.2293,119,0.68617,13.7234,ok,119,0.68617,13.7234,ok,377,144,Uncommon,false,false,false
637,65.6499,1099656938661,445272,q4oia.wam,7,68.0372,40.8223,89,0.62069,12.4138,ok,89,0.62069,12.4138,ok,233,146,Uncommon,false,false,false
638,65.6418,1099659388704,449935,appaq.wam,6,70.7083,42.425,61,0.58042,11.6084,ok,61,0.58042,11.6084,ok,144,144,Uncommon,false,false,false
639,65.6264,1099638226025,435457,,10,56.7227,34.0336,129,0.789819,15.7964,ok,129,0.789819,15.7964,ok,610,454,Common,false,false,false
640,65.6172,1099636335619,438904,cwzqw.wam,9,62.425,37.455,125,0.704057,14.0811,ok,125,0.704057,14.0811,ok,420,420,Common,false,false,false
641,65.5697,1099925434399,441677,,8,63.7155,38.2293,120,0.683511,13.6702,ok,120,0.683511,13.6702,ok,377,144,Uncommon,false,false,false
642,65.5606,1099638226026,435457,q4oia.wam,10,56.7227,34.0336,130,0.788177,15.7635,ok,130,0.788177,15.7635,ok,610,454,Common,false,false,false
643,65.5218,1099636335620,438904,cwzqw.wam,9,62.425,37.455,126,0.701671,14.0334,ok,126,0.701671,14.0334,ok,420,420,Common,false,false,false
644,65.509,1099931219648,458168,q4oia.wam,4,73.3794,44.0276,26,0.537037,10.7407,ok,26,0.537037,10.7407,ok,55,39,Rare,false,false,false
645,65.495,1099638226027,435457,,10,56.7227,34.0336,131,0.786535,15.7307,ok,131,0.786535,15.7307,ok,610,454,Common,false,false,false
646,65.4775,1099657009325,445272,5.1xq.wam,7,68.0372,40.8223,90,0.616379,12.3276,ok,90,0.616379,12.3276,ok,233,146,Uncommon,false,false,false
647,65.4633,1099925434909,441677,,8,63.7155,38.2293,121,0.680851,13.617,ok,121,0.680851,13.617,ok,377,144,Uncommon,false,false,false
648,65.4294,1099638226028,435457,,10,56.7227,34.0336,132,0.784893,15.6979,ok,132,0.784893,15.6979,ok,610,454,Common,false,false,false
649,65.4264,1099636335628,438904,usfle.wam,9,62.425,37.455,127,0.699284,13.9857,ok,127,0.699284,13.9857,ok,420,420,Common,false,false,false
650,65.3636,1099638226029,435457,,10,56.7227,34.0336,133,0.783251,15.665,ok,133,0.783251,15.665,ok,610,454,Common,false,false,false
651,65.362,1099659409248,449935,cwzqw.wam,6,70.7083,42.425,62,0.573427,11.4685,ok,62,0.573427,11.4685,ok,144,144,Uncommon,false,false,false
652,65.3569,1099925434915,441677,,8,63.7155,38.2293,122,0.678191,13.5638,ok,122,0.678191,13.5638,ok,377,144,Uncommon,false,false,false
653,65.3308,1099636335629,438904,usfle.wam,9,62.425,37.455,128,0.696897,13.9379,ok,128,0.696897,13.9379,ok,420,420,Common,false,false,false
654,65.3051,1099660991289,445272,,7,68.0372,40.8223,91,0.612069,12.2414,ok,91,0.612069,12.2414,ok,233,146,Uncommon,false,false,false
655,65.298,1099638226030,435457,,10,56.7227,34.0336,134,0.781609,15.6322,ok,134,0.781609,15.6322,ok,610,454,Common,false,false,false
656,65.2505,1099925497712,441677,,8,63.7155,38.2293,123,0.675532,13.5106,ok,123,0.675532,13.5106,ok,377,144,Uncommon,false,false,false
657,65.2354,1099636335630,438904,usfle.wam,9,62.425,37.455,129,0.694511,13.8902,ok,129,0.694511,13.8902,ok,420,420,Common,false,false,false
658,65.2335,1099667784790,453934,yoitscharlie,5,72.3589,43.4153,41,0.545455,10.9091,ok,41,0.545455,10.9091,ok,89,89,Uncommon,false,false,false
659,65.2322,1099638226031,435457,,10,56.7227,34.0336,135,0.779967,15.5993,ok,135,0.779967,15.5993,ok,610,454,Common,false,false,false
660,65.1666,1099638226032,435457,fs1r2.wam,10,56.7227,34.0336,136,0.778325,15.5665,ok,136,0.778325,15.5665,ok,610,454,Common,false,false,false
661,65.1441,1099925497742,441677,,8,63.7155,38.2293,124,0.672872,13.4574,ok,124,0.672872,13.4574,ok,377,144,Uncommon,false,false,false
662,65.14,1099636335631,438904,usfle.wam,9,62.425,37.455,130,0.692124,13.8425,ok,130,0.692124,13.8425,ok,420,420,Common,false,false,false
663,65.1327,1099661580048,445272,,7,68.0372,40.8223,92,0.607759,12.1552,ok,92,0.607759,12.1552,ok,233,146,Uncommon,false,false,false
664,65.101,1099638226033,435457,pepperstake,10,56.7227,34.0336,137,0.776683,15.5337,ok,137,0.776683,15.5337,ok,610,454,Common,false,false,false
665,65.0824,1099659499270,449935,bsyru.wam,6,70.7083,42.425,63,0.566434,11.3287,ok,63,0.566434,11.3287,ok,144,144,Uncommon,false,false,false
666,65.0444,1099636335632,438904,usfle.wam,9,62.425,37.455,131,0.689737,13.7947,ok,131,0.689737,13.7947,ok,420,420,Common,false,false,false
667,65.0379,1099926138621,441677,,8,63.7155,38.2293,125,0.670213,13.4043,ok,125,0.670213,13.4043,ok,377,144,Uncommon,false,false,false
668,65.0352,1099638226034,435457,,10,56.7227,34.0336,138,0.775041,15.5008,ok,138,0.775041,15.5008,ok,610,454,Common,false,false,false
669,64.9696,1099638226035,435457,.hejg.wam,10,56.7227,34.0336,139,0.773399,15.468,ok,139,0.773399,15.468,ok,610,454,Common,false,false,false
670,64.9603,1099664366966,445272,,7,68.0372,40.8223,93,0.603448,12.069,ok,93,0.603448,12.069,ok,233,146,Uncommon,false,false,false
671,64.949,1099636335660,438904,5.hr2.wam,9,62.425,37.455,132,0.687351,13.747,ok,132,0.687351,13.747,ok,420,420,Common,false,false,false
672,64.9315,1099926141151,441677,,8,63.7155,38.2293,126,0.667553,13.3511,ok,126,0.667553,13.3511,ok,377,144,Uncommon,false,false,false
673,64.9038,1099638226036,435457,,10,56.7227,34.0336,140,0.771757,15.4351,ok,140,0.771757,15.4351,ok,610,454,Common,false,false,false
674,64.8536,1099636335661,438904,5.hr2.wam,9,62.425,37.455,133,0.684964,13.6993,ok,133,0.684964,13.6993,ok,420,420,Common,false,false,false
675,64.8382,1099638226037,435457,,10,56.7227,34.0336,141,0.770115,15.4023,ok,141,0.770115,15.4023,ok,610,454,Common,false,false,false
676,64.8251,1099931219513,441677,pepperstake,8,63.7155,38.2293,127,0.664894,13.2979,ok,127,0.664894,13.2979,ok,377,144,Uncommon,false,false,false
677,64.8026,1099660562326,449935,ve41k.c.wam,6,70.7083,42.425,64,0.559441,11.1888,ok,64,0.559441,11.1888,ok,144,144,Uncommon,false,false,false
678,64.7879,1099672564315,445272,pepperstake,7,68.0372,40.8223,94,0.599138,11.9828,ok,94,0.599138,11.9828,ok,233,146,Uncommon,false,false,false
679,64.7789,1099667784791,453934,yoitscharlie,5,72.3589,43.4153,42,0.534091,10.6818,ok,42,0.534091,10.6818,ok,89,89,Uncommon,false,false,false
680,64.7745,1099997876487,401786,yoitscharlie,3,93.8162,56.2897,27,0.212121,4.2424,ok,27,0.212121,4.2424,ok,34,21,Rare,false,false,false
681,64.7726,1099638226038,435457,,10,56.7227,34.0336,142,0.768473,15.3695,ok,142,0.768473,15.3695,ok,610,454,Common,false,false,false
682,64.7684,1099931219649,458168,yoitscharlie,4,73.3794,44.0276,27,0.518519,10.3704,ok,27,0.518519,10.3704,ok,55,39,Rare,false,false,false
683,64.7582,1099636335662,438904,5.hr2.wam,9,62.425,37.455,134,0.682578,13.6516,ok,134,0.682578,13.6516,ok,420,420,Common,false,false,false
684,64.7187,1099931219514,441677,pepperstake,8,63.7155,38.2293,128,0.662234,13.2447,ok,128,0.662234,13.2447,ok,377,144,Uncommon,false,false,false
685,64.7068,1099638226039,435457,pepperstake,10,56.7227,34.0336,143,0.766831,15.3366,ok,143,0.766831,15.3366,ok,610,454,Common,false,false,false
686,64.6626,1099636335663,438904,5.hr2.wam,9,62.425,37.455,135,0.680191,13.6038,ok,135,0.680191,13.6038,ok,420,420,Common,false,false,false
687,64.6412,1099638226040,435457,yoitscharlie,10,56.7227,34.0336,144,0.765189,15.3038,ok,144,0.765189,15.3038,ok,610,454,Common,false,false,false
688,64.6155,1099675186099,445272,,7,68.0372,40.8223,95,0.594828,11.8966,ok,95,0.594828,11.8966,ok,233,146,Uncommon,false,false,false
689,64.6123,1099931219515,441677,pepperstake,8,63.7155,38.2293,129,0.659574,13.1915,ok,129,0.659574,13.1915,ok,377,144,Uncommon,false,false,false
690,64.5754,1099808713567,435457,,10,56.7227,34.0336,145,0.763547,15.2709,ok,145,0.763547,15.2709,ok,610,454,Common,false,false,false
691,64.5672,1099636335716,438904,toonboytwofu,9,62.425,37.455,136,0.677804,13.5561,ok,136,0.677804,13.5561,ok,420,420,Common,false,false,false
692,64.5238,1099939338693,401779,pepperstake,2,94.2064,56.5238,17,0.2,4,ok,17,0.2,4,ok,21,18,Rare,false,false,false
693,64.523,1099660924229,449935,4qrkm.c.wam,6,70.7083,42.425,65,0.552448,11.049,ok,65,0.552448,11.049,ok,144,144,Uncommon,false,false,false
694,64.5098,1099808713568,435457,,10,56.7227,34.0336,146,0.761905,15.2381,ok,146,0.761905,15.2381,ok,610,454,Common,false,false,false
695,64.5059,1099931219516,441677,pepperstake,8,63.7155,38.2293,130,0.656915,13.1383,ok,130,0.656915,13.1383,ok,377,144,Uncommon,false,false,false
696,64.4718,1099636335717,438904,toonboytwofu,9,62.425,37.455,137,0.675418,13.5084,ok,137,0.675418,13.5084,ok,420,420,Common,false,false,false
697,64.4442,1099808713569,435457,kx1rk.wam,10,56.7227,34.0336,147,0.760263,15.2053,ok,147,0.760263,15.2053,ok,610,454,Common,false,false,false
698,64.4429,1099676009623,445272,tanb2.wam,7,68.0372,40.8223,96,0.590517,11.8103,ok,96,0.590517,11.8103,ok,233,146,Uncommon,false,false,false
699,64.3995,1099931219517,441677,yoitscharlie,8,63.7155,38.2293,131,0.654255,13.0851,ok,131,0.654255,13.0851,ok,377,144,Uncommon,false,false,false
700,64.3784,1099808713570,435457,q4oia.wam,10,56.7227,34.0336,148,0.758621,15.1724,ok,148,0.758621,15.1724,ok,610,454,Common,false,false,false
701,64.3762,1099636335718,438904,toonboytwofu,9,62.425,37.455,138,0.673031,13.4606,ok,138,0.673031,13.4606,ok,420,420,Common,false,false,false
702,64.3243,1099667784792,453934,yoitscharlie,5,72.3589,43.4153,43,0.522727,10.4545,ok,43,0.522727,10.4545,ok,89,89,Uncommon,false,false,false
703,64.3128,1099808713571,435457,,10,56.7227,34.0336,149,0.756979,15.1396,ok,149,0.756979,15.1396,ok,610,454,Common,false,false,false
704,64.2931,1099931405736,441677,,8,63.7155,38.2293,132,0.651596,13.0319,ok,132,0.651596,13.0319,ok,377,144,Uncommon,false,false,false
705,64.2808,1099636335719,438904,toonboytwofu,9,62.425,37.455,139,0.670644,13.4129,ok,139,0.670644,13.4129,ok,420,420,Common,false,false,false
706,64.2705,1099680533223,445272,wombatmaster,7,68.0372,40.8223,97,0.586207,11.7241,ok,97,0.586207,11.7241,ok,233,146,Uncommon,false,false,false
707,64.247,1099808713572,435457,danishcrypto,10,56.7227,34.0336,150,0.755337,15.1067,ok,150,0.755337,15.1067,ok,610,454,Common,false,false,false
708,64.2432,1099660924230,449935,,6,70.7083,42.425,66,0.545455,10.9091,ok,66,0.545455,10.9091,ok,144,144,Uncommon,false,false,false
709,64.1867,1099931405862,441677,,8,63.7155,38.2293,133,0.648936,12.9787,ok,133,0.648936,12.9787,ok,377,144,Uncommon,false,false,false
710,64.1854,1099636335720,438904,toonboytwofu,9,62.425,37.455,140,0.668258,13.3652,ok,140,0.668258,13.3652,ok,420,420,Common,false,false,false
711,64.1814,1099808713573,435457,kx1rk.wam,10,56.7227,34.0336,151,0.753695,15.0739,ok,151,0.753695,15.0739,ok,610,454,Common,false,false,false
712,64.1158,1099808713574,435457,d3zr2.wam,10,56.7227,34.0336,152,0.752053,15.0411,ok,152,0.752053,15.0411,ok,610,454,Common,false,false,false
713,64.0981,1099684502060,445272,yoitscharlie,7,68.0372,40.8223,98,0.581897,11.6379,ok,98,0.581897,11.6379,ok,233,146,Uncommon,false,false,false
714,64.0898,1099636335755,438904,otrzg.wam,9,62.425,37.455,141,0.665871,13.3174,ok,141,0.665871,13.3174,ok,420,420,Common,false,false,false
715,64.0803,1099932303466,441677,,8,63.7155,38.2293,134,0.646277,12.9255,ok,134,0.646277,12.9255,ok,377,144,Uncommon,false,false,false
716,64.05,1099808713575,435457,,10,56.7227,34.0336,153,0.750411,15.0082,ok,153,0.750411,15.0082,ok,610,454,Common,false,false,false
717,64.0276,1099931219650,458168,yoitscharlie,4,73.3794,44.0276,28,0.5,10,ok,28,0.5,10,ok,55,39,Rare,false,false,false
718,63.9944,1099636335870,438904,,9,62.425,37.455,142,0.663484,13.2697,ok,142,0.663484,13.2697,ok,420,420,Common,false,false,false
719,63.9844,1099808713576,435457,vcwu4.wam,10,56.7227,34.0336,154,0.748768,14.9754,ok,154,0.748768,14.9754,ok,610,454,Common,false,false,false
720,63.9739,1099932385282,441677,bsyru.wam,8,63.7155,38.2293,135,0.643617,12.8723,ok,135,0.643617,12.8723,ok,377,144,Uncommon,false,false,false
721,63.9634,1099660924231,449935,,6,70.7083,42.425,67,0.538462,10.7692,ok,67,0.538462,10.7692,ok,144,144,Uncommon,false,false,false
722,63.9257,1099684577924,445272,yoitscharlie,7,68.0372,40.8223,99,0.577586,11.5517,ok,99,0.577586,11.5517,ok,233,146,Uncommon,false,false,false
723,63.9186,1099808713577,435457,gossw.wam,10,56.7227,34.0336,155,0.747126,14.9425,ok,155,0.747126,14.9425,ok,610,454,Common,false,false,false
724,63.899,1099636335871,438904,bsyru.wam,9,62.425,37.455,143,0.661098,13.222,ok,143,0.661098,13.222,ok,420,420,Common,false,false,false
725,63.8699,1099667784793,453934,yoitscharlie,5,72.3589,43.4153,44,0.511364,10.2273,ok,44,0.511364,10.2273,ok,89,89,Uncommon,false,false,false
726,63.8675,1099932431706,441677,,8,63.7155,38.2293,136,0.640957,12.8191,ok,136,0.640957,12.8191,ok,377,144,Uncommon,false,false,false
727,63.853,1099808713578,435457,y.tba.wam,10,56.7227,34.0336,156,0.745484,14.9097,ok,156,0.745484,14.9097,ok,610,454,Common,false,false,false
728,63.8034,1099636335872,438904,bsyru.wam,9,62.425,37.455,144,0.658711,13.1742,ok,144,0.658711,13.1742,ok,420,420,Common,false,false,false
729,63.7872,1099808713579,435457,pepperstake,10,56.7227,34.0336,157,0.743842,14.8768,ok,157,0.743842,14.8768,ok,610,454,Common,false,false,false
730,63.7613,1099937848581,441677,,8,63.7155,38.2293,137,0.638298,12.766,ok,137,0.638298,12.766,ok,377,144,Uncommon,false,false,false
731,63.7533,1099812097839,445272,fs1r2.wam,7,68.0372,40.8223,100,0.573276,11.4655,ok,100,0.573276,11.4655,ok,233,146,Uncommon,false,false,false
732,63.7216,1099808713580,435457,gllwy.wam,10,56.7227,34.0336,158,0.7422,14.844,ok,158,0.7422,14.844,ok,610,454,Common,false,false,false
733,63.708,1099636335873,438904,bsyru.wam,9,62.425,37.455,145,0.656325,13.1265,ok,145,0.656325,13.1265,ok,420,420,Common,false,false,false
734,63.6838,1099660924232,449935,,6,70.7083,42.425,68,0.531469,10.6294,ok,68,0.531469,10.6294,ok,144,144,Uncommon,false,false,false
735,63.656,1099808713581,435457,hkra.wam,10,56.7227,34.0336,159,0.740558,14.8112,ok,159,0.740558,14.8112,ok,610,454,Common,false,false,false
736,63.6549,1099937849400,441677,,8,63.7155,38.2293,138,0.635638,12.7128,ok,138,0.635638,12.7128,ok,377,144,Uncommon,false,false,false
737,63.6126,1099636335874,438904,bsyru.wam,9,62.425,37.455,146,0.653938,13.0788,ok,146,0.653938,13.0788,ok,420,420,Common,false,false,false
738,63.5902,1099808713582,435457,pepperstake,10,56.7227,34.0336,160,0.738916,14.7783,ok,160,0.738916,14.7783,ok,610,454,Common,false,false,false
739,63.5809,1099812097840,445272,fs1r2.wam,7,68.0372,40.8223,101,0.568966,11.3793,ok,101,0.568966,11.3793,ok,233,146,Uncommon,false,false,false
740,63.5625,1099997876488,401786,yoitscharlie,3,93.8162,56.2897,28,0.181818,3.6364,ok,28,0.181818,3.6364,ok,34,21,Rare,false,false,false
741,63.5485,1099937849733,441677,,8,63.7155,38.2293,139,0.632979,12.6596,ok,139,0.632979,12.6596,ok,377,144,Uncommon,false,false,false
742,63.5246,1099808713583,435457,yoitscharlie,10,56.7227,34.0336,161,0.737274,14.7455,ok,161,0.737274,14.7455,ok,610,454,Common,false,false,false
743,63.517,1099636335888,438904,wfor4.wam,9,62.425,37.455,147,0.651551,13.031,ok,147,0.651551,13.031,ok,420,420,Common,false,false,false
744,63.4588,1099808713584,435457,,10,56.7227,34.0336,162,0.735632,14.7126,ok,162,0.735632,14.7126,ok,610,454,Common,false,false,false
745,63.4421,1099951264605,441677,pepperstake,8,63.7155,38.2293,140,0.630319,12.6064,ok,140,0.630319,12.6064,ok,377,144,Uncommon,false,false,false
746,63.4216,1099636335889,438904,bsyru.wam,9,62.425,37.455,148,0.649165,12.9833,ok,148,0.649165,12.9833,ok,420,420,Common,false,false,false
747,63.4153,1099667784794,453934,yoitscharlie,5,72.3589,43.4153,45,0.5,10,ok,45,0.5,10,ok,89,89,Uncommon,false,false,false
748,63.4085,1099812097841,445272,pepperstake,7,68.0372,40.8223,102,0.564655,11.2931,ok,102,0.564655,11.2931,ok,233,146,Uncommon,false,false,false
749,63.404,1099660924233,449935,yoitscharlie,6,70.7083,42.425,69,0.524476,10.4895,ok,69,0.524476,10.4895,ok,144,144,Uncommon,false,false,false
750,63.3932,1099808713585,435457,,10,56.7227,34.0336,163,0.73399,14.6798,ok,163,0.73399,14.6798,ok,610,454,Common,false,false,false
751,63.3357,1099964564270,441677,pepperstake,8,63.7155,38.2293,141,0.62766,12.5532,ok,141,0.62766,12.5532,ok,377,144,Uncommon,false,false,false
752,63.3345,1099595898025,401767,blend.nefty,1,94.4465,56.6679,11,0.166667,3.3333,ok,11,0.166667,3.3333,ok,13,13,Ultra Rare,false,false,false
753,63.3276,1099808713586,435457,wfor4.wam,10,56.7227,34.0336,164,0.732348,14.647,ok,164,0.732348,14.647,ok,610,454,Common,false,false,false
754,63.3262,1099636335890,438904,neftyblocksd,9,62.425,37.455,149,0.646778,12.9356,ok,149,0.646778,12.9356,ok,420,420,Common,false,false,false
755,63.2868,1099931219651,458168,q4oia.wam,4,73.3794,44.0276,29,0.481481,9.6296,ok,29,0.481481,9.6296,ok,55,39,Rare,false,false,false
756,63.2618,1099808713587,435457,,10,56.7227,34.0336,165,0.730706,14.6141,ok,165,0.730706,14.6141,ok,610,454,Common,false,false,false
757,63.2361,1099812097842,445272,pepperstake,7,68.0372,40.8223,103,0.560345,11.2069,ok,103,0.560345,11.2069,ok,233,146,Uncommon,false,false,false
758,63.2306,1099636335891,438904,neftyblocksd,9,62.425,37.455,150,0.644391,12.8878,ok,150,0.644391,12.8878,ok,420,420,Common,false,false,false
759,63.2293,1099973207158,441677,pepperstake,8,63.7155,38.2293,142,0.625,12.5,ok,142,0.625,12.5,ok,377,144,Uncommon,false,false,false
760,63.1962,1099808713588,435457,q4oia.wam,10,56.7227,34.0336,166,0.729064,14.5813,ok,166,0.729064,14.5813,ok,610,454,Common,false,false,false
761,63.1352,1099636335892,438904,pepperstake,9,62.425,37.455,151,0.642005,12.8401,ok,151,0.642005,12.8401,ok,420,420,Common,false,false,false
762,63.1304,1099808713589,435457,iwdre.wam,10,56.7227,34.0336,167,0.727422,14.5484,ok,167,0.727422,14.5484,ok,610,454,Common,false,false,false
763,63.1244,1099661096441,449935,lafrs.wam,6,70.7083,42.425,70,0.517483,10.3497,ok,70,0.517483,10.3497,ok,144,144,Uncommon,false,false,false
764,63.1229,1099973207159,441677,pepperstake,8,63.7155,38.2293,143,0.62234,12.4468,ok,143,0.62234,12.4468,ok,377,144,Uncommon,false,false,false
765,63.0648,1099808713590,435457,25shg.wam,10,56.7227,34.0336,168,0.72578,14.5156,ok,168,0.72578,14.5156,ok,610,454,Common,false,false,false
766,63.0637,1099812097843,445272,fs1r2.wam,7,68.0372,40.8223,104,0.556034,11.1207,ok,104,0.556034,11.1207,ok,233,146,Uncommon,false,false,false
767,63.0398,1099636335893,438904,neftyblocksd,9,62.425,37.455,152,0.639618,12.7924,ok,152,0.639618,12.7924,ok,420,420,Common,false,false,false
768,63.0165,1099973207160,441677,i5d52.c.wam,8,63.7155,38.2293,144,0.619681,12.3936,ok,144,0.619681,12.3936,ok,377,144,Uncommon,false,false,false
769,62.9992,1099808713591,435457,,10,56.7227,34.0336,169,0.724138,14.4828,ok,169,0.724138,14.4828,ok,610,454,Common,false,false,false
770,62.9607,1099667784795,453934,yoitscharlie,5,72.3589,43.4153,46,0.488636,9.7727,ok,46,0.488636,9.7727,ok,89,89,Uncommon,false,false,false
771,62.9442,1099636335894,438904,neftyblocksd,9,62.425,37.455,153,0.637232,12.7446,ok,153,0.637232,12.7446,ok,420,420,Common,false,false,false
772,62.9334,1099808713592,435457,advyq.wam,10,56.7227,34.0336,170,0.722496,14.4499,ok,170,0.722496,14.4499,ok,610,454,Common,false,false,false
773,62.9101,1099997874216,441677,yoitscharlie,8,63.7155,38.2293,145,0.617021,12.3404,ok,145,0.617021,12.3404,ok,377,144,Uncommon,false,false,false
774,62.8913,1099812097844,445272,fs1r2.wam,7,68.0372,40.8223,105,0.551724,11.0345,ok,105,0.551724,11.0345,ok,233,146,Uncommon,false,false,false
775,62.8678,1099808713593,435457,cwzqw.wam,10,56.7227,34.0336,171,0.720854,14.4171,ok,171,0.720854,14.4171,ok,610,454,Common,false,false,false
776,62.8488,1099636335895,438904,neftyblocksd,9,62.425,37.455,154,0.634845,12.6969,ok,154,0.634845,12.6969,ok,420,420,Common,false,false,false
777,62.8446,1099661098866,449935,wfor4.wam,6,70.7083,42.425,71,0.51049,10.2098,ok,71,0.51049,10.2098,ok,144,144,Uncommon,false,false,false
778,62.8037,1099997874217,441677,yoitscharlie,8,63.7155,38.2293,146,0.614362,12.2872,ok,146,0.614362,12.2872,ok,377,144,Uncommon,false,false,false
779,62.802,1099808713594,435457,,10,56.7227,34.0336,172,0.719212,14.3842,ok,172,0.719212,14.3842,ok,610,454,Common,false,false,false
780,62.7534,1099636335896,438904,neftyblocksd,9,62.425,37.455,155,0.632458,12.6492,ok,155,0.632458,12.6492,ok,420,420,Common,false,false,false
781,62.7364,1099808713595,435457,pepperstake,10,56.7227,34.0336,173,0.71757,14.3514,ok,173,0.71757,14.3514,ok,610,454,Common,false,false,false
782,62.7189,1099812097845,445272,fs1r2.wam,7,68.0372,40.8223,106,0.547414,10.9483,ok,106,0.547414,10.9483,ok,233,146,Uncommon,false,false,false
783,62.6973,1099997874218,441677,yoitscharlie,8,63.7155,38.2293,147,0.611702,12.234,ok,147,0.611702,12.234,ok,377,144,Uncommon,false,false,false
784,62.6708,1099808713596,435457,q4oia.wam,10,56.7227,34.0336,174,0.715928,14.3186,ok,174,0.715928,14.3186,ok,610,454,Common,false,false,false
785,62.6578,1099636335897,438904,neftyblocksd,9,62.425,37.455,156,0.630072,12.6014,ok,156,0.630072,12.6014,ok,420,420,Common,false,false,false
786,62.605,1099808713597,435457,yoitscharlie,10,56.7227,34.0336,175,0.714286,14.2857,ok,175,0.714286,14.2857,ok,610,454,Common,false,false,false
787,62.5911,1099997874219,441677,yoitscharlie,8,63.7155,38.2293,148,0.609043,12.1809,ok,148,0.609043,12.1809,ok,377,144,Uncommon,false,false,false
788,62.5648,1099661099030,449935,skvba.wam,6,70.7083,42.425,72,0.503497,10.0699,ok,72,0.503497,10.0699,ok,144,144,Uncommon,false,false,false
789,62.5624,1099636335898,438904,wfor4.wam,9,62.425,37.455,157,0.627685,12.5537,ok,157,0.627685,12.5537,ok,420,420,Common,false,false,false
790,62.5465,1099812097846,445272,,7,68.0372,40.8223,107,0.543103,10.8621,ok,107,0.543103,10.8621,ok,233,146,Uncommon,false,false,false
791,62.5462,1099931219652,458168,yoitscharlie,4,73.3794,44.0276,30,0.462963,9.2593,ok,30,0.462963,9.2593,ok,55,39,Rare,false,false,false
792,62.5394,1099808713598,435457,,10,56.7227,34.0336,176,0.712644,14.2529,ok,176,0.712644,14.2529,ok,610,454,Common,false,false,false
793,62.5238,1099951264530,401779,pepperstake,2,94.2064,56.5238,18,0.15,3,ok,18,0.15,3,ok,21,18,Rare,false,false,false
794,62.5063,1099667784796,453934,yoitscharlie,5,72.3589,43.4153,47,0.477273,9.5455,ok,47,0.477273,9.5455,ok,89,89,Uncommon,false,false,false
795,62.4847,1099997874220,441677,yoitscharlie,8,63.7155,38.2293,149,0.606383,12.1277,ok,149,0.606383,12.1277,ok,377,144,Uncommon,false,false,false
796,62.4736,1099808713599,435457,xhnqw.wam,10,56.7227,34.0336,177,0.711002,14.22,ok,177,0.711002,14.22,ok,610,454,Common,false,false,false
797,62.467,1099636335899,438904,neftyblocksd,9,62.425,37.455,158,0.625298,12.506,ok,158,0.625298,12.506,ok,420,420,Common,false,false,false
798,62.408,1099808713600,435457,ve41k.c.wam,10,56.7227,34.0336,178,0.70936,14.1872,ok,178,0.70936,14.1872,ok,610,454,Common,false,false,false
799,62.3783,1099997874221,441677,yoitscharlie,8,63.7155,38.2293,150,0.603723,12.0745,ok,150,0.603723,12.0745,ok,377,144,Uncommon,false,false,false
800,62.3741,1099812097847,445272,,7,68.0372,40.8223,108,0.538793,10.7759,ok,108,0.538793,10.7759,ok,233,146,Uncommon,false,false,false
801,62.3714,1099636335900,438904,neftyblocksd,9,62.425,37.455,159,0.622912,12.4582,ok,159,0.622912,12.4582,ok,420,420,Common,false,false,false
802,62.3503,1099997876489,401786,yoitscharlie,3,93.8162,56.2897,29,0.151515,3.0303,ok,29,0.151515,3.0303,ok,34,21,Rare,false,false,false
803,62.3424,1099808713601,435457,bsyru.wam,10,56.7227,34.0336,179,0.707718,14.1544,ok,179,0.707718,14.1544,ok,610,454,Common,false,false,false
804,62.2852,1099661099232,449935,,6,70.7083,42.425,73,0.496503,9.9301,ok,73,0.496503,9.9301,ok,144,144,Uncommon,false,false,false
805,62.2766,1099808713602,435457,pepperstake,10,56.7227,34.0336,180,0.706076,14.1215,ok,180,0.706076,14.1215,ok,610,454,Common,false,false,false
806,62.276,1099636335901,438904,fs1r2.wam,9,62.425,37.455,160,0.620525,12.4105,ok,160,0.620525,12.4105,ok,420,420,Common,false,false,false
807,62.2719,1099997874222,441677,yoitscharlie,8,63.7155,38.2293,151,0.601064,12.0213,ok,151,0.601064,12.0213,ok,377,144,Uncommon,false,false,false
808,62.211,1099808713603,435457,,10,56.7227,34.0336,181,0.704433,14.0887,ok,181,0.704433,14.0887,ok,610,454,Common,false,false,false
809,62.2017,1099812097848,445272,,7,68.0372,40.8223,109,0.534483,10.6897,ok,109,0.534483,10.6897,ok,233,146,Uncommon,false,false,false
810,62.1806,1099636335902,438904,pepperstake,9,62.425,37.455,161,0.618138,12.3628,ok,161,0.618138,12.3628,ok,420,420,Common,false,false,false
811,62.1655,1099997874223,441677,yoitscharlie,8,63.7155,38.2293,152,0.598404,11.9681,ok,152,0.598404,11.9681,ok,377,144,Uncommon,false,false,false
812,62.1452,1099808713604,435457,we5n4.c.wam,10,56.7227,34.0336,182,0.702791,14.0558,ok,182,0.702791,14.0558,ok,610,454,Common,false,false,false
813,62.085,1099636335903,438904,neftyblocksd,9,62.425,37.455,162,0.615752,12.315,ok,162,0.615752,12.315,ok,420,420,Common,false,false,false
814,62.0796,1099808713605,435457,x51uk.wam,10,56.7227,34.0336,183,0.701149,14.023,ok,183,0.701149,14.023,ok,610,454,Common,false,false,false
815,62.0591,1099997874224,441677,yoitscharlie,8,63.7155,38.2293,153,0.595745,11.9149,ok,153,0.595745,11.9149,ok,377,144,Uncommon,false,false,false
816,62.0517,1099667784797,453934,yoitscharlie,5,72.3589,43.4153,48,0.465909,9.3182,ok,48,0.465909,9.3182,ok,89,89,Uncommon,false,false,false
817,62.0291,1099812450416,445272,,7,68.0372,40.8223,110,0.530172,10.6034,ok,110,0.530172,10.6034,ok,233,146,Uncommon,false,false,false
818,62.0138,1099808713606,435457,rwdwk.wam,10,56.7227,34.0336,184,0.699507,13.9901,ok,184,0.699507,13.9901,ok,610,454,Common,false,false,false
819,62.0054,1099661233194,449935,jycgm.wam,6,70.7083,42.425,74,0.48951,9.7902,ok,74,0.48951,9.7902,ok,144,144,Uncommon,false,false,false
820,61.9896,1099636335904,438904,neftyblocksd,9,62.425,37.455,163,0.613365,12.2673,ok,163,0.613365,12.2673,ok,420,420,Common,false,false,false
821,61.9527,1099997874225,441677,yoitscharlie,8,63.7155,38.2293,154,0.593085,11.8617,ok,154,0.593085,11.8617,ok,377,144,Uncommon,false,false,false
822,61.9482,1099808713607,435457,pepperstake,10,56.7227,34.0336,185,0.697865,13.9573,ok,185,0.697865,13.9573,ok,610,454,Common,false,false,false
823,61.8942,1099636335905,438904,neftyblocksd,9,62.425,37.455,164,0.610979,12.2196,ok,164,0.610979,12.2196,ok,420,420,Common,false,false,false
824,61.8826,1099808713608,435457,,10,56.7227,34.0336,186,0.696223,13.9245,ok,186,0.696223,13.9245,ok,610,454,Common,false,false,false
825,61.8567,1099815082665,445272,,7,68.0372,40.8223,111,0.525862,10.5172,ok,111,0.525862,10.5172,ok,233,146,Uncommon,false,false,false
826,61.8463,1099997874226,441677,yoitscharlie,8,63.7155,38.2293,155,0.590426,11.8085,ok,155,0.590426,11.8085,ok,377,144,Uncommon,false,false,false
827,61.8168,1099808713609,435457,,10,56.7227,34.0336,187,0.694581,13.8916,ok,187,0.694581,13.8916,ok,610,454,Common,false,false,false
828,61.8054,1099931219653,458168,pepperstake,4,73.3794,44.0276,31,0.444444,8.8889,ok,31,0.444444,8.8889,ok,55,39,Rare,false,false,false
829,61.7986,1099636335906,438904,neftyblocksd,9,62.425,37.455,165,0.608592,12.1718,ok,165,0.608592,12.1718,ok,420,420,Common,false,false,false
830,61.7512,1099808713610,435457,,10,56.7227,34.0336,188,0.692939,13.8588,ok,188,0.692939,13.8588,ok,610,454,Common,false,false,false
831,61.7399,1099997874227,441677,yoitscharlie,8,63.7155,38.2293,156,0.587766,11.7553,ok,156,0.587766,11.7553,ok,377,144,Uncommon,false,false,false
832,61.7256,1099661233195,449935,,6,70.7083,42.425,75,0.482517,9.6503,ok,75,0.482517,9.6503,ok,144,144,Uncommon,false,false,false
833,61.7032,1099636335907,438904,neftyblocksd,9,62.425,37.455,166,0.606205,12.1241,ok,166,0.606205,12.1241,ok,420,420,Common,false,false,false
834,61.6854,1099808713611,435457,,10,56.7227,34.0336,189,0.691297,13.8259,ok,189,0.691297,13.8259,ok,610,454,Common,false,false,false
835,61.6843,1099815241353,445272,q4oia.wam,7,68.0372,40.8223,112,0.521552,10.431,ok,112,0.521552,10.431,ok,233,146,Uncommon,false,false,false
836,61.6335,1099997874228,441677,yoitscharlie,8,63.7155,38.2293,157,0.585106,11.7021,ok,157,0.585106,11.7021,ok,377,144,Uncommon,false,false,false
837,61.6198,1099808713612,435457,kwurg.wam,10,56.7227,34.0336,190,0.689655,13.7931,ok,190,0.689655,13.7931,ok,610,454,Common,false,false,false
838,61.6078,1099636336008,438904,sb.qw.wam,9,62.425,37.455,167,0.603819,12.0764,ok,167,0.603819,12.0764,ok,420,420,Common,false,false,false
839,61.5971,1099667784798,453934,yoitscharlie,5,72.3589,43.4153,49,0.454545,9.0909,ok,49,0.454545,9.0909,ok,89,89,Uncommon,false,false,false
840,61.5542,1099808713613,435457,,10,56.7227,34.0336,191,0.688013,13.7603,ok,191,0.688013,13.7603,ok,610,454,Common,false,false,false
841,61.5271,1099997874229,441677,yoitscharlie,8,63.7155,38.2293,158,0.582447,11.6489,ok,158,0.582447,11.6489,ok,377,144,Uncommon,false,false,false
842,61.5122,1099636336065,438904,ifvvw.wam,9,62.425,37.455,168,0.601432,12.0286,ok,168,0.601432,12.0286,ok,420,420,Common,false,false,false
843,61.5119,1099815241470,445272,q4oia.wam,7,68.0372,40.8223,113,0.517241,10.3448,ok,113,0.517241,10.3448,ok,233,146,Uncommon,false,false,false
844,61.4884,1099808713614,435457,,10,56.7227,34.0336,192,0.686371,13.7274,ok,192,0.686371,13.7274,ok,610,454,Common,false,false,false
845,61.446,1099661273822,449935,wfor4.wam,6,70.7083,42.425,76,0.475524,9.5105,ok,76,0.475524,9.5105,ok,144,144,Uncommon,false,false,false
846,61.4228,1099808713615,435457,,10,56.7227,34.0336,193,0.684729,13.6946,ok,193,0.684729,13.6946,ok,610,454,Common,false,false,false
847,61.4207,1099997874230,441677,yoitscharlie,8,63.7155,38.2293,159,0.579787,11.5957,ok,159,0.579787,11.5957,ok,377,144,Uncommon,false,false,false
848,61.4168,1099636336074,438904,sb.qw.wam,9,62.425,37.455,169,0.599045,11.9809,ok,169,0.599045,11.9809,ok,420,420,Common,false,false,false
849,61.357,1099808713616,435457,,10,56.7227,34.0336,194,0.683087,13.6617,ok,194,0.683087,13.6617,ok,610,454,Common,false,false,false
850,61.3395,1099815241544,445272,wfor4.wam,7,68.0372,40.8223,114,0.512931,10.2586,ok,114,0.512931,10.2586,ok,233,146,Uncommon,false,false,false
851,61.3214,1099636336374,438904,,9,62.425,37.455,170,0.596659,11.9332,ok,170,0.596659,11.9332,ok,420,420,Common,false,false,false
852,61.3145,1099997874231,441677,yoitscharlie,8,63.7155,38.2293,160,0.577128,11.5426,ok,160,0.577128,11.5426,ok,377,144,Uncommon,false,false,false
853,61.2914,1099808713617,435457,waxrunrtcore,10,56.7227,34.0336,195,0.681445,13.6289,ok,195,0.681445,13.6289,ok,610,454,Common,false,false,false
854,61.2258,1099636337091,438904,pepperstake,9,62.425,37.455,171,0.594272,11.8854,ok,171,0.594272,11.8854,ok,420,420,Common,false,false,false
855,61.2258,1099808713618,435457,3ctys.wam,10,56.7227,34.0336,196,0.679803,13.5961,ok,196,0.679803,13.5961,ok,610,454,Common,false,false,false
856,61.2081,1099997874232,441677,yoitscharlie,8,63.7155,38.2293,161,0.574468,11.4894,ok,161,0.574468,11.4894,ok,377,144,Uncommon,false,false,false
857,61.1671,1099815241840,445272,wfor4.wam,7,68.0372,40.8223,115,0.508621,10.1724,ok,115,0.508621,10.1724,ok,233,146,Uncommon,false,false,false
858,61.1662,1099661345138,449935,yw1r2.wam,6,70.7083,42.425,77,0.468531,9.3706,ok,77,0.468531,9.3706,ok,144,144,Uncommon,false,false,false
859,61.16,1099808713619,435457,pepperstake,10,56.7227,34.0336,197,0.678161,13.5632,ok,197,0.678161,13.5632,ok,610,454,Common,false,false,false
860,61.1425,1099667784799,453934,yoitscharlie,5,72.3589,43.4153,50,0.443182,8.8636,ok,50,0.443182,8.8636,ok,89,89,Uncommon,false,false,false
861,61.1381,1099998512320,401786,yoitscharlie,3,93.8162,56.2897,30,0.121212,2.4242,ok,30,0.121212,2.4242,ok,34,21,Rare,false,false,false
862,61.1304,1099636337496,438904,atomicmarket,9,62.425,37.455,172,0.591885,11.8377,ok,172,0.591885,11.8377,ok,420,420,Common,false,false,false
863,61.1017,1099997874233,441677,yoitscharlie,8,63.7155,38.2293,162,0.571809,11.4362,ok,162,0.571809,11.4362,ok,377,144,Uncommon,false,false,false
864,61.0944,1099808713620,435457,,10,56.7227,34.0336,198,0.676519,13.5304,ok,198,0.676519,13.5304,ok,610,454,Common,false,false,false
865,61.0646,1099931219654,458168,yoitscharlie,4,73.3794,44.0276,32,0.425926,8.5185,ok,32,0.425926,8.5185,ok,55,39,Rare,false,false,false
866,61.035,1099636337631,438904,,9,62.425,37.455,173,0.589499,11.79,ok,173,0.589499,11.79,ok,420,420,Common,false,false,false
867,61.0286,1099808713621,435457,q4oia.wam,10,56.7227,34.0336,199,0.674877,13.4975,ok,199,0.674877,13.4975,ok,610,454,Common,false,false,false
868,60.9953,1099997874234,441677,yoitscharlie,8,63.7155,38.2293,163,0.569149,11.383,ok,163,0.569149,11.383,ok,377,144,Uncommon,false,false,false
869,60.9947,1099815244632,445272,,7,68.0372,40.8223,116,0.50431,10.0862,ok,116,0.50431,10.0862,ok,233,146,Uncommon,false,false,false
870,60.963,1099808713622,435457,qmpji.wam,10,56.7227,34.0336,200,0.673235,13.4647,ok,200,0.673235,13.4647,ok,610,454,Common,false,false,false
871,60.9394,1099636337632,438904,,9,62.425,37.455,174,0.587112,11.7422,ok,174,0.587112,11.7422,ok,420,420,Common,false,false,false
872,60.8974,1099808713623,435457,,10,56.7227,34.0336,201,0.671593,13.4319,ok,201,0.671593,13.4319,ok,610,454,Common,false,false,false
873,60.8889,1099997874235,441677,yoitscharlie,8,63.7155,38.2293,164,0.566489,11.3298,ok,164,0.566489,11.3298,ok,377,144,Uncommon,false,false,false
874,60.8866,1099661565303,449935,,6,70.7083,42.425,78,0.461538,9.2308,ok,78,0.461538,9.2308,ok,144,144,Uncommon,false,false,false
875,60.844,1099636338418,438904,cwzqw.wam,9,62.425,37.455,175,0.584726,11.6945,ok,175,0.584726,11.6945,ok,420,420,Common,false,false,false
876,60.8316,1099808713624,435457,ijqrk.wam,10,56.7227,34.0336,202,0.669951,13.399,ok,202,0.669951,13.399,ok,610,454,Common,false,false,false
877,60.8223,1099819067866,445272,,7,68.0372,40.8223,117,0.5,10,ok,117,0.5,10,ok,233,146,Uncommon,false,false,false
878,60.7825,1099997874236,441677,yoitscharlie,8,63.7155,38.2293,165,0.56383,11.2766,ok,165,0.56383,11.2766,ok,377,144,Uncommon,false,false,false
879,60.766,1099808713625,435457,,10,56.7227,34.0336,203,0.668309,13.3662,ok,203,0.668309,13.3662,ok,610,454,Common,false,false,false
880,60.7486,1099636338419,438904,,9,62.425,37.455,176,0.582339,11.6468,ok,176,0.582339,11.6468,ok,420,420,Common,false,false,false
881,60.7002,1099808713626,435457,5pq1q.c.wam,10,56.7227,34.0336,204,0.666667,13.3333,ok,204,0.666667,13.3333,ok,610,454,Common,false,false,false
882,60.6881,1099667784800,453934,yoitscharlie,5,72.3589,43.4153,51,0.431818,8.6364,ok,51,0.431818,8.6364,ok,89,89,Uncommon,false,false,false
883,60.6761,1099997874237,441677,yoitscharlie,8,63.7155,38.2293,166,0.56117,11.2234,ok,166,0.56117,11.2234,ok,377,144,Uncommon,false,false,false
884,60.653,1099636338420,438904,,9,62.425,37.455,177,0.579952,11.599,ok,177,0.579952,11.599,ok,420,420,Common,false,false,false
885,60.6499,1099825711436,445272,,7,68.0372,40.8223,118,0.49569,9.9138,ok,118,0.49569,9.9138,ok,233,146,Uncommon,false,false,false
886,60.6346,1099808713627,435457,pepperstake,10,56.7227,34.0336,205,0.665025,13.3005,ok,205,0.665025,13.3005,ok,610,454,Common,false,false,false
887,60.6068,1099661808535,449935,hottothemoon,6,70.7083,42.425,79,0.454545,9.0909,ok,79,0.454545,9.0909,ok,144,144,Uncommon,false,false,false
888,60.5697,1099997874238,441677,yoitscharlie,8,63.7155,38.2293,167,0.558511,11.1702,ok,167,0.558511,11.1702,ok,377,144,Uncommon,false,false,false
889,60.569,1099808713628,435457,,10,56.7227,34.0336,206,0.663383,13.2677,ok,206,0.663383,13.2677,ok,610,454,Common,false,false,false
890,60.5576,1099636338421,438904,,9,62.425,37.455,178,0.577566,11.5513,ok,178,0.577566,11.5513,ok,420,420,Common,false,false,false
891,60.5238,1099998513040,401779,yoitscharlie,2,94.2064,56.5238,19,0.1,2,ok,19,0.1,2,ok,21,18,Rare,false,false,false
892,60.5032,1099808713629,435457,,10,56.7227,34.0336,207,0.661741,13.2348,ok,207,0.661741,13.2348,ok,610,454,Common,false,false,false
893,60.4775,1099832946207,445272,,7,68.0372,40.8223,119,0.491379,9.8276,ok,119,0.491379,9.8276,ok,233,146,Uncommon,false,false,false
894,60.4633,1099997874239,441677,yoitscharlie,8,63.7155,38.2293,168,0.555851,11.117,ok,168,0.555851,11.117,ok,377,144,Uncommon,false,false,false
895,60.4622,1099636338422,438904,,9,62.425,37.455,179,0.575179,11.5036,ok,179,0.575179,11.5036,ok,420,420,Common,false,false,false
896,60.4376,1099808713630,435457,pepperstake,10,56.7227,34.0336,208,0.660099,13.202,ok,208,0.660099,13.202,ok,610,454,Common,false,false,false
897,60.3718,1099808713631,435457,pepperstake,10,56.7227,34.0336,209,0.658456,13.1691,ok,209,0.658456,13.1691,ok,610,454,Common,false,false,false
898,60.3666,1099636338423,438904,,9,62.425,37.455,180,0.572792,11.4558,ok,180,0.572792,11.4558,ok,420,420,Common,false,false,false
899,60.3569,1099997874240,441677,yoitscharlie,8,63.7155,38.2293,169,0.553191,11.0638,ok,169,0.553191,11.0638,ok,377,144,Uncommon,false,false,false
900,60.327,1099661926460,449935,4eer2.wam,6,70.7083,42.425,80,0.447552,8.951,ok,80,0.447552,8.951,ok,144,144,Uncommon,false,false,false
901,60.3238,1099931219655,458168,pepperstake,4,73.3794,44.0276,33,0.407407,8.1481,ok,33,0.407407,8.1481,ok,55,39,Rare,false,false,false
902,60.3062,1099808713632,435457,pepperstake,10,56.7227,34.0336,210,0.656814,13.1363,ok,210,0.656814,13.1363,ok,610,454,Common,false,false,false
903,60.3051,1099925434408,445272,pepperstake,7,68.0372,40.8223,120,0.487069,9.7414,ok,120,0.487069,9.7414,ok,233,146,Uncommon,false,false,false
904,60.2712,1099636338424,438904,,9,62.425,37.455,181,0.570406,11.4081,ok,181,0.570406,11.4081,ok,420,420,Common,false,false,false
905,60.2505,1099997874241,441677,yoitscharlie,8,63.7155,38.2293,170,0.550532,11.0106,ok,170,0.550532,11.0106,ok,377,144,Uncommon,false,false,false
906,60.2404,1099808713633,435457,,10,56.7227,34.0336,211,0.655172,13.1034,ok,211,0.655172,13.1034,ok,610,454,Common,false,false,false
907,60.2335,1099667784801,453934,yoitscharlie,5,72.3589,43.4153,52,0.420455,8.4091,ok,52,0.420455,8.4091,ok,89,89,Uncommon,false,false,false
908,60.1758,1099636338425,438904,,9,62.425,37.455,182,0.568019,11.3604,ok,182,0.568019,11.3604,ok,420,420,Common,false,false,false
909,60.1748,1099808713634,435457,qr1nc.c.wam,10,56.7227,34.0336,212,0.65353,13.0706,ok,212,0.65353,13.0706,ok,610,454,Common,false,false,false
910,60.1441,1099997874242,441677,yoitscharlie,8,63.7155,38.2293,171,0.547872,10.9574,ok,171,0.547872,10.9574,ok,377,144,Uncommon,false,false,false
911,60.1327,1099925434417,445272,pepperstake,7,68.0372,40.8223,121,0.482759,9.6552,ok,121,0.482759,9.6552,ok,233,146,Uncommon,false,false,false
912,60.1092,1099808713635,435457,,10,56.7227,34.0336,213,0.651888,13.0378,ok,213,0.651888,13.0378,ok,610,454,Common,false,false,false
913,60.0802,1099636338482,438904,,9,62.425,37.455,183,0.565632,11.3126,ok,183,0.565632,11.3126,ok,420,420,Common,false,false,false
914,60.0474,1099662629344,449935,cwzqw.wam,6,70.7083,42.425,81,0.440559,8.8112,ok,81,0.440559,8.8112,ok,144,144,Uncommon,false,false,false
915,60.0434,1099808713636,435457,,10,56.7227,34.0336,214,0.650246,13.0049,ok,214,0.650246,13.0049,ok,610,454,Common,false,false,false
916,60.0379,1099997874243,441677,yoitscharlie,8,63.7155,38.2293,172,0.545213,10.9043,ok,172,0.545213,10.9043,ok,377,144,Uncommon,false,false,false
917,60.0013,1099595898026,401767,d1uqy.wam,1,94.4465,56.6679,12,0.083333,1.6667,ok,12,0.083333,1.6667,ok,13,13,Ultra Rare,false,false,false
918,59.9848,1099636338483,438904,,9,62.425,37.455,184,0.563246,11.2649,ok,184,0.563246,11.2649,ok,420,420,Common,false,false,false
919,59.9778,1099808713637,435457,,10,56.7227,34.0336,215,0.648604,12.9721,ok,215,0.648604,12.9721,ok,610,454,Common,false,false,false
920,59.9603,1099925434445,445272,,7,68.0372,40.8223,122,0.478448,9.569,ok,122,0.478448,9.569,ok,233,146,Uncommon,false,false,false
921,59.9315,1099997874244,441677,yoitscharlie,8,63.7155,38.2293,173,0.542553,10.8511,ok,173,0.542553,10.8511,ok,377,144,Uncommon,false,false,false
922,59.9261,1099998512321,401786,yoitscharlie,3,93.8162,56.2897,31,0.090909,1.8182,ok,31,0.090909,1.8182,ok,34,21,Rare,false,false,false
923,59.912,1099812318984,435457,fs1r2.wam,10,56.7227,34.0336,216,0.646962,12.9392,ok,216,0.646962,12.9392,ok,610,454,Common,false,false,false
924,59.8894,1099636338484,438904,d3zr2.wam,9,62.425,37.455,185,0.560859,11.2172,ok,185,0.560859,11.2172,ok,420,420,Common,false,false,false
925,59.8464,1099812318985,435457,,10,56.7227,34.0336,217,0.64532,12.9064,ok,217,0.64532,12.9064,ok,610,454,Common,false,false,false
926,59.8251,1099997874245,441677,yoitscharlie,8,63.7155,38.2293,174,0.539894,10.7979,ok,174,0.539894,10.7979,ok,377,144,Uncommon,false,false,false
927,59.794,1099636338485,438904,,9,62.425,37.455,186,0.558473,11.1695,ok,186,0.558473,11.1695,ok,420,420,Common,false,false,false
928,59.7879,1099925434459,445272,,7,68.0372,40.8223,123,0.474138,9.4828,ok,123,0.474138,9.4828,ok,233,146,Uncommon,false,false,false
929,59.7808,1099812318986,435457,,10,56.7227,34.0336,218,0.643678,12.8736,ok,218,0.643678,12.8736,ok,610,454,Common,false,false,false
930,59.7789,1099667784802,453934,yoitscharlie,5,72.3589,43.4153,53,0.409091,8.1818,ok,53,0.409091,8.1818,ok,89,89,Uncommon,false,false,false
931,59.7676,1099663257912,449935,,6,70.7083,42.425,82,0.433566,8.6713,ok,82,0.433566,8.6713,ok,144,144,Uncommon,false,false,false
932,59.7187,1099997874246,441677,yoitscharlie,8,63.7155,38.2293,175,0.537234,10.7447,ok,175,0.537234,10.7447,ok,377,144,Uncommon,false,false,false
933,59.715,1099812318987,435457,,10,56.7227,34.0336,219,0.642036,12.8407,ok,219,0.642036,12.8407,ok,610,454,Common,false,false,false
934,59.6984,1099636338486,438904,5.1xq.wam,9,62.425,37.455,187,0.556086,11.1217,ok,187,0.556086,11.1217,ok,420,420,Common,false,false,false
935,59.6494,1099812318988,435457,,10,56.7227,34.0336,220,0.640394,12.8079,ok,220,0.640394,12.8079,ok,610,454,Common,false,false,false
936,59.6155,1099925434936,445272,,7,68.0372,40.8223,124,0.469828,9.3966,ok,124,0.469828,9.3966,ok,233,146,Uncommon,false,false,false
937,59.6123,1099997874247,441677,yoitscharlie,8,63.7155,38.2293,176,0.534574,10.6915,ok,176,0.534574,10.6915,ok,377,144,Uncommon,false,false,false
938,59.603,1099636338487,438904,,9,62.425,37.455,188,0.553699,11.074,ok,188,0.553699,11.074,ok,420,420,Common,false,false,false
939,59.5836,1099821436098,435457,pepperstake,10,56.7227,34.0336,221,0.638752,12.775,ok,221,0.638752,12.775,ok,610,454,Common,false,false,false
940,59.5832,1099931219656,458168,yoitscharlie,4,73.3794,44.0276,34,0.388889,7.7778,ok,34,0.388889,7.7778,ok,55,39,Rare,false,false,false
941,59.518,1099821436099,435457,,10,56.7227,34.0336,222,0.63711,12.7422,ok,222,0.63711,12.7422,ok,610,454,Common,false,false,false
942,59.5076,1099636338488,438904,,9,62.425,37.455,189,0.551313,11.0263,ok,189,0.551313,11.0263,ok,420,420,Common,false,false,false
943,59.5059,1099997874248,441677,yoitscharlie,8,63.7155,38.2293,177,0.531915,10.6383,ok,177,0.531915,10.6383,ok,377,144,Uncommon,false,false,false
944,59.488,1099663389386,449935,,6,70.7083,42.425,83,0.426573,8.5315,ok,83,0.426573,8.5315,ok,144,144,Uncommon,false,false,false
945,59.4524,1099821436100,435457,,10,56.7227,34.0336,223,0.635468,12.7094,ok,223,0.635468,12.7094,ok,610,454,Common,false,false,false
946,59.4429,1099925434938,445272,pepperstake,7,68.0372,40.8223,125,0.465517,9.3103,ok,125,0.465517,9.3103,ok,233,146,Uncommon,false,false,false
947,59.412,1099636338489,438904,pepperstake,9,62.425,37.455,190,0.548926,10.9785,ok,190,0.548926,10.9785,ok,420,420,Common,false,false,false
948,59.3995,1099997874249,441677,yoitscharlie,8,63.7155,38.2293,178,0.529255,10.5851,ok,178,0.529255,10.5851,ok,377,144,Uncommon,false,false,false
949,59.3866,1099821436101,435457,wu2xg.wam,10,56.7227,34.0336,224,0.633826,12.6765,ok,224,0.633826,12.6765,ok,610,454,Common,false,false,false
950,59.3243,1099667784803,453934,,5,72.3589,43.4153,54,0.397727,7.9545,ok,54,0.397727,7.9545,ok,89,89,Uncommon,false,false,false
951,59.321,1099821436102,435457,,10,56.7227,34.0336,225,0.632184,12.6437,ok,225,0.632184,12.6437,ok,610,454,Common,false,false,false
952,59.3166,1099636338490,438904,,9,62.425,37.455,191,0.546539,10.9308,ok,191,0.546539,10.9308,ok,420,420,Common,false,false,false
953,59.2931,1099997874250,441677,yoitscharlie,8,63.7155,38.2293,179,0.526596,10.5319,ok,179,0.526596,10.5319,ok,377,144,Uncommon,false,false,false
954,59.2705,1099925497714,445272,xsph.wam,7,68.0372,40.8223,126,0.461207,9.2241,ok,126,0.461207,9.2241,ok,233,146,Uncommon,false,false,false
955,59.2552,1099821436103,435457,wfor4.wam,10,56.7227,34.0336,226,0.630542,12.6108,ok,226,0.630542,12.6108,ok,610,454,Common,false,false,false
956,59.2212,1099636338491,438904,pepperstake,9,62.425,37.455,192,0.544153,10.8831,ok,192,0.544153,10.8831,ok,420,420,Common,false,false,false
957,59.2082,1099663454181,449935,yhd.u.c.wam,6,70.7083,42.425,84,0.41958,8.3916,ok,84,0.41958,8.3916,ok,144,144,Uncommon,false,false,false
958,59.1896,1099821436104,435457,,10,56.7227,34.0336,227,0.6289,12.578,ok,227,0.6289,12.578,ok,610,454,Common,false,false,false
959,59.1867,1099997874251,441677,yoitscharlie,8,63.7155,38.2293,180,0.523936,10.4787,ok,180,0.523936,10.4787,ok,377,144,Uncommon,false,false,false
960,59.1256,1099636338492,438904,,9,62.425,37.455,193,0.541766,10.8353,ok,193,0.541766,10.8353,ok,420,420,Common,false,false,false
961,59.124,1099821436105,435457,,10,56.7227,34.0336,228,0.627258,12.5452,ok,228,0.627258,12.5452,ok,610,454,Common,false,false,false
962,59.0981,1099925497747,445272,,7,68.0372,40.8223,127,0.456897,9.1379,ok,127,0.456897,9.1379,ok,233,146,Uncommon,false,false,false
963,59.0803,1099997874252,441677,yoitscharlie,8,63.7155,38.2293,181,0.521277,10.4255,ok,181,0.521277,10.4255,ok,377,144,Uncommon,false,false,false
964,59.0582,1099821436106,435457,,10,56.7227,34.0336,229,0.625616,12.5123,ok,229,0.625616,12.5123,ok,610,454,Common,false,false,false
965,59.0302,1099636338493,438904,,9,62.425,37.455,194,0.539379,10.7876,ok,194,0.539379,10.7876,ok,420,420,Common,false,false,false
966,58.9926,1099821436107,435457,,10,56.7227,34.0336,230,0.623974,12.4795,ok,230,0.623974,12.4795,ok,610,454,Common,false,false,false
967,58.9739,1099997874253,441677,yoitscharlie,8,63.7155,38.2293,182,0.518617,10.3723,ok,182,0.518617,10.3723,ok,377,144,Uncommon,false,false,false
968,58.9348,1099636338494,438904,,9,62.425,37.455,195,0.536993,10.7399,ok,195,0.536993,10.7399,ok,420,420,Common,false,false,false
969,58.9284,1099663454645,449935,5.1xq.wam,6,70.7083,42.425,85,0.412587,8.2517,ok,85,0.412587,8.2517,ok,144,144,Uncommon,false,false,false
970,58.9268,1099821436108,435457,,10,56.7227,34.0336,231,0.622332,12.4466,ok,231,0.622332,12.4466,ok,610,454,Common,false,false,false
971,58.9257,1099926138627,445272,pepperstake,7,68.0372,40.8223,128,0.452586,9.0517,ok,128,0.452586,9.0517,ok,233,146,Uncommon,false,false,false
972,58.8699,1099667784804,453934,yoitscharlie,5,72.3589,43.4153,55,0.386364,7.7273,ok,55,0.386364,7.7273,ok,89,89,Uncommon,false,false,false
973,58.8675,1099997874254,441677,yoitscharlie,8,63.7155,38.2293,183,0.515957,10.3191,ok,183,0.515957,10.3191,ok,377,144,Uncommon,false,false,false
974,58.8612,1099821436109,435457,,10,56.7227,34.0336,232,0.62069,12.4138,ok,232,0.62069,12.4138,ok,610,454,Common,false,false,false
975,58.8424,1099931219657,458168,yoitscharlie,4,73.3794,44.0276,35,0.37037,7.4074,ok,35,0.37037,7.4074,ok,55,39,Rare,false,false,false
976,58.8392,1099636338495,438904,sb.qw.wam,9,62.425,37.455,196,0.534606,10.6921,ok,196,0.534606,10.6921,ok,420,420,Common,false,false,false
977,58.7956,1099821436110,435457,bsyru.wam,10,56.7227,34.0336,233,0.619048,12.381,ok,233,0.619048,12.381,ok,610,454,Common,false,false,false
978,58.7613,1099997874255,441677,yoitscharlie,8,63.7155,38.2293,184,0.513298,10.266,ok,184,0.513298,10.266,ok,377,144,Uncommon,false,false,false
979,58.7533,1099931219527,445272,bsyru.wam,7,68.0372,40.8223,129,0.448276,8.9655,ok,129,0.448276,8.9655,ok,233,146,Uncommon,false,false,false
980,58.7438,1099636338496,438904,,9,62.425,37.455,197,0.53222,10.6444,ok,197,0.53222,10.6444,ok,420,420,Common,false,false,false
981,58.7298,1099821436111,435457,,10,56.7227,34.0336,234,0.617406,12.3481,ok,234,0.617406,12.3481,ok,610,454,Common,false,false,false
982,58.7139,1099998512322,401786,yoitscharlie,3,93.8162,56.2897,32,0.060606,1.2121,ok,32,0.060606,1.2121,ok,34,21,Rare,false,false,false
983,58.6642,1099821436112,435457,,10,56.7227,34.0336,235,0.615764,12.3153,ok,235,0.615764,12.3153,ok,610,454,Common,false,false,false
984,58.6549,1099997874256,441677,yoitscharlie,8,63.7155,38.2293,185,0.510638,10.2128,ok,185,0.510638,10.2128,ok,377,144,Uncommon,false,false,false
985,58.6488,1099663753038,449935,5qtbm.wam,6,70.7083,42.425,86,0.405594,8.1119,ok,86,0.405594,8.1119,ok,144,144,Uncommon,false,false,false
986,58.6484,1099636338497,438904,sb.qw.wam,9,62.425,37.455,198,0.529833,10.5967,ok,198,0.529833,10.5967,ok,420,420,Common,false,false,false
987,58.5984,1099821436113,435457,pepperstake,10,56.7227,34.0336,236,0.614122,12.2824,ok,236,0.614122,12.2824,ok,610,454,Common,false,false,false
988,58.5809,1099931219528,445272,q4oia.wam,7,68.0372,40.8223,130,0.443966,8.8793,ok,130,0.443966,8.8793,ok,233,146,Uncommon,false,false,false
989,58.5528,1099636338498,438904,,9,62.425,37.455,199,0.527446,10.5489,ok,199,0.527446,10.5489,ok,420,420,Common,false,false,false
990,58.5485,1099997874257,441677,yoitscharlie,8,63.7155,38.2293,186,0.507979,10.1596,ok,186,0.507979,10.1596,ok,377,144,Uncommon,false,false,false
991,58.5328,1099821436114,435457,,10,56.7227,34.0336,237,0.612479,12.2496,ok,237,0.612479,12.2496,ok,610,454,Common,false,false,false
992,58.5238,1099998513041,401779,yoitscharlie,2,94.2064,56.5238,20,0.05,1,ok,20,0.05,1,ok,21,18,Rare,false,false,false
993,58.467,1099821436115,435457,,10,56.7227,34.0336,238,0.610837,12.2167,ok,238,0.610837,12.2167,ok,610,454,Common,false,false,false
994,58.4574,1099636338499,438904,swp.g.wam,9,62.425,37.455,200,0.52506,10.5012,ok,200,0.52506,10.5012,ok,420,420,Common,false,false,false
995,58.4421,1099997874258,441677,yoitscharlie,8,63.7155,38.2293,187,0.505319,10.1064,ok,187,0.505319,10.1064,ok,377,144,Uncommon,false,false,false
996,58.4153,1099667800075,453934,,5,72.3589,43.4153,56,0.375,7.5,ok,56,0.375,7.5,ok,89,89,Uncommon,false,false,false
997,58.4085,1099931219529,445272,yoitscharlie,7,68.0372,40.8223,131,0.439655,8.7931,ok,131,0.439655,8.7931,ok,233,146,Uncommon,false,false,false
998,58.4014,1099821436116,435457,trtni.c.wam,10,56.7227,34.0336,239,0.609195,12.1839,ok,239,0.609195,12.1839,ok,610,454,Common,false,false,false
999,58.369,1099663753039,449935,,6,70.7083,42.425,87,0.398601,7.972,ok,87,0.398601,7.972,ok,144,144,Uncommon,false,false,false
1000,58.362,1099636338500,438904,sb.qw.wam,9,62.425,37.455,201,0.522673,10.4535,ok,201,0.522673,10.4535,ok,420,420,Common,false,false,false
1001,58.3358,1099821436117,435457,,10,56.7227,34.0336,240,0.607553,12.1511,ok,240,0.607553,12.1511,ok,610,454,Common,false,false,false
1002,58.3357,1099997874259,441677,yoitscharlie,8,63.7155,38.2293,188,0.50266,10.0532,ok,188,0.50266,10.0532,ok,377,144,Uncommon,false,false,false
1003,58.27,1099821436118,435457,,10,56.7227,34.0336,241,0.605911,12.1182,ok,241,0.605911,12.1182,ok,610,454,Common,false,false,false
1004,58.2664,1099636338501,438904,sb.qw.wam,9,62.425,37.455,202,0.520286,10.4057,ok,202,0.520286,10.4057,ok,420,420,Common,false,false,false
1005,58.2361,1099931219530,445272,q4oia.wam,7,68.0372,40.8223,132,0.435345,8.7069,ok,132,0.435345,8.7069,ok,233,146,Uncommon,false,false,false
1006,58.2293,1099997874260,441677,yoitscharlie,8,63.7155,38.2293,189,0.5,10,ok,189,0.5,10,ok,377,144,Uncommon,false,false,false
1007,58.2044,1099821436119,435457,,10,56.7227,34.0336,242,0.604269,12.0854,ok,242,0.604269,12.0854,ok,610,454,Common,false,false,false
1008,58.171,1099636339994,438904,ve41k.c.wam,9,62.425,37.455,203,0.5179,10.358,ok,203,0.5179,10.358,ok,420,420,Common,false,false,false
1009,58.1386,1099821436120,435457,pepperstake,10,56.7227,34.0336,243,0.602627,12.0525,ok,243,0.602627,12.0525,ok,610,454,Common,false,false,false
1010,58.1229,1099997874261,441677,yoitscharlie,8,63.7155,38.2293,190,0.49734,9.9468,ok,190,0.49734,9.9468,ok,377,144,Uncommon,false,false,false
1011,58.1016,1099936450523,458168,pepperstake,4,73.3794,44.0276,36,0.351852,7.037,ok,36,0.351852,7.037,ok,55,39,Rare,false,false,false
1012,58.0894,1099663764247,449935,yoitscharlie,6,70.7083,42.425,88,0.391608,7.8322,ok,88,0.391608,7.8322,ok,144,144,Uncommon,false,false,false
1013,58.0756,1099636341785,438904,bsyru.wam,9,62.425,37.455,204,0.515513,10.3103,ok,204,0.515513,10.3103,ok,420,420,Common,false,false,false
1014,58.073,1099821436121,435457,,10,56.7227,34.0336,244,0.600985,12.0197,ok,244,0.600985,12.0197,ok,610,454,Common,false,false,false
1015,58.0637,1099931219531,445272,pepperstake,7,68.0372,40.8223,133,0.431034,8.6207,ok,133,0.431034,8.6207,ok,233,146,Uncommon,false,false,false
1016,58.0165,1099997874262,441677,yoitscharlie,8,63.7155,38.2293,191,0.494681,9.8936,ok,191,0.494681,9.8936,ok,377,144,Uncommon,false,false,false
1017,58.0074,1099821436122,435457,,10,56.7227,34.0336,245,0.599343,11.9869,ok,245,0.599343,11.9869,ok,610,454,Common,false,false,false
1018,57.98,1099636342259,438904,bsyru.wam,9,62.425,37.455,205,0.513126,10.2625,ok,205,0.513126,10.2625,ok,420,420,Common,false,false,false
1019,57.9607,1099667802611,453934,5fsuc.wam,5,72.3589,43.4153,57,0.363636,7.2727,ok,57,0.363636,7.2727,ok,89,89,Uncommon,false,false,false
1020,57.9416,1099821436123,435457,trtni.c.wam,10,56.7227,34.0336,246,0.597701,11.954,ok,246,0.597701,11.954,ok,610,454,Common,false,false,false
1021,57.9101,1099997874263,441677,yoitscharlie,8,63.7155,38.2293,192,0.492021,9.8404,ok,192,0.492021,9.8404,ok,377,144,Uncommon,false,false,false
1022,57.8913,1099931246030,445272,pepperstake,7,68.0372,40.8223,134,0.426724,8.5345,ok,134,0.426724,8.5345,ok,233,146,Uncommon,false,false,false
1023,57.8846,1099636343105,438904,,9,62.425,37.455,206,0.51074,10.2148,ok,206,0.51074,10.2148,ok,420,420,Common,false,false,false
1024,57.876,1099821436124,435457,,10,56.7227,34.0336,247,0.596059,11.9212,ok,247,0.596059,11.9212,ok,610,454,Common,false,false,false
1025,57.8102,1099821436125,435457,,10,56.7227,34.0336,248,0.594417,11.8883,ok,248,0.594417,11.8883,ok,610,454,Common,false,false,false
1026,57.8096,1099663765781,449935,pepperstake,6,70.7083,42.425,89,0.384615,7.6923,ok,89,0.384615,7.6923,ok,144,144,Uncommon,false,false,false
1027,57.8037,1099997874264,441677,yoitscharlie,8,63.7155,38.2293,193,0.489362,9.7872,ok,193,0.489362,9.7872,ok,377,144,Uncommon,false,false,false
1028,57.7892,1099636343192,438904,3klrm.wam,9,62.425,37.455,207,0.508353,10.1671,ok,207,0.508353,10.1671,ok,420,420,Common,false,false,false
1029,57.7446,1099821436126,435457,xmzr2.wam,10,56.7227,34.0336,249,0.592775,11.8555,ok,249,0.592775,11.8555,ok,610,454,Common,false,false,false
1030,57.7189,1099931406138,445272,pepperstake,7,68.0372,40.8223,135,0.422414,8.4483,ok,135,0.422414,8.4483,ok,233,146,Uncommon,false,false,false
1031,57.6973,1099997874265,441677,yoitscharlie,8,63.7155,38.2293,194,0.486702,9.734,ok,194,0.486702,9.734,ok,377,144,Uncommon,false,false,false
1032,57.6936,1099636343193,438904,3klrm.wam,9,62.425,37.455,208,0.505967,10.1193,ok,208,0.505967,10.1193,ok,420,420,Common,false,false,false
1033,57.679,1099821436127,435457,,10,56.7227,34.0336,250,0.591133,11.8227,ok,250,0.591133,11.8227,ok,610,454,Common,false,false,false
1034,57.6132,1099821436128,435457,trtni.c.wam,10,56.7227,34.0336,251,0.589491,11.7898,ok,251,0.589491,11.7898,ok,610,454,Common,false,false,false
1035,57.5982,1099636346430,438904,,9,62.425,37.455,209,0.50358,10.0716,ok,209,0.50358,10.0716,ok,420,420,Common,false,false,false
1036,57.5911,1099998508017,441677,yoitscharlie,8,63.7155,38.2293,195,0.484043,9.6809,ok,195,0.484043,9.6809,ok,377,144,Uncommon,false,false,false
1037,57.5476,1099821436129,435457,,10,56.7227,34.0336,252,0.587849,11.757,ok,252,0.587849,11.757,ok,610,454,Common,false,false,false
1038,57.5465,1099931691683,445272,,7,68.0372,40.8223,136,0.418103,8.3621,ok,136,0.418103,8.3621,ok,233,146,Uncommon,false,false,false
1039,57.5298,1099664370903,449935,,6,70.7083,42.425,90,0.377622,7.5524,ok,90,0.377622,7.5524,ok,144,144,Uncommon,false,false,false
1040,57.5063,1099667807371,453934,42tec.wam,5,72.3589,43.4153,58,0.352273,7.0455,ok,58,0.352273,7.0455,ok,89,89,Uncommon,false,false,false
1041,57.5028,1099636346927,438904,3yer4.wam,9,62.425,37.455,210,0.501193,10.0239,ok,210,0.501193,10.0239,ok,420,420,Common,false,false,false
1042,57.5019,1099998512323,401786,yoitscharlie,3,93.8162,56.2897,33,0.030303,0.6061,ok,33,0.030303,0.6061,ok,34,21,Rare,false,false,false
1043,57.4847,1099998508018,441677,yoitscharlie,8,63.7155,38.2293,196,0.481383,9.6277,ok,196,0.481383,9.6277,ok,377,144,Uncommon,false,false,false
1044,57.4818,1099821436130,435457,,10,56.7227,34.0336,253,0.586207,11.7241,ok,253,0.586207,11.7241,ok,610,454,Common,false,false,false
1045,57.4162,1099821436131,435457,cwzqw.wam,10,56.7227,34.0336,254,0.584565,11.6913,ok,254,0.584565,11.6913,ok,610,454,Common,false,false,false
1046,57.4072,1099636347437,438904,f1wnu.c.wam,9,62.425,37.455,211,0.498807,9.9761,ok,211,0.498807,9.9761,ok,420,420,Common,false,false,false
1047,57.3783,1099998508019,441677,yoitscharlie,8,63.7155,38.2293,197,0.478723,9.5745,ok,197,0.478723,9.5745,ok,377,144,Uncommon,false,false,false
1048,57.3741,1099932303480,445272,pepperstake,7,68.0372,40.8223,137,0.413793,8.2759,ok,137,0.413793,8.2759,ok,233,146,Uncommon,false,false,false
1049,57.361,1099938801731,458168,pepperstake,4,73.3794,44.0276,37,0.333333,6.6667,ok,37,0.333333,6.6667,ok,55,39,Rare,false,false,false
1050,57.3506,1099821436132,435457,,10,56.7227,34.0336,255,0.582923,11.6585,ok,255,0.582923,11.6585,ok,610,454,Common,false,false,false
1051,57.3118,1099636347438,438904,pepperstake,9,62.425,37.455,212,0.49642,9.9284,ok,212,0.49642,9.9284,ok,420,420,Common,false,false,false
1052,57.2848,1099821436133,435457,,10,56.7227,34.0336,256,0.581281,11.6256,ok,256,0.581281,11.6256,ok,610,454,Common,false,false,false
1053,57.2719,1099998508020,441677,yoitscharlie,8,63.7155,38.2293,198,0.476064,9.5213,ok,198,0.476064,9.5213,ok,377,144,Uncommon,false,false,false
1054,57.2502,1099664370904,449935,newyork.gm,6,70.7083,42.425,91,0.370629,7.4126,ok,91,0.370629,7.4126,ok,144,144,Uncommon,false,false,false
1055,57.2192,1099821436134,435457,,10,56.7227,34.0336,257,0.579639,11.5928,ok,257,0.579639,11.5928,ok,610,454,Common,false,false,false
1056,57.2164,1099636347913,438904,bsyru.wam,9,62.425,37.455,213,0.494033,9.8807,ok,213,0.494033,9.8807,ok,420,420,Common,false,false,false
1057,57.2017,1099932431792,445272,bsyru.wam,7,68.0372,40.8223,138,0.409483,8.1897,ok,138,0.409483,8.1897,ok,233,146,Uncommon,false,false,false
1058,57.1655,1099998508021,441677,yoitscharlie,8,63.7155,38.2293,199,0.473404,9.4681,ok,199,0.473404,9.4681,ok,377,144,Uncommon,false,false,false
1059,57.1534,1099821436135,435457,,10,56.7227,34.0336,258,0.577997,11.5599,ok,258,0.577997,11.5599,ok,610,454,Common,false,false,false
1060,57.1208,1099636349740,438904,wfor4.wam,9,62.425,37.455,214,0.491647,9.8329,ok,214,0.491647,9.8329,ok,420,420,Common,false,false,false
1061,57.0878,1099821436136,435457,,10,56.7227,34.0336,259,0.576355,11.5271,ok,259,0.576355,11.5271,ok,610,454,Common,false,false,false
1062,57.0591,1099998508022,441677,yoitscharlie,8,63.7155,38.2293,200,0.470745,9.4149,ok,200,0.470745,9.4149,ok,377,144,Uncommon,false,false,false
1063,57.0517,1099667924645,453934,,5,72.3589,43.4153,59,0.340909,6.8182,ok,59,0.340909,6.8182,ok,89,89,Uncommon,false,false,false
1064,57.0291,1099936450423,445272,pepperstake,7,68.0372,40.8223,139,0.405172,8.1034,ok,139,0.405172,8.1034,ok,233,146,Uncommon,false,false,false
1065,57.0254,1099636349741,438904,wfor4.wam,9,62.425,37.455,215,0.48926,9.7852,ok,215,0.48926,9.7852,ok,420,420,Common,false,false,false
1066,57.0222,1099821436137,435457,,10,56.7227,34.0336,260,0.574713,11.4943,ok,260,0.574713,11.4943,ok,610,454,Common,false,false,false
1067,56.9704,1099664370905,449935,newyork.gm,6,70.7083,42.425,92,0.363636,7.2727,ok,92,0.363636,7.2727,ok,144,144,Uncommon,false,false,false
1068,56.9564,1099821436138,435457,,10,56.7227,34.0336,261,0.573071,11.4614,ok,261,0.573071,11.4614,ok,610,454,Common,false,false,false
1069,56.9527,1099998508023,441677,yoitscharlie,8,63.7155,38.2293,201,0.468085,9.3617,ok,201,0.468085,9.3617,ok,377,144,Uncommon,false,false,false
1070,56.93,1099636350732,438904,bsyru.wam,9,62.425,37.455,216,0.486874,9.7375,ok,216,0.486874,9.7375,ok,420,420,Common,false,false,false
1071,56.8908,1099821436139,435457,q4oia.wam,10,56.7227,34.0336,262,0.571429,11.4286,ok,262,0.571429,11.4286,ok,610,454,Common,false,false,false
1072,56.8567,1099937848598,445272,,7,68.0372,40.8223,140,0.400862,8.0172,ok,140,0.400862,8.0172,ok,233,146,Uncommon,false,false,false
1073,56.8463,1099998508024,441677,yoitscharlie,8,63.7155,38.2293,202,0.465426,9.3085,ok,202,0.465426,9.3085,ok,377,144,Uncommon,false,false,false
1074,56.8344,1099636351032,438904,2knxa.wam,9,62.425,37.455,217,0.484487,9.6897,ok,217,0.484487,9.6897,ok,420,420,Common,false,false,false
1075,56.825,1099821436140,435457,,10,56.7227,34.0336,263,0.569787,11.3957,ok,263,0.569787,11.3957,ok,610,454,Common,false,false,false
1076,56.7594,1099821436141,435457,,10,56.7227,34.0336,264,0.568144,11.3629,ok,264,0.568144,11.3629,ok,610,454,Common,false,false,false
1077,56.7399,1099998508025,441677,yoitscharlie,8,63.7155,38.2293,203,0.462766,9.2553,ok,203,0.462766,9.2553,ok,377,144,Uncommon,false,false,false
1078,56.739,1099636352196,438904,wombatmaster,9,62.425,37.455,218,0.4821,9.642,ok,218,0.4821,9.642,ok,420,420,Common,false,false,false
1079,56.6936,1099821436142,435457,,10,56.7227,34.0336,265,0.566502,11.33,ok,265,0.566502,11.33,ok,610,454,Common,false,false,false
1080,56.6908,1099664370906,449935,newyork.gm,6,70.7083,42.425,93,0.356643,7.1329,ok,93,0.356643,7.1329,ok,144,144,Uncommon,false,false,false
1081,56.6843,1099937848603,445272,,7,68.0372,40.8223,141,0.396552,7.931,ok,141,0.396552,7.931,ok,233,146,Uncommon,false,false,false
1082,56.6679,1099595898027,401767,blend.nefty,1,94.4465,56.6679,13,0,0,ok,13,0,0,ok,13,13,Ultra Rare,false,false,false
1083,56.6436,1099636352197,438904,q4oia.wam,9,62.425,37.455,219,0.479714,9.5943,ok,219,0.479714,9.5943,ok,420,420,Common,false,false,false
1084,56.6335,1099998508026,441677,yoitscharlie,8,63.7155,38.2293,204,0.460106,9.2021,ok,204,0.460106,9.2021,ok,377,144,Uncommon,false,false,false
1085,56.628,1099821436143,435457,,10,56.7227,34.0336,266,0.56486,11.2972,ok,266,0.56486,11.2972,ok,610,454,Common,false,false,false
1086,56.6202,1099939338495,458168,pepperstake,4,73.3794,44.0276,38,0.314815,6.2963,ok,38,0.314815,6.2963,ok,55,39,Rare,false,false,false
1087,56.5971,1099668005533,453934,,5,72.3589,43.4153,60,0.329545,6.5909,ok,60,0.329545,6.5909,ok,89,89,Uncommon,false,false,false
1088,56.5624,1099821436144,435457,,10,56.7227,34.0336,267,0.563218,11.2644,ok,267,0.563218,11.2644,ok,610,454,Common,false,false,false
1089,56.548,1099636352198,438904,q4oia.wam,9,62.425,37.455,220,0.477327,9.5465,ok,220,0.477327,9.5465,ok,420,420,Common,false,false,false
1090,56.5271,1099998508027,441677,yoitscharlie,8,63.7155,38.2293,205,0.457447,9.1489,ok,205,0.457447,9.1489,ok,377,144,Uncommon,false,false,false
1091,56.5238,1099998513042,401779,yoitscharlie,2,94.2064,56.5238,21,0,0,ok,21,0,0,ok,21,18,Rare,false,false,false
1092,56.5119,1099937849405,445272,,7,68.0372,40.8223,142,0.392241,7.8448,ok,142,0.392241,7.8448,ok,233,146,Uncommon,false,false,false
1093,56.4966,1099821436145,435457,,10,56.7227,34.0336,268,0.561576,11.2315,ok,268,0.561576,11.2315,ok,610,454,Common,false,false,false
1094,56.4526,1099636352326,438904,aw3.q.c.wam,9,62.425,37.455,221,0.47494,9.4988,ok,221,0.47494,9.4988,ok,420,420,Common,false,false,false
1095,56.431,1099821436146,435457,,10,56.7227,34.0336,269,0.559934,11.1987,ok,269,0.559934,11.1987,ok,610,454,Common,false,false,false
1096,56.4207,1099998508028,441677,yoitscharlie,8,63.7155,38.2293,206,0.454787,9.0957,ok,206,0.454787,9.0957,ok,377,144,Uncommon,false,false,false
1097,56.411,1099664370907,449935,,6,70.7083,42.425,94,0.34965,6.993,ok,94,0.34965,6.993,ok,144,144,Uncommon,false,false,false
1098,56.3652,1099821436147,435457,,10,56.7227,34.0336,270,0.558292,11.1658,ok,270,0.558292,11.1658,ok,610,454,Common,false,false,false
1099,56.3572,1099636363397,438904,bsyru.wam,9,62.425,37.455,222,0.472554,9.4511,ok,222,0.472554,9.4511,ok,420,420,Common,false,false,false
1100,56.3395,1099937849745,445272,,7,68.0372,40.8223,143,0.387931,7.7586,ok,143,0.387931,7.7586,ok,233,146,Uncommon,false,false,false
1101,56.3145,1099998508029,441677,yoitscharlie,8,63.7155,38.2293,207,0.452128,9.0426,ok,207,0.452128,9.0426,ok,377,144,Uncommon,false,false,false
1102,56.2996,1099833514259,435457,,10,56.7227,34.0336,271,0.55665,11.133,ok,271,0.55665,11.133,ok,610,454,Common,false,false,false
1103,56.2897,1099998512324,401786,yoitscharlie,3,93.8162,56.2897,34,0,0,ok,34,0,0,ok,34,21,Rare,false,false,false
1104,56.2616,1099636364626,438904,appaq.wam,9,62.425,37.455,223,0.470167,9.4033,ok,223,0.470167,9.4033,ok,420,420,Common,false,false,false
1105,56.234,1099833514260,435457,cwzqw.wam,10,56.7227,34.0336,272,0.555008,11.1002,ok,272,0.555008,11.1002,ok,610,454,Common,false,false,false
1106,56.2081,1099998508030,441677,yoitscharlie,8,63.7155,38.2293,208,0.449468,8.9894,ok,208,0.449468,8.9894,ok,377,144,Uncommon,false,false,false
1107,56.1682,1099833514261,435457,bsyru.wam,10,56.7227,34.0336,273,0.553366,11.0673,ok,273,0.553366,11.0673,ok,610,454,Common,false,false,false
1108,56.1671,1099938948254,445272,pepperstake,7,68.0372,40.8223,144,0.383621,7.6724,ok,144,0.383621,7.6724,ok,233,146,Uncommon,false,false,false
1109,56.1662,1099636364769,438904,bsyru.wam,9,62.425,37.455,224,0.46778,9.3556,ok,224,0.46778,9.3556,ok,420,420,Common,false,false,false
1110,56.1425,1099668298719,453934,hottothemoon,5,72.3589,43.4153,61,0.318182,6.3636,ok,61,0.318182,6.3636,ok,89,89,Uncommon,false,false,false
1111,56.1312,1099665593071,449935,,6,70.7083,42.425,95,0.342657,6.8531,ok,95,0.342657,6.8531,ok,144,144,Uncommon,false,false,false
1112,56.1026,1099833514262,435457,,10,56.7227,34.0336,274,0.551724,11.0345,ok,274,0.551724,11.0345,ok,610,454,Common,false,false,false
1113,56.1017,1099998508031,441677,yoitscharlie,8,63.7155,38.2293,209,0.446809,8.9362,ok,209,0.446809,8.9362,ok,377,144,Uncommon,false,false,false
1114,56.0708,1099636367428,438904,,9,62.425,37.455,225,0.465394,9.3079,ok,225,0.465394,9.3079,ok,420,420,Common,false,false,false
1115,56.0368,1099833514263,435457,pepperstake,10,56.7227,34.0336,275,0.550082,11.0016,ok,275,0.550082,11.0016,ok,610,454,Common,false,false,false
1116,55.9953,1099998508032,441677,yoitscharlie,8,63.7155,38.2293,210,0.444149,8.883,ok,210,0.444149,8.883,ok,377,144,Uncommon,false,false,false
1117,55.9947,1099951264547,445272,pepperstake,7,68.0372,40.8223,145,0.37931,7.5862,ok,145,0.37931,7.5862,ok,233,146,Uncommon,false,false,false
1118,55.9752,1099636371480,438904,,9,62.425,37.455,226,0.463007,9.2601,ok,226,0.463007,9.2601,ok,420,420,Common,false,false,false
1119,55.9712,1099833514264,435457,,10,56.7227,34.0336,276,0.54844,10.9688,ok,276,0.54844,10.9688,ok,610,454,Common,false,false,false
1120,55.9056,1099833514265,435457,.2yna.c.wam,10,56.7227,34.0336,277,0.546798,10.936,ok,277,0.546798,10.936,ok,610,454,Common,false,false,false
1121,55.8889,1099998508033,441677,yoitscharlie,8,63.7155,38.2293,211,0.441489,8.8298,ok,211,0.441489,8.8298,ok,377,144,Uncommon,false,false,false
1122,55.8798,1099636371481,438904,hhyb4.wam,9,62.425,37.455,227,0.460621,9.2124,ok,227,0.460621,9.2124,ok,420,420,Common,false,false,false
1123,55.8794,1099951264545,458168,pepperstake,4,73.3794,44.0276,39,0.296296,5.9259,ok,39,0.296296,5.9259,ok,55,39,Rare,false,false,false
1124,55.8516,1099665596778,449935,pepperstake,6,70.7083,42.425,96,0.335664,6.7133,ok,96,0.335664,6.7133,ok,144,144,Uncommon,false,false,false
1125,55.8398,1099833514266,435457,,10,56.7227,34.0336,278,0.545156,10.9031,ok,278,0.545156,10.9031,ok,610,454,Common,false,false,false
1126,55.8223,1099971429848,445272,pepperstake,7,68.0372,40.8223,146,0.375,7.5,ok,146,0.375,7.5,ok,233,146,Uncommon,false,false,false
1127,55.7844,1099636374775,438904,bsyru.wam,9,62.425,37.455,228,0.458234,9.1647,ok,228,0.458234,9.1647,ok,420,420,Common,false,false,false
1128,55.7825,1099998508034,441677,yoitscharlie,8,63.7155,38.2293,212,0.43883,8.7766,ok,212,0.43883,8.7766,ok,377,144,Uncommon,false,false,false
1129,55.7742,1099833514267,435457,,10,56.7227,34.0336,279,0.543514,10.8703,ok,279,0.543514,10.8703,ok,610,454,Common,false,false,false
1130,55.7084,1099833514268,435457,,10,56.7227,34.0336,280,0.541872,10.8374,ok,280,0.541872,10.8374,ok,610,454,Common,false,false,false
1131,55.6888,1099636379774,438904,,9,62.425,37.455,229,0.455847,9.1169,ok,229,0.455847,9.1169,ok,420,420,Common,false,false,false
1132,55.6881,1099668549943,453934,,5,72.3589,43.4153,62,0.306818,6.1364,ok,62,0.306818,6.1364,ok,89,89,Uncommon,false,false,false
1133,55.6761,1099998508035,441677,yoitscharlie,8,63.7155,38.2293,213,0.43617,8.7234,ok,213,0.43617,8.7234,ok,377,144,Uncommon,false,false,false
1134,55.6499,1099997875972,445272,yoitscharlie,7,68.0372,40.8223,147,0.37069,7.4138,ok,147,0.37069,7.4138,ok,233,146,Uncommon,false,false,false
1135,55.6428,1099833514269,435457,bsyru.wam,10,56.7227,34.0336,281,0.54023,10.8046,ok,281,0.54023,10.8046,ok,610,454,Common,false,false,false
1136,55.5934,1099636379967,438904,pepperstake,9,62.425,37.455,230,0.453461,9.0692,ok,230,0.453461,9.0692,ok,420,420,Common,false,false,false
1137,55.5772,1099833514270,435457,q4oia.wam,10,56.7227,34.0336,282,0.538588,10.7718,ok,282,0.538588,10.7718,ok,610,454,Common,false,false,false
1138,55.5718,1099665596779,449935,,6,70.7083,42.425,97,0.328671,6.5734,ok,97,0.328671,6.5734,ok,144,144,Uncommon,false,false,false
1139,55.5697,1099998508036,441677,yoitscharlie,8,63.7155,38.2293,214,0.433511,8.6702,ok,214,0.433511,8.6702,ok,377,144,Uncommon,false,false,false
1140,55.5114,1099833514271,435457,,10,56.7227,34.0336,283,0.536946,10.7389,ok,283,0.536946,10.7389,ok,610,454,Common,false,false,false
1141,55.498,1099636380682,438904,ynjee.wam,9,62.425,37.455,231,0.451074,9.0215,ok,231,0.451074,9.0215,ok,420,420,Common,false,false,false
1142,55.4775,1099997875973,445272,yoitscharlie,7,68.0372,40.8223,148,0.366379,7.3276,ok,148,0.366379,7.3276,ok,233,146,Uncommon,false,false,false
1143,55.4633,1099998508037,441677,yoitscharlie,8,63.7155,38.2293,215,0.430851,8.617,ok,215,0.430851,8.617,ok,377,144,Uncommon,false,false,false
1144,55.4458,1099833514272,435457,ijqrk.wam,10,56.7227,34.0336,284,0.535304,10.7061,ok,284,0.535304,10.7061,ok,610,454,Common,false,false,false
1145,55.4024,1099636380683,438904,ynjee.wam,9,62.425,37.455,232,0.448687,8.9737,ok,232,0.448687,8.9737,ok,420,420,Common,false,false,false
1146,55.38,1099833514273,435457,ineek.wam,10,56.7227,34.0336,285,0.533662,10.6732,ok,285,0.533662,10.6732,ok,610,454,Common,false,false,false
1147,55.3569,1099998508038,441677,yoitscharlie,8,63.7155,38.2293,216,0.428191,8.5638,ok,216,0.428191,8.5638,ok,377,144,Uncommon,false,false,false
1148,55.3144,1099833514274,435457,ijqrk.wam,10,56.7227,34.0336,286,0.53202,10.6404,ok,286,0.53202,10.6404,ok,610,454,Common,false,false,false
1149,55.307,1099636380684,438904,ynjee.wam,9,62.425,37.455,233,0.446301,8.926,ok,233,0.446301,8.926,ok,420,420,Common,false,false,false
1150,55.3051,1099997875974,445272,yoitscharlie,7,68.0372,40.8223,149,0.362069,7.2414,ok,149,0.362069,7.2414,ok,233,146,Uncommon,false,false,false
1151,55.2922,1099665596780,449935,pepperstake,6,70.7083,42.425,98,0.321678,6.4336,ok,98,0.321678,6.4336,ok,144,144,Uncommon,false,false,false
1152,55.2505,1099998508039,441677,yoitscharlie,8,63.7155,38.2293,217,0.425532,8.5106,ok,217,0.425532,8.5106,ok,377,144,Uncommon,false,false,false
1153,55.2488,1099833514275,435457,itbqy.wam,10,56.7227,34.0336,287,0.530378,10.6076,ok,287,0.530378,10.6076,ok,610,454,Common,false,false,false
1154,55.2335,1099668733770,453934,pepperstake,5,72.3589,43.4153,63,0.295455,5.9091,ok,63,0.295455,5.9091,ok,89,89,Uncommon,false,false,false
1155,55.2116,1099636380685,438904,ynjee.wam,9,62.425,37.455,234,0.443914,8.8783,ok,234,0.443914,8.8783,ok,420,420,Common,false,false,false
1156,55.183,1099833514276,435457,jycgm.wam,10,56.7227,34.0336,288,0.528736,10.5747,ok,288,0.528736,10.5747,ok,610,454,Common,false,false,false
1157,55.1441,1099998508040,441677,yoitscharlie,8,63.7155,38.2293,218,0.422872,8.4574,ok,218,0.422872,8.4574,ok,377,144,Uncommon,false,false,false
1158,55.1388,1099997876377,458168,yoitscharlie,4,73.3794,44.0276,40,0.277778,5.5556,ok,40,0.277778,5.5556,ok,55,39,Rare,false,false,false
1159,55.1327,1099997875975,445272,yoitscharlie,7,68.0372,40.8223,150,0.357759,7.1552,ok,150,0.357759,7.1552,ok,233,146,Uncommon,false,false,false
1160,55.1174,1099833514277,435457,q4oia.wam,10,56.7227,34.0336,289,0.527094,10.5419,ok,289,0.527094,10.5419,ok,610,454,Common,false,false,false
1161,55.116,1099636381387,438904,,9,62.425,37.455,235,0.441527,8.8305,ok,235,0.441527,8.8305,ok,420,420,Common,false,false,false
1162,55.0516,1099833514278,435457,wu2xg.wam,10,56.7227,34.0336,290,0.525452,10.509,ok,290,0.525452,10.509,ok,610,454,Common,false,false,false
1163,55.0379,1099998508041,441677,yoitscharlie,8,63.7155,38.2293,219,0.420213,8.4043,ok,219,0.420213,8.4043,ok,377,144,Uncommon,false,false,false
1164,55.0206,1099636388753,438904,,9,62.425,37.455,236,0.439141,8.7828,ok,236,0.439141,8.7828,ok,420,420,Common,false,false,false
1165,55.0124,1099665596781,449935,5uzr.wam,6,70.7083,42.425,99,0.314685,6.2937,ok,99,0.314685,6.2937,ok,144,144,Uncommon,false,false,false
1166,54.986,1099833514279,435457,,10,56.7227,34.0336,291,0.52381,10.4762,ok,291,0.52381,10.4762,ok,610,454,Common,false,false,false
1167,54.9603,1099997875976,445272,yoitscharlie,7,68.0372,40.8223,151,0.353448,7.069,ok,151,0.353448,7.069,ok,233,146,Uncommon,false,false,false
1168,54.9315,1099998508042,441677,yoitscharlie,8,63.7155,38.2293,220,0.417553,8.3511,ok,220,0.417553,8.3511,ok,377,144,Uncommon,false,false,false
1169,54.9252,1099636392781,438904,sqeba.wam,9,62.425,37.455,237,0.436754,8.7351,ok,237,0.436754,8.7351,ok,420,420,Common,false,false,false
1170,54.9202,1099833514280,435457,,10,56.7227,34.0336,292,0.522167,10.4433,ok,292,0.522167,10.4433,ok,610,454,Common,false,false,false
1171,54.8546,1099833514281,435457,,10,56.7227,34.0336,293,0.520525,10.4105,ok,293,0.520525,10.4105,ok,610,454,Common,false,false,false
1172,54.8298,1099636407395,438904,ug2r2.wam,9,62.425,37.455,238,0.434368,8.6874,ok,238,0.434368,8.6874,ok,420,420,Common,false,false,false
1173,54.8251,1099998508043,441677,yoitscharlie,8,63.7155,38.2293,221,0.414894,8.2979,ok,221,0.414894,8.2979,ok,377,144,Uncommon,false,false,false
1174,54.789,1099833514282,435457,,10,56.7227,34.0336,294,0.518883,10.3777,ok,294,0.518883,10.3777,ok,610,454,Common,false,false,false
1175,54.7879,1099997875977,445272,yoitscharlie,7,68.0372,40.8223,152,0.349138,6.9828,ok,152,0.349138,6.9828,ok,233,146,Uncommon,false,false,false
1176,54.7789,1099678894074,453934,,5,72.3589,43.4153,64,0.284091,5.6818,ok,64,0.284091,5.6818,ok,89,89,Uncommon,false,false,false
1177,54.7342,1099636409793,438904,jltgo.wam,9,62.425,37.455,239,0.431981,8.6396,ok,239,0.431981,8.6396,ok,420,420,Common,false,false,false
1178,54.7326,1099665618127,449935,eiybo.wam,6,70.7083,42.425,100,0.307692,6.1538,ok,100,0.307692,6.1538,ok,144,144,Uncommon,false,false,false
1179,54.7232,1099833514283,435457,pepperstake,10,56.7227,34.0336,295,0.517241,10.3448,ok,295,0.517241,10.3448,ok,610,454,Common,false,false,false
1180,54.7187,1099998508044,441677,yoitscharlie,8,63.7155,38.2293,222,0.412234,8.2447,ok,222,0.412234,8.2447,ok,377,144,Uncommon,false,false,false
1181,54.6576,1099833514284,435457,q4oia.wam,10,56.7227,34.0336,296,0.515599,10.312,ok,296,0.515599,10.312,ok,610,454,Common,false,false,false
1182,54.6388,1099636411661,438904,pepperstake,9,62.425,37.455,240,0.429594,8.5919,ok,240,0.429594,8.5919,ok,420,420,Common,false,false,false
1183,54.6155,1099997875978,445272,yoitscharlie,7,68.0372,40.8223,153,0.344828,6.8966,ok,153,0.344828,6.8966,ok,233,146,Uncommon,false,false,false
1184,54.6123,1099998508045,441677,yoitscharlie,8,63.7155,38.2293,223,0.409574,8.1915,ok,223,0.409574,8.1915,ok,377,144,Uncommon,false,false,false
1185,54.5918,1099833514285,435457,dd3j.wam,10,56.7227,34.0336,297,0.513957,10.2791,ok,297,0.513957,10.2791,ok,610,454,Common,false,false,false
1186,54.5434,1099636411662,438904,pepperstake,9,62.425,37.455,241,0.427208,8.5442,ok,241,0.427208,8.5442,ok,420,420,Common,false,false,false
1187,54.5262,1099833514286,435457,bsyru.wam,10,56.7227,34.0336,298,0.512315,10.2463,ok,298,0.512315,10.2463,ok,610,454,Common,false,false,false
1188,54.5059,1099998508046,441677,yoitscharlie,8,63.7155,38.2293,224,0.406915,8.1383,ok,224,0.406915,8.1383,ok,377,144,Uncommon,false,false,false
1189,54.4606,1099833514287,435457,itbqy.wam,10,56.7227,34.0336,299,0.510673,10.2135,ok,299,0.510673,10.2135,ok,610,454,Common,false,false,false
1190,54.453,1099665618128,449935,yhd.u.c.wam,6,70.7083,42.425,101,0.300699,6.014,ok,101,0.300699,6.014,ok,144,144,Uncommon,false,false,false
1191,54.4478,1099636412360,438904,,9,62.425,37.455,242,0.424821,8.4964,ok,242,0.424821,8.4964,ok,420,420,Common,false,false,false
1192,54.4429,1099997875979,445272,yoitscharlie,7,68.0372,40.8223,154,0.340517,6.8103,ok,154,0.340517,6.8103,ok,233,146,Uncommon,false,false,false
1193,54.3995,1099998508047,441677,yoitscharlie,8,63.7155,38.2293,225,0.404255,8.0851,ok,225,0.404255,8.0851,ok,377,144,Uncommon,false,false,false
1194,54.398,1099997876378,458168,yoitscharlie,4,73.3794,44.0276,41,0.259259,5.1852,ok,41,0.259259,5.1852,ok,55,39,Rare,false,false,false
1195,54.3948,1099833514288,435457,q4oia.wam,10,56.7227,34.0336,300,0.509031,10.1806,ok,300,0.509031,10.1806,ok,610,454,Common,false,false,false
1196,54.3524,1099636412361,438904,,9,62.425,37.455,243,0.422434,8.4487,ok,243,0.422434,8.4487,ok,420,420,Common,false,false,false
1197,54.3292,1099833514289,435457,,10,56.7227,34.0336,301,0.507389,10.1478,ok,301,0.507389,10.1478,ok,610,454,Common,false,false,false
1198,54.3243,1099680289905,453934,3ogbe.wam,5,72.3589,43.4153,65,0.272727,5.4545,ok,65,0.272727,5.4545,ok,89,89,Uncommon,false,false,false
1199,54.2931,1099998508048,441677,yoitscharlie,8,63.7155,38.2293,226,0.401596,8.0319,ok,226,0.401596,8.0319,ok,377,144,Uncommon,false,false,false
1200,54.2705,1099997875980,445272,yoitscharlie,7,68.0372,40.8223,155,0.336207,6.7241,ok,155,0.336207,6.7241,ok,233,146,Uncommon,false,false,false
1201,54.2634,1099833514290,435457,ijqrk.wam,10,56.7227,34.0336,302,0.505747,10.1149,ok,302,0.505747,10.1149,ok,610,454,Common,false,false,false
1202,54.257,1099636412362,438904,q4oia.wam,9,62.425,37.455,244,0.420048,8.401,ok,244,0.420048,8.401,ok,420,420,Common,false,false,false
1203,54.1978,1099833514291,435457,wu2xg.wam,10,56.7227,34.0336,303,0.504105,10.0821,ok,303,0.504105,10.0821,ok,610,454,Common,false,false,false
1204,54.1867,1099998508049,441677,yoitscharlie,8,63.7155,38.2293,227,0.398936,7.9787,ok,227,0.398936,7.9787,ok,377,144,Uncommon,false,false,false
1205,54.1732,1099665742244,449935,pepperstake,6,70.7083,42.425,102,0.293706,5.8741,ok,102,0.293706,5.8741,ok,144,144,Uncommon,false,false,false
1206,54.1614,1099636412363,438904,e4vmq.c.wam,9,62.425,37.455,245,0.417661,8.3532,ok,245,0.417661,8.3532,ok,420,420,Common,false,false,false
1207,54.1322,1099833514292,435457,q4oia.wam,10,56.7227,34.0336,304,0.502463,10.0493,ok,304,0.502463,10.0493,ok,610,454,Common,false,false,false
1208,54.0981,1099997875981,445272,yoitscharlie,7,68.0372,40.8223,156,0.331897,6.6379,ok,156,0.331897,6.6379,ok,233,146,Uncommon,false,false,false
1209,54.0803,1099998508050,441677,yoitscharlie,8,63.7155,38.2293,228,0.396277,7.9255,ok,228,0.396277,7.9255,ok,377,144,Uncommon,false,false,false
1210,54.0664,1099833514293,435457,pepperstake,10,56.7227,34.0336,305,0.500821,10.0164,ok,305,0.500821,10.0164,ok,610,454,Common,false,false,false
1211,54.066,1099636412364,438904,,9,62.425,37.455,246,0.415274,8.3055,ok,246,0.415274,8.3055,ok,420,420,Common,false,false,false
1212,54.0008,1099833514294,435457,q4oia.wam,10,56.7227,34.0336,306,0.499179,9.9836,ok,306,0.499179,9.9836,ok,610,454,Common,false,false,false
1213,53.9739,1099998508051,441677,yoitscharlie,8,63.7155,38.2293,229,0.393617,7.8723,ok,229,0.393617,7.8723,ok,377,144,Uncommon,false,false,false
1214,53.9706,1099636414868,438904,pepperstake,9,62.425,37.455,247,0.412888,8.2578,ok,247,0.412888,8.2578,ok,420,420,Common,false,false,false
1215,53.935,1099833514295,435457,ineek.wam,10,56.7227,34.0336,307,0.497537,9.9507,ok,307,0.497537,9.9507,ok,610,454,Common,false,false,false
1216,53.9257,1099997875982,445272,yoitscharlie,7,68.0372,40.8223,157,0.327586,6.5517,ok,157,0.327586,6.5517,ok,233,146,Uncommon,false,false,false
1217,53.8936,1099665742245,449935,neftyblocksd,6,70.7083,42.425,103,0.286713,5.7343,ok,103,0.286713,5.7343,ok,144,144,Uncommon,false,false,false
1218,53.875,1099636414869,438904,pepperstake,9,62.425,37.455,248,0.410501,8.21,ok,248,0.410501,8.21,ok,420,420,Common,false,false,false
1219,53.8699,1099680524134,453934,pepperstake,5,72.3589,43.4153,66,0.261364,5.2273,ok,66,0.261364,5.2273,ok,89,89,Uncommon,false,false,false
1220,53.8694,1099833514296,435457,,10,56.7227,34.0336,308,0.495895,9.9179,ok,308,0.495895,9.9179,ok,610,454,Common,false,false,false
1221,53.8675,1099998508052,441677,yoitscharlie,8,63.7155,38.2293,230,0.390957,7.8191,ok,230,0.390957,7.8191,ok,377,144,Uncommon,false,false,false
1222,53.8038,1099833514297,435457,pepperstake,10,56.7227,34.0336,309,0.494253,9.8851,ok,309,0.494253,9.8851,ok,610,454,Common,false,false,false
1223,53.7796,1099636414870,438904,zfmqw.wam,9,62.425,37.455,249,0.408115,8.1623,ok,249,0.408115,8.1623,ok,420,420,Common,false,false,false
1224,53.7613,1099998508053,441677,yoitscharlie,8,63.7155,38.2293,231,0.388298,7.766,ok,231,0.388298,7.766,ok,377,144,Uncommon,false,false,false
1225,53.7533,1099997875983,445272,yoitscharlie,7,68.0372,40.8223,158,0.323276,6.4655,ok,158,0.323276,6.4655,ok,233,146,Uncommon,false,false,false
1226,53.738,1099833514298,435457,ijqrk.wam,10,56.7227,34.0336,310,0.492611,9.8522,ok,310,0.492611,9.8522,ok,610,454,Common,false,false,false
1227,53.6842,1099636414871,438904,,9,62.425,37.455,250,0.405728,8.1146,ok,250,0.405728,8.1146,ok,420,420,Common,false,false,false
1228,53.6724,1099833514299,435457,dd3j.wam,10,56.7227,34.0336,311,0.490969,9.8194,ok,311,0.490969,9.8194,ok,610,454,Common,false,false,false
1229,53.6572,1099997876379,458168,yoitscharlie,4,73.3794,44.0276,42,0.240741,4.8148,ok,42,0.240741,4.8148,ok,55,39,Rare,false,false,false
1230,53.6549,1099998508054,441677,yoitscharlie,8,63.7155,38.2293,232,0.385638,7.7128,ok,232,0.385638,7.7128,ok,377,144,Uncommon,false,false,false
1231,53.6138,1099666206984,449935,pepperstake,6,70.7083,42.425,104,0.27972,5.5944,ok,104,0.27972,5.5944,ok,144,144,Uncommon,false,false,false
1232,53.6066,1099833514300,435457,itbqy.wam,10,56.7227,34.0336,312,0.489327,9.7865,ok,312,0.489327,9.7865,ok,610,454,Common,false,false,false
1233,53.5886,1099636414872,438904,,9,62.425,37.455,251,0.403341,8.0668,ok,251,0.403341,8.0668,ok,420,420,Common,false,false,false
1234,53.5809,1099997875984,445272,yoitscharlie,7,68.0372,40.8223,159,0.318966,6.3793,ok,159,0.318966,6.3793,ok,233,146,Uncommon,false,false,false
1235,53.5485,1099998508055,441677,yoitscharlie,8,63.7155,38.2293,233,0.382979,7.6596,ok,233,0.382979,7.6596,ok,377,144,Uncommon,false,false,false
1236,53.541,1099833514301,435457,.2yna.c.wam,10,56.7227,34.0336,313,0.487685,9.7537,ok,313,0.487685,9.7537,ok,610,454,Common,false,false,false
1237,53.4932,1099636414873,438904,dctku.c.wam,9,62.425,37.455,252,0.400955,8.0191,ok,252,0.400955,8.0191,ok,420,420,Common,false,false,false
1238,53.4754,1099833514302,435457,,10,56.7227,34.0336,314,0.486043,9.7209,ok,314,0.486043,9.7209,ok,610,454,Common,false,false,false
1239,53.4421,1099998508056,441677,yoitscharlie,8,63.7155,38.2293,234,0.380319,7.6064,ok,234,0.380319,7.6064,ok,377,144,Uncommon,false,false,false
1240,53.4153,1099684503781,453934,yoitscharlie,5,72.3589,43.4153,67,0.25,5,ok,67,0.25,5,ok,89,89,Uncommon,false,false,false
1241,53.4096,1099833514303,435457,kwurg.wam,10,56.7227,34.0336,315,0.484401,9.688,ok,315,0.484401,9.688,ok,610,454,Common,false,false,false
1242,53.4085,1099997875985,445272,yoitscharlie,7,68.0372,40.8223,160,0.314655,6.2931,ok,160,0.314655,6.2931,ok,233,146,Uncommon,false,false,false
1243,53.3978,1099636416957,438904,yzdau.wam,9,62.425,37.455,253,0.398568,7.9714,ok,253,0.398568,7.9714,ok,420,420,Common,false,false,false
1244,53.344,1099833514304,435457,bsyru.wam,10,56.7227,34.0336,316,0.482759,9.6552,ok,316,0.482759,9.6552,ok,610,454,Common,false,false,false
1245,53.3357,1099998508057,441677,yoitscharlie,8,63.7155,38.2293,235,0.37766,7.5532,ok,235,0.37766,7.5532,ok,377,144,Uncommon,false,false,false
1246,53.334,1099666530323,449935,erfb.wam,6,70.7083,42.425,105,0.272727,5.4545,ok,105,0.272727,5.4545,ok,144,144,Uncommon,false,false,false
1247,53.3022,1099636421512,438904,ybvb.wam,9,62.425,37.455,254,0.396181,7.9236,ok,254,0.396181,7.9236,ok,420,420,Common,false,false,false
1248,53.2782,1099833514305,435457,taoho.wam,10,56.7227,34.0336,317,0.481117,9.6223,ok,317,0.481117,9.6223,ok,610,454,Common,false,false,false
1249,53.2361,1099997875986,445272,yoitscharlie,7,68.0372,40.8223,161,0.310345,6.2069,ok,161,0.310345,6.2069,ok,233,146,Uncommon,false,false,false
1250,53.2293,1099998508058,441677,yoitscharlie,8,63.7155,38.2293,236,0.375,7.5,ok,236,0.375,7.5,ok,377,144,Uncommon,false,false,false
1251,53.2126,1099833514306,435457,ynjee.wam,10,56.7227,34.0336,318,0.479475,9.5895,ok,318,0.479475,9.5895,ok,610,454,Common,false,false,false
1252,53.2068,1099636423852,438904,,9,62.425,37.455,255,0.393795,7.8759,ok,255,0.393795,7.8759,ok,420,420,Common,false,false,false
1253,53.147,1099833514307,435457,nr4xg.wam,10,56.7227,34.0336,319,0.477833,9.5567,ok,319,0.477833,9.5567,ok,610,454,Common,false,false,false
1254,53.1229,1099998508059,441677,yoitscharlie,8,63.7155,38.2293,237,0.37234,7.4468,ok,237,0.37234,7.4468,ok,377,144,Uncommon,false,false,false
1255,53.1114,1099636424599,438904,pepperstake,9,62.425,37.455,256,0.391408,7.8282,ok,256,0.391408,7.8282,ok,420,420,Common,false,false,false
1256,53.0812,1099833514308,435457,itbqy.wam,10,56.7227,34.0336,320,0.47619,9.5238,ok,320,0.47619,9.5238,ok,610,454,Common,false,false,false
1257,53.0637,1099997875987,445272,yoitscharlie,7,68.0372,40.8223,162,0.306034,6.1207,ok,162,0.306034,6.1207,ok,233,146,Uncommon,false,false,false
1258,53.0544,1099667569736,449935,,6,70.7083,42.425,106,0.265734,5.3147,ok,106,0.265734,5.3147,ok,144,144,Uncommon,false,false,false
1259,53.0165,1099998508060,441677,yoitscharlie,8,63.7155,38.2293,238,0.369681,7.3936,ok,238,0.369681,7.3936,ok,377,144,Uncommon,false,false,false
1260,53.0158,1099636425838,438904,5rm2i.c.wam,9,62.425,37.455,257,0.389021,7.7804,ok,257,0.389021,7.7804,ok,420,420,Common,false,false,false
1261,53.0156,1099870481954,435457,,10,56.7227,34.0336,321,0.474548,9.491,ok,321,0.474548,9.491,ok,610,454,Common,false,false,false
1262,52.9607,1099705187990,453934,,5,72.3589,43.4153,68,0.238636,4.7727,ok,68,0.238636,4.7727,ok,89,89,Uncommon,false,false,false
1263,52.9498,1099870481955,435457,,10,56.7227,34.0336,322,0.472906,9.4581,ok,322,0.472906,9.4581,ok,610,454,Common,false,false,false
1264,52.9204,1099636426301,438904,,9,62.425,37.455,258,0.386635,7.7327,ok,258,0.386635,7.7327,ok,420,420,Common,false,false,false
1265,52.9164,1099997876380,458168,yoitscharlie,4,73.3794,44.0276,43,0.222222,4.4444,ok,43,0.222222,4.4444,ok,55,39,Rare,false,false,false
1266,52.9101,1099998508061,441677,yoitscharlie,8,63.7155,38.2293,239,0.367021,7.3404,ok,239,0.367021,7.3404,ok,377,144,Uncommon,false,false,false
1267,52.8913,1099997875988,445272,yoitscharlie,7,68.0372,40.8223,163,0.301724,6.0345,ok,163,0.301724,6.0345,ok,233,146,Uncommon,false,false,false
1268,52.8842,1099870481956,435457,,10,56.7227,34.0336,323,0.471264,9.4253,ok,323,0.471264,9.4253,ok,610,454,Common,false,false,false
1269,52.825,1099636426302,438904,bsyru.wam,9,62.425,37.455,259,0.384248,7.685,ok,259,0.384248,7.685,ok,420,420,Common,false,false,false
1270,52.8184,1099870481957,435457,,10,56.7227,34.0336,324,0.469622,9.3924,ok,324,0.469622,9.3924,ok,610,454,Common,false,false,false
1271,52.8037,1099998508062,441677,yoitscharlie,8,63.7155,38.2293,240,0.364362,7.2872,ok,240,0.364362,7.2872,ok,377,144,Uncommon,false,false,false
1272,52.7746,1099667756763,449935,hottothemoon,6,70.7083,42.425,107,0.258741,5.1748,ok,107,0.258741,5.1748,ok,144,144,Uncommon,false,false,false
1273,52.7528,1099870481958,435457,,10,56.7227,34.0336,325,0.46798,9.3596,ok,325,0.46798,9.3596,ok,610,454,Common,false,false,false
1274,52.7294,1099636426303,438904,bsyru.wam,9,62.425,37.455,260,0.381862,7.6372,ok,260,0.381862,7.6372,ok,420,420,Common,false,false,false
1275,52.7189,1099997875989,445272,yoitscharlie,7,68.0372,40.8223,164,0.297414,5.9483,ok,164,0.297414,5.9483,ok,233,146,Uncommon,false,false,false
1276,52.6973,1099998508063,441677,yoitscharlie,8,63.7155,38.2293,241,0.361702,7.234,ok,241,0.361702,7.234,ok,377,144,Uncommon,false,false,false
1277,52.6872,1099870481959,435457,,10,56.7227,34.0336,326,0.466338,9.3268,ok,326,0.466338,9.3268,ok,610,454,Common,false,false,false
1278,52.634,1099636429397,438904,neftyblocksd,9,62.425,37.455,261,0.379475,7.5895,ok,261,0.379475,7.5895,ok,420,420,Common,false,false,false
1279,52.6214,1099870481960,435457,,10,56.7227,34.0336,327,0.464696,9.2939,ok,327,0.464696,9.2939,ok,610,454,Common,false,false,false
1280,52.5911,1099998508064,441677,yoitscharlie,8,63.7155,38.2293,242,0.359043,7.1809,ok,242,0.359043,7.1809,ok,377,144,Uncommon,false,false,false
1281,52.5558,1099870481961,435457,,10,56.7227,34.0336,328,0.463054,9.2611,ok,328,0.463054,9.2611,ok,610,454,Common,false,false,false
1282,52.5465,1099997875990,445272,yoitscharlie,7,68.0372,40.8223,165,0.293103,5.8621,ok,165,0.293103,5.8621,ok,233,146,Uncommon,false,false,false
1283,52.5386,1099636429398,438904,newyork.gm,9,62.425,37.455,262,0.377088,7.5418,ok,262,0.377088,7.5418,ok,420,420,Common,false,false,false
1284,52.5063,1099707041652,453934,pepperstake,5,72.3589,43.4153,69,0.227273,4.5455,ok,69,0.227273,4.5455,ok,89,89,Uncommon,false,false,false
1285,52.495,1099675183184,449935,,6,70.7083,42.425,108,0.251748,5.035,ok,108,0.251748,5.035,ok,144,144,Uncommon,false,false,false
1286,52.49,1099870481962,435457,bsyru.wam,10,56.7227,34.0336,329,0.461412,9.2282,ok,329,0.461412,9.2282,ok,610,454,Common,false,false,false
1287,52.4847,1099998508065,441677,yoitscharlie,8,63.7155,38.2293,243,0.356383,7.1277,ok,243,0.356383,7.1277,ok,377,144,Uncommon,false,false,false
1288,52.443,1099636429399,438904,newyork.gm,9,62.425,37.455,263,0.374702,7.494,ok,263,0.374702,7.494,ok,420,420,Common,false,false,false
1289,52.4244,1099870481963,435457,,10,56.7227,34.0336,330,0.45977,9.1954,ok,330,0.45977,9.1954,ok,610,454,Common,false,false,false
1290,52.3783,1099998508066,441677,yoitscharlie,8,63.7155,38.2293,244,0.353723,7.0745,ok,244,0.353723,7.0745,ok,377,144,Uncommon,false,false,false
1291,52.3741,1099997875991,445272,yoitscharlie,7,68.0372,40.8223,166,0.288793,5.7759,ok,166,0.288793,5.7759,ok,233,146,Uncommon,false,false,false
1292,52.3588,1099870481964,435457,,10,56.7227,34.0336,331,0.458128,9.1626,ok,331,0.458128,9.1626,ok,610,454,Common,false,false,false
1293,52.3476,1099636429400,438904,newyork.gm,9,62.425,37.455,264,0.372315,7.4463,ok,264,0.372315,7.4463,ok,420,420,Common,false,false,false
1294,52.293,1099870481965,435457,,10,56.7227,34.0336,332,0.456486,9.1297,ok,332,0.456486,9.1297,ok,610,454,Common,false,false,false
1295,52.2719,1099998508093,441677,yoitscharlie,8,63.7155,38.2293,245,0.351064,7.0213,ok,245,0.351064,7.0213,ok,377,144,Uncommon,false,false,false
1296,52.2522,1099636429401,438904,newyork.gm,9,62.425,37.455,265,0.369928,7.3986,ok,265,0.369928,7.3986,ok,420,420,Common,false,false,false
1297,52.2274,1099870481966,435457,,10,56.7227,34.0336,333,0.454844,9.0969,ok,333,0.454844,9.0969,ok,610,454,Common,false,false,false
1298,52.2152,1099680508494,449935,,6,70.7083,42.425,109,0.244755,4.8951,ok,109,0.244755,4.8951,ok,144,144,Uncommon,false,false,false
1299,52.2017,1099997875992,445272,yoitscharlie,7,68.0372,40.8223,167,0.284483,5.6897,ok,167,0.284483,5.6897,ok,233,146,Uncommon,false,false,false
1300,52.1758,1099997876381,458168,yoitscharlie,4,73.3794,44.0276,44,0.203704,4.0741,ok,44,0.203704,4.0741,ok,55,39,Rare,false,false,false
1301,52.1655,1099998508094,441677,yoitscharlie,8,63.7155,38.2293,246,0.348404,6.9681,ok,246,0.348404,6.9681,ok,377,144,Uncommon,false,false,false
1302,52.1616,1099870481967,435457,,10,56.7227,34.0336,334,0.453202,9.064,ok,334,0.453202,9.064,ok,610,454,Common,false,false,false
1303,52.1566,1099636429402,438904,newyork.gm,9,62.425,37.455,266,0.367542,7.3508,ok,266,0.367542,7.3508,ok,420,420,Common,false,false,false
1304,52.096,1099870481968,435457,,10,56.7227,34.0336,335,0.45156,9.0312,ok,335,0.45156,9.0312,ok,610,454,Common,false,false,false
1305,52.0612,1099636429403,438904,newyork.gm,9,62.425,37.455,267,0.365155,7.3031,ok,267,0.365155,7.3031,ok,420,420,Common,false,false,false
1306,52.0591,1099998508095,441677,yoitscharlie,8,63.7155,38.2293,247,0.345745,6.9149,ok,247,0.345745,6.9149,ok,377,144,Uncommon,false,false,false
1307,52.0517,1099788222389,453934,,5,72.3589,43.4153,70,0.215909,4.3182,ok,70,0.215909,4.3182,ok,89,89,Uncommon,false,false,false
1308,52.0304,1099870481969,435457,,10,56.7227,34.0336,336,0.449918,8.9984,ok,336,0.449918,8.9984,ok,610,454,Common,false,false,false
1309,52.0291,1099997875993,445272,yoitscharlie,7,68.0372,40.8223,168,0.280172,5.6034,ok,168,0.280172,5.6034,ok,233,146,Uncommon,false,false,false
1310,51.9658,1099636429404,438904,,9,62.425,37.455,268,0.362768,7.2554,ok,268,0.362768,7.2554,ok,420,420,Common,false,false,false
1311,51.9646,1099870481970,435457,,10,56.7227,34.0336,337,0.448276,8.9655,ok,337,0.448276,8.9655,ok,610,454,Common,false,false,false
1312,51.9527,1099998508096,441677,yoitscharlie,8,63.7155,38.2293,248,0.343085,6.8617,ok,248,0.343085,6.8617,ok,377,144,Uncommon,false,false,false
1313,51.9354,1099698516616,449935,,6,70.7083,42.425,110,0.237762,4.7552,ok,110,0.237762,4.7552,ok,144,144,Uncommon,false,false,false
1314,51.899,1099870481971,435457,,10,56.7227,34.0336,338,0.446634,8.9327,ok,338,0.446634,8.9327,ok,610,454,Common,false,false,false
1315,51.8702,1099636429405,438904,,9,62.425,37.455,269,0.360382,7.2076,ok,269,0.360382,7.2076,ok,420,420,Common,false,false,false
1316,51.8567,1099997875994,445272,yoitscharlie,7,68.0372,40.8223,169,0.275862,5.5172,ok,169,0.275862,5.5172,ok,233,146,Uncommon,false,false,false
1317,51.8463,1099998508097,441677,yoitscharlie,8,63.7155,38.2293,249,0.340426,6.8085,ok,249,0.340426,6.8085,ok,377,144,Uncommon,false,false,false
1318,51.8332,1099870481972,435457,,10,56.7227,34.0336,339,0.444992,8.8998,ok,339,0.444992,8.8998,ok,610,454,Common,false,false,false
1319,51.7748,1099636429406,438904,neftyblocksd,9,62.425,37.455,270,0.357995,7.1599,ok,270,0.357995,7.1599,ok,420,420,Common,false,false,false
1320,51.7676,1099870481973,435457,,10,56.7227,34.0336,340,0.44335,8.867,ok,340,0.44335,8.867,ok,610,454,Common,false,false,false
1321,51.7399,1099998508098,441677,yoitscharlie,8,63.7155,38.2293,250,0.337766,6.7553,ok,250,0.337766,6.7553,ok,377,144,Uncommon,false,false,false
1322,51.702,1099870481974,435457,,10,56.7227,34.0336,341,0.441708,8.8342,ok,341,0.441708,8.8342,ok,610,454,Common,false,false,false
1323,51.6843,1099997875995,445272,yoitscharlie,7,68.0372,40.8223,170,0.271552,5.431,ok,170,0.271552,5.431,ok,233,146,Uncommon,false,false,false
1324,51.6794,1099636429407,438904,neftyblocksd,9,62.425,37.455,271,0.355609,7.1122,ok,271,0.355609,7.1122,ok,420,420,Common,false,false,false
1325,51.6558,1099705186404,449935,,6,70.7083,42.425,111,0.230769,4.6154,ok,111,0.230769,4.6154,ok,144,144,Uncommon,false,false,false
1326,51.6362,1099870481975,435457,,10,56.7227,34.0336,342,0.440066,8.8013,ok,342,0.440066,8.8013,ok,610,454,Common,false,false,false
1327,51.6335,1099998508099,441677,yoitscharlie,8,63.7155,38.2293,251,0.335106,6.7021,ok,251,0.335106,6.7021,ok,377,144,Uncommon,false,false,false
1328,51.5971,1099809649217,453934,,5,72.3589,43.4153,71,0.204545,4.0909,ok,71,0.204545,4.0909,ok,89,89,Uncommon,false,false,false
1329,51.5838,1099636429408,438904,neftyblocksd,9,62.425,37.455,272,0.353222,7.0644,ok,272,0.353222,7.0644,ok,420,420,Common,false,false,false
1330,51.5706,1099870481976,435457,,10,56.7227,34.0336,343,0.438424,8.7685,ok,343,0.438424,8.7685,ok,610,454,Common,false,false,false
1331,51.5271,1099998508100,441677,yoitscharlie,8,63.7155,38.2293,252,0.332447,6.6489,ok,252,0.332447,6.6489,ok,377,144,Uncommon,false,false,false
1332,51.5119,1099997875996,445272,yoitscharlie,7,68.0372,40.8223,171,0.267241,5.3448,ok,171,0.267241,5.3448,ok,233,146,Uncommon,false,false,false
1333,51.5048,1099870481977,435457,,10,56.7227,34.0336,344,0.436782,8.7356,ok,344,0.436782,8.7356,ok,610,454,Common,false,false,false
1334,51.4884,1099636429409,438904,neftyblocksd,9,62.425,37.455,273,0.350835,7.0167,ok,273,0.350835,7.0167,ok,420,420,Common,false,false,false
1335,51.4392,1099870481978,435457,,10,56.7227,34.0336,345,0.43514,8.7028,ok,345,0.43514,8.7028,ok,610,454,Common,false,false,false
1336,51.435,1099997876382,458168,yoitscharlie,4,73.3794,44.0276,45,0.185185,3.7037,ok,45,0.185185,3.7037,ok,55,39,Rare,false,false,false
1337,51.4207,1099998508101,441677,yoitscharlie,8,63.7155,38.2293,253,0.329787,6.5957,ok,253,0.329787,6.5957,ok,377,144,Uncommon,false,false,false
1338,51.393,1099636429410,438904,neftyblocksd,9,62.425,37.455,274,0.348449,6.969,ok,274,0.348449,6.969,ok,420,420,Common,false,false,false
1339,51.376,1099706974719,449935,,6,70.7083,42.425,112,0.223776,4.4755,ok,112,0.223776,4.4755,ok,144,144,Uncommon,false,false,false
1340,51.3736,1099870481979,435457,,10,56.7227,34.0336,346,0.433498,8.67,ok,346,0.433498,8.67,ok,610,454,Common,false,false,false
1341,51.3395,1099997875997,445272,yoitscharlie,7,68.0372,40.8223,172,0.262931,5.2586,ok,172,0.262931,5.2586,ok,233,146,Uncommon,false,false,false
1342,51.3145,1099998508102,441677,yoitscharlie,8,63.7155,38.2293,254,0.327128,6.5426,ok,254,0.327128,6.5426,ok,377,144,Uncommon,false,false,false
1343,51.3078,1099870481980,435457,,10,56.7227,34.0336,347,0.431856,8.6371,ok,347,0.431856,8.6371,ok,610,454,Common,false,false,false
1344,51.2974,1099636429411,438904,neftyblocksd,9,62.425,37.455,275,0.346062,6.9212,ok,275,0.346062,6.9212,ok,420,420,Common,false,false,false
1345,51.2422,1099870481981,435457,bsyru.wam,10,56.7227,34.0336,348,0.430213,8.6043,ok,348,0.430213,8.6043,ok,610,454,Common,false,false,false
1346,51.2081,1099998508103,441677,yoitscharlie,8,63.7155,38.2293,255,0.324468,6.4894,ok,255,0.324468,6.4894,ok,377,144,Uncommon,false,false,false
1347,51.202,1099636429412,438904,neftyblocksd,9,62.425,37.455,276,0.343675,6.8735,ok,276,0.343675,6.8735,ok,420,420,Common,false,false,false
1348,51.1764,1099870481982,435457,,10,56.7227,34.0336,349,0.428571,8.5714,ok,349,0.428571,8.5714,ok,610,454,Common,false,false,false
1349,51.1671,1099997875998,445272,yoitscharlie,7,68.0372,40.8223,173,0.258621,5.1724,ok,173,0.258621,5.1724,ok,233,146,Uncommon,false,false,false
1350,51.1425,1099812062167,453934,,5,72.3589,43.4153,72,0.193182,3.8636,ok,72,0.193182,3.8636,ok,89,89,Uncommon,false,false,false
1351,51.1108,1099870481983,435457,,10,56.7227,34.0336,350,0.426929,8.5386,ok,350,0.426929,8.5386,ok,610,454,Common,false,false,false
1352,51.1066,1099636429413,438904,neftyblocksd,9,62.425,37.455,277,0.341289,6.8258,ok,277,0.341289,6.8258,ok,420,420,Common,false,false,false
1353,51.1017,1099998508104,441677,yoitscharlie,8,63.7155,38.2293,256,0.321809,6.4362,ok,256,0.321809,6.4362,ok,377,144,Uncommon,false,false,false
1354,51.0964,1099706974720,449935,,6,70.7083,42.425,113,0.216783,4.3357,ok,113,0.216783,4.3357,ok,144,144,Uncommon,false,false,false
1355,51.045,1099870481984,435457,,10,56.7227,34.0336,351,0.425287,8.5057,ok,351,0.425287,8.5057,ok,610,454,Common,false,false,false
1356,51.011,1099636429414,438904,neftyblocksd,9,62.425,37.455,278,0.338902,6.778,ok,278,0.338902,6.778,ok,420,420,Common,false,false,false
1357,50.9953,1099998508105,441677,yoitscharlie,8,63.7155,38.2293,257,0.319149,6.383,ok,257,0.319149,6.383,ok,377,144,Uncommon,false,false,false
1358,50.9947,1099997875999,445272,yoitscharlie,7,68.0372,40.8223,174,0.25431,5.0862,ok,174,0.25431,5.0862,ok,233,146,Uncommon,false,false,false
1359,50.9794,1099870481985,435457,atomictoolsx,10,56.7227,34.0336,352,0.423645,8.4729,ok,352,0.423645,8.4729,ok,610,454,Common,false,false,false
1360,50.9156,1099636429415,438904,neftyblocksd,9,62.425,37.455,279,0.336516,6.7303,ok,279,0.336516,6.7303,ok,420,420,Common,false,false,false
1361,50.9138,1099870481986,435457,,10,56.7227,34.0336,353,0.422003,8.4401,ok,353,0.422003,8.4401,ok,610,454,Common,false,false,false
1362,50.8889,1099998508106,441677,yoitscharlie,8,63.7155,38.2293,258,0.316489,6.3298,ok,258,0.316489,6.3298,ok,377,144,Uncommon,false,false,false
1363,50.848,1099870481987,435457,,10,56.7227,34.0336,354,0.420361,8.4072,ok,354,0.420361,8.4072,ok,610,454,Common,false,false,false
1364,50.8223,1099997876000,445272,yoitscharlie,7,68.0372,40.8223,175,0.25,5,ok,175,0.25,5,ok,233,146,Uncommon,false,false,false
1365,50.8202,1099636429416,438904,pepperstake,9,62.425,37.455,280,0.334129,6.6826,ok,280,0.334129,6.6826,ok,420,420,Common,false,false,false
1366,50.8166,1099711179070,449935,,6,70.7083,42.425,114,0.20979,4.1958,ok,114,0.20979,4.1958,ok,144,144,Uncommon,false,false,false
1367,50.7825,1099998508107,441677,yoitscharlie,8,63.7155,38.2293,259,0.31383,6.2766,ok,259,0.31383,6.2766,ok,377,144,Uncommon,false,false,false
1368,50.7824,1099870481988,435457,,10,56.7227,34.0336,355,0.418719,8.3744,ok,355,0.418719,8.3744,ok,610,454,Common,false,false,false
1369,50.7246,1099636429425,438904,,9,62.425,37.455,281,0.331742,6.6348,ok,281,0.331742,6.6348,ok,420,420,Common,false,false,false
1370,50.7166,1099870481989,435457,,10,56.7227,34.0336,356,0.417077,8.3415,ok,356,0.417077,8.3415,ok,610,454,Common,false,false,false
1371,50.6942,1099997876383,458168,yoitscharlie,4,73.3794,44.0276,46,0.166667,3.3333,ok,46,0.166667,3.3333,ok,55,39,Rare,false,false,false
1372,50.6881,1099812097702,453934,fs1r2.wam,5,72.3589,43.4153,73,0.181818,3.6364,ok,73,0.181818,3.6364,ok,89,89,Uncommon,false,false,false
1373,50.6761,1099998508108,441677,yoitscharlie,8,63.7155,38.2293,260,0.31117,6.2234,ok,260,0.31117,6.2234,ok,377,144,Uncommon,false,false,false
1374,50.651,1099870481990,435457,,10,56.7227,34.0336,357,0.415435,8.3087,ok,357,0.415435,8.3087,ok,610,454,Common,false,false,false
1375,50.6499,1099997876001,445272,yoitscharlie,7,68.0372,40.8223,176,0.24569,4.9138,ok,176,0.24569,4.9138,ok,233,146,Uncommon,false,false,false
1376,50.6292,1099636430138,438904,4nvqy.wam,9,62.425,37.455,282,0.329356,6.5871,ok,282,0.329356,6.5871,ok,420,420,Common,false,false,false
1377,50.5854,1099870481991,435457,,10,56.7227,34.0336,358,0.413793,8.2759,ok,358,0.413793,8.2759,ok,610,454,Common,false,false,false
1378,50.5697,1099998508109,441677,yoitscharlie,8,63.7155,38.2293,261,0.308511,6.1702,ok,261,0.308511,6.1702,ok,377,144,Uncommon,false,false,false
1379,50.5368,1099711179071,449935,pepperstake,6,70.7083,42.425,115,0.202797,4.0559,ok,115,0.202797,4.0559,ok,144,144,Uncommon,false,false,false
1380,50.5338,1099636433526,438904,pepperstake,9,62.425,37.455,283,0.326969,6.5394,ok,283,0.326969,6.5394,ok,420,420,Common,false,false,false
1381,50.5196,1099870481992,435457,,10,56.7227,34.0336,359,0.412151,8.243,ok,359,0.412151,8.243,ok,610,454,Common,false,false,false
1382,50.4775,1099997876002,445272,yoitscharlie,7,68.0372,40.8223,177,0.241379,4.8276,ok,177,0.241379,4.8276,ok,233,146,Uncommon,false,false,false
1383,50.4633,1099998508110,441677,yoitscharlie,8,63.7155,38.2293,262,0.305851,6.117,ok,262,0.305851,6.117,ok,377,144,Uncommon,false,false,false
1384,50.454,1099870481993,435457,,10,56.7227,34.0336,360,0.410509,8.2102,ok,360,0.410509,8.2102,ok,610,454,Common,false,false,false
1385,50.4382,1099636433824,438904,bhutq.wam,9,62.425,37.455,284,0.324582,6.4916,ok,284,0.324582,6.4916,ok,420,420,Common,false,false,false
1386,50.3882,1099870481994,435457,,10,56.7227,34.0336,361,0.408867,8.1773,ok,361,0.408867,8.1773,ok,610,454,Common,false,false,false
1387,50.3569,1099998508111,441677,yoitscharlie,8,63.7155,38.2293,263,0.303191,6.0638,ok,263,0.303191,6.0638,ok,377,144,Uncommon,false,false,false
1388,50.3428,1099636441439,438904,bqhjs.wam,9,62.425,37.455,285,0.322196,6.4439,ok,285,0.322196,6.4439,ok,420,420,Common,false,false,false
1389,50.3226,1099870481995,435457,,10,56.7227,34.0336,362,0.407225,8.1445,ok,362,0.407225,8.1445,ok,610,454,Common,false,false,false
1390,50.3051,1099997876003,445272,yoitscharlie,7,68.0372,40.8223,178,0.237069,4.7414,ok,178,0.237069,4.7414,ok,233,146,Uncommon,false,false,false
1391,50.2572,1099805665282,449935,aryw4.wam,6,70.7083,42.425,116,0.195804,3.9161,ok,116,0.195804,3.9161,ok,144,144,Uncommon,false,false,false
1392,50.257,1099870481996,435457,,10,56.7227,34.0336,363,0.405583,8.1117,ok,363,0.405583,8.1117,ok,610,454,Common,false,false,false
1393,50.2505,1099998508112,441677,yoitscharlie,8,63.7155,38.2293,264,0.300532,6.0106,ok,264,0.300532,6.0106,ok,377,144,Uncommon,false,false,false
1394,50.2474,1099636441440,438904,bqhjs.wam,9,62.425,37.455,286,0.319809,6.3962,ok,286,0.319809,6.3962,ok,420,420,Common,false,false,false
1395,50.2335,1099812097703,453934,,5,72.3589,43.4153,74,0.170455,3.4091,ok,74,0.170455,3.4091,ok,89,89,Uncommon,false,false,false
1396,50.1912,1099870481997,435457,,10,56.7227,34.0336,364,0.403941,8.0788,ok,364,0.403941,8.0788,ok,610,454,Common,false,false,false
1397,50.1518,1099636441441,438904,bqhjs.wam,9,62.425,37.455,287,0.317422,6.3484,ok,287,0.317422,6.3484,ok,420,420,Common,false,false,false
1398,50.1441,1099998508113,441677,yoitscharlie,8,63.7155,38.2293,265,0.297872,5.9574,ok,265,0.297872,5.9574,ok,377,144,Uncommon,false,false,false
1399,50.1327,1099997876004,445272,yoitscharlie,7,68.0372,40.8223,179,0.232759,4.6552,ok,179,0.232759,4.6552,ok,233,146,Uncommon,false,false,false
1400,50.1256,1099870481998,435457,,10,56.7227,34.0336,365,0.402299,8.046,ok,365,0.402299,8.046,ok,610,454,Common,false,false,false
1401,50.0598,1099870481999,435457,,10,56.7227,34.0336,366,0.400657,8.0131,ok,366,0.400657,8.0131,ok,610,454,Common,false,false,false
1402,50.0564,1099636445387,438904,bsyru.wam,9,62.425,37.455,288,0.315036,6.3007,ok,288,0.315036,6.3007,ok,420,420,Common,false,false,false
1403,50.0379,1099998508114,441677,yoitscharlie,8,63.7155,38.2293,266,0.295213,5.9043,ok,266,0.295213,5.9043,ok,377,144,Uncommon,false,false,false
1404,49.9942,1099870482000,435457,,10,56.7227,34.0336,367,0.399015,7.9803,ok,367,0.399015,7.9803,ok,610,454,Common,false,false,false
1405,49.9774,1099805697935,449935,h.c2o.c.wam,6,70.7083,42.425,117,0.188811,3.7762,ok,117,0.188811,3.7762,ok,144,144,Uncommon,false,false,false
1406,49.961,1099636445388,438904,bsyru.wam,9,62.425,37.455,289,0.312649,6.253,ok,289,0.312649,6.253,ok,420,420,Common,false,false,false
1407,49.9603,1099997876005,445272,yoitscharlie,7,68.0372,40.8223,180,0.228448,4.569,ok,180,0.228448,4.569,ok,233,146,Uncommon,false,false,false
1408,49.9536,1099997876384,458168,yoitscharlie,4,73.3794,44.0276,47,0.148148,2.963,ok,47,0.148148,2.963,ok,55,39,Rare,false,false,false
1409,49.9315,1099998508115,441677,yoitscharlie,8,63.7155,38.2293,267,0.292553,5.8511,ok,267,0.292553,5.8511,ok,377,144,Uncommon,false,false,false
1410,49.9286,1099870482001,435457,,10,56.7227,34.0336,368,0.397373,7.9475,ok,368,0.397373,7.9475,ok,610,454,Common,false,false,false
1411,49.8656,1099636445389,438904,bsyru.wam,9,62.425,37.455,290,0.310263,6.2053,ok,290,0.310263,6.2053,ok,420,420,Common,false,false,false
1412,49.8628,1099870482002,435457,,10,56.7227,34.0336,369,0.395731,7.9146,ok,369,0.395731,7.9146,ok,610,454,Common,false,false,false
1413,49.8251,1099998508116,441677,yoitscharlie,8,63.7155,38.2293,268,0.289894,5.7979,ok,268,0.289894,5.7979,ok,377,144,Uncommon,false,false,false
1414,49.7972,1099870482003,435457,,10,56.7227,34.0336,370,0.394089,7.8818,ok,370,0.394089,7.8818,ok,610,454,Common,false,false,false
1415,49.7879,1099997876006,445272,yoitscharlie,7,68.0372,40.8223,181,0.224138,4.4828,ok,181,0.224138,4.4828,ok,233,146,Uncommon,false,false,false
1416,49.7789,1099812097704,453934,,5,72.3589,43.4153,75,0.159091,3.1818,ok,75,0.159091,3.1818,ok,89,89,Uncommon,false,false,false
1417,49.77,1099636445682,438904,3pwbe.wam,9,62.425,37.455,291,0.307876,6.1575,ok,291,0.307876,6.1575,ok,420,420,Common,false,false,false
1418,49.7314,1099925434851,435457,,10,56.7227,34.0336,371,0.392447,7.8489,ok,371,0.392447,7.8489,ok,610,454,Common,false,false,false
1419,49.7187,1099998508117,441677,yoitscharlie,8,63.7155,38.2293,269,0.287234,5.7447,ok,269,0.287234,5.7447,ok,377,144,Uncommon,false,false,false
1420,49.6978,1099805697936,449935,h.c2o.c.wam,6,70.7083,42.425,118,0.181818,3.6364,ok,118,0.181818,3.6364,ok,144,144,Uncommon,false,false,false
1421,49.6746,1099636445683,438904,,9,62.425,37.455,292,0.305489,6.1098,ok,292,0.305489,6.1098,ok,420,420,Common,false,false,false
1422,49.6658,1099925434855,435457,,10,56.7227,34.0336,372,0.390805,7.8161,ok,372,0.390805,7.8161,ok,610,454,Common,false,false,false
1423,49.6155,1099997876007,445272,yoitscharlie,7,68.0372,40.8223,182,0.219828,4.3966,ok,182,0.219828,4.3966,ok,233,146,Uncommon,false,false,false
1424,49.6123,1099998508118,441677,yoitscharlie,8,63.7155,38.2293,270,0.284574,5.6915,ok,270,0.284574,5.6915,ok,377,144,Uncommon,false,false,false
1425,49.6002,1099925497460,435457,,10,56.7227,34.0336,373,0.389163,7.7833,ok,373,0.389163,7.7833,ok,610,454,Common,false,false,false
1426,49.5792,1099636445684,438904,3pwbe.wam,9,62.425,37.455,293,0.303103,6.0621,ok,293,0.303103,6.0621,ok,420,420,Common,false,false,false
1427,49.5344,1099925497461,435457,,10,56.7227,34.0336,374,0.387521,7.7504,ok,374,0.387521,7.7504,ok,610,454,Common,false,false,false
1428,49.5059,1099998508119,441677,yoitscharlie,8,63.7155,38.2293,271,0.281915,5.6383,ok,271,0.281915,5.6383,ok,377,144,Uncommon,false,false,false
1429,49.4836,1099636457194,438904,,9,62.425,37.455,294,0.300716,6.0143,ok,294,0.300716,6.0143,ok,420,420,Common,false,false,false
1430,49.4688,1099925497511,435457,,10,56.7227,34.0336,375,0.385878,7.7176,ok,375,0.385878,7.7176,ok,610,454,Common,false,false,false
1431,49.4429,1099997876008,445272,yoitscharlie,7,68.0372,40.8223,183,0.215517,4.3103,ok,183,0.215517,4.3103,ok,233,146,Uncommon,false,false,false
1432,49.418,1099805697937,449935,h.c2o.c.wam,6,70.7083,42.425,119,0.174825,3.4965,ok,119,0.174825,3.4965,ok,144,144,Uncommon,false,false,false
1433,49.403,1099925497517,435457,,10,56.7227,34.0336,376,0.384236,7.6847,ok,376,0.384236,7.6847,ok,610,454,Common,false,false,false
1434,49.3995,1099998508120,441677,yoitscharlie,8,63.7155,38.2293,272,0.279255,5.5851,ok,272,0.279255,5.5851,ok,377,144,Uncommon,false,false,false
1435,49.3882,1099636457195,438904,,9,62.425,37.455,295,0.298329,5.9666,ok,295,0.298329,5.9666,ok,420,420,Common,false,false,false
1436,49.3374,1099925497618,435457,,10,56.7227,34.0336,377,0.382594,7.6519,ok,377,0.382594,7.6519,ok,610,454,Common,false,false,false
1437,49.3243,1099815082341,453934,,5,72.3589,43.4153,76,0.147727,2.9545,ok,76,0.147727,2.9545,ok,89,89,Uncommon,false,false,false
1438,49.2931,1099998508121,441677,yoitscharlie,8,63.7155,38.2293,273,0.276596,5.5319,ok,273,0.276596,5.5319,ok,377,144,Uncommon,false,false,false
1439,49.2928,1099636457196,438904,,9,62.425,37.455,296,0.295943,5.9189,ok,296,0.295943,5.9189,ok,420,420,Common,false,false,false
1440,49.2716,1099925497676,435457,,10,56.7227,34.0336,378,0.380952,7.619,ok,378,0.380952,7.619,ok,610,454,Common,false,false,false
1441,49.2705,1099997876009,445272,yoitscharlie,7,68.0372,40.8223,184,0.211207,4.2241,ok,184,0.211207,4.2241,ok,233,146,Uncommon,false,false,false
1442,49.2128,1099997876385,458168,yoitscharlie,4,73.3794,44.0276,48,0.12963,2.5926,ok,48,0.12963,2.5926,ok,55,39,Rare,false,false,false
1443,49.206,1099926140048,435457,,10,56.7227,34.0336,379,0.37931,7.5862,ok,379,0.37931,7.5862,ok,610,454,Common,false,false,false
1444,49.1972,1099636457197,438904,,9,62.425,37.455,297,0.293556,5.8711,ok,297,0.293556,5.8711,ok,420,420,Common,false,false,false
1445,49.1867,1099998508122,441677,yoitscharlie,8,63.7155,38.2293,274,0.273936,5.4787,ok,274,0.273936,5.4787,ok,377,144,Uncommon,false,false,false
1446,49.1404,1099926141106,435457,,10,56.7227,34.0336,380,0.377668,7.5534,ok,380,0.377668,7.5534,ok,610,454,Common,false,false,false
1447,49.1382,1099805697938,449935,h.c2o.c.wam,6,70.7083,42.425,120,0.167832,3.3566,ok,120,0.167832,3.3566,ok,144,144,Uncommon,false,false,false
1448,49.1018,1099636457198,438904,,9,62.425,37.455,298,0.291169,5.8234,ok,298,0.291169,5.8234,ok,420,420,Common,false,false,false
1449,49.0981,1099997876010,445272,yoitscharlie,7,68.0372,40.8223,185,0.206897,4.1379,ok,185,0.206897,4.1379,ok,233,146,Uncommon,false,false,false
1450,49.0803,1099998508123,441677,yoitscharlie,8,63.7155,38.2293,275,0.271277,5.4255,ok,275,0.271277,5.4255,ok,377,144,Uncommon,false,false,false
1451,49.0746,1099926141251,435457,,10,56.7227,34.0336,381,0.376026,7.5205,ok,381,0.376026,7.5205,ok,610,454,Common,false,false,false
1452,49.009,1099931219183,435457,yoitscharlie,10,56.7227,34.0336,382,0.374384,7.4877,ok,382,0.374384,7.4877,ok,610,454,Common,false,false,false
1453,49.0064,1099636458498,438904,ofguw.wam,9,62.425,37.455,299,0.288783,5.7757,ok,299,0.288783,5.7757,ok,420,420,Common,false,false,false
1454,48.9739,1099998508124,441677,yoitscharlie,8,63.7155,38.2293,276,0.268617,5.3723,ok,276,0.268617,5.3723,ok,377,144,Uncommon,false,false,false
1455,48.9432,1099931219184,435457,yoitscharlie,10,56.7227,34.0336,383,0.372742,7.4548,ok,383,0.372742,7.4548,ok,610,454,Common,false,false,false
1456,48.9257,1099997876011,445272,yoitscharlie,7,68.0372,40.8223,186,0.202586,4.0517,ok,186,0.202586,4.0517,ok,233,146,Uncommon,false,false,false
1457,48.9108,1099636463787,438904,rvjqu.wam,9,62.425,37.455,300,0.286396,5.7279,ok,300,0.286396,5.7279,ok,420,420,Common,false,false,false
1458,48.8776,1099931219185,435457,,10,56.7227,34.0336,384,0.3711,7.422,ok,384,0.3711,7.422,ok,610,454,Common,false,false,false
1459,48.8699,1099818926522,453934,,5,72.3589,43.4153,77,0.136364,2.7273,ok,77,0.136364,2.7273,ok,89,89,Uncommon,false,false,false
1460,48.8675,1099998508125,441677,yoitscharlie,8,63.7155,38.2293,277,0.265957,5.3191,ok,277,0.265957,5.3191,ok,377,144,Uncommon,false,false,false
1461,48.8586,1099805697939,449935,h.c2o.c.wam,6,70.7083,42.425,121,0.160839,3.2168,ok,121,0.160839,3.2168,ok,144,144,Uncommon,false,false,false
1462,48.8154,1099636463788,438904,rvjqu.wam,9,62.425,37.455,301,0.28401,5.6802,ok,301,0.28401,5.6802,ok,420,420,Common,false,false,false
1463,48.812,1099931219186,435457,,10,56.7227,34.0336,385,0.369458,7.3892,ok,385,0.369458,7.3892,ok,610,454,Common,false,false,false
1464,48.7613,1099998508126,441677,yoitscharlie,8,63.7155,38.2293,278,0.263298,5.266,ok,278,0.263298,5.266,ok,377,144,Uncommon,false,false,false
1465,48.7533,1099997876012,445272,yoitscharlie,7,68.0372,40.8223,187,0.198276,3.9655,ok,187,0.198276,3.9655,ok,233,146,Uncommon,false,false,false
1466,48.7462,1099931219187,435457,yoitscharlie,10,56.7227,34.0336,386,0.367816,7.3563,ok,386,0.367816,7.3563,ok,610,454,Common,false,false,false
1467,48.72,1099636463789,438904,rvjqu.wam,9,62.425,37.455,302,0.281623,5.6325,ok,302,0.281623,5.6325,ok,420,420,Common,false,false,false
1468,48.6806,1099931219188,435457,alpharewards,10,56.7227,34.0336,387,0.366174,7.3235,ok,387,0.366174,7.3235,ok,610,454,Common,false,false,false
1469,48.6549,1099998508127,441677,yoitscharlie,8,63.7155,38.2293,279,0.260638,5.2128,ok,279,0.260638,5.2128,ok,377,144,Uncommon,false,false,false
1470,48.6244,1099636469034,438904,,9,62.425,37.455,303,0.279236,5.5847,ok,303,0.279236,5.5847,ok,420,420,Common,false,false,false
1471,48.6148,1099931219189,435457,,10,56.7227,34.0336,388,0.364532,7.2906,ok,388,0.364532,7.2906,ok,610,454,Common,false,false,false
1472,48.5809,1099997876013,445272,yoitscharlie,7,68.0372,40.8223,188,0.193966,3.8793,ok,188,0.193966,3.8793,ok,233,146,Uncommon,false,false,false
1473,48.5788,1099805699287,449935,h.c2o.c.wam,6,70.7083,42.425,122,0.153846,3.0769,ok,122,0.153846,3.0769,ok,144,144,Uncommon,false,false,false
1474,48.5492,1099931219190,435457,,10,56.7227,34.0336,389,0.36289,7.2578,ok,389,0.36289,7.2578,ok,610,454,Common,false,false,false
1475,48.5485,1099998508128,441677,yoitscharlie,8,63.7155,38.2293,280,0.257979,5.1596,ok,280,0.257979,5.1596,ok,377,144,Uncommon,false,false,false
1476,48.529,1099636469035,438904,,9,62.425,37.455,304,0.27685,5.537,ok,304,0.27685,5.537,ok,420,420,Common,false,false,false
1477,48.4836,1099931219191,435457,yoitscharlie,10,56.7227,34.0336,390,0.361248,7.225,ok,390,0.361248,7.225,ok,610,454,Common,false,false,false
1478,48.472,1099997876386,458168,yoitscharlie,4,73.3794,44.0276,49,0.111111,2.2222,ok,49,0.111111,2.2222,ok,55,39,Rare,false,false,false
1479,48.4421,1099998508129,441677,yoitscharlie,8,63.7155,38.2293,281,0.255319,5.1064,ok,281,0.255319,5.1064,ok,377,144,Uncommon,false,false,false
1480,48.4336,1099636469036,438904,wfor4.wam,9,62.425,37.455,305,0.274463,5.4893,ok,305,0.274463,5.4893,ok,420,420,Common,false,false,false
1481,48.4178,1099931219192,435457,yoitscharlie,10,56.7227,34.0336,391,0.359606,7.1921,ok,391,0.359606,7.1921,ok,610,454,Common,false,false,false
1482,48.4153,1099819067610,453934,,5,72.3589,43.4153,78,0.125,2.5,ok,78,0.125,2.5,ok,89,89,Uncommon,false,false,false
1483,48.4085,1099997876014,445272,yoitscharlie,7,68.0372,40.8223,189,0.189655,3.7931,ok,189,0.189655,3.7931,ok,233,146,Uncommon,false,false,false
1484,48.3522,1099931219193,435457,pepperstake,10,56.7227,34.0336,392,0.357964,7.1593,ok,392,0.357964,7.1593,ok,610,454,Common,false,false,false
1485,48.338,1099636469037,438904,wfor4.wam,9,62.425,37.455,306,0.272076,5.4415,ok,306,0.272076,5.4415,ok,420,420,Common,false,false,false
1486,48.3357,1099998508130,441677,yoitscharlie,8,63.7155,38.2293,282,0.25266,5.0532,ok,282,0.25266,5.0532,ok,377,144,Uncommon,false,false,false
1487,48.2992,1099805699288,449935,h.c2o.c.wam,6,70.7083,42.425,123,0.146853,2.9371,ok,123,0.146853,2.9371,ok,144,144,Uncommon,false,false,false
1488,48.2864,1099931219194,435457,,10,56.7227,34.0336,393,0.356322,7.1264,ok,393,0.356322,7.1264,ok,610,454,Common,false,false,false
1489,48.2426,1099636469038,438904,wfor4.wam,9,62.425,37.455,307,0.26969,5.3938,ok,307,0.26969,5.3938,ok,420,420,Common,false,false,false
1490,48.2361,1099997876015,445272,yoitscharlie,7,68.0372,40.8223,190,0.185345,3.7069,ok,190,0.185345,3.7069,ok,233,146,Uncommon,false,false,false
1491,48.2293,1099998508131,441677,yoitscharlie,8,63.7155,38.2293,283,0.25,5,ok,283,0.25,5,ok,377,144,Uncommon,false,false,false
1492,48.2208,1099931219195,435457,pepperstake,10,56.7227,34.0336,394,0.35468,7.0936,ok,394,0.35468,7.0936,ok,610,454,Common,false,false,false
1493,48.1552,1099931219196,435457,pepperstake,10,56.7227,34.0336,395,0.353038,7.0608,ok,395,0.353038,7.0608,ok,610,454,Common,false,false,false
1494,48.1472,1099636469841,438904,wfor4.wam,9,62.425,37.455,308,0.267303,5.3461,ok,308,0.267303,5.3461,ok,420,420,Common,false,false,false
1495,48.1229,1099998508132,441677,yoitscharlie,8,63.7155,38.2293,284,0.24734,4.9468,ok,284,0.24734,4.9468,ok,377,144,Uncommon,false,false,false
1496,48.0894,1099931219197,435457,pepperstake,10,56.7227,34.0336,396,0.351396,7.0279,ok,396,0.351396,7.0279,ok,610,454,Common,false,false,false
1497,48.0637,1099997876016,445272,yoitscharlie,7,68.0372,40.8223,191,0.181034,3.6207,ok,191,0.181034,3.6207,ok,233,146,Uncommon,false,false,false
1498,48.0516,1099636469842,438904,wfor4.wam,9,62.425,37.455,309,0.264916,5.2983,ok,309,0.264916,5.2983,ok,420,420,Common,false,false,false
1499,48.0238,1099931219198,435457,pepperstake,10,56.7227,34.0336,397,0.349754,6.9951,ok,397,0.349754,6.9951,ok,610,454,Common,false,false,false
1500,48.0194,1099805699289,449935,h.c2o.c.wam,6,70.7083,42.425,124,0.13986,2.7972,ok,124,0.13986,2.7972,ok,144,144,Uncommon,false,false,false
1501,48.0165,1099998508133,441677,yoitscharlie,8,63.7155,38.2293,285,0.244681,4.8936,ok,285,0.244681,4.8936,ok,377,144,Uncommon,false,false,false
1502,47.9607,1099819104851,453934,,5,72.3589,43.4153,79,0.113636,2.2727,ok,79,0.113636,2.2727,ok,89,89,Uncommon,false,false,false
1503,47.958,1099931219199,435457,,10,56.7227,34.0336,398,0.348112,6.9622,ok,398,0.348112,6.9622,ok,610,454,Common,false,false,false
1504,47.9562,1099636469843,438904,wfor4.wam,9,62.425,37.455,310,0.26253,5.2506,ok,310,0.26253,5.2506,ok,420,420,Common,false,false,false
1505,47.9101,1099998508134,441677,yoitscharlie,8,63.7155,38.2293,286,0.242021,4.8404,ok,286,0.242021,4.8404,ok,377,144,Uncommon,false,false,false
1506,47.8924,1099931219200,435457,pepperstake,10,56.7227,34.0336,399,0.34647,6.9294,ok,399,0.34647,6.9294,ok,610,454,Common,false,false,false
1507,47.8913,1099997876017,445272,yoitscharlie,7,68.0372,40.8223,192,0.176724,3.5345,ok,192,0.176724,3.5345,ok,233,146,Uncommon,false,false,false
1508,47.8608,1099636483419,438904,zswxm.wam,9,62.425,37.455,311,0.260143,5.2029,ok,311,0.260143,5.2029,ok,420,420,Common,false,false,false
1509,47.8268,1099931219201,435457,,10,56.7227,34.0336,400,0.344828,6.8966,ok,400,0.344828,6.8966,ok,610,454,Common,false,false,false
1510,47.8037,1099998508135,441677,yoitscharlie,8,63.7155,38.2293,287,0.239362,4.7872,ok,287,0.239362,4.7872,ok,377,144,Uncommon,false,false,false
1511,47.7652,1099636483420,438904,zswxm.wam,9,62.425,37.455,312,0.257757,5.1551,ok,312,0.257757,5.1551,ok,420,420,Common,false,false,false
1512,47.761,1099931219202,435457,itbqy.wam,10,56.7227,34.0336,401,0.343186,6.8637,ok,401,0.343186,6.8637,ok,610,454,Common,false,false,false
1513,47.7396,1099805699290,449935,h.c2o.c.wam,6,70.7083,42.425,125,0.132867,2.6573,ok,125,0.132867,2.6573,ok,144,144,Uncommon,false,false,false
1514,47.7314,1099997876387,458168,yoitscharlie,4,73.3794,44.0276,50,0.092593,1.8519,ok,50,0.092593,1.8519,ok,55,39,Rare,false,false,false
1515,47.7189,1099997876018,445272,yoitscharlie,7,68.0372,40.8223,193,0.172414,3.4483,ok,193,0.172414,3.4483,ok,233,146,Uncommon,false,false,false
1516,47.6973,1099998508136,441677,yoitscharlie,8,63.7155,38.2293,288,0.236702,4.734,ok,288,0.236702,4.734,ok,377,144,Uncommon,false,false,false
1517,47.6954,1099931219203,435457,pepperstake,10,56.7227,34.0336,402,0.341544,6.8309,ok,402,0.341544,6.8309,ok,610,454,Common,false,false,false
1518,47.6698,1099636483421,438904,zswxm.wam,9,62.425,37.455,313,0.25537,5.1074,ok,313,0.25537,5.1074,ok,420,420,Common,false,false,false
1519,47.6296,1099931219204,435457,pepperstake,10,56.7227,34.0336,403,0.339901,6.798,ok,403,0.339901,6.798,ok,610,454,Common,false,false,false
1520,47.5911,1099998508137,441677,yoitscharlie,8,63.7155,38.2293,289,0.234043,4.6809,ok,289,0.234043,4.6809,ok,377,144,Uncommon,false,false,false
1521,47.5744,1099636483422,438904,zswxm.wam,9,62.425,37.455,314,0.252983,5.0597,ok,314,0.252983,5.0597,ok,420,420,Common,false,false,false
1522,47.564,1099931219205,435457,q4oia.wam,10,56.7227,34.0336,404,0.338259,6.7652,ok,404,0.338259,6.7652,ok,610,454,Common,false,false,false
1523,47.5465,1099997876019,445272,yoitscharlie,7,68.0372,40.8223,194,0.168103,3.3621,ok,194,0.168103,3.3621,ok,233,146,Uncommon,false,false,false
1524,47.5063,1099819526032,453934,,5,72.3589,43.4153,80,0.102273,2.0455,ok,80,0.102273,2.0455,ok,89,89,Uncommon,false,false,false
1525,47.4982,1099931219206,435457,pepperstake,10,56.7227,34.0336,405,0.336617,6.7323,ok,405,0.336617,6.7323,ok,610,454,Common,false,false,false
1526,47.4847,1099998508138,441677,yoitscharlie,8,63.7155,38.2293,290,0.231383,4.6277,ok,290,0.231383,4.6277,ok,377,144,Uncommon,false,false,false
1527,47.4788,1099636483423,438904,zswxm.wam,9,62.425,37.455,315,0.250597,5.0119,ok,315,0.250597,5.0119,ok,420,420,Common,false,false,false
1528,47.46,1099805699291,449935,,6,70.7083,42.425,126,0.125874,2.5175,ok,126,0.125874,2.5175,ok,144,144,Uncommon,false,false,false
1529,47.4326,1099931219207,435457,pepperstake,10,56.7227,34.0336,406,0.334975,6.6995,ok,406,0.334975,6.6995,ok,610,454,Common,false,false,false
1530,47.3834,1099636483424,438904,zswxm.wam,9,62.425,37.455,316,0.24821,4.9642,ok,316,0.24821,4.9642,ok,420,420,Common,false,false,false
1531,47.3783,1099998508139,441677,yoitscharlie,8,63.7155,38.2293,291,0.228723,4.5745,ok,291,0.228723,4.5745,ok,377,144,Uncommon,false,false,false
1532,47.3741,1099997876020,445272,yoitscharlie,7,68.0372,40.8223,195,0.163793,3.2759,ok,195,0.163793,3.2759,ok,233,146,Uncommon,false,false,false
1533,47.367,1099931219208,435457,q4oia.wam,10,56.7227,34.0336,407,0.333333,6.6667,ok,407,0.333333,6.6667,ok,610,454,Common,false,false,false
1534,47.3012,1099931219209,435457,pepperstake,10,56.7227,34.0336,408,0.331691,6.6338,ok,408,0.331691,6.6338,ok,610,454,Common,false,false,false
1535,47.288,1099636483425,438904,zswxm.wam,9,62.425,37.455,317,0.245823,4.9165,ok,317,0.245823,4.9165,ok,420,420,Common,false,false,false
1536,47.2719,1099998508140,441677,yoitscharlie,8,63.7155,38.2293,292,0.226064,4.5213,ok,292,0.226064,4.5213,ok,377,144,Uncommon,false,false,false
1537,47.2356,1099931219210,435457,yoitscharlie,10,56.7227,34.0336,409,0.330049,6.601,ok,409,0.330049,6.601,ok,610,454,Common,false,false,false
1538,47.2017,1099997876021,445272,yoitscharlie,7,68.0372,40.8223,196,0.159483,3.1897,ok,196,0.159483,3.1897,ok,233,146,Uncommon,false,false,false
1539,47.1924,1099636483426,438904,zswxm.wam,9,62.425,37.455,318,0.243437,4.8687,ok,318,0.243437,4.8687,ok,420,420,Common,false,false,false
1540,47.1802,1099805751427,449935,ofguw.wam,6,70.7083,42.425,127,0.118881,2.3776,ok,127,0.118881,2.3776,ok,144,144,Uncommon,false,false,false
1541,47.1698,1099931219211,435457,q4oia.wam,10,56.7227,34.0336,410,0.328407,6.5681,ok,410,0.328407,6.5681,ok,610,454,Common,false,false,false
1542,47.1655,1099998508141,441677,yoitscharlie,8,63.7155,38.2293,293,0.223404,4.4681,ok,293,0.223404,4.4681,ok,377,144,Uncommon,false,false,false
1543,47.1042,1099931219212,435457,yoitscharlie,10,56.7227,34.0336,411,0.326765,6.5353,ok,411,0.326765,6.5353,ok,610,454,Common,false,false,false
1544,47.097,1099636483427,438904,zswxm.wam,9,62.425,37.455,319,0.24105,4.821,ok,319,0.24105,4.821,ok,420,420,Common,false,false,false
1545,47.0591,1099998508142,441677,yoitscharlie,8,63.7155,38.2293,294,0.220745,4.4149,ok,294,0.220745,4.4149,ok,377,144,Uncommon,false,false,false
1546,47.0517,1099825711399,453934,,5,72.3589,43.4153,81,0.090909,1.8182,ok,81,0.090909,1.8182,ok,89,89,Uncommon,false,false,false
1547,47.0386,1099931219213,435457,q4oia.wam,10,56.7227,34.0336,412,0.325123,6.5025,ok,412,0.325123,6.5025,ok,610,454,Common,false,false,false
1548,47.0291,1099998509524,445272,yoitscharlie,7,68.0372,40.8223,197,0.155172,3.1034,ok,197,0.155172,3.1034,ok,233,146,Uncommon,false,false,false
1549,47.0016,1099636483428,438904,zswxm.wam,9,62.425,37.455,320,0.238663,4.7733,ok,320,0.238663,4.7733,ok,420,420,Common,false,false,false
1550,46.9906,1099998509501,458168,yoitscharlie,4,73.3794,44.0276,51,0.074074,1.4815,ok,51,0.074074,1.4815,ok,55,39,Rare,false,false,false
1551,46.9728,1099931219214,435457,pepperstake,10,56.7227,34.0336,413,0.323481,6.4696,ok,413,0.323481,6.4696,ok,610,454,Common,false,false,false
1552,46.9527,1099998508148,441677,yoitscharlie,8,63.7155,38.2293,295,0.218085,4.3617,ok,295,0.218085,4.3617,ok,377,144,Uncommon,false,false,false
1553,46.9072,1099931219215,435457,..vbc.wam,10,56.7227,34.0336,414,0.321839,6.4368,ok,414,0.321839,6.4368,ok,610,454,Common,false,false,false
1554,46.906,1099636483429,438904,zswxm.wam,9,62.425,37.455,321,0.236277,4.7255,ok,321,0.236277,4.7255,ok,420,420,Common,false,false,false
1555,46.9006,1099805751428,449935,ofguw.wam,6,70.7083,42.425,128,0.111888,2.2378,ok,128,0.111888,2.2378,ok,144,144,Uncommon,false,false,false
1556,46.8567,1099998509525,445272,yoitscharlie,7,68.0372,40.8223,198,0.150862,3.0172,ok,198,0.150862,3.0172,ok,233,146,Uncommon,false,false,false
1557,46.8463,1099998508149,441677,yoitscharlie,8,63.7155,38.2293,296,0.215426,4.3085,ok,296,0.215426,4.3085,ok,377,144,Uncommon,false,false,false
1558,46.8414,1099931219216,435457,yoitscharlie,10,56.7227,34.0336,415,0.320197,6.4039,ok,415,0.320197,6.4039,ok,610,454,Common,false,false,false
1559,46.8106,1099636483430,438904,zswxm.wam,9,62.425,37.455,322,0.23389,4.6778,ok,322,0.23389,4.6778,ok,420,420,Common,false,false,false
1560,46.7758,1099931219217,435457,yoitscharlie,10,56.7227,34.0336,416,0.318555,6.3711,ok,416,0.318555,6.3711,ok,610,454,Common,false,false,false
1561,46.7399,1099998508150,441677,yoitscharlie,8,63.7155,38.2293,297,0.212766,4.2553,ok,297,0.212766,4.2553,ok,377,144,Uncommon,false,false,false
1562,46.7152,1099636483431,438904,zswxm.wam,9,62.425,37.455,323,0.231504,4.6301,ok,323,0.231504,4.6301,ok,420,420,Common,false,false,false
1563,46.7102,1099931219218,435457,pepperstake,10,56.7227,34.0336,417,0.316913,6.3383,ok,417,0.316913,6.3383,ok,610,454,Common,false,false,false
1564,46.6843,1099998509526,445272,yoitscharlie,7,68.0372,40.8223,199,0.146552,2.931,ok,199,0.146552,2.931,ok,233,146,Uncommon,false,false,false
1565,46.6444,1099931219219,435457,yoitscharlie,10,56.7227,34.0336,418,0.315271,6.3054,ok,418,0.315271,6.3054,ok,610,454,Common,false,false,false
1566,46.6335,1099998508151,441677,yoitscharlie,8,63.7155,38.2293,298,0.210106,4.2021,ok,298,0.210106,4.2021,ok,377,144,Uncommon,false,false,false
1567,46.6208,1099805985474,449935,hjxb4.wam,6,70.7083,42.425,129,0.104895,2.0979,ok,129,0.104895,2.0979,ok,144,144,Uncommon,false,false,false
1568,46.6196,1099636483432,438904,zswxm.wam,9,62.425,37.455,324,0.229117,4.5823,ok,324,0.229117,4.5823,ok,420,420,Common,false,false,false
1569,46.5971,1099872086425,453934,zfmqw.wam,5,72.3589,43.4153,82,0.079545,1.5909,ok,82,0.079545,1.5909,ok,89,89,Uncommon,false,false,false
1570,46.5788,1099931219220,435457,,10,56.7227,34.0336,419,0.313629,6.2726,ok,419,0.313629,6.2726,ok,610,454,Common,false,false,false
1571,46.5271,1099998508152,441677,yoitscharlie,8,63.7155,38.2293,299,0.207447,4.1489,ok,299,0.207447,4.1489,ok,377,144,Uncommon,false,false,false
1572,46.5242,1099636483433,438904,zswxm.wam,9,62.425,37.455,325,0.22673,4.5346,ok,325,0.22673,4.5346,ok,420,420,Common,false,false,false
1573,46.513,1099931219221,435457,yoitscharlie,10,56.7227,34.0336,420,0.311987,6.2397,ok,420,0.311987,6.2397,ok,610,454,Common,false,false,false
1574,46.5119,1099998509527,445272,yoitscharlie,7,68.0372,40.8223,200,0.142241,2.8448,ok,200,0.142241,2.8448,ok,233,146,Uncommon,false,false,false
1575,46.4474,1099931219222,435457,pepperstake,10,56.7227,34.0336,421,0.310345,6.2069,ok,421,0.310345,6.2069,ok,610,454,Common,false,false,false
1576,46.4288,1099636483434,438904,zswxm.wam,9,62.425,37.455,326,0.224344,4.4869,ok,326,0.224344,4.4869,ok,420,420,Common,false,false,false
1577,46.4207,1099998508153,441677,yoitscharlie,8,63.7155,38.2293,300,0.204787,4.0957,ok,300,0.204787,4.0957,ok,377,144,Uncommon,false,false,false
1578,46.3818,1099931219223,435457,,10,56.7227,34.0336,422,0.308703,6.1741,ok,422,0.308703,6.1741,ok,610,454,Common,false,false,false
1579,46.341,1099805985518,449935,hjxb4.wam,6,70.7083,42.425,130,0.097902,1.958,ok,130,0.097902,1.958,ok,144,144,Uncommon,false,false,false
1580,46.3395,1099998509528,445272,yoitscharlie,7,68.0372,40.8223,201,0.137931,2.7586,ok,201,0.137931,2.7586,ok,233,146,Uncommon,false,false,false
1581,46.3332,1099636483435,438904,zswxm.wam,9,62.425,37.455,327,0.221957,4.4391,ok,327,0.221957,4.4391,ok,420,420,Common,false,false,false
1582,46.316,1099931219224,435457,pepperstake,10,56.7227,34.0336,423,0.307061,6.1412,ok,423,0.307061,6.1412,ok,610,454,Common,false,false,false
1583,46.3145,1099998508154,441677,yoitscharlie,8,63.7155,38.2293,301,0.202128,4.0426,ok,301,0.202128,4.0426,ok,377,144,Uncommon,false,false,false
1584,46.2504,1099931219225,435457,yoitscharlie,10,56.7227,34.0336,424,0.305419,6.1084,ok,424,0.305419,6.1084,ok,610,454,Common,false,false,false
1585,46.2498,1099998509502,458168,yoitscharlie,4,73.3794,44.0276,52,0.055556,1.1111,ok,52,0.055556,1.1111,ok,55,39,Rare,false,false,false
1586,46.2378,1099636500594,438904,k1hay.wam,9,62.425,37.455,328,0.21957,4.3914,ok,328,0.21957,4.3914,ok,420,420,Common,false,false,false
1587,46.2081,1099998508155,441677,yoitscharlie,8,63.7155,38.2293,302,0.199468,3.9894,ok,302,0.199468,3.9894,ok,377,144,Uncommon,false,false,false
1588,46.1846,1099931219226,435457,pepperstake,10,56.7227,34.0336,425,0.303777,6.0755,ok,425,0.303777,6.0755,ok,610,454,Common,false,false,false
1589,46.1671,1099998509529,445272,yoitscharlie,7,68.0372,40.8223,202,0.133621,2.6724,ok,202,0.133621,2.6724,ok,233,146,Uncommon,false,false,false
1590,46.1425,1099925434577,453934,pepperstake,5,72.3589,43.4153,83,0.068182,1.3636,ok,83,0.068182,1.3636,ok,89,89,Uncommon,false,false,false
1591,46.1424,1099636502986,438904,sznqi.waa,9,62.425,37.455,329,0.217184,4.3437,ok,329,0.217184,4.3437,ok,420,420,Common,false,false,false
1592,46.119,1099931219227,435457,pepperstake,10,56.7227,34.0336,426,0.302135,6.0427,ok,426,0.302135,6.0427,ok,610,454,Common,false,false,false
1593,46.1017,1099998508156,441677,yoitscharlie,8,63.7155,38.2293,303,0.196809,3.9362,ok,303,0.196809,3.9362,ok,377,144,Uncommon,false,false,false
1594,46.0614,1099806039910,449935,,6,70.7083,42.425,131,0.090909,1.8182,ok,131,0.090909,1.8182,ok,144,144,Uncommon,false,false,false
1595,46.0534,1099931219228,435457,,10,56.7227,34.0336,427,0.300493,6.0099,ok,427,0.300493,6.0099,ok,610,454,Common,false,false,false
1596,46.0468,1099636529534,438904,,9,62.425,37.455,330,0.214797,4.2959,ok,330,0.214797,4.2959,ok,420,420,Common,false,false,false
1597,45.9953,1099998508157,441677,yoitscharlie,8,63.7155,38.2293,304,0.194149,3.883,ok,304,0.194149,3.883,ok,377,144,Uncommon,false,false,false
1598,45.9947,1099998509530,445272,yoitscharlie,7,68.0372,40.8223,203,0.12931,2.5862,ok,203,0.12931,2.5862,ok,233,146,Uncommon,false,false,false
1599,45.9876,1099931219229,435457,,10,56.7227,34.0336,428,0.298851,5.977,ok,428,0.298851,5.977,ok,610,454,Common,false,false,false
1600,45.9514,1099636543042,438904,hiqgy.wam,9,62.425,37.455,331,0.212411,4.2482,ok,331,0.212411,4.2482,ok,420,420,Common,false,false,false
1601,45.922,1099931219230,435457,,10,56.7227,34.0336,429,0.297209,5.9442,ok,429,0.297209,5.9442,ok,610,454,Common,false,false,false
1602,45.8889,1099998508158,441677,yoitscharlie,8,63.7155,38.2293,305,0.191489,3.8298,ok,305,0.191489,3.8298,ok,377,144,Uncommon,false,false,false
1603,45.8562,1099931219231,435457,yoitscharlie,10,56.7227,34.0336,430,0.295567,5.9113,ok,430,0.295567,5.9113,ok,610,454,Common,false,false,false
1604,45.856,1099636580238,438904,5yqr2.wam,9,62.425,37.455,332,0.210024,4.2005,ok,332,0.210024,4.2005,ok,420,420,Common,false,false,false
1605,45.8223,1099998509531,445272,yoitscharlie,7,68.0372,40.8223,204,0.125,2.5,ok,204,0.125,2.5,ok,233,146,Uncommon,false,false,false
1606,45.7906,1099931219232,435457,alpharewards,10,56.7227,34.0336,431,0.293924,5.8785,ok,431,0.293924,5.8785,ok,610,454,Common,false,false,false
1607,45.7825,1099998508159,441677,yoitscharlie,8,63.7155,38.2293,306,0.18883,3.7766,ok,306,0.18883,3.7766,ok,377,144,Uncommon,false,false,false
1608,45.7816,1099806045632,449935,,6,70.7083,42.425,132,0.083916,1.6783,ok,132,0.083916,1.6783,ok,144,144,Uncommon,false,false,false
1609,45.7604,1099636580379,438904,pepperstake,9,62.425,37.455,333,0.207637,4.1527,ok,333,0.207637,4.1527,ok,420,420,Common,false,false,false
1610,45.7248,1099931392768,435457,,10,56.7227,34.0336,432,0.292282,5.8456,ok,432,0.292282,5.8456,ok,610,454,Common,false,false,false
1611,45.6881,1099925434581,453934,,5,72.3589,43.4153,84,0.056818,1.1364,ok,84,0.056818,1.1364,ok,89,89,Uncommon,false,false,false
1612,45.6761,1099998508160,441677,yoitscharlie,8,63.7155,38.2293,307,0.18617,3.7234,ok,307,0.18617,3.7234,ok,377,144,Uncommon,false,false,false
1613,45.665,1099636580380,438904,jjako.c.wam,9,62.425,37.455,334,0.205251,4.105,ok,334,0.205251,4.105,ok,420,420,Common,false,false,false
1614,45.6592,1099931405630,435457,,10,56.7227,34.0336,433,0.29064,5.8128,ok,433,0.29064,5.8128,ok,610,454,Common,false,false,false
1615,45.6499,1099998509532,445272,yoitscharlie,7,68.0372,40.8223,205,0.12069,2.4138,ok,205,0.12069,2.4138,ok,233,146,Uncommon,false,false,false
1616,45.5936,1099932303464,435457,,10,56.7227,34.0336,434,0.288998,5.78,ok,434,0.288998,5.78,ok,610,454,Common,false,false,false
1617,45.5697,1099998508161,441677,yoitscharlie,8,63.7155,38.2293,308,0.183511,3.6702,ok,308,0.183511,3.6702,ok,377,144,Uncommon,false,false,false
1618,45.5696,1099636580381,438904,,9,62.425,37.455,335,0.202864,4.0573,ok,335,0.202864,4.0573,ok,420,420,Common,false,false,false
1619,45.5278,1099932431340,435457,,10,56.7227,34.0336,435,0.287356,5.7471,ok,435,0.287356,5.7471,ok,610,454,Common,false,false,false
1620,45.509,1099998509503,458168,yoitscharlie,4,73.3794,44.0276,53,0.037037,0.7407,ok,53,0.037037,0.7407,ok,55,39,Rare,false,false,false
1621,45.502,1099812097780,449935,pepperstake,6,70.7083,42.425,133,0.076923,1.5385,ok,133,0.076923,1.5385,ok,144,144,Uncommon,false,false,false
1622,45.4775,1099998509533,445272,yoitscharlie,7,68.0372,40.8223,206,0.116379,2.3276,ok,206,0.116379,2.3276,ok,233,146,Uncommon,false,false,false
1623,45.474,1099636593554,438904,cat.gm,9,62.425,37.455,336,0.200477,4.0095,ok,336,0.200477,4.0095,ok,420,420,Common,false,false,false
1624,45.4633,1099998508162,441677,yoitscharlie,8,63.7155,38.2293,309,0.180851,3.617,ok,309,0.180851,3.617,ok,377,144,Uncommon,false,false,false
1625,45.4622,1099932431409,435457,,10,56.7227,34.0336,436,0.285714,5.7143,ok,436,0.285714,5.7143,ok,610,454,Common,false,false,false
1626,45.3964,1099935182260,435457,pepperstake,10,56.7227,34.0336,437,0.284072,5.6814,ok,437,0.284072,5.6814,ok,610,454,Common,false,false,false
1627,45.3786,1099636629731,438904,yw1r2.wam,9,62.425,37.455,337,0.198091,3.9618,ok,337,0.198091,3.9618,ok,420,420,Common,false,false,false
1628,45.3569,1099998508163,441677,yoitscharlie,8,63.7155,38.2293,310,0.178191,3.5638,ok,310,0.178191,3.5638,ok,377,144,Uncommon,false,false,false
1629,45.3308,1099937820363,435457,,10,56.7227,34.0336,438,0.28243,5.6486,ok,438,0.28243,5.6486,ok,610,454,Common,false,false,false
1630,45.3051,1099998509534,445272,yoitscharlie,7,68.0372,40.8223,207,0.112069,2.2414,ok,207,0.112069,2.2414,ok,233,146,Uncommon,false,false,false
1631,45.2832,1099636629732,438904,,9,62.425,37.455,338,0.195704,3.9141,ok,338,0.195704,3.9141,ok,420,420,Common,false,false,false
1632,45.2652,1099937820364,435457,,10,56.7227,34.0336,439,0.280788,5.6158,ok,439,0.280788,5.6158,ok,610,454,Common,false,false,false
1633,45.2505,1099998508164,441677,yoitscharlie,8,63.7155,38.2293,311,0.175532,3.5106,ok,311,0.175532,3.5106,ok,377,144,Uncommon,false,false,false
1634,45.2335,1099925497723,453934,pepperstake,5,72.3589,43.4153,85,0.045455,0.9091,ok,85,0.045455,0.9091,ok,89,89,Uncommon,false,false,false
1635,45.2222,1099812097781,449935,,6,70.7083,42.425,134,0.06993,1.3986,ok,134,0.06993,1.3986,ok,144,144,Uncommon,false,false,false
1636,45.1994,1099937820366,435457,,10,56.7227,34.0336,440,0.279146,5.5829,ok,440,0.279146,5.5829,ok,610,454,Common,false,false,false
1637,45.1876,1099636675151,438904,efex2.wam,9,62.425,37.455,339,0.193317,3.8663,ok,339,0.193317,3.8663,ok,420,420,Common,false,false,false
1638,45.1441,1099998508165,441677,yoitscharlie,8,63.7155,38.2293,312,0.172872,3.4574,ok,312,0.172872,3.4574,ok,377,144,Uncommon,false,false,false
1639,45.1338,1099937820371,435457,,10,56.7227,34.0336,441,0.277504,5.5501,ok,441,0.277504,5.5501,ok,610,454,Common,false,false,false
1640,45.1327,1099998509535,445272,yoitscharlie,7,68.0372,40.8223,208,0.107759,2.1552,ok,208,0.107759,2.1552,ok,233,146,Uncommon,false,false,false
1641,45.0922,1099636675152,438904,efex2.wam,9,62.425,37.455,340,0.190931,3.8186,ok,340,0.190931,3.8186,ok,420,420,Common,false,false,false
1642,45.068,1099937848551,435457,,10,56.7227,34.0336,442,0.275862,5.5172,ok,442,0.275862,5.5172,ok,610,454,Common,false,false,false
1643,45.0379,1099998508166,441677,yoitscharlie,8,63.7155,38.2293,313,0.170213,3.4043,ok,313,0.170213,3.4043,ok,377,144,Uncommon,false,false,false
1644,45.0024,1099937848557,435457,,10,56.7227,34.0336,443,0.27422,5.4844,ok,443,0.27422,5.4844,ok,610,454,Common,false,false,false
1645,44.9968,1099636680433,438904,lbwqu.wam,9,62.425,37.455,341,0.188544,3.7709,ok,341,0.188544,3.7709,ok,420,420,Common,false,false,false
1646,44.9603,1099998509536,445272,yoitscharlie,7,68.0372,40.8223,209,0.103448,2.069,ok,209,0.103448,2.069,ok,233,146,Uncommon,false,false,false
1647,44.9424,1099812449382,449935,,6,70.7083,42.425,135,0.062937,1.2587,ok,135,0.062937,1.2587,ok,144,144,Uncommon,false,false,false
1648,44.9368,1099937849368,435457,,10,56.7227,34.0336,444,0.272578,5.4516,ok,444,0.272578,5.4516,ok,610,454,Common,false,false,false
1649,44.9315,1099998508167,441677,yoitscharlie,8,63.7155,38.2293,314,0.167553,3.3511,ok,314,0.167553,3.3511,ok,377,144,Uncommon,false,false,false
1650,44.9014,1099636697679,438904,appaq.wam,9,62.425,37.455,342,0.186158,3.7232,ok,342,0.186158,3.7232,ok,420,420,Common,false,false,false
1651,44.871,1099937849390,435457,,10,56.7227,34.0336,445,0.270936,5.4187,ok,445,0.270936,5.4187,ok,610,454,Common,false,false,false
1652,44.8251,1099998508168,441677,yoitscharlie,8,63.7155,38.2293,315,0.164894,3.2979,ok,315,0.164894,3.2979,ok,377,144,Uncommon,false,false,false
1653,44.8058,1099636698832,438904,t.xji.wam,9,62.425,37.455,343,0.183771,3.6754,ok,343,0.183771,3.6754,ok,420,420,Common,false,false,false
1654,44.8054,1099937849720,435457,,10,56.7227,34.0336,446,0.269294,5.3859,ok,446,0.269294,5.3859,ok,610,454,Common,false,false,false
1655,44.7879,1099998509537,445272,yoitscharlie,7,68.0372,40.8223,210,0.099138,1.9828,ok,210,0.099138,1.9828,ok,233,146,Uncommon,false,false,false
1656,44.7789,1099925497792,453934,pepperstake,5,72.3589,43.4153,86,0.034091,0.6818,ok,86,0.034091,0.6818,ok,89,89,Uncommon,false,false,false
1657,44.7684,1099998509504,458168,yoitscharlie,4,73.3794,44.0276,54,0.018519,0.3704,ok,54,0.018519,0.3704,ok,55,39,Rare,false,false,false
1658,44.7396,1099938801548,435457,,10,56.7227,34.0336,447,0.267652,5.353,ok,447,0.267652,5.353,ok,610,454,Common,false,false,false
1659,44.7187,1099998508169,441677,yoitscharlie,8,63.7155,38.2293,316,0.162234,3.2447,ok,316,0.162234,3.2447,ok,377,144,Uncommon,false,false,false
1660,44.7104,1099636710726,438904,xblt4.wam,9,62.425,37.455,344,0.181384,3.6277,ok,344,0.181384,3.6277,ok,420,420,Common,false,false,false
1661,44.674,1099938948294,435457,pepperstake,10,56.7227,34.0336,448,0.26601,5.3202,ok,448,0.26601,5.3202,ok,610,454,Common,false,false,false
1662,44.6628,1099812452240,449935,,6,70.7083,42.425,136,0.055944,1.1189,ok,136,0.055944,1.1189,ok,144,144,Uncommon,false,false,false
1663,44.6155,1099998509538,445272,yoitscharlie,7,68.0372,40.8223,211,0.094828,1.8966,ok,211,0.094828,1.8966,ok,233,146,Uncommon,false,false,false
1664,44.615,1099636717058,438904,pu5gw.wam,9,62.425,37.455,345,0.178998,3.58,ok,345,0.178998,3.58,ok,420,420,Common,false,false,false
1665,44.6123,1099998508170,441677,yoitscharlie,8,63.7155,38.2293,317,0.159574,3.1915,ok,317,0.159574,3.1915,ok,377,144,Uncommon,false,false,false
1666,44.6084,1099951264658,435457,pepperstake,10,56.7227,34.0336,449,0.264368,5.2874,ok,449,0.264368,5.2874,ok,610,454,Common,false,false,false
1667,44.5426,1099973207534,435457,i5d52.c.wam,10,56.7227,34.0336,450,0.262726,5.2545,ok,450,0.262726,5.2545,ok,610,454,Common,false,false,false
1668,44.5194,1099636717593,438904,5wyzi.wam,9,62.425,37.455,346,0.176611,3.5322,ok,346,0.176611,3.5322,ok,420,420,Common,false,false,false
1669,44.5059,1099998508171,441677,yoitscharlie,8,63.7155,38.2293,318,0.156915,3.1383,ok,318,0.156915,3.1383,ok,377,144,Uncommon,false,false,false
1670,44.477,1099973207538,435457,i5d52.c.wam,10,56.7227,34.0336,451,0.261084,5.2217,ok,451,0.261084,5.2217,ok,610,454,Common,false,false,false
1671,44.4429,1099998509539,445272,yoitscharlie,7,68.0372,40.8223,212,0.090517,1.8103,ok,212,0.090517,1.8103,ok,233,146,Uncommon,false,false,false
1672,44.424,1099636717594,438904,5wyzi.wam,9,62.425,37.455,347,0.174224,3.4845,ok,347,0.174224,3.4845,ok,420,420,Common,false,false,false
1673,44.4112,1099973207542,435457,i5d52.c.wam,10,56.7227,34.0336,452,0.259442,5.1888,ok,452,0.259442,5.1888,ok,610,454,Common,false,false,false
1674,44.3995,1099998508172,441677,yoitscharlie,8,63.7155,38.2293,319,0.154255,3.0851,ok,319,0.154255,3.0851,ok,377,144,Uncommon,false,false,false
1675,44.383,1099812452241,449935,,6,70.7083,42.425,137,0.048951,0.979,ok,137,0.048951,0.979,ok,144,144,Uncommon,false,false,false
1676,44.3456,1099973556260,435457,pepperstake,10,56.7227,34.0336,453,0.2578,5.156,ok,453,0.2578,5.156,ok,610,454,Common,false,false,false
1677,44.3286,1099636717595,438904,pepperstake,9,62.425,37.455,348,0.171838,3.4368,ok,348,0.171838,3.4368,ok,420,420,Common,false,false,false
1678,44.3243,1099931219594,453934,yoitscharlie,5,72.3589,43.4153,87,0.022727,0.4545,ok,87,0.022727,0.4545,ok,89,89,Uncommon,false,false,false
1679,44.2931,1099998508173,441677,yoitscharlie,8,63.7155,38.2293,320,0.151596,3.0319,ok,320,0.151596,3.0319,ok,377,144,Uncommon,false,false,false
1680,44.28,1099975488963,435457,pepperstake,10,56.7227,34.0336,454,0.256158,5.1232,ok,454,0.256158,5.1232,ok,610,454,Common,false,false,false
1681,44.2705,1099998509540,445272,yoitscharlie,7,68.0372,40.8223,213,0.086207,1.7241,ok,213,0.086207,1.7241,ok,233,146,Uncommon,false,false,false
1682,44.233,1099636763548,438904,,9,62.425,37.455,349,0.169451,3.389,ok,349,0.169451,3.389,ok,420,420,Common,false,false,false
1683,44.2142,1099997874110,435457,yoitscharlie,10,56.7227,34.0336,455,0.254516,5.0903,ok,455,0.254516,5.0903,ok,610,454,Common,false,false,false
1684,44.1867,1099998508174,441677,yoitscharlie,8,63.7155,38.2293,321,0.148936,2.9787,ok,321,0.148936,2.9787,ok,377,144,Uncommon,false,false,false
1685,44.1486,1099997874111,435457,yoitscharlie,10,56.7227,34.0336,456,0.252874,5.0575,ok,456,0.252874,5.0575,ok,610,454,Common,false,false,false
1686,44.1376,1099636764004,438904,,9,62.425,37.455,350,0.167064,3.3413,ok,350,0.167064,3.3413,ok,420,420,Common,false,false,false
1687,44.1034,1099815082549,449935,,6,70.7083,42.425,138,0.041958,0.8392,ok,138,0.041958,0.8392,ok,144,144,Uncommon,false,false,false
1688,44.0981,1099998509541,445272,yoitscharlie,7,68.0372,40.8223,214,0.081897,1.6379,ok,214,0.081897,1.6379,ok,233,146,Uncommon,false,false,false
1689,44.0828,1099997874112,435457,yoitscharlie,10,56.7227,34.0336,457,0.251232,5.0246,ok,457,0.251232,5.0246,ok,610,454,Common,false,false,false
1690,44.0803,1099998508175,441677,yoitscharlie,8,63.7155,38.2293,322,0.146277,2.9255,ok,322,0.146277,2.9255,ok,377,144,Uncommon,false,false,false
1691,44.0422,1099636764966,438904,pepperstake,9,62.425,37.455,351,0.164678,3.2936,ok,351,0.164678,3.2936,ok,420,420,Common,false,false,false
1692,44.0276,1099998509505,458168,yoitscharlie,4,73.3794,44.0276,55,0,0,ok,55,0,0,ok,55,39,Rare,false,false,false
1693,44.0172,1099997874113,435457,yoitscharlie,10,56.7227,34.0336,458,0.249589,4.9918,ok,458,0.249589,4.9918,ok,610,454,Common,false,false,false
1694,43.9739,1099998508176,441677,yoitscharlie,8,63.7155,38.2293,323,0.143617,2.8723,ok,323,0.143617,2.8723,ok,377,144,Uncommon,false,false,false
1695,43.9514,1099997874114,435457,yoitscharlie,10,56.7227,34.0336,459,0.247947,4.9589,ok,459,0.247947,4.9589,ok,610,454,Common,false,false,false
1696,43.9466,1099636796666,438904,,9,62.425,37.455,352,0.162291,3.2458,ok,352,0.162291,3.2458,ok,420,420,Common,false,false,false
1697,43.9257,1099998509542,445272,yoitscharlie,7,68.0372,40.8223,215,0.077586,1.5517,ok,215,0.077586,1.5517,ok,233,146,Uncommon,false,false,false
1698,43.8858,1099997874115,435457,yoitscharlie,10,56.7227,34.0336,460,0.246305,4.9261,ok,460,0.246305,4.9261,ok,610,454,Common,false,false,false
1699,43.8699,1099931219595,453934,q4oia.wam,5,72.3589,43.4153,88,0.011364,0.2273,ok,88,0.011364,0.2273,ok,89,89,Uncommon,false,false,false
1700,43.8675,1099998508177,441677,yoitscharlie,8,63.7155,38.2293,324,0.140957,2.8191,ok,324,0.140957,2.8191,ok,377,144,Uncommon,false,false,false
1701,43.8512,1099636796667,438904,hbgre.wam,9,62.425,37.455,353,0.159905,3.1981,ok,353,0.159905,3.1981,ok,420,420,Common,false,false,false
1702,43.8236,1099818785392,449935,,6,70.7083,42.425,139,0.034965,0.6993,ok,139,0.034965,0.6993,ok,144,144,Uncommon,false,false,false
1703,43.8202,1099997874116,435457,yoitscharlie,10,56.7227,34.0336,461,0.244663,4.8933,ok,461,0.244663,4.8933,ok,610,454,Common,false,false,false
1704,43.7613,1099998508178,441677,yoitscharlie,8,63.7155,38.2293,325,0.138298,2.766,ok,325,0.138298,2.766,ok,377,144,Uncommon,false,false,false
1705,43.7558,1099636796668,438904,pepperstake,9,62.425,37.455,354,0.157518,3.1504,ok,354,0.157518,3.1504,ok,420,420,Common,false,false,false
1706,43.7544,1099997874117,435457,yoitscharlie,10,56.7227,34.0336,462,0.243021,4.8604,ok,462,0.243021,4.8604,ok,610,454,Common,false,false,false
1707,43.7533,1099998509543,445272,yoitscharlie,7,68.0372,40.8223,216,0.073276,1.4655,ok,216,0.073276,1.4655,ok,233,146,Uncommon,false,false,false
1708,43.6888,1099997874118,435457,yoitscharlie,10,56.7227,34.0336,463,0.241379,4.8276,ok,463,0.241379,4.8276,ok,610,454,Common,false,false,false
1709,43.6602,1099636802763,438904,yoitscharlie,9,62.425,37.455,355,0.155131,3.1026,ok,355,0.155131,3.1026,ok,420,420,Common,false,false,false
1710,43.6549,1099998508179,441677,yoitscharlie,8,63.7155,38.2293,326,0.135638,2.7128,ok,326,0.135638,2.7128,ok,377,144,Uncommon,false,false,false
1711,43.623,1099997874119,435457,yoitscharlie,10,56.7227,34.0336,464,0.239737,4.7947,ok,464,0.239737,4.7947,ok,610,454,Common,false,false,false
1712,43.5809,1099998509544,445272,yoitscharlie,7,68.0372,40.8223,217,0.068966,1.3793,ok,217,0.068966,1.3793,ok,233,146,Uncommon,false,false,false
1713,43.5648,1099636890884,438904,frwau.wam,9,62.425,37.455,356,0.152745,3.0549,ok,356,0.152745,3.0549,ok,420,420,Common,false,false,false
1714,43.5574,1099997874120,435457,yoitscharlie,10,56.7227,34.0336,465,0.238095,4.7619,ok,465,0.238095,4.7619,ok,610,454,Common,false,false,false
1715,43.5485,1099998508180,441677,yoitscharlie,8,63.7155,38.2293,327,0.132979,2.6596,ok,327,0.132979,2.6596,ok,377,144,Uncommon,false,false,false
1716,43.5438,1099819067787,449935,,6,70.7083,42.425,140,0.027972,0.5594,ok,140,0.027972,0.5594,ok,144,144,Uncommon,false,false,false
1717,43.4918,1099997874121,435457,yoitscharlie,10,56.7227,34.0336,466,0.236453,4.7291,ok,466,0.236453,4.7291,ok,610,454,Common,false,false,false
1718,43.4694,1099636919170,438904,,9,62.425,37.455,357,0.150358,3.0072,ok,357,0.150358,3.0072,ok,420,420,Common,false,false,false
1719,43.4421,1099998508181,441677,yoitscharlie,8,63.7155,38.2293,328,0.130319,2.6064,ok,328,0.130319,2.6064,ok,377,144,Uncommon,false,false,false
1720,43.426,1099997874122,435457,yoitscharlie,10,56.7227,34.0336,467,0.234811,4.6962,ok,467,0.234811,4.6962,ok,610,454,Common,false,false,false
1721,43.4153,1099931219596,453934,yoitscharlie,5,72.3589,43.4153,89,0,0,ok,89,0,0,ok,89,89,Uncommon,false,false,false
1722,43.4085,1099998509545,445272,yoitscharlie,7,68.0372,40.8223,218,0.064655,1.2931,ok,218,0.064655,1.2931,ok,233,146,Uncommon,false,false,false
1723,43.3738,1099636929452,438904,kvqr.wam,9,62.425,37.455,358,0.147971,2.9594,ok,358,0.147971,2.9594,ok,420,420,Common,false,false,false
1724,43.3604,1099997874123,435457,yoitscharlie,10,56.7227,34.0336,468,0.233169,4.6634,ok,468,0.233169,4.6634,ok,610,454,Common,false,false,false
1725,43.3357,1099998508182,441677,yoitscharlie,8,63.7155,38.2293,329,0.12766,2.5532,ok,329,0.12766,2.5532,ok,377,144,Uncommon,false,false,false
1726,43.2946,1099997874124,435457,yoitscharlie,10,56.7227,34.0336,469,0.231527,4.6305,ok,469,0.231527,4.6305,ok,610,454,Common,false,false,false
1727,43.2784,1099636930124,438904,pepperstake,9,62.425,37.455,359,0.145585,2.9117,ok,359,0.145585,2.9117,ok,420,420,Common,false,false,false
1728,43.2642,1099925434520,449935,,6,70.7083,42.425,141,0.020979,0.4196,ok,141,0.020979,0.4196,ok,144,144,Uncommon,false,false,false
1729,43.2361,1099998509546,445272,yoitscharlie,7,68.0372,40.8223,219,0.060345,1.2069,ok,219,0.060345,1.2069,ok,233,146,Uncommon,false,false,false
1730,43.2293,1099998508183,441677,yoitscharlie,8,63.7155,38.2293,330,0.125,2.5,ok,330,0.125,2.5,ok,377,144,Uncommon,false,false,false
1731,43.229,1099997874125,435457,yoitscharlie,10,56.7227,34.0336,470,0.229885,4.5977,ok,470,0.229885,4.5977,ok,610,454,Common,false,false,false
1732,43.183,1099637124888,438904,,9,62.425,37.455,360,0.143198,2.864,ok,360,0.143198,2.864,ok,420,420,Common,false,false,false
1733,43.1634,1099997874126,435457,yoitscharlie,10,56.7227,34.0336,471,0.228243,4.5649,ok,471,0.228243,4.5649,ok,610,454,Common,false,false,false
1734,43.1229,1099998508184,441677,yoitscharlie,8,63.7155,38.2293,331,0.12234,2.4468,ok,331,0.12234,2.4468,ok,377,144,Uncommon,false,false,false
1735,43.0976,1099997874127,435457,yoitscharlie,10,56.7227,34.0336,472,0.226601,4.532,ok,472,0.226601,4.532,ok,610,454,Common,false,false,false
1736,43.0874,1099637152271,438904,bzzre.wam,9,62.425,37.455,361,0.140811,2.8162,ok,361,0.140811,2.8162,ok,420,420,Common,false,false,false
1737,43.0637,1099998509547,445272,yoitscharlie,7,68.0372,40.8223,220,0.056034,1.1207,ok,220,0.056034,1.1207,ok,233,146,Uncommon,false,false,false
1738,43.032,1099997874128,435457,yoitscharlie,10,56.7227,34.0336,473,0.224959,4.4992,ok,473,0.224959,4.4992,ok,610,454,Common,false,false,false
1739,43.0165,1099998508185,441677,yoitscharlie,8,63.7155,38.2293,332,0.119681,2.3936,ok,332,0.119681,2.3936,ok,377,144,Uncommon,false,false,false
1740,42.992,1099637152272,438904,bzzre.wam,9,62.425,37.455,362,0.138425,2.7685,ok,362,0.138425,2.7685,ok,420,420,Common,false,false,false
1741,42.9844,1099925434530,449935,,6,70.7083,42.425,142,0.013986,0.2797,ok,142,0.013986,0.2797,ok,144,144,Uncommon,false,false,false
1742,42.9662,1099997874129,435457,yoitscharlie,10,56.7227,34.0336,474,0.223317,4.4663,ok,474,0.223317,4.4663,ok,610,454,Common,false,false,false
1743,42.9101,1099998508186,441677,yoitscharlie,8,63.7155,38.2293,333,0.117021,2.3404,ok,333,0.117021,2.3404,ok,377,144,Uncommon,false,false,false
1744,42.9006,1099997874130,435457,yoitscharlie,10,56.7227,34.0336,475,0.221675,4.4335,ok,475,0.221675,4.4335,ok,610,454,Common,false,false,false
1745,42.8966,1099637231839,438904,,9,62.425,37.455,363,0.136038,2.7208,ok,363,0.136038,2.7208,ok,420,420,Common,false,false,false
1746,42.8913,1099998509548,445272,yoitscharlie,7,68.0372,40.8223,221,0.051724,1.0345,ok,221,0.051724,1.0345,ok,233,146,Uncommon,false,false,false
1747,42.835,1099997874131,435457,yoitscharlie,10,56.7227,34.0336,476,0.220033,4.4007,ok,476,0.220033,4.4007,ok,610,454,Common,false,false,false
1748,42.8037,1099998508187,441677,yoitscharlie,8,63.7155,38.2293,334,0.114362,2.2872,ok,334,0.114362,2.2872,ok,377,144,Uncommon,false,false,false
1749,42.801,1099637252943,438904,,9,62.425,37.455,364,0.133652,2.673,ok,364,0.133652,2.673,ok,420,420,Common,false,false,false
1750,42.7692,1099997874132,435457,yoitscharlie,10,56.7227,34.0336,477,0.218391,4.3678,ok,477,0.218391,4.3678,ok,610,454,Common,false,false,false
1751,42.7189,1099998509549,445272,yoitscharlie,7,68.0372,40.8223,222,0.047414,0.9483,ok,222,0.047414,0.9483,ok,233,146,Uncommon,false,false,false
1752,42.7056,1099637255564,438904,,9,62.425,37.455,365,0.131265,2.6253,ok,365,0.131265,2.6253,ok,420,420,Common,false,false,false
1753,42.7048,1099925497721,449935,,6,70.7083,42.425,143,0.006993,0.1399,ok,143,0.006993,0.1399,ok,144,144,Uncommon,false,false,false
1754,42.7036,1099997874133,435457,yoitscharlie,10,56.7227,34.0336,478,0.216749,4.335,ok,478,0.216749,4.335,ok,610,454,Common,false,false,false
1755,42.6973,1099998508188,441677,yoitscharlie,8,63.7155,38.2293,335,0.111702,2.234,ok,335,0.111702,2.234,ok,377,144,Uncommon,false,false,false
1756,42.6378,1099997874134,435457,yoitscharlie,10,56.7227,34.0336,479,0.215107,4.3021,ok,479,0.215107,4.3021,ok,610,454,Common,false,false,false
1757,42.6102,1099637281073,438904,q4oia.wam,9,62.425,37.455,366,0.128878,2.5776,ok,366,0.128878,2.5776,ok,420,420,Common,false,false,false
1758,42.5911,1099998508189,441677,yoitscharlie,8,63.7155,38.2293,336,0.109043,2.1809,ok,336,0.109043,2.1809,ok,377,144,Uncommon,false,false,false
1759,42.5722,1099997874135,435457,yoitscharlie,10,56.7227,34.0336,480,0.213465,4.2693,ok,480,0.213465,4.2693,ok,610,454,Common,false,false,false
1760,42.5465,1099998509550,445272,yoitscharlie,7,68.0372,40.8223,223,0.043103,0.8621,ok,223,0.043103,0.8621,ok,233,146,Uncommon,false,false,false
1761,42.5146,1099637281074,438904,q4oia.wam,9,62.425,37.455,367,0.126492,2.5298,ok,367,0.126492,2.5298,ok,420,420,Common,false,false,false
1762,42.5066,1099997874136,435457,yoitscharlie,10,56.7227,34.0336,481,0.211823,4.2365,ok,481,0.211823,4.2365,ok,610,454,Common,false,false,false
1763,42.4847,1099998508190,441677,yoitscharlie,8,63.7155,38.2293,337,0.106383,2.1277,ok,337,0.106383,2.1277,ok,377,144,Uncommon,false,false,false
1764,42.4408,1099997874137,435457,yoitscharlie,10,56.7227,34.0336,482,0.210181,4.2036,ok,482,0.210181,4.2036,ok,610,454,Common,false,false,false
1765,42.425,1099925497749,449935,,6,70.7083,42.425,144,0,0,ok,144,0,0,ok,144,144,Uncommon,false,false,false
1766,42.4192,1099637281075,438904,,9,62.425,37.455,368,0.124105,2.4821,ok,368,0.124105,2.4821,ok,420,420,Common,false,false,false
1767,42.3783,1099998508191,441677,yoitscharlie,8,63.7155,38.2293,338,0.103723,2.0745,ok,338,0.103723,2.0745,ok,377,144,Uncommon,false,false,false
1768,42.3752,1099997874138,435457,yoitscharlie,10,56.7227,34.0336,483,0.208539,4.1708,ok,483,0.208539,4.1708,ok,610,454,Common,false,false,false
1769,42.3741,1099998509551,445272,yoitscharlie,7,68.0372,40.8223,224,0.038793,0.7759,ok,224,0.038793,0.7759,ok,233,146,Uncommon,false,false,false
1770,42.3238,1099637281307,438904,pu5gw.wam,9,62.425,37.455,369,0.121718,2.4344,ok,369,0.121718,2.4344,ok,420,420,Common,false,false,false
1771,42.3094,1099997874139,435457,yoitscharlie,10,56.7227,34.0336,484,0.206897,4.1379,ok,484,0.206897,4.1379,ok,610,454,Common,false,false,false
1772,42.2719,1099998508192,441677,yoitscharlie,8,63.7155,38.2293,339,0.101064,2.0213,ok,339,0.101064,2.0213,ok,377,144,Uncommon,false,false,false
1773,42.2438,1099997874140,435457,yoitscharlie,10,56.7227,34.0336,485,0.205255,4.1051,ok,485,0.205255,4.1051,ok,610,454,Common,false,false,false
1774,42.2282,1099637349170,438904,3klrm.wam,9,62.425,37.455,370,0.119332,2.3866,ok,370,0.119332,2.3866,ok,420,420,Common,false,false,false
1775,42.2017,1099998509552,445272,yoitscharlie,7,68.0372,40.8223,225,0.034483,0.6897,ok,225,0.034483,0.6897,ok,233,146,Uncommon,false,false,false
1776,42.178,1099997874141,435457,yoitscharlie,10,56.7227,34.0336,486,0.203612,4.0722,ok,486,0.203612,4.0722,ok,610,454,Common,false,false,false
1777,42.1655,1099998508193,441677,yoitscharlie,8,63.7155,38.2293,340,0.098404,1.9681,ok,340,0.098404,1.9681,ok,377,144,Uncommon,false,false,false
1778,42.1328,1099637349171,438904,3klrm.wam,9,62.425,37.455,371,0.116945,2.3389,ok,371,0.116945,2.3389,ok,420,420,Common,false,false,false
1779,42.1124,1099997874142,435457,yoitscharlie,10,56.7227,34.0336,487,0.20197,4.0394,ok,487,0.20197,4.0394,ok,610,454,Common,false,false,false
1780,42.0591,1099998508194,441677,yoitscharlie,8,63.7155,38.2293,341,0.095745,1.9149,ok,341,0.095745,1.9149,ok,377,144,Uncommon,false,false,false
1781,42.0468,1099997874143,435457,yoitscharlie,10,56.7227,34.0336,488,0.200328,4.0066,ok,488,0.200328,4.0066,ok,610,454,Common,false,false,false
1782,42.0374,1099637349172,438904,3klrm.wam,9,62.425,37.455,372,0.114558,2.2912,ok,372,0.114558,2.2912,ok,420,420,Common,false,false,false
1783,42.0291,1099998509553,445272,yoitscharlie,7,68.0372,40.8223,226,0.030172,0.6034,ok,226,0.030172,0.6034,ok,233,146,Uncommon,false,false,false
1784,41.981,1099997874144,435457,yoitscharlie,10,56.7227,34.0336,489,0.198686,3.9737,ok,489,0.198686,3.9737,ok,610,454,Common,false,false,false
1785,41.9527,1099998508195,441677,yoitscharlie,8,63.7155,38.2293,342,0.093085,1.8617,ok,342,0.093085,1.8617,ok,377,144,Uncommon,false,false,false
1786,41.9418,1099637349173,438904,3klrm.wam,9,62.425,37.455,373,0.112172,2.2434,ok,373,0.112172,2.2434,ok,420,420,Common,false,false,false
1787,41.9154,1099997874145,435457,yoitscharlie,10,56.7227,34.0336,490,0.197044,3.9409,ok,490,0.197044,3.9409,ok,610,454,Common,false,false,false
1788,41.8567,1099998509554,445272,yoitscharlie,7,68.0372,40.8223,227,0.025862,0.5172,ok,227,0.025862,0.5172,ok,233,146,Uncommon,false,false,false
1789,41.8496,1099997874146,435457,yoitscharlie,10,56.7227,34.0336,491,0.195402,3.908,ok,491,0.195402,3.908,ok,610,454,Common,false,false,false
1790,41.8464,1099637349174,438904,3klrm.wam,9,62.425,37.455,374,0.109785,2.1957,ok,374,0.109785,2.1957,ok,420,420,Common,false,false,false
1791,41.8463,1099998508196,441677,yoitscharlie,8,63.7155,38.2293,343,0.090426,1.8085,ok,343,0.090426,1.8085,ok,377,144,Uncommon,false,false,false
1792,41.784,1099997874147,435457,yoitscharlie,10,56.7227,34.0336,492,0.19376,3.8752,ok,492,0.19376,3.8752,ok,610,454,Common,false,false,false
1793,41.751,1099637349175,438904,3klrm.wam,9,62.425,37.455,375,0.107399,2.148,ok,375,0.107399,2.148,ok,420,420,Common,false,false,false
1794,41.7399,1099998508197,441677,yoitscharlie,8,63.7155,38.2293,344,0.087766,1.7553,ok,344,0.087766,1.7553,ok,377,144,Uncommon,false,false,false
1795,41.7184,1099997874148,435457,yoitscharlie,10,56.7227,34.0336,493,0.192118,3.8424,ok,493,0.192118,3.8424,ok,610,454,Common,false,false,false
1796,41.6843,1099998509555,445272,yoitscharlie,7,68.0372,40.8223,228,0.021552,0.431,ok,228,0.021552,0.431,ok,233,146,Uncommon,false,false,false
1797,41.6554,1099637349176,438904,3klrm.wam,9,62.425,37.455,376,0.105012,2.1002,ok,376,0.105012,2.1002,ok,420,420,Common,false,false,false
1798,41.6526,1099997874149,435457,yoitscharlie,10,56.7227,34.0336,494,0.190476,3.8095,ok,494,0.190476,3.8095,ok,610,454,Common,false,false,false
1799,41.6335,1099998509431,441677,yoitscharlie,8,63.7155,38.2293,345,0.085106,1.7021,ok,345,0.085106,1.7021,ok,377,144,Uncommon,false,false,false
1800,41.587,1099997874150,435457,yoitscharlie,10,56.7227,34.0336,495,0.188834,3.7767,ok,495,0.188834,3.7767,ok,610,454,Common,false,false,false
1801,41.56,1099637349177,438904,3klrm.wam,9,62.425,37.455,377,0.102625,2.0525,ok,377,0.102625,2.0525,ok,420,420,Common,false,false,false
1802,41.5271,1099998509432,441677,yoitscharlie,8,63.7155,38.2293,346,0.082447,1.6489,ok,346,0.082447,1.6489,ok,377,144,Uncommon,false,false,false
1803,41.5212,1099997874151,435457,yoitscharlie,10,56.7227,34.0336,496,0.187192,3.7438,ok,496,0.187192,3.7438,ok,610,454,Common,false,false,false
1804,41.5119,1099998509556,445272,yoitscharlie,7,68.0372,40.8223,229,0.017241,0.3448,ok,229,0.017241,0.3448,ok,233,146,Uncommon,false,false,false
1805,41.4646,1099637349178,438904,3klrm.wam,9,62.425,37.455,378,0.100239,2.0048,ok,378,0.100239,2.0048,ok,420,420,Common,false,false,false
1806,41.4556,1099997874152,435457,yoitscharlie,10,56.7227,34.0336,497,0.18555,3.711,ok,497,0.18555,3.711,ok,610,454,Common,false,false,false
1807,41.4207,1099998509433,441677,yoitscharlie,8,63.7155,38.2293,347,0.079787,1.5957,ok,347,0.079787,1.5957,ok,377,144,Uncommon,false,false,false
1808,41.39,1099997874153,435457,yoitscharlie,10,56.7227,34.0336,498,0.183908,3.6782,ok,498,0.183908,3.6782,ok,610,454,Common,false,false,false
1809,41.369,1099637349179,438904,3klrm.wam,9,62.425,37.455,379,0.097852,1.957,ok,379,0.097852,1.957,ok,420,420,Common,false,false,false
1810,41.3395,1099998509557,445272,yoitscharlie,7,68.0372,40.8223,230,0.012931,0.2586,ok,230,0.012931,0.2586,ok,233,146,Uncommon,false,false,false
1811,41.3242,1099997874154,435457,yoitscharlie,10,56.7227,34.0336,499,0.182266,3.6453,ok,499,0.182266,3.6453,ok,610,454,Common,false,false,false
1812,41.3145,1099998509434,441677,yoitscharlie,8,63.7155,38.2293,348,0.077128,1.5426,ok,348,0.077128,1.5426,ok,377,144,Uncommon,false,false,false
1813,41.2736,1099637349180,438904,3klrm.wam,9,62.425,37.455,380,0.095465,1.9093,ok,380,0.095465,1.9093,ok,420,420,Common,false,false,false
1814,41.2586,1099997874155,435457,yoitscharlie,10,56.7227,34.0336,500,0.180624,3.6125,ok,500,0.180624,3.6125,ok,610,454,Common,false,false,false
1815,41.2081,1099998509435,441677,yoitscharlie,8,63.7155,38.2293,349,0.074468,1.4894,ok,349,0.074468,1.4894,ok,377,144,Uncommon,false,false,false
1816,41.1928,1099997874156,435457,yoitscharlie,10,56.7227,34.0336,501,0.178982,3.5796,ok,501,0.178982,3.5796,ok,610,454,Common,false,false,false
1817,41.1782,1099637349181,438904,3klrm.wam,9,62.425,37.455,381,0.093079,1.8616,ok,381,0.093079,1.8616,ok,420,420,Common,false,false,false
1818,41.1671,1099998509558,445272,yoitscharlie,7,68.0372,40.8223,231,0.008621,0.1724,ok,231,0.008621,0.1724,ok,233,146,Uncommon,false,false,false
1819,41.1272,1099997874157,435457,yoitscharlie,10,56.7227,34.0336,502,0.17734,3.5468,ok,502,0.17734,3.5468,ok,610,454,Common,false,false,false
1820,41.1017,1099998509436,441677,yoitscharlie,8,63.7155,38.2293,350,0.071809,1.4362,ok,350,0.071809,1.4362,ok,377,144,Uncommon,false,false,false
1821,41.0826,1099637349182,438904,3klrm.wam,9,62.425,37.455,382,0.090692,1.8138,ok,382,0.090692,1.8138,ok,420,420,Common,false,false,false
1822,41.0616,1099997874158,435457,yoitscharlie,10,56.7227,34.0336,503,0.175698,3.514,ok,503,0.175698,3.514,ok,610,454,Common,false,false,false
1823,40.9958,1099997874159,435457,yoitscharlie,10,56.7227,34.0336,504,0.174056,3.4811,ok,504,0.174056,3.4811,ok,610,454,Common,false,false,false
1824,40.9953,1099998509437,441677,yoitscharlie,8,63.7155,38.2293,351,0.069149,1.383,ok,351,0.069149,1.383,ok,377,144,Uncommon,false,false,false
1825,40.9947,1099998509559,445272,yoitscharlie,7,68.0372,40.8223,232,0.00431,0.0862,ok,232,0.00431,0.0862,ok,233,146,Uncommon,false,false,false
1826,40.9872,1099637349183,438904,3klrm.wam,9,62.425,37.455,383,0.088305,1.7661,ok,383,0.088305,1.7661,ok,420,420,Common,false,false,false
1827,40.9302,1099997876939,435457,yoitscharlie,10,56.7227,34.0336,505,0.172414,3.4483,ok,505,0.172414,3.4483,ok,610,454,Common,false,false,false
1828,40.8918,1099637405638,438904,ekdk..c.wam,9,62.425,37.455,384,0.085919,1.7184,ok,384,0.085919,1.7184,ok,420,420,Common,false,false,false
1829,40.8889,1099998509438,441677,yoitscharlie,8,63.7155,38.2293,352,0.066489,1.3298,ok,352,0.066489,1.3298,ok,377,144,Uncommon,false,false,false
1830,40.8644,1099997876940,435457,yoitscharlie,10,56.7227,34.0336,506,0.170772,3.4154,ok,506,0.170772,3.4154,ok,610,454,Common,false,false,false
1831,40.8223,1099998509560,445272,yoitscharlie,7,68.0372,40.8223,233,0,0,ok,233,0,0,ok,233,146,Uncommon,false,false,false
1832,40.7988,1099997876941,435457,yoitscharlie,10,56.7227,34.0336,507,0.16913,3.3826,ok,507,0.16913,3.3826,ok,610,454,Common,false,false,false
1833,40.7962,1099637405639,438904,ekdk..c.wam,9,62.425,37.455,385,0.083532,1.6706,ok,385,0.083532,1.6706,ok,420,420,Common,false,false,false
1834,40.7825,1099998509439,441677,yoitscharlie,8,63.7155,38.2293,353,0.06383,1.2766,ok,353,0.06383,1.2766,ok,377,144,Uncommon,false,false,false
1835,40.7332,1099997876942,435457,yoitscharlie,10,56.7227,34.0336,508,0.167488,3.3498,ok,508,0.167488,3.3498,ok,610,454,Common,false,false,false
1836,40.7008,1099637409316,438904,ekdk..c.wam,9,62.425,37.455,386,0.081146,1.6229,ok,386,0.081146,1.6229,ok,420,420,Common,false,false,false
1837,40.6761,1099998509440,441677,yoitscharlie,8,63.7155,38.2293,354,0.06117,1.2234,ok,354,0.06117,1.2234,ok,377,144,Uncommon,false,false,false
1838,40.6674,1099997876943,435457,yoitscharlie,10,56.7227,34.0336,509,0.165846,3.3169,ok,509,0.165846,3.3169,ok,610,454,Common,false,false,false
1839,40.6054,1099637409317,438904,ekdk..c.wam,9,62.425,37.455,387,0.078759,1.5752,ok,387,0.078759,1.5752,ok,420,420,Common,false,false,false
1840,40.6018,1099997876944,435457,yoitscharlie,10,56.7227,34.0336,510,0.164204,3.2841,ok,510,0.164204,3.2841,ok,610,454,Common,false,false,false
1841,40.5697,1099998509441,441677,yoitscharlie,8,63.7155,38.2293,355,0.058511,1.1702,ok,355,0.058511,1.1702,ok,377,144,Uncommon,false,false,false
1842,40.536,1099997876945,435457,yoitscharlie,10,56.7227,34.0336,511,0.162562,3.2512,ok,511,0.162562,3.2512,ok,610,454,Common,false,false,false
1843,40.5098,1099637500822,438904,hottothemoon,9,62.425,37.455,388,0.076372,1.5274,ok,388,0.076372,1.5274,ok,420,420,Common,false,false,false
1844,40.4704,1099997876946,435457,yoitscharlie,10,56.7227,34.0336,512,0.16092,3.2184,ok,512,0.16092,3.2184,ok,610,454,Common,false,false,false
1845,40.4633,1099998509442,441677,yoitscharlie,8,63.7155,38.2293,356,0.055851,1.117,ok,356,0.055851,1.117,ok,377,144,Uncommon,false,false,false
1846,40.4144,1099637500823,438904,,9,62.425,37.455,389,0.073986,1.4797,ok,389,0.073986,1.4797,ok,420,420,Common,false,false,false
1847,40.4048,1099997876947,435457,yoitscharlie,10,56.7227,34.0336,513,0.159278,3.1856,ok,513,0.159278,3.1856,ok,610,454,Common,false,false,false
1848,40.3569,1099998509443,441677,yoitscharlie,8,63.7155,38.2293,357,0.053191,1.0638,ok,357,0.053191,1.0638,ok,377,144,Uncommon,false,false,false
1849,40.339,1099997876948,435457,yoitscharlie,10,56.7227,34.0336,514,0.157635,3.1527,ok,514,0.157635,3.1527,ok,610,454,Common,false,false,false
1850,40.319,1099637602186,438904,,9,62.425,37.455,390,0.071599,1.432,ok,390,0.071599,1.432,ok,420,420,Common,false,false,false
1851,40.2734,1099997876949,435457,yoitscharlie,10,56.7227,34.0336,515,0.155993,3.1199,ok,515,0.155993,3.1199,ok,610,454,Common,false,false,false
1852,40.2505,1099998509444,441677,yoitscharlie,8,63.7155,38.2293,358,0.050532,1.0106,ok,358,0.050532,1.0106,ok,377,144,Uncommon,false,false,false
1853,40.2234,1099637602187,438904,,9,62.425,37.455,391,0.069212,1.3842,ok,391,0.069212,1.3842,ok,420,420,Common,false,false,false
1854,40.2076,1099997876950,435457,yoitscharlie,10,56.7227,34.0336,516,0.154351,3.087,ok,516,0.154351,3.087,ok,610,454,Common,false,false,false
1855,40.1441,1099998509445,441677,yoitscharlie,8,63.7155,38.2293,359,0.047872,0.9574,ok,359,0.047872,0.9574,ok,377,144,Uncommon,false,false,false
1856,40.142,1099997876951,435457,yoitscharlie,10,56.7227,34.0336,517,0.152709,3.0542,ok,517,0.152709,3.0542,ok,610,454,Common,false,false,false
1857,40.128,1099637608117,438904,lvmqi.wam,9,62.425,37.455,392,0.066826,1.3365,ok,392,0.066826,1.3365,ok,420,420,Common,false,false,false
1858,40.0762,1099997876952,435457,yoitscharlie,10,56.7227,34.0336,518,0.151067,3.0213,ok,518,0.151067,3.0213,ok,610,454,Common,false,false,false
1859,40.0379,1099998509446,441677,yoitscharlie,8,63.7155,38.2293,360,0.045213,0.9043,ok,360,0.045213,0.9043,ok,377,144,Uncommon,false,false,false
1860,40.0326,1099637611588,438904,,9,62.425,37.455,393,0.064439,1.2888,ok,393,0.064439,1.2888,ok,420,420,Common,false,false,false
1861,40.0106,1099997876953,435457,yoitscharlie,10,56.7227,34.0336,519,0.149425,2.9885,ok,519,0.149425,2.9885,ok,610,454,Common,false,false,false
1862,40,1099595973415,401910,p1fza.wam,11,0,0,1,1,20,ok,1,1,20,ok,2500,1399,Common,false,false,false
1863,40,1099595990729,401911,pepperstake,12,0,0,1,1,20,ok,1,1,20,ok,2500,1425,Common,false,false,false
1864,39.984,1099595973416,401910,pepperstake,11,0,0,2,0.9996,19.992,ok,2,0.9996,19.992,ok,2500,1399,Common,false,false,false
1865,39.984,1099595990730,401911,pepperstake,12,0,0,2,0.9996,19.992,ok,2,0.9996,19.992,ok,2500,1425,Common,false,false,false
1866,39.968,1099595973417,401910,pepperstake,11,0,0,3,0.9992,19.984,ok,3,0.9992,19.984,ok,2500,1399,Common,false,false,false
1867,39.968,1099595990731,401911,pepperstake,12,0,0,3,0.9992,19.984,ok,3,0.9992,19.984,ok,2500,1425,Common,false,false,false
1868,39.952,1099595973418,401910,pepperstake,11,0,0,4,0.9988,19.976,ok,4,0.9988,19.976,ok,2500,1399,Common,false,false,false
1869,39.952,1099595990732,401911,pepperstake,12,0,0,4,0.9988,19.976,ok,4,0.9988,19.976,ok,2500,1425,Common,false,false,false
1870,39.945,1099997876954,435457,yoitscharlie,10,56.7227,34.0336,520,0.147783,2.9557,ok,520,0.147783,2.9557,ok,610,454,Common,false,false,false
1871,39.9372,1099637611589,438904,,9,62.425,37.455,394,0.062053,1.2411,ok,394,0.062053,1.2411,ok,420,420,Common,false,false,false
1872,39.936,1099595973419,401910,pepperstake,11,0,0,5,0.998399,19.968,ok,5,0.998399,19.968,ok,2500,1399,Common,false,false,false
1873,39.936,1099595990733,401911,cawaw.wam,12,0,0,5,0.998399,19.968,ok,5,0.998399,19.968,ok,2500,1425,Common,false,false,false
1874,39.9315,1099998509447,441677,yoitscharlie,8,63.7155,38.2293,361,0.042553,0.8511,ok,361,0.042553,0.8511,ok,377,144,Uncommon,false,false,false
1875,39.92,1099595973420,401910,,11,0,0,6,0.997999,19.96,ok,6,0.997999,19.96,ok,2500,1399,Common,false,false,false
1876,39.92,1099595990734,401911,,12,0,0,6,0.997999,19.96,ok,6,0.997999,19.96,ok,2500,1425,Common,false,false,false
1877,39.904,1099595973421,401910,kwurg.wam,11,0,0,7,0.997599,19.952,ok,7,0.997599,19.952,ok,2500,1399,Common,false,false,false
1878,39.904,1099595990735,401911,pepperstake,12,0,0,7,0.997599,19.952,ok,7,0.997599,19.952,ok,2500,1425,Common,false,false,false
1879,39.888,1099595973422,401910,qp..w.c.wam,11,0,0,8,0.997199,19.944,ok,8,0.997199,19.944,ok,2500,1399,Common,false,false,false
1880,39.888,1099595990736,401911,qp..w.c.wam,12,0,0,8,0.997199,19.944,ok,8,0.997199,19.944,ok,2500,1425,Common,false,false,false
1881,39.8792,1099997876955,435457,yoitscharlie,10,56.7227,34.0336,521,0.146141,2.9228,ok,521,0.146141,2.9228,ok,610,454,Common,false,false,false
1882,39.872,1099595973423,401910,pepperstake,11,0,0,9,0.996799,19.936,ok,9,0.996799,19.936,ok,2500,1399,Common,false,false,false
1883,39.872,1099595990737,401911,pepperstake,12,0,0,9,0.996799,19.936,ok,9,0.996799,19.936,ok,2500,1425,Common,false,false,false
1884,39.856,1099595973424,401910,pepperstake,11,0,0,10,0.996399,19.928,ok,10,0.996399,19.928,ok,2500,1399,Common,false,false,false
1885,39.856,1099595990738,401911,pepperstake,12,0,0,10,0.996399,19.928,ok,10,0.996399,19.928,ok,2500,1425,Common,false,false,false
1886,39.8416,1099637611590,438904,ud2b4.wam,9,62.425,37.455,395,0.059666,1.1933,ok,395,0.059666,1.1933,ok,420,420,Common,false,false,false
1887,39.84,1099595973425,401910,neyau.wam,11,0,0,11,0.995998,19.92,ok,11,0.995998,19.92,ok,2500,1399,Common,false,false,false
1888,39.84,1099595990739,401911,neyau.wam,12,0,0,11,0.995998,19.92,ok,11,0.995998,19.92,ok,2500,1425,Common,false,false,false
1889,39.8251,1099998509448,441677,yoitscharlie,8,63.7155,38.2293,362,0.039894,0.7979,ok,362,0.039894,0.7979,ok,377,144,Uncommon,false,false,false
1890,39.824,1099595973426,401910,pepperstake,11,0,0,12,0.995598,19.912,ok,12,0.995598,19.912,ok,2500,1399,Common,false,false,false
1891,39.824,1099595990740,401911,pepperstake,12,0,0,12,0.995598,19.912,ok,12,0.995598,19.912,ok,2500,1425,Common,false,false,false
1892,39.8136,1099997876956,435457,yoitscharlie,10,56.7227,34.0336,522,0.144499,2.89,ok,522,0.144499,2.89,ok,610,454,Common,false,false,false
1893,39.808,1099595973427,401910,newyork.gm,11,0,0,13,0.995198,19.904,ok,13,0.995198,19.904,ok,2500,1399,Common,false,false,false
1894,39.808,1099595990741,401911,pepperstake,12,0,0,13,0.995198,19.904,ok,13,0.995198,19.904,ok,2500,1425,Common,false,false,false
1895,39.792,1099595973428,401910,pepperstake,11,0,0,14,0.994798,19.896,ok,14,0.994798,19.896,ok,2500,1399,Common,false,false,false
1896,39.792,1099595990742,401911,yoitscharlie,12,0,0,14,0.994798,19.896,ok,14,0.994798,19.896,ok,2500,1425,Common,false,false,false
1897,39.776,1099595973429,401910,,11,0,0,15,0.994398,19.888,ok,15,0.994398,19.888,ok,2500,1399,Common,false,false,false
1898,39.776,1099595990743,401911,,12,0,0,15,0.994398,19.888,ok,15,0.994398,19.888,ok,2500,1425,Common,false,false,false
1899,39.76,1099595973430,401910,,11,0,0,16,0.993998,19.88,ok,16,0.993998,19.88,ok,2500,1399,Common,false,false,false
1900,39.76,1099595990744,401911,yoitscharlie,12,0,0,16,0.993998,19.88,ok,16,0.993998,19.88,ok,2500,1425,Common,false,false,false
1901,39.7478,1099997876957,435457,yoitscharlie,10,56.7227,34.0336,523,0.142857,2.8571,ok,523,0.142857,2.8571,ok,610,454,Common,false,false,false
1902,39.7462,1099637611591,438904,ud2b4.wam,9,62.425,37.455,396,0.057279,1.1456,ok,396,0.057279,1.1456,ok,420,420,Common,false,false,false
1903,39.7438,1099595973431,401910,sdpww.wam,11,0,0,17,0.993597,19.8719,ok,17,0.993597,19.8719,ok,2500,1399,Common,false,false,false
1904,39.7438,1099595990745,401911,yoitscharlie,12,0,0,17,0.993597,19.8719,ok,17,0.993597,19.8719,ok,2500,1425,Common,false,false,false
1905,39.7278,1099595973432,401910,yoitscharlie,11,0,0,18,0.993197,19.8639,ok,18,0.993197,19.8639,ok,2500,1399,Common,false,false,false
1906,39.7278,1099595990746,401911,yoitscharlie,12,0,0,18,0.993197,19.8639,ok,18,0.993197,19.8639,ok,2500,1425,Common,false,false,false
1907,39.7187,1099998509449,441677,yoitscharlie,8,63.7155,38.2293,363,0.037234,0.7447,ok,363,0.037234,0.7447,ok,377,144,Uncommon,false,false,false
1908,39.7118,1099595973433,401910,pepperstake,11,0,0,19,0.992797,19.8559,ok,19,0.992797,19.8559,ok,2500,1399,Common,false,false,false
1909,39.7118,1099595990747,401911,yoitscharlie,12,0,0,19,0.992797,19.8559,ok,19,0.992797,19.8559,ok,2500,1425,Common,false,false,false
1910,39.6958,1099595973434,401910,,11,0,0,20,0.992397,19.8479,ok,20,0.992397,19.8479,ok,2500,1399,Common,false,false,false
1911,39.6958,1099595990748,401911,newyork.gm,12,0,0,20,0.992397,19.8479,ok,20,0.992397,19.8479,ok,2500,1425,Common,false,false,false
1912,39.6822,1099997876958,435457,yoitscharlie,10,56.7227,34.0336,524,0.141215,2.8243,ok,524,0.141215,2.8243,ok,610,454,Common,false,false,false
1913,39.6798,1099595973435,401910,pepperstake,11,0,0,21,0.991997,19.8399,ok,21,0.991997,19.8399,ok,2500,1399,Common,false,false,false
1914,39.6798,1099595990749,401911,pepperstake,12,0,0,21,0.991997,19.8399,ok,21,0.991997,19.8399,ok,2500,1425,Common,false,false,false
1915,39.6638,1099595973436,401910,yoitscharlie,11,0,0,22,0.991597,19.8319,ok,22,0.991597,19.8319,ok,2500,1399,Common,false,false,false
1916,39.6638,1099595990750,401911,yoitscharlie,12,0,0,22,0.991597,19.8319,ok,22,0.991597,19.8319,ok,2500,1425,Common,false,false,false
1917,39.6508,1099637611592,438904,4qrkm.c.wam,9,62.425,37.455,397,0.054893,1.0979,ok,397,0.054893,1.0979,ok,420,420,Common,false,false,false
1918,39.6478,1099595973437,401910,yoitscharlie,11,0,0,23,0.991196,19.8239,ok,23,0.991196,19.8239,ok,2500,1399,Common,false,false,false
1919,39.6478,1099595990751,401911,yoitscharlie,12,0,0,23,0.991196,19.8239,ok,23,0.991196,19.8239,ok,2500,1425,Common,false,false,false
1920,39.6318,1099595973438,401910,yoitscharlie,11,0,0,24,0.990796,19.8159,ok,24,0.990796,19.8159,ok,2500,1399,Common,false,false,false
1921,39.6318,1099595990752,401911,yoitscharlie,12,0,0,24,0.990796,19.8159,ok,24,0.990796,19.8159,ok,2500,1425,Common,false,false,false
1922,39.6166,1099997876959,435457,yoitscharlie,10,56.7227,34.0336,525,0.139573,2.7915,ok,525,0.139573,2.7915,ok,610,454,Common,false,false,false
1923,39.6158,1099595973439,401910,,11,0,0,25,0.990396,19.8079,ok,25,0.990396,19.8079,ok,2500,1399,Common,false,false,false
1924,39.6158,1099595990753,401911,pepperstake,12,0,0,25,0.990396,19.8079,ok,25,0.990396,19.8079,ok,2500,1425,Common,false,false,false
1925,39.6123,1099998509450,441677,yoitscharlie,8,63.7155,38.2293,364,0.034574,0.6915,ok,364,0.034574,0.6915,ok,377,144,Uncommon,false,false,false
1926,39.5998,1099595973440,401910,yoitscharlie,11,0,0,26,0.989996,19.7999,ok,26,0.989996,19.7999,ok,2500,1399,Common,false,false,false
1927,39.5998,1099595990754,401911,yw1r2.wam,12,0,0,26,0.989996,19.7999,ok,26,0.989996,19.7999,ok,2500,1425,Common,false,false,false
1928,39.5838,1099595973441,401910,yoitscharlie,11,0,0,27,0.989596,19.7919,ok,27,0.989596,19.7919,ok,2500,1399,Common,false,false,false
1929,39.5838,1099595990755,401911,pepperstake,12,0,0,27,0.989596,19.7919,ok,27,0.989596,19.7919,ok,2500,1425,Common,false,false,false
1930,39.5678,1099595973442,401910,yoitscharlie,11,0,0,28,0.989196,19.7839,ok,28,0.989196,19.7839,ok,2500,1399,Common,false,false,false
1931,39.5678,1099595990756,401911,yoitscharlie,12,0,0,28,0.989196,19.7839,ok,28,0.989196,19.7839,ok,2500,1425,Common,false,false,false
1932,39.5552,1099637620587,438904,,9,62.425,37.455,398,0.052506,1.0501,ok,398,0.052506,1.0501,ok,420,420,Common,false,false,false
1933,39.5518,1099595973443,401910,yoitscharlie,11,0,0,29,0.988796,19.7759,ok,29,0.988796,19.7759,ok,2500,1399,Common,false,false,false
1934,39.5518,1099595990757,401911,bsyru.wam,12,0,0,29,0.988796,19.7759,ok,29,0.988796,19.7759,ok,2500,1425,Common,false,false,false
1935,39.5508,1099997876960,435457,yoitscharlie,10,56.7227,34.0336,526,0.137931,2.7586,ok,526,0.137931,2.7586,ok,610,454,Common,false,false,false
1936,39.5358,1099595973444,401910,,11,0,0,30,0.988395,19.7679,ok,30,0.988395,19.7679,ok,2500,1399,Common,false,false,false
1937,39.5358,1099595990758,401911,yoitscharlie,12,0,0,30,0.988395,19.7679,ok,30,0.988395,19.7679,ok,2500,1425,Common,false,false,false
1938,39.5198,1099595973445,401910,sdpww.wam,11,0,0,31,0.987995,19.7599,ok,31,0.987995,19.7599,ok,2500,1399,Common,false,false,false
1939,39.5198,1099595990759,401911,sdpww.wam,12,0,0,31,0.987995,19.7599,ok,31,0.987995,19.7599,ok,2500,1425,Common,false,false,false
1940,39.5059,1099998509451,441677,yoitscharlie,8,63.7155,38.2293,365,0.031915,0.6383,ok,365,0.031915,0.6383,ok,377,144,Uncommon,false,false,false
1941,39.5038,1099595973446,401910,pepperstake,11,0,0,32,0.987595,19.7519,ok,32,0.987595,19.7519,ok,2500,1399,Common,false,false,false
1942,39.5038,1099595990760,401911,pepperstake,12,0,0,32,0.987595,19.7519,ok,32,0.987595,19.7519,ok,2500,1425,Common,false,false,false
1943,39.4878,1099595973447,401910,yoitscharlie,11,0,0,33,0.987195,19.7439,ok,33,0.987195,19.7439,ok,2500,1399,Common,false,false,false
1944,39.4878,1099595990761,401911,yoitscharlie,12,0,0,33,0.987195,19.7439,ok,33,0.987195,19.7439,ok,2500,1425,Common,false,false,false
1945,39.4852,1099997876961,435457,yoitscharlie,10,56.7227,34.0336,527,0.136289,2.7258,ok,527,0.136289,2.7258,ok,610,454,Common,false,false,false
1946,39.4718,1099595973448,401910,yoitscharlie,11,0,0,34,0.986795,19.7359,ok,34,0.986795,19.7359,ok,2500,1399,Common,false,false,false
1947,39.4718,1099595990762,401911,yoitscharlie,12,0,0,34,0.986795,19.7359,ok,34,0.986795,19.7359,ok,2500,1425,Common,false,false,false
1948,39.4598,1099637662718,438904,neftyblocksd,9,62.425,37.455,399,0.050119,1.0024,ok,399,0.050119,1.0024,ok,420,420,Common,false,false,false
1949,39.4558,1099595973449,401910,,11,0,0,35,0.986395,19.7279,ok,35,0.986395,19.7279,ok,2500,1399,Common,false,false,false
1950,39.4558,1099595990763,401911,,12,0,0,35,0.986395,19.7279,ok,35,0.986395,19.7279,ok,2500,1425,Common,false,false,false
1951,39.4398,1099595973450,401910,yoitscharlie,11,0,0,36,0.985994,19.7199,ok,36,0.985994,19.7199,ok,2500,1399,Common,false,false,false
1952,39.4398,1099595990764,401911,yoitscharlie,12,0,0,36,0.985994,19.7199,ok,36,0.985994,19.7199,ok,2500,1425,Common,false,false,false
1953,39.4238,1099595973451,401910,yoitscharlie,11,0,0,37,0.985594,19.7119,ok,37,0.985594,19.7119,ok,2500,1399,Common,false,false,false
1954,39.4238,1099595990765,401911,yoitscharlie,12,0,0,37,0.985594,19.7119,ok,37,0.985594,19.7119,ok,2500,1425,Common,false,false,false
1955,39.4194,1099997876962,435457,yoitscharlie,10,56.7227,34.0336,528,0.134647,2.6929,ok,528,0.134647,2.6929,ok,610,454,Common,false,false,false
1956,39.4078,1099595973452,401910,yoitscharlie,11,0,0,38,0.985194,19.7039,ok,38,0.985194,19.7039,ok,2500,1399,Common,false,false,false
1957,39.4078,1099595990766,401911,yoitscharlie,12,0,0,38,0.985194,19.7039,ok,38,0.985194,19.7039,ok,2500,1425,Common,false,false,false
1958,39.3995,1099998509452,441677,yoitscharlie,8,63.7155,38.2293,366,0.029255,0.5851,ok,366,0.029255,0.5851,ok,377,144,Uncommon,false,false,false
1959,39.3918,1099595973453,401910,yoitscharlie,11,0,0,39,0.984794,19.6959,ok,39,0.984794,19.6959,ok,2500,1399,Common,false,false,false
1960,39.3918,1099595990767,401911,yoitscharlie,12,0,0,39,0.984794,19.6959,ok,39,0.984794,19.6959,ok,2500,1425,Common,false,false,false
1961,39.3758,1099595973454,401910,yoitscharlie,11,0,0,40,0.984394,19.6879,ok,40,0.984394,19.6879,ok,2500,1399,Common,false,false,false
1962,39.3758,1099595990768,401911,yoitscharlie,12,0,0,40,0.984394,19.6879,ok,40,0.984394,19.6879,ok,2500,1425,Common,false,false,false
1963,39.3644,1099637662719,438904,neftyblocksd,9,62.425,37.455,400,0.047733,0.9547,ok,400,0.047733,0.9547,ok,420,420,Common,false,false,false
1964,39.3598,1099595973455,401910,yoitscharlie,11,0,0,41,0.983994,19.6799,ok,41,0.983994,19.6799,ok,2500,1399,Common,false,false,false
1965,39.3598,1099595990769,401911,yoitscharlie,12,0,0,41,0.983994,19.6799,ok,41,0.983994,19.6799,ok,2500,1425,Common,false,false,false
1966,39.3538,1099997876963,435457,yoitscharlie,10,56.7227,34.0336,529,0.133005,2.6601,ok,529,0.133005,2.6601,ok,610,454,Common,false,false,false
1967,39.3438,1099595973456,401910,pepperstake,11,0,0,42,0.983593,19.6719,ok,42,0.983593,19.6719,ok,2500,1399,Common,false,false,false
1968,39.3438,1099595990770,401911,yoitscharlie,12,0,0,42,0.983593,19.6719,ok,42,0.983593,19.6719,ok,2500,1425,Common,false,false,false
1969,39.3278,1099595973457,401910,pepperstake,11,0,0,43,0.983193,19.6639,ok,43,0.983193,19.6639,ok,2500,1399,Common,false,false,false
1970,39.3278,1099595990771,401911,yoitscharlie,12,0,0,43,0.983193,19.6639,ok,43,0.983193,19.6639,ok,2500,1425,Common,false,false,false
1971,39.3118,1099595973458,401910,yoitscharlie,11,0,0,44,0.982793,19.6559,ok,44,0.982793,19.6559,ok,2500,1399,Common,false,false,false
1972,39.3118,1099595990772,401911,yoitscharlie,12,0,0,44,0.982793,19.6559,ok,44,0.982793,19.6559,ok,2500,1425,Common,false,false,false
1973,39.2958,1099595973459,401910,yoitscharlie,11,0,0,45,0.982393,19.6479,ok,45,0.982393,19.6479,ok,2500,1399,Common,false,false,false
1974,39.2958,1099595990773,401911,yoitscharlie,12,0,0,45,0.982393,19.6479,ok,45,0.982393,19.6479,ok,2500,1425,Common,false,false,false
1975,39.2931,1099998509453,441677,yoitscharlie,8,63.7155,38.2293,367,0.026596,0.5319,ok,367,0.026596,0.5319,ok,377,144,Uncommon,false,false,false
1976,39.2882,1099997876964,435457,yoitscharlie,10,56.7227,34.0336,530,0.131363,2.6273,ok,530,0.131363,2.6273,ok,610,454,Common,false,false,false
1977,39.2798,1099595973460,401910,yoitscharlie,11,0,0,46,0.981993,19.6399,ok,46,0.981993,19.6399,ok,2500,1399,Common,false,false,false
1978,39.2798,1099595990774,401911,yoitscharlie,12,0,0,46,0.981993,19.6399,ok,46,0.981993,19.6399,ok,2500,1425,Common,false,false,false
1979,39.2688,1099637670186,438904,,9,62.425,37.455,401,0.045346,0.9069,ok,401,0.045346,0.9069,ok,420,420,Common,false,false,false
1980,39.2638,1099595973461,401910,yoitscharlie,11,0,0,47,0.981593,19.6319,ok,47,0.981593,19.6319,ok,2500,1399,Common,false,false,false
1981,39.2638,1099595990775,401911,yoitscharlie,12,0,0,47,0.981593,19.6319,ok,47,0.981593,19.6319,ok,2500,1425,Common,false,false,false
1982,39.2476,1099595973462,401910,yoitscharlie,11,0,0,48,0.981192,19.6238,ok,48,0.981192,19.6238,ok,2500,1399,Common,false,false,false
1983,39.2476,1099595990776,401911,yoitscharlie,12,0,0,48,0.981192,19.6238,ok,48,0.981192,19.6238,ok,2500,1425,Common,false,false,false
1984,39.2316,1099595973463,401910,yoitscharlie,11,0,0,49,0.980792,19.6158,ok,49,0.980792,19.6158,ok,2500,1399,Common,false,false,false
1985,39.2316,1099595990777,401911,yoitscharlie,12,0,0,49,0.980792,19.6158,ok,49,0.980792,19.6158,ok,2500,1425,Common,false,false,false
1986,39.2224,1099997876965,435457,yoitscharlie,10,56.7227,34.0336,531,0.129721,2.5944,ok,531,0.129721,2.5944,ok,610,454,Common,false,false,false
1987,39.2156,1099595973464,401910,yoitscharlie,11,0,0,50,0.980392,19.6078,ok,50,0.980392,19.6078,ok,2500,1399,Common,false,false,false
1988,39.2156,1099595990778,401911,yoitscharlie,12,0,0,50,0.980392,19.6078,ok,50,0.980392,19.6078,ok,2500,1425,Common,false,false,false
1989,39.1996,1099595973465,401910,yoitscharlie,11,0,0,51,0.979992,19.5998,ok,51,0.979992,19.5998,ok,2500,1399,Common,false,false,false
1990,39.1996,1099595990779,401911,yoitscharlie,12,0,0,51,0.979992,19.5998,ok,51,0.979992,19.5998,ok,2500,1425,Common,false,false,false
1991,39.1867,1099998509454,441677,yoitscharlie,8,63.7155,38.2293,368,0.023936,0.4787,ok,368,0.023936,0.4787,ok,377,144,Uncommon,false,false,false
1992,39.1836,1099595973466,401910,yoitscharlie,11,0,0,52,0.979592,19.5918,ok,52,0.979592,19.5918,ok,2500,1399,Common,false,false,false
1993,39.1836,1099595990780,401911,yoitscharlie,12,0,0,52,0.979592,19.5918,ok,52,0.979592,19.5918,ok,2500,1425,Common,false,false,false
1994,39.1734,1099637670187,438904,,9,62.425,37.455,402,0.042959,0.8592,ok,402,0.042959,0.8592,ok,420,420,Common,false,false,false
1995,39.1676,1099595973467,401910,yoitscharlie,11,0,0,53,0.979192,19.5838,ok,53,0.979192,19.5838,ok,2500,1399,Common,false,false,false
1996,39.1676,1099595990781,401911,yoitscharlie,12,0,0,53,0.979192,19.5838,ok,53,0.979192,19.5838,ok,2500,1425,Common,false,false,false
1997,39.1568,1099997876966,435457,yoitscharlie,10,56.7227,34.0336,532,0.128079,2.5616,ok,532,0.128079,2.5616,ok,610,454,Common,false,false,false
1998,39.1516,1099595973468,401910,yoitscharlie,11,0,0,54,0.978792,19.5758,ok,54,0.978792,19.5758,ok,2500,1399,Common,false,false,false
1999,39.1516,1099595990782,401911,yoitscharlie,12,0,0,54,0.978792,19.5758,ok,54,0.978792,19.5758,ok,2500,1425,Common,false,false,false
2000,39.1356,1099595973469,401910,yoitscharlie,11,0,0,55,0.978391,19.5678,ok,55,0.978391,19.5678,ok,2500,1399,Common,false,false,false
2001,39.1356,1099595990783,401911,yoitscharlie,12,0,0,55,0.978391,19.5678,ok,55,0.978391,19.5678,ok,2500,1425,Common,false,false,false
2002,39.1196,1099595973470,401910,cwzqw.wam,11,0,0,56,0.977991,19.5598,ok,56,0.977991,19.5598,ok,2500,1399,Common,false,false,false
2003,39.1196,1099595990784,401911,cwzqw.wam,12,0,0,56,0.977991,19.5598,ok,56,0.977991,19.5598,ok,2500,1425,Common,false,false,false
2004,39.1036,1099595973471,401910,yoitscharlie,11,0,0,57,0.977591,19.5518,ok,57,0.977591,19.5518,ok,2500,1399,Common,false,false,false
2005,39.1036,1099595990785,401911,,12,0,0,57,0.977591,19.5518,ok,57,0.977591,19.5518,ok,2500,1425,Common,false,false,false
2006,39.091,1099997876967,435457,yoitscharlie,10,56.7227,34.0336,533,0.126437,2.5287,ok,533,0.126437,2.5287,ok,610,454,Common,false,false,false
2007,39.0876,1099595973472,401910,yoitscharlie,11,0,0,58,0.977191,19.5438,ok,58,0.977191,19.5438,ok,2500,1399,Common,false,false,false
2008,39.0876,1099595990786,401911,,12,0,0,58,0.977191,19.5438,ok,58,0.977191,19.5438,ok,2500,1425,Common,false,false,false
2009,39.0803,1099998509455,441677,yoitscharlie,8,63.7155,38.2293,369,0.021277,0.4255,ok,369,0.021277,0.4255,ok,377,144,Uncommon,false,false,false
2010,39.078,1099637670188,438904,,9,62.425,37.455,403,0.040573,0.8115,ok,403,0.040573,0.8115,ok,420,420,Common,false,false,false
2011,39.0716,1099595973473,401910,pepperstake,11,0,0,59,0.976791,19.5358,ok,59,0.976791,19.5358,ok,2500,1399,Common,false,false,false
2012,39.0716,1099595990787,401911,,12,0,0,59,0.976791,19.5358,ok,59,0.976791,19.5358,ok,2500,1425,Common,false,false,false
2013,39.0556,1099595973474,401910,sanbw.wam,11,0,0,60,0.976391,19.5278,ok,60,0.976391,19.5278,ok,2500,1399,Common,false,false,false
2014,39.0556,1099595990788,401911,,12,0,0,60,0.976391,19.5278,ok,60,0.976391,19.5278,ok,2500,1425,Common,false,false,false
2015,39.0396,1099595973475,401910,,11,0,0,61,0.97599,19.5198,ok,61,0.97599,19.5198,ok,2500,1399,Common,false,false,false
2016,39.0396,1099595990789,401911,,12,0,0,61,0.97599,19.5198,ok,61,0.97599,19.5198,ok,2500,1425,Common,false,false,false
2017,39.0254,1099997876968,435457,yoitscharlie,10,56.7227,34.0336,534,0.124795,2.4959,ok,534,0.124795,2.4959,ok,610,454,Common,false,false,false
2018,39.0236,1099595973476,401910,xmzr2.wam,11,0,0,62,0.97559,19.5118,ok,62,0.97559,19.5118,ok,2500,1399,Common,false,false,false
2019,39.0236,1099595990790,401911,,12,0,0,62,0.97559,19.5118,ok,62,0.97559,19.5118,ok,2500,1425,Common,false,false,false
2020,39.0076,1099595973477,401910,cwzqw.wam,11,0,0,63,0.97519,19.5038,ok,63,0.97519,19.5038,ok,2500,1399,Common,false,false,false
2021,39.0076,1099595990791,401911,,12,0,0,63,0.97519,19.5038,ok,63,0.97519,19.5038,ok,2500,1425,Common,false,false,false
2022,38.9916,1099595973478,401910,q4oia.wam,11,0,0,64,0.97479,19.4958,ok,64,0.97479,19.4958,ok,2500,1399,Common,false,false,false
2023,38.9916,1099595990792,401911,,12,0,0,64,0.97479,19.4958,ok,64,0.97479,19.4958,ok,2500,1425,Common,false,false,false
2024,38.9824,1099637670189,438904,,9,62.425,37.455,404,0.038186,0.7637,ok,404,0.038186,0.7637,ok,420,420,Common,false,false,false
2025,38.9756,1099595973479,401910,,11,0,0,65,0.97439,19.4878,ok,65,0.97439,19.4878,ok,2500,1399,Common,false,false,false
2026,38.9756,1099595990793,401911,,12,0,0,65,0.97439,19.4878,ok,65,0.97439,19.4878,ok,2500,1425,Common,false,false,false
2027,38.9739,1099998509456,441677,yoitscharlie,8,63.7155,38.2293,370,0.018617,0.3723,ok,370,0.018617,0.3723,ok,377,144,Uncommon,false,false,false
2028,38.9598,1099997876969,435457,yoitscharlie,10,56.7227,34.0336,535,0.123153,2.4631,ok,535,0.123153,2.4631,ok,610,454,Common,false,false,false
2029,38.9596,1099595973480,401910,pepperstake,11,0,0,66,0.97399,19.4798,ok,66,0.97399,19.4798,ok,2500,1399,Common,false,false,false
2030,38.9596,1099595990794,401911,pepperstake,12,0,0,66,0.97399,19.4798,ok,66,0.97399,19.4798,ok,2500,1425,Common,false,false,false
2031,38.9436,1099595973481,401910,,11,0,0,67,0.973589,19.4718,ok,67,0.973589,19.4718,ok,2500,1399,Common,false,false,false
2032,38.9436,1099595990795,401911,vvrva.wam,12,0,0,67,0.973589,19.4718,ok,67,0.973589,19.4718,ok,2500,1425,Common,false,false,false
2033,38.9276,1099595973482,401910,,11,0,0,68,0.973189,19.4638,ok,68,0.973189,19.4638,ok,2500,1399,Common,false,false,false
2034,38.9276,1099595990796,401911,,12,0,0,68,0.973189,19.4638,ok,68,0.973189,19.4638,ok,2500,1425,Common,false,false,false
2035,38.9116,1099595973483,401910,bsyru.wam,11,0,0,69,0.972789,19.4558,ok,69,0.972789,19.4558,ok,2500,1399,Common,false,false,false
2036,38.9116,1099595990797,401911,bsyru.wam,12,0,0,69,0.972789,19.4558,ok,69,0.972789,19.4558,ok,2500,1425,Common,false,false,false
2037,38.8956,1099595973484,401910,,11,0,0,70,0.972389,19.4478,ok,70,0.972389,19.4478,ok,2500,1399,Common,false,false,false
2038,38.8956,1099595990798,401911,,12,0,0,70,0.972389,19.4478,ok,70,0.972389,19.4478,ok,2500,1425,Common,false,false,false
2039,38.894,1099997876970,435457,yoitscharlie,10,56.7227,34.0336,536,0.121511,2.4302,ok,536,0.121511,2.4302,ok,610,454,Common,false,false,false
2040,38.887,1099637670190,438904,,9,62.425,37.455,405,0.0358,0.716,ok,405,0.0358,0.716,ok,420,420,Common,false,false,false
2041,38.8796,1099595973485,401910,,11,0,0,71,0.971989,19.4398,ok,71,0.971989,19.4398,ok,2500,1399,Common,false,false,false
2042,38.8796,1099595990799,401911,itbqy.wam,12,0,0,71,0.971989,19.4398,ok,71,0.971989,19.4398,ok,2500,1425,Common,false,false,false
2043,38.8675,1099998509457,441677,yoitscharlie,8,63.7155,38.2293,371,0.015957,0.3191,ok,371,0.015957,0.3191,ok,377,144,Uncommon,false,false,false
2044,38.8636,1099595973486,401910,,11,0,0,72,0.971589,19.4318,ok,72,0.971589,19.4318,ok,2500,1399,Common,false,false,false
2045,38.8636,1099595990800,401911,.wyaw.wam,12,0,0,72,0.971589,19.4318,ok,72,0.971589,19.4318,ok,2500,1425,Common,false,false,false
2046,38.8476,1099595973487,401910,,11,0,0,73,0.971188,19.4238,ok,73,0.971188,19.4238,ok,2500,1399,Common,false,false,false
2047,38.8476,1099595990801,401911,pepperstake,12,0,0,73,0.971188,19.4238,ok,73,0.971188,19.4238,ok,2500,1425,Common,false,false,false
2048,38.8316,1099595973488,401910,,11,0,0,74,0.970788,19.4158,ok,74,0.970788,19.4158,ok,2500,1399,Common,false,false,false
2049,38.8316,1099595990802,401911,,12,0,0,74,0.970788,19.4158,ok,74,0.970788,19.4158,ok,2500,1425,Common,false,false,false
2050,38.8284,1099997876971,435457,yoitscharlie,10,56.7227,34.0336,537,0.119869,2.3974,ok,537,0.119869,2.3974,ok,610,454,Common,false,false,false
2051,38.8156,1099595973489,401910,q4oia.wam,11,0,0,75,0.970388,19.4078,ok,75,0.970388,19.4078,ok,2500,1399,Common,false,false,false
2052,38.8156,1099595990803,401911,,12,0,0,75,0.970388,19.4078,ok,75,0.970388,19.4078,ok,2500,1425,Common,false,false,false
2053,38.7996,1099595973490,401910,,11,0,0,76,0.969988,19.3998,ok,76,0.969988,19.3998,ok,2500,1399,Common,false,false,false
2054,38.7996,1099595990804,401911,pepperstake,12,0,0,76,0.969988,19.3998,ok,76,0.969988,19.3998,ok,2500,1425,Common,false,false,false
2055,38.7916,1099637670191,438904,,9,62.425,37.455,406,0.033413,0.6683,ok,406,0.033413,0.6683,ok,420,420,Common,false,false,false
2056,38.7836,1099595973491,401910,,11,0,0,77,0.969588,19.3918,ok,77,0.969588,19.3918,ok,2500,1399,Common,false,false,false
2057,38.7836,1099595990805,401911,,12,0,0,77,0.969588,19.3918,ok,77,0.969588,19.3918,ok,2500,1425,Common,false,false,false
2058,38.7676,1099595973492,401910,,11,0,0,78,0.969188,19.3838,ok,78,0.969188,19.3838,ok,2500,1399,Common,false,false,false
2059,38.7676,1099595990806,401911,,12,0,0,78,0.969188,19.3838,ok,78,0.969188,19.3838,ok,2500,1425,Common,false,false,false
2060,38.7626,1099997876972,435457,yoitscharlie,10,56.7227,34.0336,538,0.118227,2.3645,ok,538,0.118227,2.3645,ok,610,454,Common,false,false,false
2061,38.7613,1099998509458,441677,yoitscharlie,8,63.7155,38.2293,372,0.013298,0.266,ok,372,0.013298,0.266,ok,377,144,Uncommon,false,false,false
2062,38.7516,1099595973493,401910,itbqy.wam,11,0,0,79,0.968788,19.3758,ok,79,0.968788,19.3758,ok,2500,1399,Common,false,false,false
2063,38.7516,1099595990807,401911,,12,0,0,79,0.968788,19.3758,ok,79,0.968788,19.3758,ok,2500,1425,Common,false,false,false
2064,38.7354,1099595973494,401910,pepperstake,11,0,0,80,0.968387,19.3677,ok,80,0.968387,19.3677,ok,2500,1399,Common,false,false,false
2065,38.7354,1099595990808,401911,pepperstake,12,0,0,80,0.968387,19.3677,ok,80,0.968387,19.3677,ok,2500,1425,Common,false,false,false
2066,38.7194,1099595973495,401910,,11,0,0,81,0.967987,19.3597,ok,81,0.967987,19.3597,ok,2500,1399,Common,false,false,false
2067,38.7194,1099595990809,401911,pepperstake,12,0,0,81,0.967987,19.3597,ok,81,0.967987,19.3597,ok,2500,1425,Common,false,false,false
2068,38.7034,1099595973496,401910,kwurg.wam,11,0,0,82,0.967587,19.3517,ok,82,0.967587,19.3517,ok,2500,1399,Common,false,false,false
2069,38.7034,1099595990810,401911,,12,0,0,82,0.967587,19.3517,ok,82,0.967587,19.3517,ok,2500,1425,Common,false,false,false
2070,38.697,1099997876973,435457,yoitscharlie,10,56.7227,34.0336,539,0.116585,2.3317,ok,539,0.116585,2.3317,ok,610,454,Common,false,false,false
2071,38.696,1099637670192,438904,,9,62.425,37.455,407,0.031026,0.6205,ok,407,0.031026,0.6205,ok,420,420,Common,false,false,false
2072,38.6874,1099595973497,401910,,11,0,0,83,0.967187,19.3437,ok,83,0.967187,19.3437,ok,2500,1399,Common,false,false,false
2073,38.6874,1099595990811,401911,,12,0,0,83,0.967187,19.3437,ok,83,0.967187,19.3437,ok,2500,1425,Common,false,false,false
2074,38.6714,1099595973498,401910,pepperstake,11,0,0,84,0.966787,19.3357,ok,84,0.966787,19.3357,ok,2500,1399,Common,false,false,false
2075,38.6714,1099595990812,401911,,12,0,0,84,0.966787,19.3357,ok,84,0.966787,19.3357,ok,2500,1425,Common,false,false,false
2076,38.6554,1099595973499,401910,,11,0,0,85,0.966387,19.3277,ok,85,0.966387,19.3277,ok,2500,1399,Common,false,false,false
2077,38.6554,1099595990813,401911,,12,0,0,85,0.966387,19.3277,ok,85,0.966387,19.3277,ok,2500,1425,Common,false,false,false
2078,38.6549,1099998509459,441677,yoitscharlie,8,63.7155,38.2293,373,0.010638,0.2128,ok,373,0.010638,0.2128,ok,377,144,Uncommon,false,false,false
2079,38.6394,1099595973500,401910,,11,0,0,86,0.965986,19.3197,ok,86,0.965986,19.3197,ok,2500,1399,Common,false,false,false
2080,38.6394,1099595990814,401911,,12,0,0,86,0.965986,19.3197,ok,86,0.965986,19.3197,ok,2500,1425,Common,false,false,false
2081,38.6314,1099997876974,435457,yoitscharlie,10,56.7227,34.0336,540,0.114943,2.2989,ok,540,0.114943,2.2989,ok,610,454,Common,false,false,false
2082,38.6234,1099595973501,401910,pepperstake,11,0,0,87,0.965586,19.3117,ok,87,0.965586,19.3117,ok,2500,1399,Common,false,false,false
2083,38.6234,1099595990815,401911,,12,0,0,87,0.965586,19.3117,ok,87,0.965586,19.3117,ok,2500,1425,Common,false,false,false
2084,38.6074,1099595973502,401910,yoitscharlie,11,0,0,88,0.965186,19.3037,ok,88,0.965186,19.3037,ok,2500,1399,Common,false,false,false
2085,38.6074,1099595990816,401911,fs1r2.wam,12,0,0,88,0.965186,19.3037,ok,88,0.965186,19.3037,ok,2500,1425,Common,false,false,false
2086,38.6006,1099637670193,438904,,9,62.425,37.455,408,0.02864,0.5728,ok,408,0.02864,0.5728,ok,420,420,Common,false,false,false
2087,38.5914,1099595973503,401910,yoitscharlie,11,0,0,89,0.964786,19.2957,ok,89,0.964786,19.2957,ok,2500,1399,Common,false,false,false
2088,38.5914,1099595990817,401911,fs1r2.wam,12,0,0,89,0.964786,19.2957,ok,89,0.964786,19.2957,ok,2500,1425,Common,false,false,false
2089,38.5754,1099595973504,401910,gnarl.gm,11,0,0,90,0.964386,19.2877,ok,90,0.964386,19.2877,ok,2500,1399,Common,false,false,false
2090,38.5754,1099595990818,401911,fs1r2.wam,12,0,0,90,0.964386,19.2877,ok,90,0.964386,19.2877,ok,2500,1425,Common,false,false,false
2091,38.5656,1099997876975,435457,yoitscharlie,10,56.7227,34.0336,541,0.1133,2.266,ok,541,0.1133,2.266,ok,610,454,Common,false,false,false
2092,38.5594,1099595973505,401910,,11,0,0,91,0.963986,19.2797,ok,91,0.963986,19.2797,ok,2500,1399,Common,false,false,false
2093,38.5594,1099595990819,401911,fs1r2.wam,12,0,0,91,0.963986,19.2797,ok,91,0.963986,19.2797,ok,2500,1425,Common,false,false,false
2094,38.5485,1099998509460,441677,yoitscharlie,8,63.7155,38.2293,374,0.007979,0.1596,ok,374,0.007979,0.1596,ok,377,144,Uncommon,false,false,false
2095,38.5434,1099595973506,401910,,11,0,0,92,0.963585,19.2717,ok,92,0.963585,19.2717,ok,2500,1399,Common,false,false,false
2096,38.5434,1099595990820,401911,,12,0,0,92,0.963585,19.2717,ok,92,0.963585,19.2717,ok,2500,1425,Common,false,false,false
2097,38.5274,1099595973507,401910,,11,0,0,93,0.963185,19.2637,ok,93,0.963185,19.2637,ok,2500,1399,Common,false,false,false
2098,38.5274,1099595990821,401911,,12,0,0,93,0.963185,19.2637,ok,93,0.963185,19.2637,ok,2500,1425,Common,false,false,false
2099,38.5114,1099595973508,401910,vvrva.wam,11,0,0,94,0.962785,19.2557,ok,94,0.962785,19.2557,ok,2500,1399,Common,false,false,false
2100,38.5114,1099595990822,401911,,12,0,0,94,0.962785,19.2557,ok,94,0.962785,19.2557,ok,2500,1425,Common,false,false,false
2101,38.5052,1099637670194,438904,,9,62.425,37.455,409,0.026253,0.5251,ok,409,0.026253,0.5251,ok,420,420,Common,false,false,false
2102,38.5,1099997876976,435457,yoitscharlie,10,56.7227,34.0336,542,0.111658,2.2332,ok,542,0.111658,2.2332,ok,610,454,Common,false,false,false
2103,38.4954,1099595973509,401910,,11,0,0,95,0.962385,19.2477,ok,95,0.962385,19.2477,ok,2500,1399,Common,false,false,false
2104,38.4954,1099595990823,401911,,12,0,0,95,0.962385,19.2477,ok,95,0.962385,19.2477,ok,2500,1425,Common,false,false,false
2105,38.4794,1099595973510,401910,wfor4.wam,11,0,0,96,0.961985,19.2397,ok,96,0.961985,19.2397,ok,2500,1399,Common,false,false,false
2106,38.4794,1099595990824,401911,,12,0,0,96,0.961985,19.2397,ok,96,0.961985,19.2397,ok,2500,1425,Common,false,false,false
2107,38.4634,1099595973511,401910,pepperstake,11,0,0,97,0.961585,19.2317,ok,97,0.961585,19.2317,ok,2500,1399,Common,false,false,false
2108,38.4634,1099595990825,401911,,12,0,0,97,0.961585,19.2317,ok,97,0.961585,19.2317,ok,2500,1425,Common,false,false,false
2109,38.4474,1099595973512,401910,,11,0,0,98,0.961184,19.2237,ok,98,0.961184,19.2237,ok,2500,1399,Common,false,false,false
2110,38.4474,1099595990826,401911,2uhdy.wam,12,0,0,98,0.961184,19.2237,ok,98,0.961184,19.2237,ok,2500,1425,Common,false,false,false
2111,38.4421,1099998509461,441677,yoitscharlie,8,63.7155,38.2293,375,0.005319,0.1064,ok,375,0.005319,0.1064,ok,377,144,Uncommon,false,false,false
2112,38.4342,1099997876977,435457,yoitscharlie,10,56.7227,34.0336,543,0.110016,2.2003,ok,543,0.110016,2.2003,ok,610,454,Common,false,false,false
2113,38.4314,1099595973513,401910,pepperstake,11,0,0,99,0.960784,19.2157,ok,99,0.960784,19.2157,ok,2500,1399,Common,false,false,false
2114,38.4314,1099595990827,401911,pepperstake,12,0,0,99,0.960784,19.2157,ok,99,0.960784,19.2157,ok,2500,1425,Common,false,false,false
2115,38.4154,1099595973514,401910,2tmay.wam,11,0,0,100,0.960384,19.2077,ok,100,0.960384,19.2077,ok,2500,1399,Common,false,false,false
2116,38.4154,1099595990828,401911,,12,0,0,100,0.960384,19.2077,ok,100,0.960384,19.2077,ok,2500,1425,Common,false,false,false
2117,38.4096,1099637670195,438904,,9,62.425,37.455,410,0.023866,0.4773,ok,410,0.023866,0.4773,ok,420,420,Common,false,false,false
2118,38.3994,1099595973897,401910,vudec.wam,11,0,0,101,0.959984,19.1997,ok,101,0.959984,19.1997,ok,2500,1399,Common,false,false,false
2119,38.3994,1099597727754,401911,pepperstake,12,0,0,101,0.959984,19.1997,ok,101,0.959984,19.1997,ok,2500,1425,Common,false,false,false
2120,38.3834,1099595973898,401910,,11,0,0,102,0.959584,19.1917,ok,102,0.959584,19.1917,ok,2500,1399,Common,false,false,false
2121,38.3834,1099597727755,401911,kelin.gm,12,0,0,102,0.959584,19.1917,ok,102,0.959584,19.1917,ok,2500,1425,Common,false,false,false
2122,38.3686,1099997876978,435457,yoitscharlie,10,56.7227,34.0336,544,0.108374,2.1675,ok,544,0.108374,2.1675,ok,610,454,Common,false,false,false
2123,38.3674,1099595973899,401910,,11,0,0,103,0.959184,19.1837,ok,103,0.959184,19.1837,ok,2500,1399,Common,false,false,false
2124,38.3674,1099597727756,401911,,12,0,0,103,0.959184,19.1837,ok,103,0.959184,19.1837,ok,2500,1425,Common,false,false,false
2125,38.3514,1099595973900,401910,vvrva.wam,11,0,0,104,0.958784,19.1757,ok,104,0.958784,19.1757,ok,2500,1399,Common,false,false,false
2126,38.3514,1099597727757,401911,,12,0,0,104,0.958784,19.1757,ok,104,0.958784,19.1757,ok,2500,1425,Common,false,false,false
2127,38.3357,1099998509462,441677,yoitscharlie,8,63.7155,38.2293,376,0.00266,0.0532,ok,376,0.00266,0.0532,ok,377,144,Uncommon,false,false,false
2128,38.3354,1099595973901,401910,,11,0,0,105,0.958383,19.1677,ok,105,0.958383,19.1677,ok,2500,1399,Common,false,false,false
2129,38.3354,1099597727758,401911,,12,0,0,105,0.958383,19.1677,ok,105,0.958383,19.1677,ok,2500,1425,Common,false,false,false
2130,38.3194,1099595973902,401910,gnarl.gm,11,0,0,106,0.957983,19.1597,ok,106,0.957983,19.1597,ok,2500,1399,Common,false,false,false
2131,38.3194,1099597727759,401911,,12,0,0,106,0.957983,19.1597,ok,106,0.957983,19.1597,ok,2500,1425,Common,false,false,false
2132,38.3142,1099637670196,438904,,9,62.425,37.455,411,0.02148,0.4296,ok,411,0.02148,0.4296,ok,420,420,Common,false,false,false
2133,38.3034,1099595973903,401910,,11,0,0,107,0.957583,19.1517,ok,107,0.957583,19.1517,ok,2500,1399,Common,false,false,false
2134,38.3034,1099597727760,401911,j4iw2.wam,12,0,0,107,0.957583,19.1517,ok,107,0.957583,19.1517,ok,2500,1425,Common,false,false,false
2135,38.3028,1099997876979,435457,yoitscharlie,10,56.7227,34.0336,545,0.106732,2.1346,ok,545,0.106732,2.1346,ok,610,454,Common,false,false,false
2136,38.2874,1099595973904,401910,,11,0,0,108,0.957183,19.1437,ok,108,0.957183,19.1437,ok,2500,1399,Common,false,false,false
2137,38.2874,1099597727761,401911,,12,0,0,108,0.957183,19.1437,ok,108,0.957183,19.1437,ok,2500,1425,Common,false,false,false
2138,38.2714,1099595973905,401910,,11,0,0,109,0.956783,19.1357,ok,109,0.956783,19.1357,ok,2500,1399,Common,false,false,false
2139,38.2714,1099597727762,401911,,12,0,0,109,0.956783,19.1357,ok,109,0.956783,19.1357,ok,2500,1425,Common,false,false,false
2140,38.2554,1099595973906,401910,l.5b2.wam,11,0,0,110,0.956383,19.1277,ok,110,0.956383,19.1277,ok,2500,1399,Common,false,false,false
2141,38.2554,1099597727763,401911,,12,0,0,110,0.956383,19.1277,ok,110,0.956383,19.1277,ok,2500,1425,Common,false,false,false
2142,38.2392,1099595973907,401910,pepperstake,11,0,0,111,0.955982,19.1196,ok,111,0.955982,19.1196,ok,2500,1399,Common,false,false,false
2143,38.2392,1099597727764,401911,cawaw.wam,12,0,0,111,0.955982,19.1196,ok,111,0.955982,19.1196,ok,2500,1425,Common,false,false,false
2144,38.2372,1099997876980,435457,yoitscharlie,10,56.7227,34.0336,546,0.10509,2.1018,ok,546,0.10509,2.1018,ok,610,454,Common,false,false,false
2145,38.2293,1099998509463,441677,yoitscharlie,8,63.7155,38.2293,377,0,0,ok,377,0,0,ok,377,144,Uncommon,false,false,false
2146,38.2232,1099595973908,401910,harambe.gm,11,0,0,112,0.955582,19.1116,ok,112,0.955582,19.1116,ok,2500,1399,Common,false,false,false
2147,38.2232,1099597727765,401911,,12,0,0,112,0.955582,19.1116,ok,112,0.955582,19.1116,ok,2500,1425,Common,false,false,false
2148,38.2188,1099637670197,438904,,9,62.425,37.455,412,0.019093,0.3819,ok,412,0.019093,0.3819,ok,420,420,Common,false,false,false
2149,38.2072,1099595973909,401910,wqhb.wam,11,0,0,113,0.955182,19.1036,ok,113,0.955182,19.1036,ok,2500,1399,Common,false,false,false
2150,38.2072,1099597727766,401911,wfor4.wam,12,0,0,113,0.955182,19.1036,ok,113,0.955182,19.1036,ok,2500,1425,Common,false,false,false
2151,38.1912,1099595973910,401910,,11,0,0,114,0.954782,19.0956,ok,114,0.954782,19.0956,ok,2500,1399,Common,false,false,false
2152,38.1912,1099597727767,401911,,12,0,0,114,0.954782,19.0956,ok,114,0.954782,19.0956,ok,2500,1425,Common,false,false,false
2153,38.1752,1099595973911,401910,,11,0,0,115,0.954382,19.0876,ok,115,0.954382,19.0876,ok,2500,1399,Common,false,false,false
2154,38.1752,1099597727768,401911,pepperstake,12,0,0,115,0.954382,19.0876,ok,115,0.954382,19.0876,ok,2500,1425,Common,false,false,false
2155,38.1716,1099997876981,435457,yoitscharlie,10,56.7227,34.0336,547,0.103448,2.069,ok,547,0.103448,2.069,ok,610,454,Common,false,false,false
2156,38.1592,1099595973912,401910,,11,0,0,116,0.953982,19.0796,ok,116,0.953982,19.0796,ok,2500,1399,Common,false,false,false
2157,38.1592,1099597727769,401911,t.rbs.wam,12,0,0,116,0.953982,19.0796,ok,116,0.953982,19.0796,ok,2500,1425,Common,false,false,false
2158,38.1432,1099595973913,401910,krfr.wam,11,0,0,117,0.953581,19.0716,ok,117,0.953581,19.0716,ok,2500,1399,Common,false,false,false
2159,38.1432,1099597727770,401911,,12,0,0,117,0.953581,19.0716,ok,117,0.953581,19.0716,ok,2500,1425,Common,false,false,false
2160,38.1272,1099595973914,401910,om.be.wam,11,0,0,118,0.953181,19.0636,ok,118,0.953181,19.0636,ok,2500,1399,Common,false,false,false
2161,38.1272,1099597727771,401911,,12,0,0,118,0.953181,19.0636,ok,118,0.953181,19.0636,ok,2500,1425,Common,false,false,false
2162,38.1232,1099637670198,438904,,9,62.425,37.455,413,0.016706,0.3341,ok,413,0.016706,0.3341,ok,420,420,Common,false,false,false
2163,38.1112,1099595973915,401910,n4ure.wam,11,0,0,119,0.952781,19.0556,ok,119,0.952781,19.0556,ok,2500,1399,Common,false,false,false
2164,38.1112,1099597727772,401911,,12,0,0,119,0.952781,19.0556,ok,119,0.952781,19.0556,ok,2500,1425,Common,false,false,false
2165,38.1058,1099997876982,435457,yoitscharlie,10,56.7227,34.0336,548,0.101806,2.0361,ok,548,0.101806,2.0361,ok,610,454,Common,false,false,false
2166,38.0952,1099595973916,401910,pepperstake,11,0,0,120,0.952381,19.0476,ok,120,0.952381,19.0476,ok,2500,1399,Common,false,false,false
2167,38.0952,1099597727773,401911,cawaw.wam,12,0,0,120,0.952381,19.0476,ok,120,0.952381,19.0476,ok,2500,1425,Common,false,false,false
2168,38.0792,1099595973917,401910,qooei.wam,11,0,0,121,0.951981,19.0396,ok,121,0.951981,19.0396,ok,2500,1399,Common,false,false,false
2169,38.0792,1099597727774,401911,3rnb.wam,12,0,0,121,0.951981,19.0396,ok,121,0.951981,19.0396,ok,2500,1425,Common,false,false,false
2170,38.0632,1099595973918,401910,y3er4.wam,11,0,0,122,0.951581,19.0316,ok,122,0.951581,19.0316,ok,2500,1399,Common,false,false,false
2171,38.0632,1099597727775,401911,pydaw.wam,12,0,0,122,0.951581,19.0316,ok,122,0.951581,19.0316,ok,2500,1425,Common,false,false,false
2172,38.0472,1099595973919,401910,eavfk.wam,11,0,0,123,0.95118,19.0236,ok,123,0.95118,19.0236,ok,2500,1399,Common,false,false,false
2173,38.0472,1099597727776,401911,,12,0,0,123,0.95118,19.0236,ok,123,0.95118,19.0236,ok,2500,1425,Common,false,false,false
2174,38.0402,1099997876983,435457,yoitscharlie,10,56.7227,34.0336,549,0.100164,2.0033,ok,549,0.100164,2.0033,ok,610,454,Common,false,false,false
2175,38.0312,1099595973920,401910,2bfr4.wam,11,0,0,124,0.95078,19.0156,ok,124,0.95078,19.0156,ok,2500,1399,Common,false,false,false
2176,38.0312,1099597727777,401911,,12,0,0,124,0.95078,19.0156,ok,124,0.95078,19.0156,ok,2500,1425,Common,false,false,false
2177,38.0278,1099637670199,438904,,9,62.425,37.455,414,0.01432,0.2864,ok,414,0.01432,0.2864,ok,420,420,Common,false,false,false
2178,38.0152,1099595973921,401910,nnequ.wam,11,0,0,125,0.95038,19.0076,ok,125,0.95038,19.0076,ok,2500,1399,Common,false,false,false
2179,38.0152,1099597727778,401911,,12,0,0,125,0.95038,19.0076,ok,125,0.95038,19.0076,ok,2500,1425,Common,false,false,false
2180,37.9992,1099595973922,401910,e1xho.wam,11,0,0,126,0.94998,18.9996,ok,126,0.94998,18.9996,ok,2500,1399,Common,false,false,false
2181,37.9992,1099597727779,401911,zpbeq.wam,12,0,0,126,0.94998,18.9996,ok,126,0.94998,18.9996,ok,2500,1425,Common,false,false,false
2182,37.9832,1099595973923,401910,eclqy.wam,11,0,0,127,0.94958,18.9916,ok,127,0.94958,18.9916,ok,2500,1399,Common,false,false,false
2183,37.9832,1099597727780,401911,zuwb4.wam,12,0,0,127,0.94958,18.9916,ok,127,0.94958,18.9916,ok,2500,1425,Common,false,false,false
2184,37.9744,1099997876984,435457,yoitscharlie,10,56.7227,34.0336,550,0.098522,1.9704,ok,550,0.098522,1.9704,ok,610,454,Common,false,false,false
2185,37.9672,1099595973924,401910,goodvibescmv,11,0,0,128,0.94918,18.9836,ok,128,0.94918,18.9836,ok,2500,1399,Common,false,false,false
2186,37.9672,1099597727781,401911,qu.qu.wam,12,0,0,128,0.94918,18.9836,ok,128,0.94918,18.9836,ok,2500,1425,Common,false,false,false
2187,37.9512,1099595973925,401910,,11,0,0,129,0.94878,18.9756,ok,129,0.94878,18.9756,ok,2500,1399,Common,false,false,false
2188,37.9512,1099597727782,401911,1ahxs.wam,12,0,0,129,0.94878,18.9756,ok,129,0.94878,18.9756,ok,2500,1425,Common,false,false,false
2189,37.9352,1099595973926,401910,cwzqw.wam,11,0,0,130,0.948379,18.9676,ok,130,0.948379,18.9676,ok,2500,1399,Common,false,false,false
2190,37.9352,1099597727783,401911,cgzgw.wam,12,0,0,130,0.948379,18.9676,ok,130,0.948379,18.9676,ok,2500,1425,Common,false,false,false
2191,37.9324,1099637670200,438904,,9,62.425,37.455,415,0.011933,0.2387,ok,415,0.011933,0.2387,ok,420,420,Common,false,false,false
2192,37.9192,1099595973927,401910,cwzqw.wam,11,0,0,131,0.947979,18.9596,ok,131,0.947979,18.9596,ok,2500,1399,Common,false,false,false
2193,37.9192,1099597727784,401911,,12,0,0,131,0.947979,18.9596,ok,131,0.947979,18.9596,ok,2500,1425,Common,false,false,false
2194,37.9088,1099997876985,435457,yoitscharlie,10,56.7227,34.0336,551,0.09688,1.9376,ok,551,0.09688,1.9376,ok,610,454,Common,false,false,false
2195,37.9032,1099595973928,401910,pepperstake,11,0,0,132,0.947579,18.9516,ok,132,0.947579,18.9516,ok,2500,1399,Common,false,false,false
2196,37.9032,1099597727785,401911,gimr.wam,12,0,0,132,0.947579,18.9516,ok,132,0.947579,18.9516,ok,2500,1425,Common,false,false,false
2197,37.8872,1099595973929,401910,pepperstake,11,0,0,133,0.947179,18.9436,ok,133,0.947179,18.9436,ok,2500,1399,Common,false,false,false
2198,37.8872,1099597727786,401911,zcuum.wam,12,0,0,133,0.947179,18.9436,ok,133,0.947179,18.9436,ok,2500,1425,Common,false,false,false
2199,37.8712,1099595973930,401910,,11,0,0,134,0.946779,18.9356,ok,134,0.946779,18.9356,ok,2500,1399,Common,false,false,false
2200,37.8712,1099597727787,401911,anwug.wam,12,0,0,134,0.946779,18.9356,ok,134,0.946779,18.9356,ok,2500,1425,Common,false,false,false
2201,37.8552,1099595973931,401910,,11,0,0,135,0.946379,18.9276,ok,135,0.946379,18.9276,ok,2500,1399,Common,false,false,false
2202,37.8552,1099597727788,401911,vcwu4.wam,12,0,0,135,0.946379,18.9276,ok,135,0.946379,18.9276,ok,2500,1425,Common,false,false,false
2203,37.8432,1099997876986,435457,yoitscharlie,10,56.7227,34.0336,552,0.095238,1.9048,ok,552,0.095238,1.9048,ok,610,454,Common,false,false,false
2204,37.8392,1099595973932,401910,,11,0,0,136,0.945978,18.9196,ok,136,0.945978,18.9196,ok,2500,1399,Common,false,false,false
2205,37.8392,1099597727789,401911,,12,0,0,136,0.945978,18.9196,ok,136,0.945978,18.9196,ok,2500,1425,Common,false,false,false
2206,37.8368,1099637670201,438904,,9,62.425,37.455,416,0.009547,0.1909,ok,416,0.009547,0.1909,ok,420,420,Common,false,false,false
2207,37.8232,1099595973933,401910,,11,0,0,137,0.945578,18.9116,ok,137,0.945578,18.9116,ok,2500,1399,Common,false,false,false
2208,37.8232,1099597727790,401911,,12,0,0,137,0.945578,18.9116,ok,137,0.945578,18.9116,ok,2500,1425,Common,false,false,false
2209,37.8072,1099595973934,401910,q4oia.wam,11,0,0,138,0.945178,18.9036,ok,138,0.945178,18.9036,ok,2500,1399,Common,false,false,false
2210,37.8072,1099597727791,401911,4jjrm.wam,12,0,0,138,0.945178,18.9036,ok,138,0.945178,18.9036,ok,2500,1425,Common,false,false,false
2211,37.7912,1099595973935,401910,wfor4.wam,11,0,0,139,0.944778,18.8956,ok,139,0.944778,18.8956,ok,2500,1399,Common,false,false,false
2212,37.7912,1099597727792,401911,4.4r.wam,12,0,0,139,0.944778,18.8956,ok,139,0.944778,18.8956,ok,2500,1425,Common,false,false,false
2213,37.7774,1099997876987,435457,yoitscharlie,10,56.7227,34.0336,553,0.093596,1.8719,ok,553,0.093596,1.8719,ok,610,454,Common,false,false,false
2214,37.7752,1099595973936,401910,jvlb4.wam,11,0,0,140,0.944378,18.8876,ok,140,0.944378,18.8876,ok,2500,1399,Common,false,false,false
2215,37.7752,1099597727793,401911,,12,0,0,140,0.944378,18.8876,ok,140,0.944378,18.8876,ok,2500,1425,Common,false,false,false
2216,37.7592,1099595973937,401910,,11,0,0,141,0.943978,18.8796,ok,141,0.943978,18.8796,ok,2500,1399,Common,false,false,false
2217,37.7592,1099597727794,401911,,12,0,0,141,0.943978,18.8796,ok,141,0.943978,18.8796,ok,2500,1425,Common,false,false,false
2218,37.743,1099595973938,401910,,11,0,0,142,0.943577,18.8715,ok,142,0.943577,18.8715,ok,2500,1399,Common,false,false,false
2219,37.743,1099597727795,401911,rvjqu.wam,12,0,0,142,0.943577,18.8715,ok,142,0.943577,18.8715,ok,2500,1425,Common,false,false,false
2220,37.7414,1099637670202,438904,,9,62.425,37.455,417,0.00716,0.1432,ok,417,0.00716,0.1432,ok,420,420,Common,false,false,false
2221,37.727,1099595973939,401910,,11,0,0,143,0.943177,18.8635,ok,143,0.943177,18.8635,ok,2500,1399,Common,false,false,false
2222,37.727,1099597727796,401911,,12,0,0,143,0.943177,18.8635,ok,143,0.943177,18.8635,ok,2500,1425,Common,false,false,false
2223,37.7118,1099997876988,435457,yoitscharlie,10,56.7227,34.0336,554,0.091954,1.8391,ok,554,0.091954,1.8391,ok,610,454,Common,false,false,false
2224,37.711,1099595973940,401910,yoitscharlie,11,0,0,144,0.942777,18.8555,ok,144,0.942777,18.8555,ok,2500,1399,Common,false,false,false
2225,37.711,1099597727797,401911,ocrhe.wam,12,0,0,144,0.942777,18.8555,ok,144,0.942777,18.8555,ok,2500,1425,Common,false,false,false
2226,37.695,1099595973941,401910,,11,0,0,145,0.942377,18.8475,ok,145,0.942377,18.8475,ok,2500,1399,Common,false,false,false
2227,37.695,1099597727798,401911,pepperstake,12,0,0,145,0.942377,18.8475,ok,145,0.942377,18.8475,ok,2500,1425,Common,false,false,false
2228,37.679,1099595973942,401910,,11,0,0,146,0.941977,18.8395,ok,146,0.941977,18.8395,ok,2500,1399,Common,false,false,false
2229,37.679,1099597727799,401911,,12,0,0,146,0.941977,18.8395,ok,146,0.941977,18.8395,ok,2500,1425,Common,false,false,false
2230,37.663,1099595973943,401910,,11,0,0,147,0.941577,18.8315,ok,147,0.941577,18.8315,ok,2500,1399,Common,false,false,false
2231,37.663,1099597727800,401911,,12,0,0,147,0.941577,18.8315,ok,147,0.941577,18.8315,ok,2500,1425,Common,false,false,false
2232,37.647,1099595973944,401910,,11,0,0,148,0.941176,18.8235,ok,148,0.941176,18.8235,ok,2500,1399,Common,false,false,false
2233,37.647,1099597727801,401911,,12,0,0,148,0.941176,18.8235,ok,148,0.941176,18.8235,ok,2500,1425,Common,false,false,false
2234,37.646,1099637670203,438904,,9,62.425,37.455,418,0.004773,0.0955,ok,418,0.004773,0.0955,ok,420,420,Common,false,false,false
2235,37.646,1099997877684,435457,yoitscharlie,10,56.7227,34.0336,555,0.090312,1.8062,ok,555,0.090312,1.8062,ok,610,454,Common,false,false,false
2236,37.631,1099595973945,401910,,11,0,0,149,0.940776,18.8155,ok,149,0.940776,18.8155,ok,2500,1399,Common,false,false,false
2237,37.631,1099597727802,401911,3klrm.wam,12,0,0,149,0.940776,18.8155,ok,149,0.940776,18.8155,ok,2500,1425,Common,false,false,false
2238,37.615,1099595973946,401910,,11,0,0,150,0.940376,18.8075,ok,150,0.940376,18.8075,ok,2500,1399,Common,false,false,false
2239,37.615,1099597727803,401911,,12,0,0,150,0.940376,18.8075,ok,150,0.940376,18.8075,ok,2500,1425,Common,false,false,false
2240,37.599,1099595973947,401910,,11,0,0,151,0.939976,18.7995,ok,151,0.939976,18.7995,ok,2500,1399,Common,false,false,false
2241,37.599,1099597727804,401911,,12,0,0,151,0.939976,18.7995,ok,151,0.939976,18.7995,ok,2500,1425,Common,false,false,false
2242,37.583,1099595973948,401910,,11,0,0,152,0.939576,18.7915,ok,152,0.939576,18.7915,ok,2500,1399,Common,false,false,false
2243,37.583,1099597727805,401911,pepperstake,12,0,0,152,0.939576,18.7915,ok,152,0.939576,18.7915,ok,2500,1425,Common,false,false,false
2244,37.5804,1099997877685,435457,yoitscharlie,10,56.7227,34.0336,556,0.08867,1.7734,ok,556,0.08867,1.7734,ok,610,454,Common,false,false,false
2245,37.567,1099595973949,401910,,11,0,0,153,0.939176,18.7835,ok,153,0.939176,18.7835,ok,2500,1399,Common,false,false,false
2246,37.567,1099597727806,401911,,12,0,0,153,0.939176,18.7835,ok,153,0.939176,18.7835,ok,2500,1425,Common,false,false,false
2247,37.551,1099595973950,401910,,11,0,0,154,0.938776,18.7755,ok,154,0.938776,18.7755,ok,2500,1399,Common,false,false,false
2248,37.551,1099597727807,401911,q4oia.wam,12,0,0,154,0.938776,18.7755,ok,154,0.938776,18.7755,ok,2500,1425,Common,false,false,false
2249,37.5504,1099637670204,438904,,9,62.425,37.455,419,0.002387,0.0477,ok,419,0.002387,0.0477,ok,420,420,Common,false,false,false
2250,37.535,1099595973951,401910,,11,0,0,155,0.938375,18.7675,ok,155,0.938375,18.7675,ok,2500,1399,Common,false,false,false
2251,37.535,1099597727808,401911,cgar.wam,12,0,0,155,0.938375,18.7675,ok,155,0.938375,18.7675,ok,2500,1425,Common,false,false,false
2252,37.519,1099595973952,401910,,11,0,0,156,0.937975,18.7595,ok,156,0.937975,18.7595,ok,2500,1399,Common,false,false,false
2253,37.519,1099597727809,401911,cwzqw.wam,12,0,0,156,0.937975,18.7595,ok,156,0.937975,18.7595,ok,2500,1425,Common,false,false,false
2254,37.5148,1099997877686,435457,yoitscharlie,10,56.7227,34.0336,557,0.087028,1.7406,ok,557,0.087028,1.7406,ok,610,454,Common,false,false,false
2255,37.503,1099595973953,401910,,11,0,0,157,0.937575,18.7515,ok,157,0.937575,18.7515,ok,2500,1399,Common,false,false,false
2256,37.503,1099597727810,401911,vqkmi.c.wam,12,0,0,157,0.937575,18.7515,ok,157,0.937575,18.7515,ok,2500,1425,Common,false,false,false
2257,37.487,1099595973954,401910,,11,0,0,158,0.937175,18.7435,ok,158,0.937175,18.7435,ok,2500,1399,Common,false,false,false
2258,37.487,1099597727811,401911,,12,0,0,158,0.937175,18.7435,ok,158,0.937175,18.7435,ok,2500,1425,Common,false,false,false
2259,37.471,1099595973955,401910,,11,0,0,159,0.936775,18.7355,ok,159,0.936775,18.7355,ok,2500,1399,Common,false,false,false
2260,37.471,1099597727812,401911,,12,0,0,159,0.936775,18.7355,ok,159,0.936775,18.7355,ok,2500,1425,Common,false,false,false
2261,37.455,1099637670205,438904,,9,62.425,37.455,420,0,0,ok,420,0,0,ok,420,420,Common,false,false,false
2262,37.455,1099595973956,401910,cwzqw.wam,11,0,0,160,0.936375,18.7275,ok,160,0.936375,18.7275,ok,2500,1399,Common,false,false,false
2263,37.455,1099597727813,401911,,12,0,0,160,0.936375,18.7275,ok,160,0.936375,18.7275,ok,2500,1425,Common,false,false,false
2264,37.449,1099997877687,435457,yoitscharlie,10,56.7227,34.0336,558,0.085386,1.7077,ok,558,0.085386,1.7077,ok,610,454,Common,false,false,false
2265,37.439,1099595973957,401910,yoitscharlie,11,0,0,161,0.935974,18.7195,ok,161,0.935974,18.7195,ok,2500,1399,Common,false,false,false
2266,37.439,1099597727814,401911,yoitscharlie,12,0,0,161,0.935974,18.7195,ok,161,0.935974,18.7195,ok,2500,1425,Common,false,false,false
2267,37.423,1099595973958,401910,,11,0,0,162,0.935574,18.7115,ok,162,0.935574,18.7115,ok,2500,1399,Common,false,false,false
2268,37.423,1099597727815,401911,tu5.q.c.wam,12,0,0,162,0.935574,18.7115,ok,162,0.935574,18.7115,ok,2500,1425,Common,false,false,false
2269,37.407,1099595973959,401910,trtni.c.wam,11,0,0,163,0.935174,18.7035,ok,163,0.935174,18.7035,ok,2500,1399,Common,false,false,false
2270,37.407,1099597727816,401911,,12,0,0,163,0.935174,18.7035,ok,163,0.935174,18.7035,ok,2500,1425,Common,false,false,false
2271,37.391,1099595973960,401910,,11,0,0,164,0.934774,18.6955,ok,164,0.934774,18.6955,ok,2500,1399,Common,false,false,false
2272,37.391,1099597727817,401911,,12,0,0,164,0.934774,18.6955,ok,164,0.934774,18.6955,ok,2500,1425,Common,false,false,false
2273,37.3834,1099997877688,435457,yoitscharlie,10,56.7227,34.0336,559,0.083744,1.6749,ok,559,0.083744,1.6749,ok,610,454,Common,false,false,false
2274,37.375,1099595973961,401910,,11,0,0,165,0.934374,18.6875,ok,165,0.934374,18.6875,ok,2500,1399,Common,false,false,false
2275,37.375,1099597727818,401911,4u2nvbnb1nft,12,0,0,165,0.934374,18.6875,ok,165,0.934374,18.6875,ok,2500,1425,Common,false,false,false
2276,37.359,1099595973962,401910,,11,0,0,166,0.933974,18.6795,ok,166,0.933974,18.6795,ok,2500,1399,Common,false,false,false
2277,37.359,1099597727819,401911,cwzqw.wam,12,0,0,166,0.933974,18.6795,ok,166,0.933974,18.6795,ok,2500,1425,Common,false,false,false
2278,37.343,1099595973963,401910,,11,0,0,167,0.933573,18.6715,ok,167,0.933573,18.6715,ok,2500,1399,Common,false,false,false
2279,37.343,1099597727820,401911,,12,0,0,167,0.933573,18.6715,ok,167,0.933573,18.6715,ok,2500,1425,Common,false,false,false
2280,37.327,1099595973964,401910,,11,0,0,168,0.933173,18.6635,ok,168,0.933173,18.6635,ok,2500,1399,Common,false,false,false
2281,37.327,1099597727821,401911,d2gfw.wam,12,0,0,168,0.933173,18.6635,ok,168,0.933173,18.6635,ok,2500,1425,Common,false,false,false
2282,37.3176,1099997877689,435457,yoitscharlie,10,56.7227,34.0336,560,0.082102,1.642,ok,560,0.082102,1.642,ok,610,454,Common,false,false,false
2283,37.311,1099595973965,401910,wfor4.wam,11,0,0,169,0.932773,18.6555,ok,169,0.932773,18.6555,ok,2500,1399,Common,false,false,false
2284,37.311,1099597727822,401911,,12,0,0,169,0.932773,18.6555,ok,169,0.932773,18.6555,ok,2500,1425,Common,false,false,false
2285,37.295,1099595973966,401910,,11,0,0,170,0.932373,18.6475,ok,170,0.932373,18.6475,ok,2500,1399,Common,false,false,false
2286,37.295,1099597727823,401911,pepperstake,12,0,0,170,0.932373,18.6475,ok,170,0.932373,18.6475,ok,2500,1425,Common,false,false,false
2287,37.279,1099595973967,401910,,11,0,0,171,0.931973,18.6395,ok,171,0.931973,18.6395,ok,2500,1399,Common,false,false,false
2288,37.279,1099597727824,401911,d1awq.wam,12,0,0,171,0.931973,18.6395,ok,171,0.931973,18.6395,ok,2500,1425,Common,false,false,false
2289,37.263,1099595973968,401910,,11,0,0,172,0.931573,18.6315,ok,172,0.931573,18.6315,ok,2500,1399,Common,false,false,false
2290,37.263,1099597727825,401911,pepperstake,12,0,0,172,0.931573,18.6315,ok,172,0.931573,18.6315,ok,2500,1425,Common,false,false,false
2291,37.252,1099997877690,435457,yoitscharlie,10,56.7227,34.0336,561,0.08046,1.6092,ok,561,0.08046,1.6092,ok,610,454,Common,false,false,false
2292,37.2468,1099595973969,401910,,11,0,0,173,0.931172,18.6234,ok,173,0.931172,18.6234,ok,2500,1399,Common,false,false,false
2293,37.2468,1099597727826,401911,vcwu4.wam,12,0,0,173,0.931172,18.6234,ok,173,0.931172,18.6234,ok,2500,1425,Common,false,false,false
2294,37.2308,1099595973970,401910,,11,0,0,174,0.930772,18.6154,ok,174,0.930772,18.6154,ok,2500,1399,Common,false,false,false
2295,37.2308,1099597727827,401911,,12,0,0,174,0.930772,18.6154,ok,174,0.930772,18.6154,ok,2500,1425,Common,false,false,false
2296,37.2148,1099595973971,401910,,11,0,0,175,0.930372,18.6074,ok,175,0.930372,18.6074,ok,2500,1399,Common,false,false,false
2297,37.2148,1099597727828,401911,vtdbi.wam,12,0,0,175,0.930372,18.6074,ok,175,0.930372,18.6074,ok,2500,1425,Common,false,false,false
2298,37.1988,1099595973972,401910,,11,0,0,176,0.929972,18.5994,ok,176,0.929972,18.5994,ok,2500,1399,Common,false,false,false
2299,37.1988,1099597727829,401911,pepperstake,12,0,0,176,0.929972,18.5994,ok,176,0.929972,18.5994,ok,2500,1425,Common,false,false,false
2300,37.1864,1099997877691,435457,yoitscharlie,10,56.7227,34.0336,562,0.078818,1.5764,ok,562,0.078818,1.5764,ok,610,454,Common,false,false,false
2301,37.1828,1099595973973,401910,pepperstake,11,0,0,177,0.929572,18.5914,ok,177,0.929572,18.5914,ok,2500,1399,Common,false,false,false
2302,37.1828,1099597727830,401911,,12,0,0,177,0.929572,18.5914,ok,177,0.929572,18.5914,ok,2500,1425,Common,false,false,false
2303,37.1668,1099595973974,401910,,11,0,0,178,0.929172,18.5834,ok,178,0.929172,18.5834,ok,2500,1399,Common,false,false,false
2304,37.1668,1099597727831,401911,jltgo.wam,12,0,0,178,0.929172,18.5834,ok,178,0.929172,18.5834,ok,2500,1425,Common,false,false,false
2305,37.1508,1099595973975,401910,,11,0,0,179,0.928772,18.5754,ok,179,0.928772,18.5754,ok,2500,1399,Common,false,false,false
2306,37.1508,1099597727832,401911,pepperstake,12,0,0,179,0.928772,18.5754,ok,179,0.928772,18.5754,ok,2500,1425,Common,false,false,false
2307,37.1348,1099595973976,401910,,11,0,0,180,0.928371,18.5674,ok,180,0.928371,18.5674,ok,2500,1399,Common,false,false,false
2308,37.1348,1099597727833,401911,,12,0,0,180,0.928371,18.5674,ok,180,0.928371,18.5674,ok,2500,1425,Common,false,false,false
2309,37.1206,1099997877692,435457,yoitscharlie,10,56.7227,34.0336,563,0.077176,1.5435,ok,563,0.077176,1.5435,ok,610,454,Common,false,false,false
2310,37.1188,1099595973977,401910,,11,0,0,181,0.927971,18.5594,ok,181,0.927971,18.5594,ok,2500,1399,Common,false,false,false
2311,37.1188,1099597727834,401911,,12,0,0,181,0.927971,18.5594,ok,181,0.927971,18.5594,ok,2500,1425,Common,false,false,false
2312,37.1028,1099595973978,401910,,11,0,0,182,0.927571,18.5514,ok,182,0.927571,18.5514,ok,2500,1399,Common,false,false,false
2313,37.1028,1099597727835,401911,,12,0,0,182,0.927571,18.5514,ok,182,0.927571,18.5514,ok,2500,1425,Common,false,false,false
2314,37.0868,1099595973979,401910,trtni.c.wam,11,0,0,183,0.927171,18.5434,ok,183,0.927171,18.5434,ok,2500,1399,Common,false,false,false
2315,37.0868,1099597727836,401911,kelin.gm,12,0,0,183,0.927171,18.5434,ok,183,0.927171,18.5434,ok,2500,1425,Common,false,false,false
2316,37.0708,1099595973980,401910,,11,0,0,184,0.926771,18.5354,ok,184,0.926771,18.5354,ok,2500,1399,Common,false,false,false
2317,37.0708,1099597727837,401911,sn4t2.wam,12,0,0,184,0.926771,18.5354,ok,184,0.926771,18.5354,ok,2500,1425,Common,false,false,false
2318,37.055,1099997877693,435457,yoitscharlie,10,56.7227,34.0336,564,0.075534,1.5107,ok,564,0.075534,1.5107,ok,610,454,Common,false,false,false
2319,37.0548,1099595973981,401910,,11,0,0,185,0.926371,18.5274,ok,185,0.926371,18.5274,ok,2500,1399,Common,false,false,false
2320,37.0548,1099597727838,401911,,12,0,0,185,0.926371,18.5274,ok,185,0.926371,18.5274,ok,2500,1425,Common,false,false,false
2321,37.0388,1099595973982,401910,,11,0,0,186,0.92597,18.5194,ok,186,0.92597,18.5194,ok,2500,1399,Common,false,false,false
2322,37.0388,1099597727839,401911,,12,0,0,186,0.92597,18.5194,ok,186,0.92597,18.5194,ok,2500,1425,Common,false,false,false
2323,37.0228,1099595973983,401910,,11,0,0,187,0.92557,18.5114,ok,187,0.92557,18.5114,ok,2500,1399,Common,false,false,false
2324,37.0228,1099597727840,401911,,12,0,0,187,0.92557,18.5114,ok,187,0.92557,18.5114,ok,2500,1425,Common,false,false,false
2325,37.0068,1099595973984,401910,,11,0,0,188,0.92517,18.5034,ok,188,0.92517,18.5034,ok,2500,1399,Common,false,false,false
2326,37.0068,1099597727841,401911,cwzqw.wam,12,0,0,188,0.92517,18.5034,ok,188,0.92517,18.5034,ok,2500,1425,Common,false,false,false
2327,36.9908,1099595973985,401910,,11,0,0,189,0.92477,18.4954,ok,189,0.92477,18.4954,ok,2500,1399,Common,false,false,false
2328,36.9908,1099597727842,401911,gwsbe.wam,12,0,0,189,0.92477,18.4954,ok,189,0.92477,18.4954,ok,2500,1425,Common,false,false,false
2329,36.9892,1099997877694,435457,yoitscharlie,10,56.7227,34.0336,565,0.073892,1.4778,ok,565,0.073892,1.4778,ok,610,454,Common,false,false,false
2330,36.9748,1099595973986,401910,kwurg.wam,11,0,0,190,0.92437,18.4874,ok,190,0.92437,18.4874,ok,2500,1399,Common,false,false,false
2331,36.9748,1099597727843,401911,,12,0,0,190,0.92437,18.4874,ok,190,0.92437,18.4874,ok,2500,1425,Common,false,false,false
2332,36.9588,1099595973987,401910,,11,0,0,191,0.92397,18.4794,ok,191,0.92397,18.4794,ok,2500,1399,Common,false,false,false
2333,36.9588,1099597727844,401911,3vpji.wam,12,0,0,191,0.92397,18.4794,ok,191,0.92397,18.4794,ok,2500,1425,Common,false,false,false
2334,36.9428,1099595973988,401910,,11,0,0,192,0.923569,18.4714,ok,192,0.923569,18.4714,ok,2500,1399,Common,false,false,false
2335,36.9428,1099597727845,401911,p2ory.wam,12,0,0,192,0.923569,18.4714,ok,192,0.923569,18.4714,ok,2500,1425,Common,false,false,false
2336,36.9268,1099595973989,401910,,11,0,0,193,0.923169,18.4634,ok,193,0.923169,18.4634,ok,2500,1399,Common,false,false,false
2337,36.9268,1099597727846,401911,,12,0,0,193,0.923169,18.4634,ok,193,0.923169,18.4634,ok,2500,1425,Common,false,false,false
2338,36.9236,1099997877695,435457,yoitscharlie,10,56.7227,34.0336,566,0.07225,1.445,ok,566,0.07225,1.445,ok,610,454,Common,false,false,false
2339,36.9108,1099595973990,401910,,11,0,0,194,0.922769,18.4554,ok,194,0.922769,18.4554,ok,2500,1399,Common,false,false,false
2340,36.9108,1099597727847,401911,,12,0,0,194,0.922769,18.4554,ok,194,0.922769,18.4554,ok,2500,1425,Common,false,false,false
2341,36.8948,1099595973991,401910,pepperstake,11,0,0,195,0.922369,18.4474,ok,195,0.922369,18.4474,ok,2500,1399,Common,false,false,false
2342,36.8948,1099597727848,401911,4eer2.wam,12,0,0,195,0.922369,18.4474,ok,195,0.922369,18.4474,ok,2500,1425,Common,false,false,false
2343,36.8788,1099595973992,401910,,11,0,0,196,0.921969,18.4394,ok,196,0.921969,18.4394,ok,2500,1399,Common,false,false,false
2344,36.8788,1099597727849,401911,,12,0,0,196,0.921969,18.4394,ok,196,0.921969,18.4394,ok,2500,1425,Common,false,false,false
2345,36.8628,1099595973993,401910,pepperstake,11,0,0,197,0.921569,18.4314,ok,197,0.921569,18.4314,ok,2500,1399,Common,false,false,false
2346,36.8628,1099597727850,401911,2szbk.wam,12,0,0,197,0.921569,18.4314,ok,197,0.921569,18.4314,ok,2500,1425,Common,false,false,false
2347,36.858,1099997877696,435457,yoitscharlie,10,56.7227,34.0336,567,0.070608,1.4122,ok,567,0.070608,1.4122,ok,610,454,Common,false,false,false
2348,36.8468,1099595973994,401910,,11,0,0,198,0.921168,18.4234,ok,198,0.921168,18.4234,ok,2500,1399,Common,false,false,false
2349,36.8468,1099597727851,401911,,12,0,0,198,0.921168,18.4234,ok,198,0.921168,18.4234,ok,2500,1425,Common,false,false,false
2350,36.8308,1099595973995,401910,,11,0,0,199,0.920768,18.4154,ok,199,0.920768,18.4154,ok,2500,1399,Common,false,false,false
2351,36.8308,1099597727852,401911,pepperstake,12,0,0,199,0.920768,18.4154,ok,199,0.920768,18.4154,ok,2500,1425,Common,false,false,false
2352,36.8148,1099595973996,401910,,11,0,0,200,0.920368,18.4074,ok,200,0.920368,18.4074,ok,2500,1399,Common,false,false,false
2353,36.8148,1099597727853,401911,,12,0,0,200,0.920368,18.4074,ok,200,0.920368,18.4074,ok,2500,1425,Common,false,false,false
2354,36.7988,1099595975235,401910,,11,0,0,201,0.919968,18.3994,ok,201,0.919968,18.3994,ok,2500,1399,Common,false,false,false
2355,36.7988,1099597727993,401911,novaw.wam,12,0,0,201,0.919968,18.3994,ok,201,0.919968,18.3994,ok,2500,1425,Common,false,false,false
2356,36.7922,1099997877697,435457,yoitscharlie,10,56.7227,34.0336,568,0.068966,1.3793,ok,568,0.068966,1.3793,ok,610,454,Common,false,false,false
2357,36.7828,1099595975236,401910,,11,0,0,202,0.919568,18.3914,ok,202,0.919568,18.3914,ok,2500,1399,Common,false,false,false
2358,36.7828,1099597727994,401911,4p1ky.c.wam,12,0,0,202,0.919568,18.3914,ok,202,0.919568,18.3914,ok,2500,1425,Common,false,false,false
2359,36.7668,1099595975237,401910,,11,0,0,203,0.919168,18.3834,ok,203,0.919168,18.3834,ok,2500,1399,Common,false,false,false
2360,36.7668,1099597727995,401911,,12,0,0,203,0.919168,18.3834,ok,203,0.919168,18.3834,ok,2500,1425,Common,false,false,false
2361,36.7508,1099595975238,401910,,11,0,0,204,0.918768,18.3754,ok,204,0.918768,18.3754,ok,2500,1399,Common,false,false,false
2362,36.7508,1099597727996,401911,,12,0,0,204,0.918768,18.3754,ok,204,0.918768,18.3754,ok,2500,1425,Common,false,false,false
2363,36.7346,1099595975239,401910,,11,0,0,205,0.918367,18.3673,ok,205,0.918367,18.3673,ok,2500,1399,Common,false,false,false
2364,36.7346,1099597727997,401911,shzx4.wam,12,0,0,205,0.918367,18.3673,ok,205,0.918367,18.3673,ok,2500,1425,Common,false,false,false
2365,36.7266,1099997877698,435457,yoitscharlie,10,56.7227,34.0336,569,0.067323,1.3465,ok,569,0.067323,1.3465,ok,610,454,Common,false,false,false
2366,36.7186,1099595975240,401910,,11,0,0,206,0.917967,18.3593,ok,206,0.917967,18.3593,ok,2500,1399,Common,false,false,false
2367,36.7186,1099597727998,401911,,12,0,0,206,0.917967,18.3593,ok,206,0.917967,18.3593,ok,2500,1425,Common,false,false,false
2368,36.7026,1099595975241,401910,,11,0,0,207,0.917567,18.3513,ok,207,0.917567,18.3513,ok,2500,1399,Common,false,false,false
2369,36.7026,1099597727999,401911,,12,0,0,207,0.917567,18.3513,ok,207,0.917567,18.3513,ok,2500,1425,Common,false,false,false
2370,36.6866,1099595975242,401910,wu2xg.wam,11,0,0,208,0.917167,18.3433,ok,208,0.917167,18.3433,ok,2500,1399,Common,false,false,false
2371,36.6866,1099597728000,401911,,12,0,0,208,0.917167,18.3433,ok,208,0.917167,18.3433,ok,2500,1425,Common,false,false,false
2372,36.6706,1099595975243,401910,,11,0,0,209,0.916767,18.3353,ok,209,0.916767,18.3353,ok,2500,1399,Common,false,false,false
2373,36.6706,1099597728001,401911,,12,0,0,209,0.916767,18.3353,ok,209,0.916767,18.3353,ok,2500,1425,Common,false,false,false
2374,36.6608,1099997877699,435457,yoitscharlie,10,56.7227,34.0336,570,0.065681,1.3136,ok,570,0.065681,1.3136,ok,610,454,Common,false,false,false
2375,36.6546,1099595975244,401910,ineek.wam,11,0,0,210,0.916367,18.3273,ok,210,0.916367,18.3273,ok,2500,1399,Common,false,false,false
2376,36.6546,1099597728002,401911,,12,0,0,210,0.916367,18.3273,ok,210,0.916367,18.3273,ok,2500,1425,Common,false,false,false
2377,36.6386,1099595975245,401910,,11,0,0,211,0.915966,18.3193,ok,211,0.915966,18.3193,ok,2500,1399,Common,false,false,false
2378,36.6386,1099597728003,401911,newyork.gm,12,0,0,211,0.915966,18.3193,ok,211,0.915966,18.3193,ok,2500,1425,Common,false,false,false
2379,36.6226,1099595975246,401910,,11,0,0,212,0.915566,18.3113,ok,212,0.915566,18.3113,ok,2500,1399,Common,false,false,false
2380,36.6226,1099597728004,401911,aqiaw.wam,12,0,0,212,0.915566,18.3113,ok,212,0.915566,18.3113,ok,2500,1425,Common,false,false,false
2381,36.6066,1099595975247,401910,,11,0,0,213,0.915166,18.3033,ok,213,0.915166,18.3033,ok,2500,1399,Common,false,false,false
2382,36.6066,1099597728005,401911,wfor4.wam,12,0,0,213,0.915166,18.3033,ok,213,0.915166,18.3033,ok,2500,1425,Common,false,false,false
2383,36.5952,1099997877700,435457,yoitscharlie,10,56.7227,34.0336,571,0.064039,1.2808,ok,571,0.064039,1.2808,ok,610,454,Common,false,false,false
2384,36.5906,1099595975248,401910,,11,0,0,214,0.914766,18.2953,ok,214,0.914766,18.2953,ok,2500,1399,Common,false,false,false
2385,36.5906,1099597728006,401911,,12,0,0,214,0.914766,18.2953,ok,214,0.914766,18.2953,ok,2500,1425,Common,false,false,false
2386,36.5746,1099595975249,401910,wu2xg.wam,11,0,0,215,0.914366,18.2873,ok,215,0.914366,18.2873,ok,2500,1399,Common,false,false,false
2387,36.5746,1099597728007,401911,wopho.wam,12,0,0,215,0.914366,18.2873,ok,215,0.914366,18.2873,ok,2500,1425,Common,false,false,false
2388,36.5586,1099595975250,401910,,11,0,0,216,0.913966,18.2793,ok,216,0.913966,18.2793,ok,2500,1399,Common,false,false,false
2389,36.5586,1099597728008,401911,,12,0,0,216,0.913966,18.2793,ok,216,0.913966,18.2793,ok,2500,1425,Common,false,false,false
2390,36.5426,1099595975251,401910,,11,0,0,217,0.913565,18.2713,ok,217,0.913565,18.2713,ok,2500,1399,Common,false,false,false
2391,36.5426,1099597728009,401911,,12,0,0,217,0.913565,18.2713,ok,217,0.913565,18.2713,ok,2500,1425,Common,false,false,false
2392,36.5294,1099997877701,435457,yoitscharlie,10,56.7227,34.0336,572,0.062397,1.2479,ok,572,0.062397,1.2479,ok,610,454,Common,false,false,false
2393,36.5266,1099595975252,401910,,11,0,0,218,0.913165,18.2633,ok,218,0.913165,18.2633,ok,2500,1399,Common,false,false,false
2394,36.5266,1099597728010,401911,,12,0,0,218,0.913165,18.2633,ok,218,0.913165,18.2633,ok,2500,1425,Common,false,false,false
2395,36.5106,1099595975253,401910,,11,0,0,219,0.912765,18.2553,ok,219,0.912765,18.2553,ok,2500,1399,Common,false,false,false
2396,36.5106,1099597728011,401911,,12,0,0,219,0.912765,18.2553,ok,219,0.912765,18.2553,ok,2500,1425,Common,false,false,false
2397,36.4946,1099595975254,401910,,11,0,0,220,0.912365,18.2473,ok,220,0.912365,18.2473,ok,2500,1399,Common,false,false,false
2398,36.4946,1099597728012,401911,,12,0,0,220,0.912365,18.2473,ok,220,0.912365,18.2473,ok,2500,1425,Common,false,false,false
2399,36.4786,1099595975255,401910,,11,0,0,221,0.911965,18.2393,ok,221,0.911965,18.2393,ok,2500,1399,Common,false,false,false
2400,36.4786,1099597728013,401911,cvnyo.wam,12,0,0,221,0.911965,18.2393,ok,221,0.911965,18.2393,ok,2500,1425,Common,false,false,false
2401,36.4638,1099997877702,435457,yoitscharlie,10,56.7227,34.0336,573,0.060755,1.2151,ok,573,0.060755,1.2151,ok,610,454,Common,false,false,false
2402,36.4626,1099595975256,401910,,11,0,0,222,0.911565,18.2313,ok,222,0.911565,18.2313,ok,2500,1399,Common,false,false,false
2403,36.4626,1099597728014,401911,pepperstake,12,0,0,222,0.911565,18.2313,ok,222,0.911565,18.2313,ok,2500,1425,Common,false,false,false
2404,36.4466,1099595975257,401910,,11,0,0,223,0.911164,18.2233,ok,223,0.911164,18.2233,ok,2500,1399,Common,false,false,false
2405,36.4466,1099597728015,401911,pepperstake,12,0,0,223,0.911164,18.2233,ok,223,0.911164,18.2233,ok,2500,1425,Common,false,false,false
2406,36.4306,1099595975258,401910,,11,0,0,224,0.910764,18.2153,ok,224,0.910764,18.2153,ok,2500,1399,Common,false,false,false
2407,36.4306,1099597728016,401911,,12,0,0,224,0.910764,18.2153,ok,224,0.910764,18.2153,ok,2500,1425,Common,false,false,false
2408,36.4146,1099595975259,401910,,11,0,0,225,0.910364,18.2073,ok,225,0.910364,18.2073,ok,2500,1399,Common,false,false,false
2409,36.4146,1099597728017,401911,,12,0,0,225,0.910364,18.2073,ok,225,0.910364,18.2073,ok,2500,1425,Common,false,false,false
2410,36.3986,1099595975260,401910,,11,0,0,226,0.909964,18.1993,ok,226,0.909964,18.1993,ok,2500,1399,Common,false,false,false
2411,36.3986,1099597728043,401911,,12,0,0,226,0.909964,18.1993,ok,226,0.909964,18.1993,ok,2500,1425,Common,false,false,false
2412,36.3982,1099997877703,435457,yoitscharlie,10,56.7227,34.0336,574,0.059113,1.1823,ok,574,0.059113,1.1823,ok,610,454,Common,false,false,false
2413,36.3826,1099595975261,401910,,11,0,0,227,0.909564,18.1913,ok,227,0.909564,18.1913,ok,2500,1399,Common,false,false,false
2414,36.3826,1099597728044,401911,,12,0,0,227,0.909564,18.1913,ok,227,0.909564,18.1913,ok,2500,1425,Common,false,false,false
2415,36.3666,1099595975262,401910,nixba.wam,11,0,0,228,0.909164,18.1833,ok,228,0.909164,18.1833,ok,2500,1399,Common,false,false,false
2416,36.3666,1099597728045,401911,,12,0,0,228,0.909164,18.1833,ok,228,0.909164,18.1833,ok,2500,1425,Common,false,false,false
2417,36.3506,1099595975263,401910,,11,0,0,229,0.908764,18.1753,ok,229,0.908764,18.1753,ok,2500,1399,Common,false,false,false
2418,36.3506,1099597728046,401911,,12,0,0,229,0.908764,18.1753,ok,229,0.908764,18.1753,ok,2500,1425,Common,false,false,false
2419,36.3346,1099595975264,401910,,11,0,0,230,0.908363,18.1673,ok,230,0.908363,18.1673,ok,2500,1399,Common,false,false,false
2420,36.3346,1099597728047,401911,t2tgw.wam,12,0,0,230,0.908363,18.1673,ok,230,0.908363,18.1673,ok,2500,1425,Common,false,false,false
2421,36.3324,1099997877704,435457,yoitscharlie,10,56.7227,34.0336,575,0.057471,1.1494,ok,575,0.057471,1.1494,ok,610,454,Common,false,false,false
2422,36.3186,1099595975265,401910,,11,0,0,231,0.907963,18.1593,ok,231,0.907963,18.1593,ok,2500,1399,Common,false,false,false
2423,36.3186,1099597728048,401911,,12,0,0,231,0.907963,18.1593,ok,231,0.907963,18.1593,ok,2500,1425,Common,false,false,false
2424,36.3026,1099595975266,401910,fs1r2.wam,11,0,0,232,0.907563,18.1513,ok,232,0.907563,18.1513,ok,2500,1399,Common,false,false,false
2425,36.3026,1099597728049,401911,,12,0,0,232,0.907563,18.1513,ok,232,0.907563,18.1513,ok,2500,1425,Common,false,false,false
2426,36.2866,1099595975267,401910,yoitscharlie,11,0,0,233,0.907163,18.1433,ok,233,0.907163,18.1433,ok,2500,1399,Common,false,false,false
2427,36.2866,1099597728050,401911,bsyru.wam,12,0,0,233,0.907163,18.1433,ok,233,0.907163,18.1433,ok,2500,1425,Common,false,false,false
2428,36.2706,1099595975268,401910,,11,0,0,234,0.906763,18.1353,ok,234,0.906763,18.1353,ok,2500,1399,Common,false,false,false
2429,36.2706,1099597728051,401911,,12,0,0,234,0.906763,18.1353,ok,234,0.906763,18.1353,ok,2500,1425,Common,false,false,false
2430,36.2668,1099997877705,435457,yoitscharlie,10,56.7227,34.0336,576,0.055829,1.1166,ok,576,0.055829,1.1166,ok,610,454,Common,false,false,false
2431,36.2546,1099595975269,401910,fs1r2.wam,11,0,0,235,0.906363,18.1273,ok,235,0.906363,18.1273,ok,2500,1399,Common,false,false,false
2432,36.2546,1099597728052,401911,,12,0,0,235,0.906363,18.1273,ok,235,0.906363,18.1273,ok,2500,1425,Common,false,false,false
2433,36.2384,1099595975270,401910,fs1r2.wam,11,0,0,236,0.905962,18.1192,ok,236,0.905962,18.1192,ok,2500,1399,Common,false,false,false
2434,36.2384,1099597728053,401911,,12,0,0,236,0.905962,18.1192,ok,236,0.905962,18.1192,ok,2500,1425,Common,false,false,false
2435,36.2224,1099595975271,401910,,11,0,0,237,0.905562,18.1112,ok,237,0.905562,18.1112,ok,2500,1399,Common,false,false,false
2436,36.2224,1099597728054,401911,whbwo.wam,12,0,0,237,0.905562,18.1112,ok,237,0.905562,18.1112,ok,2500,1425,Common,false,false,false
2437,36.2064,1099595975272,401910,dydyy.wam,11,0,0,238,0.905162,18.1032,ok,238,0.905162,18.1032,ok,2500,1399,Common,false,false,false
2438,36.2064,1099597728055,401911,,12,0,0,238,0.905162,18.1032,ok,238,0.905162,18.1032,ok,2500,1425,Common,false,false,false
2439,36.201,1099997877706,435457,yoitscharlie,10,56.7227,34.0336,577,0.054187,1.0837,ok,577,0.054187,1.0837,ok,610,454,Common,false,false,false
2440,36.1904,1099595975273,401910,pepperstake,11,0,0,239,0.904762,18.0952,ok,239,0.904762,18.0952,ok,2500,1399,Common,false,false,false
2441,36.1904,1099597728056,401911,mbdzo.wam,12,0,0,239,0.904762,18.0952,ok,239,0.904762,18.0952,ok,2500,1425,Common,false,false,false
2442,36.1744,1099595975274,401910,,11,0,0,240,0.904362,18.0872,ok,240,0.904362,18.0872,ok,2500,1399,Common,false,false,false
2443,36.1744,1099597728057,401911,izdau.wam,12,0,0,240,0.904362,18.0872,ok,240,0.904362,18.0872,ok,2500,1425,Common,false,false,false
2444,36.1584,1099595975275,401910,pepperstake,11,0,0,241,0.903962,18.0792,ok,241,0.903962,18.0792,ok,2500,1399,Common,false,false,false
2445,36.1584,1099597728058,401911,hkra.wam,12,0,0,241,0.903962,18.0792,ok,241,0.903962,18.0792,ok,2500,1425,Common,false,false,false
2446,36.1424,1099595975276,401910,pepperstake,11,0,0,242,0.903561,18.0712,ok,242,0.903561,18.0712,ok,2500,1399,Common,false,false,false
2447,36.1424,1099597728059,401911,3q1qy.wam,12,0,0,242,0.903561,18.0712,ok,242,0.903561,18.0712,ok,2500,1425,Common,false,false,false
2448,36.1354,1099997877707,435457,yoitscharlie,10,56.7227,34.0336,578,0.052545,1.0509,ok,578,0.052545,1.0509,ok,610,454,Common,false,false,false
2449,36.1264,1099595975277,401910,,11,0,0,243,0.903161,18.0632,ok,243,0.903161,18.0632,ok,2500,1399,Common,false,false,false
2450,36.1264,1099597728060,401911,2pvrq.wam,12,0,0,243,0.903161,18.0632,ok,243,0.903161,18.0632,ok,2500,1425,Common,false,false,false
2451,36.1104,1099595975278,401910,,11,0,0,244,0.902761,18.0552,ok,244,0.902761,18.0552,ok,2500,1399,Common,false,false,false
2452,36.1104,1099597728061,401911,,12,0,0,244,0.902761,18.0552,ok,244,0.902761,18.0552,ok,2500,1425,Common,false,false,false
2453,36.0944,1099595975279,401910,coinkitroota,11,0,0,245,0.902361,18.0472,ok,245,0.902361,18.0472,ok,2500,1399,Common,false,false,false
2454,36.0944,1099597728062,401911,wocken.gm,12,0,0,245,0.902361,18.0472,ok,245,0.902361,18.0472,ok,2500,1425,Common,false,false,false
2455,36.0784,1099595975280,401910,k33kq.c.wam,11,0,0,246,0.901961,18.0392,ok,246,0.901961,18.0392,ok,2500,1399,Common,false,false,false
2456,36.0784,1099597728063,401911,appaq.wam,12,0,0,246,0.901961,18.0392,ok,246,0.901961,18.0392,ok,2500,1425,Common,false,false,false
2457,36.0698,1099997877708,435457,yoitscharlie,10,56.7227,34.0336,579,0.050903,1.0181,ok,579,0.050903,1.0181,ok,610,454,Common,false,false,false
2458,36.0624,1099595975281,401910,4d4l2.c.wam,11,0,0,247,0.901561,18.0312,ok,247,0.901561,18.0312,ok,2500,1399,Common,false,false,false
2459,36.0624,1099597728064,401911,,12,0,0,247,0.901561,18.0312,ok,247,0.901561,18.0312,ok,2500,1425,Common,false,false,false
2460,36.0464,1099595975282,401910,,11,0,0,248,0.90116,18.0232,ok,248,0.90116,18.0232,ok,2500,1399,Common,false,false,false
2461,36.0464,1099597728065,401911,,12,0,0,248,0.90116,18.0232,ok,248,0.90116,18.0232,ok,2500,1425,Common,false,false,false
2462,36.0304,1099595975283,401910,q4oia.wam,11,0,0,249,0.90076,18.0152,ok,249,0.90076,18.0152,ok,2500,1399,Common,false,false,false
2463,36.0304,1099597728066,401911,boaxa.wam,12,0,0,249,0.90076,18.0152,ok,249,0.90076,18.0152,ok,2500,1425,Common,false,false,false
2464,36.0144,1099595975284,401910,fs1r2.wam,11,0,0,250,0.90036,18.0072,ok,250,0.90036,18.0072,ok,2500,1399,Common,false,false,false
2465,36.0144,1099597728067,401911,,12,0,0,250,0.90036,18.0072,ok,250,0.90036,18.0072,ok,2500,1425,Common,false,false,false
2466,36.004,1099997877709,435457,yoitscharlie,10,56.7227,34.0336,580,0.049261,0.9852,ok,580,0.049261,0.9852,ok,610,454,Common,false,false,false
2467,35.9984,1099595975285,401910,advyq.wam,11,0,0,251,0.89996,17.9992,ok,251,0.89996,17.9992,ok,2500,1399,Common,false,false,false
2468,35.9984,1099597728068,401911,,12,0,0,251,0.89996,17.9992,ok,251,0.89996,17.9992,ok,2500,1425,Common,false,false,false
2469,35.9824,1099595975286,401910,,11,0,0,252,0.89956,17.9912,ok,252,0.89956,17.9912,ok,2500,1399,Common,false,false,false
2470,35.9824,1099597728069,401911,,12,0,0,252,0.89956,17.9912,ok,252,0.89956,17.9912,ok,2500,1425,Common,false,false,false
2471,35.9664,1099595975287,401910,.4cki.c.wam,11,0,0,253,0.89916,17.9832,ok,253,0.89916,17.9832,ok,2500,1399,Common,false,false,false
2472,35.9664,1099597728070,401911,ioihy.wam,12,0,0,253,0.89916,17.9832,ok,253,0.89916,17.9832,ok,2500,1425,Common,false,false,false
2473,35.9504,1099595975288,401910,,11,0,0,254,0.89876,17.9752,ok,254,0.89876,17.9752,ok,2500,1399,Common,false,false,false
2474,35.9504,1099597728071,401911,i5igy.wam,12,0,0,254,0.89876,17.9752,ok,254,0.89876,17.9752,ok,2500,1425,Common,false,false,false
2475,35.9384,1099997877710,435457,yoitscharlie,10,56.7227,34.0336,581,0.047619,0.9524,ok,581,0.047619,0.9524,ok,610,454,Common,false,false,false
2476,35.9344,1099595975289,401910,5fsuc.wam,11,0,0,255,0.898359,17.9672,ok,255,0.898359,17.9672,ok,2500,1399,Common,false,false,false
2477,35.9344,1099597728072,401911,mbxh4.wam,12,0,0,255,0.898359,17.9672,ok,255,0.898359,17.9672,ok,2500,1425,Common,false,false,false
2478,35.9184,1099595975290,401910,,11,0,0,256,0.897959,17.9592,ok,256,0.897959,17.9592,ok,2500,1399,Common,false,false,false
2479,35.9184,1099597728073,401911,,12,0,0,256,0.897959,17.9592,ok,256,0.897959,17.9592,ok,2500,1425,Common,false,false,false
2480,35.9024,1099595975291,401910,,11,0,0,257,0.897559,17.9512,ok,257,0.897559,17.9512,ok,2500,1399,Common,false,false,false
2481,35.9024,1099597728074,401911,qa1hc.wam,12,0,0,257,0.897559,17.9512,ok,257,0.897559,17.9512,ok,2500,1425,Common,false,false,false
2482,35.8864,1099595975292,401910,,11,0,0,258,0.897159,17.9432,ok,258,0.897159,17.9432,ok,2500,1399,Common,false,false,false
2483,35.8864,1099597728075,401911,zy1ho.wam,12,0,0,258,0.897159,17.9432,ok,258,0.897159,17.9432,ok,2500,1425,Common,false,false,false
2484,35.8726,1099997877711,435457,yoitscharlie,10,56.7227,34.0336,582,0.045977,0.9195,ok,582,0.045977,0.9195,ok,610,454,Common,false,false,false
2485,35.8704,1099595975293,401910,,11,0,0,259,0.896759,17.9352,ok,259,0.896759,17.9352,ok,2500,1399,Common,false,false,false
2486,35.8704,1099597728076,401911,c5tzg.wam,12,0,0,259,0.896759,17.9352,ok,259,0.896759,17.9352,ok,2500,1425,Common,false,false,false
2487,35.8544,1099595975294,401910,,11,0,0,260,0.896359,17.9272,ok,260,0.896359,17.9272,ok,2500,1399,Common,false,false,false
2488,35.8544,1099597728077,401911,,12,0,0,260,0.896359,17.9272,ok,260,0.896359,17.9272,ok,2500,1425,Common,false,false,false
2489,35.8384,1099595975295,401910,,11,0,0,261,0.895958,17.9192,ok,261,0.895958,17.9192,ok,2500,1399,Common,false,false,false
2490,35.8384,1099597728078,401911,,12,0,0,261,0.895958,17.9192,ok,261,0.895958,17.9192,ok,2500,1425,Common,false,false,false
2491,35.8224,1099595975296,401910,,11,0,0,262,0.895558,17.9112,ok,262,0.895558,17.9112,ok,2500,1399,Common,false,false,false
2492,35.8224,1099597728079,401911,1q.r4.wam,12,0,0,262,0.895558,17.9112,ok,262,0.895558,17.9112,ok,2500,1425,Common,false,false,false
2493,35.807,1099997877712,435457,yoitscharlie,10,56.7227,34.0336,583,0.044335,0.8867,ok,583,0.044335,0.8867,ok,610,454,Common,false,false,false
2494,35.8064,1099595975297,401910,,11,0,0,263,0.895158,17.9032,ok,263,0.895158,17.9032,ok,2500,1399,Common,false,false,false
2495,35.8064,1099597728080,401911,,12,0,0,263,0.895158,17.9032,ok,263,0.895158,17.9032,ok,2500,1425,Common,false,false,false
2496,35.7904,1099595975298,401910,,11,0,0,264,0.894758,17.8952,ok,264,0.894758,17.8952,ok,2500,1399,Common,false,false,false
2497,35.7904,1099597728081,401911,3jlqw.wam,12,0,0,264,0.894758,17.8952,ok,264,0.894758,17.8952,ok,2500,1425,Common,false,false,false
2498,35.7744,1099595975299,401910,,11,0,0,265,0.894358,17.8872,ok,265,0.894358,17.8872,ok,2500,1399,Common,false,false,false
2499,35.7744,1099597728082,401911,,12,0,0,265,0.894358,17.8872,ok,265,0.894358,17.8872,ok,2500,1425,Common,false,false,false
2500,35.7584,1099595975300,401910,,11,0,0,266,0.893958,17.8792,ok,266,0.893958,17.8792,ok,2500,1399,Common,false,false,false
2501,35.7584,1099597728083,401911,,12,0,0,266,0.893958,17.8792,ok,266,0.893958,17.8792,ok,2500,1425,Common,false,false,false
2502,35.7422,1099595975301,401910,,11,0,0,267,0.893557,17.8711,ok,267,0.893557,17.8711,ok,2500,1399,Common,false,false,false
2503,35.7422,1099597728084,401911,jn2ie.wam,12,0,0,267,0.893557,17.8711,ok,267,0.893557,17.8711,ok,2500,1425,Common,false,false,false
2504,35.7414,1099997877713,435457,yoitscharlie,10,56.7227,34.0336,584,0.042693,0.8539,ok,584,0.042693,0.8539,ok,610,454,Common,false,false,false
2505,35.7262,1099595975302,401910,,11,0,0,268,0.893157,17.8631,ok,268,0.893157,17.8631,ok,2500,1399,Common,false,false,false
2506,35.7262,1099597728085,401911,ejnuo.wam,12,0,0,268,0.893157,17.8631,ok,268,0.893157,17.8631,ok,2500,1425,Common,false,false,false
2507,35.7102,1099595975303,401910,hottothemoon,11,0,0,269,0.892757,17.8551,ok,269,0.892757,17.8551,ok,2500,1399,Common,false,false,false
2508,35.7102,1099597728086,401911,pepperstake,12,0,0,269,0.892757,17.8551,ok,269,0.892757,17.8551,ok,2500,1425,Common,false,false,false
2509,35.6942,1099595975304,401910,,11,0,0,270,0.892357,17.8471,ok,270,0.892357,17.8471,ok,2500,1399,Common,false,false,false
2510,35.6942,1099597728087,401911,,12,0,0,270,0.892357,17.8471,ok,270,0.892357,17.8471,ok,2500,1425,Common,false,false,false
2511,35.6782,1099595975305,401910,,11,0,0,271,0.891957,17.8391,ok,271,0.891957,17.8391,ok,2500,1399,Common,false,false,false
2512,35.6782,1099597728088,401911,jo3xa.wam,12,0,0,271,0.891957,17.8391,ok,271,0.891957,17.8391,ok,2500,1425,Common,false,false,false
2513,35.6756,1099997877714,435457,yoitscharlie,10,56.7227,34.0336,585,0.041051,0.821,ok,585,0.041051,0.821,ok,610,454,Common,false,false,false
2514,35.6622,1099595975306,401910,,11,0,0,272,0.891557,17.8311,ok,272,0.891557,17.8311,ok,2500,1399,Common,false,false,false
2515,35.6622,1099597728089,401911,,12,0,0,272,0.891557,17.8311,ok,272,0.891557,17.8311,ok,2500,1425,Common,false,false,false
2516,35.6462,1099595975307,401910,,11,0,0,273,0.891156,17.8231,ok,273,0.891156,17.8231,ok,2500,1399,Common,false,false,false
2517,35.6462,1099597728090,401911,,12,0,0,273,0.891156,17.8231,ok,273,0.891156,17.8231,ok,2500,1425,Common,false,false,false
2518,35.6302,1099595975308,401910,,11,0,0,274,0.890756,17.8151,ok,274,0.890756,17.8151,ok,2500,1399,Common,false,false,false
2519,35.6302,1099597728091,401911,mpgya.wam,12,0,0,274,0.890756,17.8151,ok,274,0.890756,17.8151,ok,2500,1425,Common,false,false,false
2520,35.6142,1099595975309,401910,dyobo.wam,11,0,0,275,0.890356,17.8071,ok,275,0.890356,17.8071,ok,2500,1399,Common,false,false,false
2521,35.6142,1099597728092,401911,wfor4.wam,12,0,0,275,0.890356,17.8071,ok,275,0.890356,17.8071,ok,2500,1425,Common,false,false,false
2522,35.61,1099997877715,435457,yoitscharlie,10,56.7227,34.0336,586,0.039409,0.7882,ok,586,0.039409,0.7882,ok,610,454,Common,false,false,false
2523,35.5982,1099595975310,401910,pepperstake,11,0,0,276,0.889956,17.7991,ok,276,0.889956,17.7991,ok,2500,1399,Common,false,false,false
2524,35.5982,1099597728093,401911,njjrg.wam,12,0,0,276,0.889956,17.7991,ok,276,0.889956,17.7991,ok,2500,1425,Common,false,false,false
2525,35.5822,1099595975311,401910,,11,0,0,277,0.889556,17.7911,ok,277,0.889556,17.7911,ok,2500,1399,Common,false,false,false
2526,35.5822,1099597728094,401911,s2ph2.wam,12,0,0,277,0.889556,17.7911,ok,277,0.889556,17.7911,ok,2500,1425,Common,false,false,false
2527,35.5662,1099595975312,401910,,11,0,0,278,0.889156,17.7831,ok,278,0.889156,17.7831,ok,2500,1399,Common,false,false,false
2528,35.5662,1099597728095,401911,art,12,0,0,278,0.889156,17.7831,ok,278,0.889156,17.7831,ok,2500,1425,Common,false,false,false
2529,35.5502,1099595975313,401910,,11,0,0,279,0.888756,17.7751,ok,279,0.888756,17.7751,ok,2500,1399,Common,false,false,false
2530,35.5502,1099597728096,401911,skvba.wam,12,0,0,279,0.888756,17.7751,ok,279,0.888756,17.7751,ok,2500,1425,Common,false,false,false
2531,35.5442,1099997877716,435457,yoitscharlie,10,56.7227,34.0336,587,0.037767,0.7553,ok,587,0.037767,0.7553,ok,610,454,Common,false,false,false
2532,35.5342,1099595975314,401910,,11,0,0,280,0.888355,17.7671,ok,280,0.888355,17.7671,ok,2500,1399,Common,false,false,false
2533,35.5342,1099597728097,401911,,12,0,0,280,0.888355,17.7671,ok,280,0.888355,17.7671,ok,2500,1425,Common,false,false,false
2534,35.5182,1099595975315,401910,kvqr.wam,11,0,0,281,0.887955,17.7591,ok,281,0.887955,17.7591,ok,2500,1399,Common,false,false,false
2535,35.5182,1099597728098,401911,mxtay.wam,12,0,0,281,0.887955,17.7591,ok,281,0.887955,17.7591,ok,2500,1425,Common,false,false,false
2536,35.5022,1099595975316,401910,,11,0,0,282,0.887555,17.7511,ok,282,0.887555,17.7511,ok,2500,1399,Common,false,false,false
2537,35.5022,1099597728099,401911,,12,0,0,282,0.887555,17.7511,ok,282,0.887555,17.7511,ok,2500,1425,Common,false,false,false
2538,35.4862,1099595975317,401910,,11,0,0,283,0.887155,17.7431,ok,283,0.887155,17.7431,ok,2500,1399,Common,false,false,false
2539,35.4862,1099597728100,401911,h43bc.wam,12,0,0,283,0.887155,17.7431,ok,283,0.887155,17.7431,ok,2500,1425,Common,false,false,false
2540,35.4786,1099997877717,435457,yoitscharlie,10,56.7227,34.0336,588,0.036125,0.7225,ok,588,0.036125,0.7225,ok,610,454,Common,false,false,false
2541,35.4702,1099595975318,401910,skvba.wam,11,0,0,284,0.886755,17.7351,ok,284,0.886755,17.7351,ok,2500,1399,Common,false,false,false
2542,35.4702,1099597728101,401911,3opaw.wam,12,0,0,284,0.886755,17.7351,ok,284,0.886755,17.7351,ok,2500,1425,Common,false,false,false
2543,35.4542,1099595975319,401910,sdpww.wam,11,0,0,285,0.886355,17.7271,ok,285,0.886355,17.7271,ok,2500,1399,Common,false,false,false
2544,35.4542,1099597728102,401911,,12,0,0,285,0.886355,17.7271,ok,285,0.886355,17.7271,ok,2500,1425,Common,false,false,false
2545,35.4382,1099595975320,401910,,11,0,0,286,0.885954,17.7191,ok,286,0.885954,17.7191,ok,2500,1399,Common,false,false,false
2546,35.4382,1099597728103,401911,lv5fc.wam,12,0,0,286,0.885954,17.7191,ok,286,0.885954,17.7191,ok,2500,1425,Common,false,false,false
2547,35.4222,1099595975321,401910,toonboytwofu,11,0,0,287,0.885554,17.7111,ok,287,0.885554,17.7111,ok,2500,1399,Common,false,false,false
2548,35.4222,1099597728104,401911,,12,0,0,287,0.885554,17.7111,ok,287,0.885554,17.7111,ok,2500,1425,Common,false,false,false
2549,35.413,1099997877718,435457,yoitscharlie,10,56.7227,34.0336,589,0.034483,0.6897,ok,589,0.034483,0.6897,ok,610,454,Common,false,false,false
2550,35.4062,1099595975322,401910,,11,0,0,288,0.885154,17.7031,ok,288,0.885154,17.7031,ok,2500,1399,Common,false,false,false
2551,35.4062,1099597728105,401911,,12,0,0,288,0.885154,17.7031,ok,288,0.885154,17.7031,ok,2500,1425,Common,false,false,false
2552,35.3902,1099595975323,401910,,11,0,0,289,0.884754,17.6951,ok,289,0.884754,17.6951,ok,2500,1399,Common,false,false,false
2553,35.3902,1099597728106,401911,s1jb4.wam,12,0,0,289,0.884754,17.6951,ok,289,0.884754,17.6951,ok,2500,1425,Common,false,false,false
2554,35.3742,1099595975324,401910,,11,0,0,290,0.884354,17.6871,ok,290,0.884354,17.6871,ok,2500,1399,Common,false,false,false
2555,35.3742,1099597728107,401911,atomicmarket,12,0,0,290,0.884354,17.6871,ok,290,0.884354,17.6871,ok,2500,1425,Common,false,false,false
2556,35.3582,1099595975325,401910,,11,0,0,291,0.883954,17.6791,ok,291,0.883954,17.6791,ok,2500,1399,Common,false,false,false
2557,35.3582,1099597728108,401911,pepperstake,12,0,0,291,0.883954,17.6791,ok,291,0.883954,17.6791,ok,2500,1425,Common,false,false,false
2558,35.3472,1099997877719,435457,yoitscharlie,10,56.7227,34.0336,590,0.032841,0.6568,ok,590,0.032841,0.6568,ok,610,454,Common,false,false,false
2559,35.3422,1099595975326,401910,,11,0,0,292,0.883553,17.6711,ok,292,0.883553,17.6711,ok,2500,1399,Common,false,false,false
2560,35.3422,1099597728109,401911,1zii2.wam,12,0,0,292,0.883553,17.6711,ok,292,0.883553,17.6711,ok,2500,1425,Common,false,false,false
2561,35.3262,1099595975327,401910,,11,0,0,293,0.883153,17.6631,ok,293,0.883153,17.6631,ok,2500,1399,Common,false,false,false
2562,35.3262,1099597728110,401911,,12,0,0,293,0.883153,17.6631,ok,293,0.883153,17.6631,ok,2500,1425,Common,false,false,false
2563,35.3102,1099595975328,401910,toonboytwofu,11,0,0,294,0.882753,17.6551,ok,294,0.882753,17.6551,ok,2500,1399,Common,false,false,false
2564,35.3102,1099597728111,401911,5xrjg.wam,12,0,0,294,0.882753,17.6551,ok,294,0.882753,17.6551,ok,2500,1425,Common,false,false,false
2565,35.2942,1099595975329,401910,,11,0,0,295,0.882353,17.6471,ok,295,0.882353,17.6471,ok,2500,1399,Common,false,false,false
2566,35.2942,1099597728112,401911,aoqfg.wam,12,0,0,295,0.882353,17.6471,ok,295,0.882353,17.6471,ok,2500,1425,Common,false,false,false
2567,35.2816,1099997877720,435457,yoitscharlie,10,56.7227,34.0336,591,0.031199,0.624,ok,591,0.031199,0.624,ok,610,454,Common,false,false,false
2568,35.2782,1099595975330,401910,,11,0,0,296,0.881953,17.6391,ok,296,0.881953,17.6391,ok,2500,1399,Common,false,false,false
2569,35.2782,1099597728113,401911,3ukxm.wam,12,0,0,296,0.881953,17.6391,ok,296,0.881953,17.6391,ok,2500,1425,Common,false,false,false
2570,35.2622,1099595975331,401910,,11,0,0,297,0.881553,17.6311,ok,297,0.881553,17.6311,ok,2500,1399,Common,false,false,false
2571,35.2622,1099597728114,401911,pepperstake,12,0,0,297,0.881553,17.6311,ok,297,0.881553,17.6311,ok,2500,1425,Common,false,false,false
2572,35.246,1099595975332,401910,,11,0,0,298,0.881152,17.623,ok,298,0.881152,17.623,ok,2500,1399,Common,false,false,false
2573,35.246,1099597728115,401911,3meaq.waa,12,0,0,298,0.881152,17.623,ok,298,0.881152,17.623,ok,2500,1425,Common,false,false,false
2574,35.23,1099595975333,401910,,11,0,0,299,0.880752,17.615,ok,299,0.880752,17.615,ok,2500,1399,Common,false,false,false
2575,35.23,1099597728116,401911,,12,0,0,299,0.880752,17.615,ok,299,0.880752,17.615,ok,2500,1425,Common,false,false,false
2576,35.2158,1099997877721,435457,yoitscharlie,10,56.7227,34.0336,592,0.029557,0.5911,ok,592,0.029557,0.5911,ok,610,454,Common,false,false,false
2577,35.214,1099595975334,401910,,11,0,0,300,0.880352,17.607,ok,300,0.880352,17.607,ok,2500,1399,Common,false,false,false
2578,35.214,1099597728117,401911,,12,0,0,300,0.880352,17.607,ok,300,0.880352,17.607,ok,2500,1425,Common,false,false,false
2579,35.198,1099595975584,401910,,11,0,0,301,0.879952,17.599,ok,301,0.879952,17.599,ok,2500,1399,Common,false,false,false
2580,35.198,1099597728118,401911,,12,0,0,301,0.879952,17.599,ok,301,0.879952,17.599,ok,2500,1425,Common,false,false,false
2581,35.182,1099595975585,401910,,11,0,0,302,0.879552,17.591,ok,302,0.879552,17.591,ok,2500,1399,Common,false,false,false
2582,35.182,1099597728119,401911,ssure.wam,12,0,0,302,0.879552,17.591,ok,302,0.879552,17.591,ok,2500,1425,Common,false,false,false
2583,35.166,1099595975586,401910,,11,0,0,303,0.879152,17.583,ok,303,0.879152,17.583,ok,2500,1399,Common,false,false,false
2584,35.166,1099597728120,401911,xxsqy.wam,12,0,0,303,0.879152,17.583,ok,303,0.879152,17.583,ok,2500,1425,Common,false,false,false
2585,35.1502,1099997877722,435457,yoitscharlie,10,56.7227,34.0336,593,0.027915,0.5583,ok,593,0.027915,0.5583,ok,610,454,Common,false,false,false
2586,35.15,1099595975587,401910,,11,0,0,304,0.878752,17.575,ok,304,0.878752,17.575,ok,2500,1399,Common,false,false,false
2587,35.15,1099597728121,401911,d5owk.wam,12,0,0,304,0.878752,17.575,ok,304,0.878752,17.575,ok,2500,1425,Common,false,false,false
2588,35.134,1099595975588,401910,,11,0,0,305,0.878351,17.567,ok,305,0.878351,17.567,ok,2500,1399,Common,false,false,false
2589,35.134,1099597728122,401911,1dnxk.wam,12,0,0,305,0.878351,17.567,ok,305,0.878351,17.567,ok,2500,1425,Common,false,false,false
2590,35.118,1099595975589,401910,,11,0,0,306,0.877951,17.559,ok,306,0.877951,17.559,ok,2500,1399,Common,false,false,false
2591,35.118,1099597728123,401911,skvba.wam,12,0,0,306,0.877951,17.559,ok,306,0.877951,17.559,ok,2500,1425,Common,false,false,false
2592,35.102,1099595975590,401910,kvqr.wam,11,0,0,307,0.877551,17.551,ok,307,0.877551,17.551,ok,2500,1399,Common,false,false,false
2593,35.102,1099597728124,401911,p.nbe.wam,12,0,0,307,0.877551,17.551,ok,307,0.877551,17.551,ok,2500,1425,Common,false,false,false
2594,35.086,1099595975591,401910,,11,0,0,308,0.877151,17.543,ok,308,0.877151,17.543,ok,2500,1399,Common,false,false,false
2595,35.086,1099597728125,401911,f1.qy.wam,12,0,0,308,0.877151,17.543,ok,308,0.877151,17.543,ok,2500,1425,Common,false,false,false
2596,35.0846,1099997877723,435457,yoitscharlie,10,56.7227,34.0336,594,0.026273,0.5255,ok,594,0.026273,0.5255,ok,610,454,Common,false,false,false
2597,35.07,1099595975592,401910,,11,0,0,309,0.876751,17.535,ok,309,0.876751,17.535,ok,2500,1399,Common,false,false,false
2598,35.07,1099597728126,401911,,12,0,0,309,0.876751,17.535,ok,309,0.876751,17.535,ok,2500,1425,Common,false,false,false
2599,35.054,1099595975593,401910,ge4dinrugige,11,0,0,310,0.876351,17.527,ok,310,0.876351,17.527,ok,2500,1399,Common,false,false,false
2600,35.054,1099597728127,401911,vx.rk.wam,12,0,0,310,0.876351,17.527,ok,310,0.876351,17.527,ok,2500,1425,Common,false,false,false
2601,35.038,1099595975594,401910,pepperstake,11,0,0,311,0.87595,17.519,ok,311,0.87595,17.519,ok,2500,1399,Common,false,false,false
2602,35.038,1099597728128,401911,,12,0,0,311,0.87595,17.519,ok,311,0.87595,17.519,ok,2500,1425,Common,false,false,false
2603,35.022,1099595975595,401910,,11,0,0,312,0.87555,17.511,ok,312,0.87555,17.511,ok,2500,1399,Common,false,false,false
2604,35.022,1099597728129,401911,,12,0,0,312,0.87555,17.511,ok,312,0.87555,17.511,ok,2500,1425,Common,false,false,false
2605,35.0188,1099997877724,435457,yoitscharlie,10,56.7227,34.0336,595,0.024631,0.4926,ok,595,0.024631,0.4926,ok,610,454,Common,false,false,false
2606,35.006,1099595975596,401910,cat.gm,11,0,0,313,0.87515,17.503,ok,313,0.87515,17.503,ok,2500,1399,Common,false,false,false
2607,35.006,1099597728130,401911,,12,0,0,313,0.87515,17.503,ok,313,0.87515,17.503,ok,2500,1425,Common,false,false,false
2608,34.99,1099595975597,401910,,11,0,0,314,0.87475,17.495,ok,314,0.87475,17.495,ok,2500,1399,Common,false,false,false
2609,34.99,1099597728131,401911,,12,0,0,314,0.87475,17.495,ok,314,0.87475,17.495,ok,2500,1425,Common,false,false,false
2610,34.974,1099595975598,401910,kvqr.wam,11,0,0,315,0.87435,17.487,ok,315,0.87435,17.487,ok,2500,1399,Common,false,false,false
2611,34.974,1099597728132,401911,awcwo.wam,12,0,0,315,0.87435,17.487,ok,315,0.87435,17.487,ok,2500,1425,Common,false,false,false
2612,34.958,1099595975599,401910,,11,0,0,316,0.87395,17.479,ok,316,0.87395,17.479,ok,2500,1399,Common,false,false,false
2613,34.958,1099597728133,401911,3mqb2.wam,12,0,0,316,0.87395,17.479,ok,316,0.87395,17.479,ok,2500,1425,Common,false,false,false
2614,34.9532,1099997877725,435457,yoitscharlie,10,56.7227,34.0336,596,0.022989,0.4598,ok,596,0.022989,0.4598,ok,610,454,Common,false,false,false
2615,34.942,1099595975600,401910,,11,0,0,317,0.873549,17.471,ok,317,0.873549,17.471,ok,2500,1399,Common,false,false,false
2616,34.942,1099597728134,401911,5wyzi.wam,12,0,0,317,0.873549,17.471,ok,317,0.873549,17.471,ok,2500,1425,Common,false,false,false
2617,34.926,1099595975601,401910,,11,0,0,318,0.873149,17.463,ok,318,0.873149,17.463,ok,2500,1399,Common,false,false,false
2618,34.926,1099597728135,401911,cwzqw.wam,12,0,0,318,0.873149,17.463,ok,318,0.873149,17.463,ok,2500,1425,Common,false,false,false
2619,34.91,1099595975602,401910,,11,0,0,319,0.872749,17.455,ok,319,0.872749,17.455,ok,2500,1399,Common,false,false,false
2620,34.91,1099597728136,401911,,12,0,0,319,0.872749,17.455,ok,319,0.872749,17.455,ok,2500,1425,Common,false,false,false
2621,34.894,1099595975603,401910,,11,0,0,320,0.872349,17.447,ok,320,0.872349,17.447,ok,2500,1399,Common,false,false,false
2622,34.894,1099597728137,401911,fufaw.wam,12,0,0,320,0.872349,17.447,ok,320,0.872349,17.447,ok,2500,1425,Common,false,false,false
2623,34.8874,1099997877726,435457,yoitscharlie,10,56.7227,34.0336,597,0.021346,0.4269,ok,597,0.021346,0.4269,ok,610,454,Common,false,false,false
2624,34.878,1099595975604,401910,,11,0,0,321,0.871949,17.439,ok,321,0.871949,17.439,ok,2500,1399,Common,false,false,false
2625,34.878,1099597728138,401911,,12,0,0,321,0.871949,17.439,ok,321,0.871949,17.439,ok,2500,1425,Common,false,false,false
2626,34.862,1099595975605,401910,toonboytwofu,11,0,0,322,0.871549,17.431,ok,322,0.871549,17.431,ok,2500,1399,Common,false,false,false
2627,34.862,1099597728139,401911,yxkwo.wam,12,0,0,322,0.871549,17.431,ok,322,0.871549,17.431,ok,2500,1425,Common,false,false,false
2628,34.846,1099595975606,401910,toonboytwofu,11,0,0,323,0.871148,17.423,ok,323,0.871148,17.423,ok,2500,1399,Common,false,false,false
2629,34.846,1099597728140,401911,,12,0,0,323,0.871148,17.423,ok,323,0.871148,17.423,ok,2500,1425,Common,false,false,false
2630,34.83,1099595975607,401910,toonboytwofu,11,0,0,324,0.870748,17.415,ok,324,0.870748,17.415,ok,2500,1399,Common,false,false,false
2631,34.83,1099597728141,401911,suuao.wam,12,0,0,324,0.870748,17.415,ok,324,0.870748,17.415,ok,2500,1425,Common,false,false,false
2632,34.8218,1099997877727,435457,yoitscharlie,10,56.7227,34.0336,598,0.019704,0.3941,ok,598,0.019704,0.3941,ok,610,454,Common,false,false,false
2633,34.814,1099595975608,401910,afjaw.wam,11,0,0,325,0.870348,17.407,ok,325,0.870348,17.407,ok,2500,1399,Common,false,false,false
2634,34.814,1099597728142,401911,,12,0,0,325,0.870348,17.407,ok,325,0.870348,17.407,ok,2500,1425,Common,false,false,false
2635,34.798,1099595975609,401910,afjaw.wam,11,0,0,326,0.869948,17.399,ok,326,0.869948,17.399,ok,2500,1399,Common,false,false,false
2636,34.798,1099597737726,401911,,12,0,0,326,0.869948,17.399,ok,326,0.869948,17.399,ok,2500,1425,Common,false,false,false
2637,34.782,1099595975610,401910,,11,0,0,327,0.869548,17.391,ok,327,0.869548,17.391,ok,2500,1399,Common,false,false,false
2638,34.782,1099597737727,401911,,12,0,0,327,0.869548,17.391,ok,327,0.869548,17.391,ok,2500,1425,Common,false,false,false
2639,34.766,1099595975611,401910,,11,0,0,328,0.869148,17.383,ok,328,0.869148,17.383,ok,2500,1399,Common,false,false,false
2640,34.766,1099597737728,401911,,12,0,0,328,0.869148,17.383,ok,328,0.869148,17.383,ok,2500,1425,Common,false,false,false
2641,34.756,1099997877728,435457,yoitscharlie,10,56.7227,34.0336,599,0.018062,0.3612,ok,599,0.018062,0.3612,ok,610,454,Common,false,false,false
2642,34.7498,1099595975612,401910,,11,0,0,329,0.868747,17.3749,ok,329,0.868747,17.3749,ok,2500,1399,Common,false,false,false
2643,34.7498,1099597737729,401911,,12,0,0,329,0.868747,17.3749,ok,329,0.868747,17.3749,ok,2500,1425,Common,false,false,false
2644,34.7338,1099595975613,401910,yoitscharlie,11,0,0,330,0.868347,17.3669,ok,330,0.868347,17.3669,ok,2500,1399,Common,false,false,false
2645,34.7338,1099597737730,401911,,12,0,0,330,0.868347,17.3669,ok,330,0.868347,17.3669,ok,2500,1425,Common,false,false,false
2646,34.7178,1099595975614,401910,yoitscharlie,11,0,0,331,0.867947,17.3589,ok,331,0.867947,17.3589,ok,2500,1399,Common,false,false,false
2647,34.7178,1099597737731,401911,,12,0,0,331,0.867947,17.3589,ok,331,0.867947,17.3589,ok,2500,1425,Common,false,false,false
2648,34.7018,1099595975615,401910,yoitscharlie,11,0,0,332,0.867547,17.3509,ok,332,0.867547,17.3509,ok,2500,1399,Common,false,false,false
2649,34.7018,1099597737732,401911,zkpfq.wam,12,0,0,332,0.867547,17.3509,ok,332,0.867547,17.3509,ok,2500,1425,Common,false,false,false
2650,34.6904,1099997877729,435457,yoitscharlie,10,56.7227,34.0336,600,0.01642,0.3284,ok,600,0.01642,0.3284,ok,610,454,Common,false,false,false
2651,34.6858,1099595975616,401910,,11,0,0,333,0.867147,17.3429,ok,333,0.867147,17.3429,ok,2500,1399,Common,false,false,false
2652,34.6858,1099597737733,401911,,12,0,0,333,0.867147,17.3429,ok,333,0.867147,17.3429,ok,2500,1425,Common,false,false,false
2653,34.6698,1099595975617,401910,,11,0,0,334,0.866747,17.3349,ok,334,0.866747,17.3349,ok,2500,1399,Common,false,false,false
2654,34.6698,1099597737734,401911,,12,0,0,334,0.866747,17.3349,ok,334,0.866747,17.3349,ok,2500,1425,Common,false,false,false
2655,34.6538,1099595975618,401910,,11,0,0,335,0.866347,17.3269,ok,335,0.866347,17.3269,ok,2500,1399,Common,false,false,false
2656,34.6538,1099597737735,401911,,12,0,0,335,0.866347,17.3269,ok,335,0.866347,17.3269,ok,2500,1425,Common,false,false,false
2657,34.6378,1099595975619,401910,,11,0,0,336,0.865946,17.3189,ok,336,0.865946,17.3189,ok,2500,1399,Common,false,false,false
2658,34.6378,1099597737736,401911,ofguw.wam,12,0,0,336,0.865946,17.3189,ok,336,0.865946,17.3189,ok,2500,1425,Common,false,false,false
2659,34.6248,1099997877730,435457,yoitscharlie,10,56.7227,34.0336,601,0.014778,0.2956,ok,601,0.014778,0.2956,ok,610,454,Common,false,false,false
2660,34.6218,1099595975620,401910,,11,0,0,337,0.865546,17.3109,ok,337,0.865546,17.3109,ok,2500,1399,Common,false,false,false
2661,34.6218,1099597737737,401911,,12,0,0,337,0.865546,17.3109,ok,337,0.865546,17.3109,ok,2500,1425,Common,false,false,false
2662,34.6058,1099595975621,401910,,11,0,0,338,0.865146,17.3029,ok,338,0.865146,17.3029,ok,2500,1399,Common,false,false,false
2663,34.6058,1099597737738,401911,,12,0,0,338,0.865146,17.3029,ok,338,0.865146,17.3029,ok,2500,1425,Common,false,false,false
2664,34.5898,1099595975622,401910,,11,0,0,339,0.864746,17.2949,ok,339,0.864746,17.2949,ok,2500,1399,Common,false,false,false
2665,34.5898,1099597737739,401911,cwzqw.wam,12,0,0,339,0.864746,17.2949,ok,339,0.864746,17.2949,ok,2500,1425,Common,false,false,false
2666,34.5738,1099595975623,401910,,11,0,0,340,0.864346,17.2869,ok,340,0.864346,17.2869,ok,2500,1399,Common,false,false,false
2667,34.5738,1099597737740,401911,,12,0,0,340,0.864346,17.2869,ok,340,0.864346,17.2869,ok,2500,1425,Common,false,false,false
2668,34.559,1099997877731,435457,yoitscharlie,10,56.7227,34.0336,602,0.013136,0.2627,ok,602,0.013136,0.2627,ok,610,454,Common,false,false,false
2669,34.5578,1099595975624,401910,,11,0,0,341,0.863946,17.2789,ok,341,0.863946,17.2789,ok,2500,1399,Common,false,false,false
2670,34.5578,1099597737741,401911,,12,0,0,341,0.863946,17.2789,ok,341,0.863946,17.2789,ok,2500,1425,Common,false,false,false
2671,34.5418,1099595975625,401910,,11,0,0,342,0.863545,17.2709,ok,342,0.863545,17.2709,ok,2500,1399,Common,false,false,false
2672,34.5418,1099597737742,401911,,12,0,0,342,0.863545,17.2709,ok,342,0.863545,17.2709,ok,2500,1425,Common,false,false,false
2673,34.5258,1099595975626,401910,,11,0,0,343,0.863145,17.2629,ok,343,0.863145,17.2629,ok,2500,1399,Common,false,false,false
2674,34.5258,1099597737743,401911,,12,0,0,343,0.863145,17.2629,ok,343,0.863145,17.2629,ok,2500,1425,Common,false,false,false
2675,34.5098,1099595975627,401910,,11,0,0,344,0.862745,17.2549,ok,344,0.862745,17.2549,ok,2500,1399,Common,false,false,false
2676,34.5098,1099597737744,401911,,12,0,0,344,0.862745,17.2549,ok,344,0.862745,17.2549,ok,2500,1425,Common,false,false,false
2677,34.4938,1099595975628,401910,,11,0,0,345,0.862345,17.2469,ok,345,0.862345,17.2469,ok,2500,1399,Common,false,false,false
2678,34.4938,1099597737745,401911,,12,0,0,345,0.862345,17.2469,ok,345,0.862345,17.2469,ok,2500,1425,Common,false,false,false
2679,34.4934,1099997877732,435457,yoitscharlie,10,56.7227,34.0336,603,0.011494,0.2299,ok,603,0.011494,0.2299,ok,610,454,Common,false,false,false
2680,34.4778,1099595975629,401910,,11,0,0,346,0.861945,17.2389,ok,346,0.861945,17.2389,ok,2500,1399,Common,false,false,false
2681,34.4778,1099597737746,401911,,12,0,0,346,0.861945,17.2389,ok,346,0.861945,17.2389,ok,2500,1425,Common,false,false,false
2682,34.4618,1099595975630,401910,dus1c.c.wam,11,0,0,347,0.861545,17.2309,ok,347,0.861545,17.2309,ok,2500,1399,Common,false,false,false
2683,34.4618,1099597737747,401911,,12,0,0,347,0.861545,17.2309,ok,347,0.861545,17.2309,ok,2500,1425,Common,false,false,false
2684,34.4458,1099595975631,401910,,11,0,0,348,0.861144,17.2229,ok,348,0.861144,17.2229,ok,2500,1399,Common,false,false,false
2685,34.4458,1099597737748,401911,,12,0,0,348,0.861144,17.2229,ok,348,0.861144,17.2229,ok,2500,1425,Common,false,false,false
2686,34.4298,1099595975632,401910,,11,0,0,349,0.860744,17.2149,ok,349,0.860744,17.2149,ok,2500,1399,Common,false,false,false
2687,34.4298,1099597737749,401911,,12,0,0,349,0.860744,17.2149,ok,349,0.860744,17.2149,ok,2500,1425,Common,false,false,false
2688,34.4276,1099997877733,435457,yoitscharlie,10,56.7227,34.0336,604,0.009852,0.197,ok,604,0.009852,0.197,ok,610,454,Common,false,false,false
2689,34.4138,1099595975633,401910,,11,0,0,350,0.860344,17.2069,ok,350,0.860344,17.2069,ok,2500,1399,Common,false,false,false
2690,34.4138,1099597737750,401911,,12,0,0,350,0.860344,17.2069,ok,350,0.860344,17.2069,ok,2500,1425,Common,false,false,false
2691,34.3978,1099595975634,401910,,11,0,0,351,0.859944,17.1989,ok,351,0.859944,17.1989,ok,2500,1399,Common,false,false,false
2692,34.3978,1099597737751,401911,,12,0,0,351,0.859944,17.1989,ok,351,0.859944,17.1989,ok,2500,1425,Common,false,false,false
2693,34.3818,1099595975635,401910,,11,0,0,352,0.859544,17.1909,ok,352,0.859544,17.1909,ok,2500,1399,Common,false,false,false
2694,34.3818,1099597737752,401911,,12,0,0,352,0.859544,17.1909,ok,352,0.859544,17.1909,ok,2500,1425,Common,false,false,false
2695,34.3658,1099595975636,401910,pepperstake,11,0,0,353,0.859144,17.1829,ok,353,0.859144,17.1829,ok,2500,1399,Common,false,false,false
2696,34.3658,1099597737753,401911,,12,0,0,353,0.859144,17.1829,ok,353,0.859144,17.1829,ok,2500,1425,Common,false,false,false
2697,34.362,1099998507472,435457,yoitscharlie,10,56.7227,34.0336,605,0.00821,0.1642,ok,605,0.00821,0.1642,ok,610,454,Common,false,false,false
2698,34.3498,1099595975637,401910,,11,0,0,354,0.858743,17.1749,ok,354,0.858743,17.1749,ok,2500,1399,Common,false,false,false
2699,34.3498,1099597737754,401911,,12,0,0,354,0.858743,17.1749,ok,354,0.858743,17.1749,ok,2500,1425,Common,false,false,false
2700,34.3338,1099595975638,401910,,11,0,0,355,0.858343,17.1669,ok,355,0.858343,17.1669,ok,2500,1399,Common,false,false,false
2701,34.3338,1099597737755,401911,,12,0,0,355,0.858343,17.1669,ok,355,0.858343,17.1669,ok,2500,1425,Common,false,false,false
2702,34.3178,1099595975639,401910,,11,0,0,356,0.857943,17.1589,ok,356,0.857943,17.1589,ok,2500,1399,Common,false,false,false
2703,34.3178,1099597737756,401911,,12,0,0,356,0.857943,17.1589,ok,356,0.857943,17.1589,ok,2500,1425,Common,false,false,false
2704,34.3018,1099595975640,401910,wrspy.wam,11,0,0,357,0.857543,17.1509,ok,357,0.857543,17.1509,ok,2500,1399,Common,false,false,false
2705,34.3018,1099597737757,401911,mutiu.wam,12,0,0,357,0.857543,17.1509,ok,357,0.857543,17.1509,ok,2500,1425,Common,false,false,false
2706,34.2964,1099998507473,435457,yoitscharlie,10,56.7227,34.0336,606,0.006568,0.1314,ok,606,0.006568,0.1314,ok,610,454,Common,false,false,false
2707,34.2858,1099595975641,401910,,11,0,0,358,0.857143,17.1429,ok,358,0.857143,17.1429,ok,2500,1399,Common,false,false,false
2708,34.2858,1099597737758,401911,,12,0,0,358,0.857143,17.1429,ok,358,0.857143,17.1429,ok,2500,1425,Common,false,false,false
2709,34.2698,1099595975642,401910,,11,0,0,359,0.856743,17.1349,ok,359,0.856743,17.1349,ok,2500,1399,Common,false,false,false
2710,34.2698,1099597737759,401911,,12,0,0,359,0.856743,17.1349,ok,359,0.856743,17.1349,ok,2500,1425,Common,false,false,false
2711,34.2538,1099595975643,401910,,11,0,0,360,0.856343,17.1269,ok,360,0.856343,17.1269,ok,2500,1399,Common,false,false,false
2712,34.2538,1099597737760,401911,,12,0,0,360,0.856343,17.1269,ok,360,0.856343,17.1269,ok,2500,1425,Common,false,false,false
2713,34.2376,1099595975644,401910,,11,0,0,361,0.855942,17.1188,ok,361,0.855942,17.1188,ok,2500,1399,Common,false,false,false
2714,34.2376,1099597737761,401911,,12,0,0,361,0.855942,17.1188,ok,361,0.855942,17.1188,ok,2500,1425,Common,false,false,false
2715,34.2306,1099998507474,435457,yoitscharlie,10,56.7227,34.0336,607,0.004926,0.0985,ok,607,0.004926,0.0985,ok,610,454,Common,false,false,false
2716,34.2216,1099595975645,401910,,11,0,0,362,0.855542,17.1108,ok,362,0.855542,17.1108,ok,2500,1399,Common,false,false,false
2717,34.2216,1099597737762,401911,,12,0,0,362,0.855542,17.1108,ok,362,0.855542,17.1108,ok,2500,1425,Common,false,false,false
2718,34.2056,1099595975646,401910,vqkmi.c.wam,11,0,0,363,0.855142,17.1028,ok,363,0.855142,17.1028,ok,2500,1399,Common,false,false,false
2719,34.2056,1099597737763,401911,,12,0,0,363,0.855142,17.1028,ok,363,0.855142,17.1028,ok,2500,1425,Common,false,false,false
2720,34.1896,1099595975647,401910,,11,0,0,364,0.854742,17.0948,ok,364,0.854742,17.0948,ok,2500,1399,Common,false,false,false
2721,34.1896,1099597737764,401911,,12,0,0,364,0.854742,17.0948,ok,364,0.854742,17.0948,ok,2500,1425,Common,false,false,false
2722,34.1736,1099595975648,401910,,11,0,0,365,0.854342,17.0868,ok,365,0.854342,17.0868,ok,2500,1399,Common,false,false,false
2723,34.1736,1099597737765,401911,becdclxvi.gm,12,0,0,365,0.854342,17.0868,ok,365,0.854342,17.0868,ok,2500,1425,Common,false,false,false
2724,34.165,1099998507475,435457,yoitscharlie,10,56.7227,34.0336,608,0.003284,0.0657,ok,608,0.003284,0.0657,ok,610,454,Common,false,false,false
2725,34.1576,1099595975649,401910,,11,0,0,366,0.853942,17.0788,ok,366,0.853942,17.0788,ok,2500,1399,Common,false,false,false
2726,34.1576,1099597737766,401911,,12,0,0,366,0.853942,17.0788,ok,366,0.853942,17.0788,ok,2500,1425,Common,false,false,false
2727,34.1416,1099595975650,401910,,11,0,0,367,0.853541,17.0708,ok,367,0.853541,17.0708,ok,2500,1399,Common,false,false,false
2728,34.1416,1099597737767,401911,,12,0,0,367,0.853541,17.0708,ok,367,0.853541,17.0708,ok,2500,1425,Common,false,false,false
2729,34.1256,1099595975651,401910,,11,0,0,368,0.853141,17.0628,ok,368,0.853141,17.0628,ok,2500,1399,Common,false,false,false
2730,34.1256,1099597737768,401911,,12,0,0,368,0.853141,17.0628,ok,368,0.853141,17.0628,ok,2500,1425,Common,false,false,false
2731,34.1096,1099595975652,401910,,11,0,0,369,0.852741,17.0548,ok,369,0.852741,17.0548,ok,2500,1399,Common,false,false,false
2732,34.1096,1099597737769,401911,,12,0,0,369,0.852741,17.0548,ok,369,0.852741,17.0548,ok,2500,1425,Common,false,false,false
2733,34.0992,1099998507476,435457,yoitscharlie,10,56.7227,34.0336,609,0.001642,0.0328,ok,609,0.001642,0.0328,ok,610,454,Common,false,false,false
2734,34.0936,1099595975653,401910,q4oia.wam,11,0,0,370,0.852341,17.0468,ok,370,0.852341,17.0468,ok,2500,1399,Common,false,false,false
2735,34.0936,1099597737770,401911,,12,0,0,370,0.852341,17.0468,ok,370,0.852341,17.0468,ok,2500,1425,Common,false,false,false
2736,34.0776,1099595975654,401910,,11,0,0,371,0.851941,17.0388,ok,371,0.851941,17.0388,ok,2500,1399,Common,false,false,false
2737,34.0776,1099597737771,401911,,12,0,0,371,0.851941,17.0388,ok,371,0.851941,17.0388,ok,2500,1425,Common,false,false,false
2738,34.0616,1099595975655,401910,q4oia.wam,11,0,0,372,0.851541,17.0308,ok,372,0.851541,17.0308,ok,2500,1399,Common,false,false,false
2739,34.0616,1099597737772,401911,,12,0,0,372,0.851541,17.0308,ok,372,0.851541,17.0308,ok,2500,1425,Common,false,false,false
2740,34.0456,1099595975656,401910,q4oia.wam,11,0,0,373,0.85114,17.0228,ok,373,0.85114,17.0228,ok,2500,1399,Common,false,false,false
2741,34.0456,1099597737773,401911,,12,0,0,373,0.85114,17.0228,ok,373,0.85114,17.0228,ok,2500,1425,Common,false,false,false
2742,34.0336,1099998507477,435457,yoitscharlie,10,56.7227,34.0336,610,0,0,ok,610,0,0,ok,610,454,Common,false,false,false
2743,34.0296,1099595975657,401910,q4oia.wam,11,0,0,374,0.85074,17.0148,ok,374,0.85074,17.0148,ok,2500,1399,Common,false,false,false
2744,34.0296,1099597737774,401911,,12,0,0,374,0.85074,17.0148,ok,374,0.85074,17.0148,ok,2500,1425,Common,false,false,false
2745,34.0136,1099595975658,401910,q4oia.wam,11,0,0,375,0.85034,17.0068,ok,375,0.85034,17.0068,ok,2500,1399,Common,false,false,false
2746,34.0136,1099597737775,401911,,12,0,0,375,0.85034,17.0068,ok,375,0.85034,17.0068,ok,2500,1425,Common,false,false,false
2747,33.9976,1099595975659,401910,,11,0,0,376,0.84994,16.9988,ok,376,0.84994,16.9988,ok,2500,1399,Common,false,false,false
2748,33.9976,1099597737776,401911,,12,0,0,376,0.84994,16.9988,ok,376,0.84994,16.9988,ok,2500,1425,Common,false,false,false
2749,33.9816,1099595975660,401910,,11,0,0,377,0.84954,16.9908,ok,377,0.84954,16.9908,ok,2500,1399,Common,false,false,false
2750,33.9816,1099597737777,401911,,12,0,0,377,0.84954,16.9908,ok,377,0.84954,16.9908,ok,2500,1425,Common,false,false,false
2751,33.9656,1099595975661,401910,,11,0,0,378,0.84914,16.9828,ok,378,0.84914,16.9828,ok,2500,1399,Common,false,false,false
2752,33.9656,1099597737778,401911,,12,0,0,378,0.84914,16.9828,ok,378,0.84914,16.9828,ok,2500,1425,Common,false,false,false
2753,33.9496,1099595975662,401910,,11,0,0,379,0.848739,16.9748,ok,379,0.848739,16.9748,ok,2500,1399,Common,false,false,false
2754,33.9496,1099597737779,401911,,12,0,0,379,0.848739,16.9748,ok,379,0.848739,16.9748,ok,2500,1425,Common,false,false,false
2755,33.9336,1099595975663,401910,,11,0,0,380,0.848339,16.9668,ok,380,0.848339,16.9668,ok,2500,1399,Common,false,false,false
2756,33.9336,1099597737780,401911,,12,0,0,380,0.848339,16.9668,ok,380,0.848339,16.9668,ok,2500,1425,Common,false,false,false
2757,33.9176,1099595975664,401910,,11,0,0,381,0.847939,16.9588,ok,381,0.847939,16.9588,ok,2500,1399,Common,false,false,false
2758,33.9176,1099597737781,401911,,12,0,0,381,0.847939,16.9588,ok,381,0.847939,16.9588,ok,2500,1425,Common,false,false,false
2759,33.9016,1099595975665,401910,,11,0,0,382,0.847539,16.9508,ok,382,0.847539,16.9508,ok,2500,1399,Common,false,false,false
2760,33.9016,1099597737782,401911,,12,0,0,382,0.847539,16.9508,ok,382,0.847539,16.9508,ok,2500,1425,Common,false,false,false
2761,33.8856,1099595975666,401910,,11,0,0,383,0.847139,16.9428,ok,383,0.847139,16.9428,ok,2500,1399,Common,false,false,false
2762,33.8856,1099597737783,401911,,12,0,0,383,0.847139,16.9428,ok,383,0.847139,16.9428,ok,2500,1425,Common,false,false,false
2763,33.8696,1099595975667,401910,,11,0,0,384,0.846739,16.9348,ok,384,0.846739,16.9348,ok,2500,1399,Common,false,false,false
2764,33.8696,1099597737784,401911,,12,0,0,384,0.846739,16.9348,ok,384,0.846739,16.9348,ok,2500,1425,Common,false,false,false
2765,33.8536,1099595975668,401910,,11,0,0,385,0.846339,16.9268,ok,385,0.846339,16.9268,ok,2500,1399,Common,false,false,false
2766,33.8536,1099597737785,401911,,12,0,0,385,0.846339,16.9268,ok,385,0.846339,16.9268,ok,2500,1425,Common,false,false,false
2767,33.8376,1099595975669,401910,,11,0,0,386,0.845938,16.9188,ok,386,0.845938,16.9188,ok,2500,1399,Common,false,false,false
2768,33.8376,1099597737786,401911,,12,0,0,386,0.845938,16.9188,ok,386,0.845938,16.9188,ok,2500,1425,Common,false,false,false
2769,33.8216,1099595975670,401910,,11,0,0,387,0.845538,16.9108,ok,387,0.845538,16.9108,ok,2500,1399,Common,false,false,false
2770,33.8216,1099597737787,401911,,12,0,0,387,0.845538,16.9108,ok,387,0.845538,16.9108,ok,2500,1425,Common,false,false,false
2771,33.8056,1099595975671,401910,,11,0,0,388,0.845138,16.9028,ok,388,0.845138,16.9028,ok,2500,1399,Common,false,false,false
2772,33.8056,1099597737788,401911,,12,0,0,388,0.845138,16.9028,ok,388,0.845138,16.9028,ok,2500,1425,Common,false,false,false
2773,33.7896,1099595975672,401910,,11,0,0,389,0.844738,16.8948,ok,389,0.844738,16.8948,ok,2500,1399,Common,false,false,false
2774,33.7896,1099597737789,401911,,12,0,0,389,0.844738,16.8948,ok,389,0.844738,16.8948,ok,2500,1425,Common,false,false,false
2775,33.7736,1099595975673,401910,,11,0,0,390,0.844338,16.8868,ok,390,0.844338,16.8868,ok,2500,1399,Common,false,false,false
2776,33.7736,1099597737790,401911,,12,0,0,390,0.844338,16.8868,ok,390,0.844338,16.8868,ok,2500,1425,Common,false,false,false
2777,33.7576,1099595975674,401910,,11,0,0,391,0.843938,16.8788,ok,391,0.843938,16.8788,ok,2500,1399,Common,false,false,false
2778,33.7576,1099597737791,401911,yifhq.wam,12,0,0,391,0.843938,16.8788,ok,391,0.843938,16.8788,ok,2500,1425,Common,false,false,false
2779,33.7414,1099595975675,401910,,11,0,0,392,0.843537,16.8707,ok,392,0.843537,16.8707,ok,2500,1399,Common,false,false,false
2780,33.7414,1099597737792,401911,,12,0,0,392,0.843537,16.8707,ok,392,0.843537,16.8707,ok,2500,1425,Common,false,false,false
2781,33.7254,1099595975676,401910,,11,0,0,393,0.843137,16.8627,ok,393,0.843137,16.8627,ok,2500,1399,Common,false,false,false
2782,33.7254,1099597737793,401911,,12,0,0,393,0.843137,16.8627,ok,393,0.843137,16.8627,ok,2500,1425,Common,false,false,false
2783,33.7094,1099595975677,401910,,11,0,0,394,0.842737,16.8547,ok,394,0.842737,16.8547,ok,2500,1399,Common,false,false,false
2784,33.7094,1099597737794,401911,,12,0,0,394,0.842737,16.8547,ok,394,0.842737,16.8547,ok,2500,1425,Common,false,false,false
2785,33.6934,1099595975678,401910,,11,0,0,395,0.842337,16.8467,ok,395,0.842337,16.8467,ok,2500,1399,Common,false,false,false
2786,33.6934,1099597737795,401911,pepperstake,12,0,0,395,0.842337,16.8467,ok,395,0.842337,16.8467,ok,2500,1425,Common,false,false,false
2787,33.6774,1099595975679,401910,,11,0,0,396,0.841937,16.8387,ok,396,0.841937,16.8387,ok,2500,1399,Common,false,false,false
2788,33.6774,1099597737796,401911,ghahg.wam,12,0,0,396,0.841937,16.8387,ok,396,0.841937,16.8387,ok,2500,1425,Common,false,false,false
2789,33.6614,1099595975680,401910,,11,0,0,397,0.841537,16.8307,ok,397,0.841537,16.8307,ok,2500,1399,Common,false,false,false
2790,33.6614,1099597737797,401911,,12,0,0,397,0.841537,16.8307,ok,397,0.841537,16.8307,ok,2500,1425,Common,false,false,false
2791,33.6454,1099595975681,401910,pepperstake,11,0,0,398,0.841136,16.8227,ok,398,0.841136,16.8227,ok,2500,1399,Common,false,false,false
2792,33.6454,1099597737798,401911,ofguw.wam,12,0,0,398,0.841136,16.8227,ok,398,0.841136,16.8227,ok,2500,1425,Common,false,false,false
2793,33.6294,1099595975682,401910,pepperstake,11,0,0,399,0.840736,16.8147,ok,399,0.840736,16.8147,ok,2500,1399,Common,false,false,false
2794,33.6294,1099597737799,401911,mutiu.wam,12,0,0,399,0.840736,16.8147,ok,399,0.840736,16.8147,ok,2500,1425,Common,false,false,false
2795,33.6134,1099595975683,401910,,11,0,0,400,0.840336,16.8067,ok,400,0.840336,16.8067,ok,2500,1399,Common,false,false,false
2796,33.6134,1099597737800,401911,,12,0,0,400,0.840336,16.8067,ok,400,0.840336,16.8067,ok,2500,1425,Common,false,false,false
2797,33.5974,1099595976005,401910,,11,0,0,401,0.839936,16.7987,ok,401,0.839936,16.7987,ok,2500,1399,Common,false,false,false
2798,33.5974,1099598049284,401911,tihrq.wam,12,0,0,401,0.839936,16.7987,ok,401,0.839936,16.7987,ok,2500,1425,Common,false,false,false
2799,33.5814,1099595976006,401910,,11,0,0,402,0.839536,16.7907,ok,402,0.839536,16.7907,ok,2500,1399,Common,false,false,false
2800,33.5814,1099598049285,401911,pepperstake,12,0,0,402,0.839536,16.7907,ok,402,0.839536,16.7907,ok,2500,1425,Common,false,false,false
2801,33.5654,1099595976007,401910,,11,0,0,403,0.839136,16.7827,ok,403,0.839136,16.7827,ok,2500,1399,Common,false,false,false
2802,33.5654,1099598049286,401911,,12,0,0,403,0.839136,16.7827,ok,403,0.839136,16.7827,ok,2500,1425,Common,false,false,false
2803,33.5494,1099595976008,401910,,11,0,0,404,0.838735,16.7747,ok,404,0.838735,16.7747,ok,2500,1399,Common,false,false,false
2804,33.5494,1099598049287,401911,,12,0,0,404,0.838735,16.7747,ok,404,0.838735,16.7747,ok,2500,1425,Common,false,false,false
2805,33.5334,1099595976009,401910,yoitscharlie,11,0,0,405,0.838335,16.7667,ok,405,0.838335,16.7667,ok,2500,1399,Common,false,false,false
2806,33.5334,1099598049288,401911,4p1ky.c.wam,12,0,0,405,0.838335,16.7667,ok,405,0.838335,16.7667,ok,2500,1425,Common,false,false,false
2807,33.5174,1099595976010,401910,,11,0,0,406,0.837935,16.7587,ok,406,0.837935,16.7587,ok,2500,1399,Common,false,false,false
2808,33.5174,1099598049289,401911,wfor4.wam,12,0,0,406,0.837935,16.7587,ok,406,0.837935,16.7587,ok,2500,1425,Common,false,false,false
2809,33.5014,1099595976011,401910,,11,0,0,407,0.837535,16.7507,ok,407,0.837535,16.7507,ok,2500,1399,Common,false,false,false
2810,33.5014,1099598049290,401911,,12,0,0,407,0.837535,16.7507,ok,407,0.837535,16.7507,ok,2500,1425,Common,false,false,false
2811,33.4854,1099595976012,401910,,11,0,0,408,0.837135,16.7427,ok,408,0.837135,16.7427,ok,2500,1399,Common,false,false,false
2812,33.4854,1099598049291,401911,,12,0,0,408,0.837135,16.7427,ok,408,0.837135,16.7427,ok,2500,1425,Common,false,false,false
2813,33.4694,1099595976013,401910,,11,0,0,409,0.836735,16.7347,ok,409,0.836735,16.7347,ok,2500,1399,Common,false,false,false
2814,33.4694,1099598049292,401911,,12,0,0,409,0.836735,16.7347,ok,409,0.836735,16.7347,ok,2500,1425,Common,false,false,false
2815,33.4534,1099595976014,401910,,11,0,0,410,0.836335,16.7267,ok,410,0.836335,16.7267,ok,2500,1399,Common,false,false,false
2816,33.4534,1099598049293,401911,,12,0,0,410,0.836335,16.7267,ok,410,0.836335,16.7267,ok,2500,1425,Common,false,false,false
2817,33.4374,1099595976015,401910,,11,0,0,411,0.835934,16.7187,ok,411,0.835934,16.7187,ok,2500,1399,Common,false,false,false
2818,33.4374,1099598049294,401911,,12,0,0,411,0.835934,16.7187,ok,411,0.835934,16.7187,ok,2500,1425,Common,false,false,false
2819,33.4214,1099595976016,401910,,11,0,0,412,0.835534,16.7107,ok,412,0.835534,16.7107,ok,2500,1399,Common,false,false,false
2820,33.4214,1099598049295,401911,syugo.wam,12,0,0,412,0.835534,16.7107,ok,412,0.835534,16.7107,ok,2500,1425,Common,false,false,false
2821,33.4054,1099595976017,401910,,11,0,0,413,0.835134,16.7027,ok,413,0.835134,16.7027,ok,2500,1399,Common,false,false,false
2822,33.4054,1099598049296,401911,45pyu.wam,12,0,0,413,0.835134,16.7027,ok,413,0.835134,16.7027,ok,2500,1425,Common,false,false,false
2823,33.3894,1099595976018,401910,,11,0,0,414,0.834734,16.6947,ok,414,0.834734,16.6947,ok,2500,1399,Common,false,false,false
2824,33.3894,1099598049297,401911,qa1hc.wam,12,0,0,414,0.834734,16.6947,ok,414,0.834734,16.6947,ok,2500,1425,Common,false,false,false
2825,33.3734,1099595976019,401910,,11,0,0,415,0.834334,16.6867,ok,415,0.834334,16.6867,ok,2500,1399,Common,false,false,false
2826,33.3734,1099598049298,401911,x1bjc.wam,12,0,0,415,0.834334,16.6867,ok,415,0.834334,16.6867,ok,2500,1425,Common,false,false,false
2827,33.3574,1099595976020,401910,ab2vu.wam,11,0,0,416,0.833934,16.6787,ok,416,0.833934,16.6787,ok,2500,1399,Common,false,false,false
2828,33.3574,1099598049299,401911,cwzqw.wam,12,0,0,416,0.833934,16.6787,ok,416,0.833934,16.6787,ok,2500,1425,Common,false,false,false
2829,33.3414,1099595976021,401910,pepperstake,11,0,0,417,0.833533,16.6707,ok,417,0.833533,16.6707,ok,2500,1399,Common,false,false,false
2830,33.3414,1099598049300,401911,,12,0,0,417,0.833533,16.6707,ok,417,0.833533,16.6707,ok,2500,1425,Common,false,false,false
2831,33.3254,1099595976022,401910,,11,0,0,418,0.833133,16.6627,ok,418,0.833133,16.6627,ok,2500,1399,Common,false,false,false
2832,33.3254,1099598049301,401911,,12,0,0,418,0.833133,16.6627,ok,418,0.833133,16.6627,ok,2500,1425,Common,false,false,false
2833,33.3094,1099595976023,401910,,11,0,0,419,0.832733,16.6547,ok,419,0.832733,16.6547,ok,2500,1399,Common,false,false,false
2834,33.3094,1099598049302,401911,q4oia.wam,12,0,0,419,0.832733,16.6547,ok,419,0.832733,16.6547,ok,2500,1425,Common,false,false,false
2835,33.2934,1099595976024,401910,,11,0,0,420,0.832333,16.6467,ok,420,0.832333,16.6467,ok,2500,1399,Common,false,false,false
2836,33.2934,1099598049303,401911,atpyu.wam,12,0,0,420,0.832333,16.6467,ok,420,0.832333,16.6467,ok,2500,1425,Common,false,false,false
2837,33.2774,1099595976025,401910,,11,0,0,421,0.831933,16.6387,ok,421,0.831933,16.6387,ok,2500,1399,Common,false,false,false
2838,33.2774,1099598049304,401911,cwzqw.wam,12,0,0,421,0.831933,16.6387,ok,421,0.831933,16.6387,ok,2500,1425,Common,false,false,false
2839,33.2614,1099595976026,401910,mzfkg.c.wam,11,0,0,422,0.831533,16.6307,ok,422,0.831533,16.6307,ok,2500,1399,Common,false,false,false
2840,33.2614,1099598049305,401911,f1piu.wam,12,0,0,422,0.831533,16.6307,ok,422,0.831533,16.6307,ok,2500,1425,Common,false,false,false
2841,33.2452,1099595976027,401910,pepperstake,11,0,0,423,0.831132,16.6226,ok,423,0.831132,16.6226,ok,2500,1399,Common,false,false,false
2842,33.2452,1099598049306,401911,,12,0,0,423,0.831132,16.6226,ok,423,0.831132,16.6226,ok,2500,1425,Common,false,false,false
2843,33.2292,1099595976028,401910,,11,0,0,424,0.830732,16.6146,ok,424,0.830732,16.6146,ok,2500,1399,Common,false,false,false
2844,33.2292,1099598049307,401911,,12,0,0,424,0.830732,16.6146,ok,424,0.830732,16.6146,ok,2500,1425,Common,false,false,false
2845,33.2132,1099595976029,401910,,11,0,0,425,0.830332,16.6066,ok,425,0.830332,16.6066,ok,2500,1399,Common,false,false,false
2846,33.2132,1099598049308,401911,,12,0,0,425,0.830332,16.6066,ok,425,0.830332,16.6066,ok,2500,1425,Common,false,false,false
2847,33.1972,1099595976030,401910,,11,0,0,426,0.829932,16.5986,ok,426,0.829932,16.5986,ok,2500,1399,Common,false,false,false
2848,33.1972,1099598049309,401911,3klrm.wam,12,0,0,426,0.829932,16.5986,ok,426,0.829932,16.5986,ok,2500,1425,Common,false,false,false
2849,33.1812,1099595976031,401910,5.hr2.wam,11,0,0,427,0.829532,16.5906,ok,427,0.829532,16.5906,ok,2500,1399,Common,false,false,false
2850,33.1812,1099598049310,401911,3vpji.wam,12,0,0,427,0.829532,16.5906,ok,427,0.829532,16.5906,ok,2500,1425,Common,false,false,false
2851,33.1652,1099595976032,401910,,11,0,0,428,0.829132,16.5826,ok,428,0.829132,16.5826,ok,2500,1399,Common,false,false,false
2852,33.1652,1099598049311,401911,,12,0,0,428,0.829132,16.5826,ok,428,0.829132,16.5826,ok,2500,1425,Common,false,false,false
2853,33.1492,1099595976033,401910,,11,0,0,429,0.828731,16.5746,ok,429,0.828731,16.5746,ok,2500,1399,Common,false,false,false
2854,33.1492,1099598049312,401911,,12,0,0,429,0.828731,16.5746,ok,429,0.828731,16.5746,ok,2500,1425,Common,false,false,false
2855,33.1332,1099595976034,401910,,11,0,0,430,0.828331,16.5666,ok,430,0.828331,16.5666,ok,2500,1399,Common,false,false,false
2856,33.1332,1099598049313,401911,r1bwc.wam,12,0,0,430,0.828331,16.5666,ok,430,0.828331,16.5666,ok,2500,1425,Common,false,false,false
2857,33.1172,1099595976035,401910,,11,0,0,431,0.827931,16.5586,ok,431,0.827931,16.5586,ok,2500,1399,Common,false,false,false
2858,33.1172,1099598049314,401911,,12,0,0,431,0.827931,16.5586,ok,431,0.827931,16.5586,ok,2500,1425,Common,false,false,false
2859,33.1012,1099595976036,401910,,11,0,0,432,0.827531,16.5506,ok,432,0.827531,16.5506,ok,2500,1399,Common,false,false,false
2860,33.1012,1099598049315,401911,vmhrq.wam,12,0,0,432,0.827531,16.5506,ok,432,0.827531,16.5506,ok,2500,1425,Common,false,false,false
2861,33.0852,1099595976037,401910,,11,0,0,433,0.827131,16.5426,ok,433,0.827131,16.5426,ok,2500,1399,Common,false,false,false
2862,33.0852,1099598049316,401911,,12,0,0,433,0.827131,16.5426,ok,433,0.827131,16.5426,ok,2500,1425,Common,false,false,false
2863,33.0692,1099595976038,401910,,11,0,0,434,0.826731,16.5346,ok,434,0.826731,16.5346,ok,2500,1399,Common,false,false,false
2864,33.0692,1099598049317,401911,pepperstake,12,0,0,434,0.826731,16.5346,ok,434,0.826731,16.5346,ok,2500,1425,Common,false,false,false
2865,33.0532,1099595976039,401910,,11,0,0,435,0.826331,16.5266,ok,435,0.826331,16.5266,ok,2500,1399,Common,false,false,false
2866,33.0532,1099598049318,401911,,12,0,0,435,0.826331,16.5266,ok,435,0.826331,16.5266,ok,2500,1425,Common,false,false,false
2867,33.0372,1099595976040,401910,,11,0,0,436,0.82593,16.5186,ok,436,0.82593,16.5186,ok,2500,1399,Common,false,false,false
2868,33.0372,1099598049319,401911,skvba.wam,12,0,0,436,0.82593,16.5186,ok,436,0.82593,16.5186,ok,2500,1425,Common,false,false,false
2869,33.0212,1099595976041,401910,,11,0,0,437,0.82553,16.5106,ok,437,0.82553,16.5106,ok,2500,1399,Common,false,false,false
2870,33.0212,1099598049320,401911,,12,0,0,437,0.82553,16.5106,ok,437,0.82553,16.5106,ok,2500,1425,Common,false,false,false
2871,33.0052,1099595976042,401910,,11,0,0,438,0.82513,16.5026,ok,438,0.82513,16.5026,ok,2500,1399,Common,false,false,false
2872,33.0052,1099598049321,401911,,12,0,0,438,0.82513,16.5026,ok,438,0.82513,16.5026,ok,2500,1425,Common,false,false,false
2873,32.9892,1099595976043,401910,,11,0,0,439,0.82473,16.4946,ok,439,0.82473,16.4946,ok,2500,1399,Common,false,false,false
2874,32.9892,1099598049322,401911,3opaw.wam,12,0,0,439,0.82473,16.4946,ok,439,0.82473,16.4946,ok,2500,1425,Common,false,false,false
2875,32.9732,1099595976044,401910,kvqr.wam,11,0,0,440,0.82433,16.4866,ok,440,0.82433,16.4866,ok,2500,1399,Common,false,false,false
2876,32.9732,1099598049323,401911,,12,0,0,440,0.82433,16.4866,ok,440,0.82433,16.4866,ok,2500,1425,Common,false,false,false
2877,32.9572,1099595976045,401910,,11,0,0,441,0.82393,16.4786,ok,441,0.82393,16.4786,ok,2500,1399,Common,false,false,false
2878,32.9572,1099598049324,401911,j2vay.wam,12,0,0,441,0.82393,16.4786,ok,441,0.82393,16.4786,ok,2500,1425,Common,false,false,false
2879,32.9412,1099595976046,401910,,11,0,0,442,0.823529,16.4706,ok,442,0.823529,16.4706,ok,2500,1399,Common,false,false,false
2880,32.9412,1099598049325,401911,,12,0,0,442,0.823529,16.4706,ok,442,0.823529,16.4706,ok,2500,1425,Common,false,false,false
2881,32.9252,1099595976047,401910,,11,0,0,443,0.823129,16.4626,ok,443,0.823129,16.4626,ok,2500,1399,Common,false,false,false
2882,32.9252,1099598049326,401911,,12,0,0,443,0.823129,16.4626,ok,443,0.823129,16.4626,ok,2500,1425,Common,false,false,false
2883,32.9092,1099595976048,401910,cawaw.wam,11,0,0,444,0.822729,16.4546,ok,444,0.822729,16.4546,ok,2500,1399,Common,false,false,false
2884,32.9092,1099598049327,401911,,12,0,0,444,0.822729,16.4546,ok,444,0.822729,16.4546,ok,2500,1425,Common,false,false,false
2885,32.8932,1099595976049,401910,,11,0,0,445,0.822329,16.4466,ok,445,0.822329,16.4466,ok,2500,1399,Common,false,false,false
2886,32.8932,1099598049328,401911,4g5xi.wam,12,0,0,445,0.822329,16.4466,ok,445,0.822329,16.4466,ok,2500,1425,Common,false,false,false
2887,32.8772,1099595976050,401910,,11,0,0,446,0.821929,16.4386,ok,446,0.821929,16.4386,ok,2500,1399,Common,false,false,false
2888,32.8772,1099598049329,401911,cwzqw.wam,12,0,0,446,0.821929,16.4386,ok,446,0.821929,16.4386,ok,2500,1425,Common,false,false,false
2889,32.8612,1099595976051,401910,,11,0,0,447,0.821529,16.4306,ok,447,0.821529,16.4306,ok,2500,1399,Common,false,false,false
2890,32.8612,1099598049330,401911,pepperstake,12,0,0,447,0.821529,16.4306,ok,447,0.821529,16.4306,ok,2500,1425,Common,false,false,false
2891,32.8452,1099595976052,401910,,11,0,0,448,0.821128,16.4226,ok,448,0.821128,16.4226,ok,2500,1399,Common,false,false,false
2892,32.8452,1099598049331,401911,,12,0,0,448,0.821128,16.4226,ok,448,0.821128,16.4226,ok,2500,1425,Common,false,false,false
2893,32.8292,1099595976053,401910,,11,0,0,449,0.820728,16.4146,ok,449,0.820728,16.4146,ok,2500,1399,Common,false,false,false
2894,32.8292,1099598049332,401911,x2bc2.wam,12,0,0,449,0.820728,16.4146,ok,449,0.820728,16.4146,ok,2500,1425,Common,false,false,false
2895,32.8132,1099595976054,401910,,11,0,0,450,0.820328,16.4066,ok,450,0.820328,16.4066,ok,2500,1399,Common,false,false,false
2896,32.8132,1099598049333,401911,3meaq.waa,12,0,0,450,0.820328,16.4066,ok,450,0.820328,16.4066,ok,2500,1425,Common,false,false,false
2897,32.7972,1099595976055,401910,,11,0,0,451,0.819928,16.3986,ok,451,0.819928,16.3986,ok,2500,1399,Common,false,false,false
2898,32.7972,1099598049334,401911,pepperstake,12,0,0,451,0.819928,16.3986,ok,451,0.819928,16.3986,ok,2500,1425,Common,false,false,false
2899,32.7812,1099595976056,401910,,11,0,0,452,0.819528,16.3906,ok,452,0.819528,16.3906,ok,2500,1399,Common,false,false,false
2900,32.7812,1099598049335,401911,,12,0,0,452,0.819528,16.3906,ok,452,0.819528,16.3906,ok,2500,1425,Common,false,false,false
2901,32.7652,1099595976057,401910,,11,0,0,453,0.819128,16.3826,ok,453,0.819128,16.3826,ok,2500,1399,Common,false,false,false
2902,32.7652,1099598049336,401911,,12,0,0,453,0.819128,16.3826,ok,453,0.819128,16.3826,ok,2500,1425,Common,false,false,false
2903,32.749,1099595976058,401910,,11,0,0,454,0.818727,16.3745,ok,454,0.818727,16.3745,ok,2500,1399,Common,false,false,false
2904,32.749,1099598049337,401911,3q1qy.wam,12,0,0,454,0.818727,16.3745,ok,454,0.818727,16.3745,ok,2500,1425,Common,false,false,false
2905,32.733,1099595976059,401910,,11,0,0,455,0.818327,16.3665,ok,455,0.818327,16.3665,ok,2500,1399,Common,false,false,false
2906,32.733,1099598049338,401911,d1awq.wam,12,0,0,455,0.818327,16.3665,ok,455,0.818327,16.3665,ok,2500,1425,Common,false,false,false
2907,32.717,1099595976060,401910,,11,0,0,456,0.817927,16.3585,ok,456,0.817927,16.3585,ok,2500,1399,Common,false,false,false
2908,32.717,1099598049339,401911,,12,0,0,456,0.817927,16.3585,ok,456,0.817927,16.3585,ok,2500,1425,Common,false,false,false
2909,32.701,1099595976061,401910,,11,0,0,457,0.817527,16.3505,ok,457,0.817527,16.3505,ok,2500,1399,Common,false,false,false
2910,32.701,1099598049340,401911,dafbs.wam,12,0,0,457,0.817527,16.3505,ok,457,0.817527,16.3505,ok,2500,1425,Common,false,false,false
2911,32.685,1099595976062,401910,,11,0,0,458,0.817127,16.3425,ok,458,0.817127,16.3425,ok,2500,1399,Common,false,false,false
2912,32.685,1099598049341,401911,z.sf2.wam,12,0,0,458,0.817127,16.3425,ok,458,0.817127,16.3425,ok,2500,1425,Common,false,false,false
2913,32.669,1099595976063,401910,,11,0,0,459,0.816727,16.3345,ok,459,0.816727,16.3345,ok,2500,1399,Common,false,false,false
2914,32.669,1099598049342,401911,1xpyu.wam,12,0,0,459,0.816727,16.3345,ok,459,0.816727,16.3345,ok,2500,1425,Common,false,false,false
2915,32.653,1099595976064,401910,,11,0,0,460,0.816327,16.3265,ok,460,0.816327,16.3265,ok,2500,1399,Common,false,false,false
2916,32.653,1099598049343,401911,,12,0,0,460,0.816327,16.3265,ok,460,0.816327,16.3265,ok,2500,1425,Common,false,false,false
2917,32.637,1099595976065,401910,,11,0,0,461,0.815926,16.3185,ok,461,0.815926,16.3185,ok,2500,1399,Common,false,false,false
2918,32.637,1099598049344,401911,,12,0,0,461,0.815926,16.3185,ok,461,0.815926,16.3185,ok,2500,1425,Common,false,false,false
2919,32.621,1099595976066,401910,,11,0,0,462,0.815526,16.3105,ok,462,0.815526,16.3105,ok,2500,1399,Common,false,false,false
2920,32.621,1099598049345,401911,,12,0,0,462,0.815526,16.3105,ok,462,0.815526,16.3105,ok,2500,1425,Common,false,false,false
2921,32.605,1099595976067,401910,,11,0,0,463,0.815126,16.3025,ok,463,0.815126,16.3025,ok,2500,1399,Common,false,false,false
2922,32.605,1099598049346,401911,,12,0,0,463,0.815126,16.3025,ok,463,0.815126,16.3025,ok,2500,1425,Common,false,false,false
2923,32.589,1099595976068,401910,,11,0,0,464,0.814726,16.2945,ok,464,0.814726,16.2945,ok,2500,1399,Common,false,false,false
2924,32.589,1099598049347,401911,,12,0,0,464,0.814726,16.2945,ok,464,0.814726,16.2945,ok,2500,1425,Common,false,false,false
2925,32.573,1099595976069,401910,,11,0,0,465,0.814326,16.2865,ok,465,0.814326,16.2865,ok,2500,1399,Common,false,false,false
2926,32.573,1099598049348,401911,cwzqw.wam,12,0,0,465,0.814326,16.2865,ok,465,0.814326,16.2865,ok,2500,1425,Common,false,false,false
2927,32.557,1099595976070,401910,,11,0,0,466,0.813926,16.2785,ok,466,0.813926,16.2785,ok,2500,1399,Common,false,false,false
2928,32.557,1099598049349,401911,,12,0,0,466,0.813926,16.2785,ok,466,0.813926,16.2785,ok,2500,1425,Common,false,false,false
2929,32.541,1099595976071,401910,,11,0,0,467,0.813525,16.2705,ok,467,0.813525,16.2705,ok,2500,1399,Common,false,false,false
2930,32.541,1099598049350,401911,,12,0,0,467,0.813525,16.2705,ok,467,0.813525,16.2705,ok,2500,1425,Common,false,false,false
2931,32.525,1099595976072,401910,,11,0,0,468,0.813125,16.2625,ok,468,0.813125,16.2625,ok,2500,1399,Common,false,false,false
2932,32.525,1099598049351,401911,,12,0,0,468,0.813125,16.2625,ok,468,0.813125,16.2625,ok,2500,1425,Common,false,false,false
2933,32.509,1099595976073,401910,,11,0,0,469,0.812725,16.2545,ok,469,0.812725,16.2545,ok,2500,1399,Common,false,false,false
2934,32.509,1099598049352,401911,gdoyu.wam,12,0,0,469,0.812725,16.2545,ok,469,0.812725,16.2545,ok,2500,1425,Common,false,false,false
2935,32.493,1099595976074,401910,,11,0,0,470,0.812325,16.2465,ok,470,0.812325,16.2465,ok,2500,1399,Common,false,false,false
2936,32.493,1099598049353,401911,,12,0,0,470,0.812325,16.2465,ok,470,0.812325,16.2465,ok,2500,1425,Common,false,false,false
2937,32.477,1099595976075,401910,,11,0,0,471,0.811925,16.2385,ok,471,0.811925,16.2385,ok,2500,1399,Common,false,false,false
2938,32.477,1099598049354,401911,,12,0,0,471,0.811925,16.2385,ok,471,0.811925,16.2385,ok,2500,1425,Common,false,false,false
2939,32.461,1099595976076,401910,,11,0,0,472,0.811525,16.2305,ok,472,0.811525,16.2305,ok,2500,1399,Common,false,false,false
2940,32.461,1099598049355,401911,,12,0,0,472,0.811525,16.2305,ok,472,0.811525,16.2305,ok,2500,1425,Common,false,false,false
2941,32.445,1099595976077,401910,kelin.gm,11,0,0,473,0.811124,16.2225,ok,473,0.811124,16.2225,ok,2500,1399,Common,false,false,false
2942,32.445,1099598049356,401911,dhpyu.wam,12,0,0,473,0.811124,16.2225,ok,473,0.811124,16.2225,ok,2500,1425,Common,false,false,false
2943,32.429,1099595976078,401910,,11,0,0,474,0.810724,16.2145,ok,474,0.810724,16.2145,ok,2500,1399,Common,false,false,false
2944,32.429,1099598049357,401911,3klrm.wam,12,0,0,474,0.810724,16.2145,ok,474,0.810724,16.2145,ok,2500,1425,Common,false,false,false
2945,32.413,1099595976079,401910,,11,0,0,475,0.810324,16.2065,ok,475,0.810324,16.2065,ok,2500,1399,Common,false,false,false
2946,32.413,1099598049358,401911,,12,0,0,475,0.810324,16.2065,ok,475,0.810324,16.2065,ok,2500,1425,Common,false,false,false
2947,32.397,1099595976080,401910,,11,0,0,476,0.809924,16.1985,ok,476,0.809924,16.1985,ok,2500,1399,Common,false,false,false
2948,32.397,1099598049359,401911,2szbk.wam,12,0,0,476,0.809924,16.1985,ok,476,0.809924,16.1985,ok,2500,1425,Common,false,false,false
2949,32.381,1099595976081,401910,,11,0,0,477,0.809524,16.1905,ok,477,0.809524,16.1905,ok,2500,1399,Common,false,false,false
2950,32.381,1099598049360,401911,4cyvk.wam,12,0,0,477,0.809524,16.1905,ok,477,0.809524,16.1905,ok,2500,1425,Common,false,false,false
2951,32.365,1099595976082,401910,,11,0,0,478,0.809124,16.1825,ok,478,0.809124,16.1825,ok,2500,1399,Common,false,false,false
2952,32.365,1099598049361,401911,,12,0,0,478,0.809124,16.1825,ok,478,0.809124,16.1825,ok,2500,1425,Common,false,false,false
2953,32.349,1099595976083,401910,,11,0,0,479,0.808723,16.1745,ok,479,0.808723,16.1745,ok,2500,1399,Common,false,false,false
2954,32.349,1099598049362,401911,jeuxg.wam,12,0,0,479,0.808723,16.1745,ok,479,0.808723,16.1745,ok,2500,1425,Common,false,false,false
2955,32.333,1099595976084,401910,,11,0,0,480,0.808323,16.1665,ok,480,0.808323,16.1665,ok,2500,1399,Common,false,false,false
2956,32.333,1099598049363,401911,,12,0,0,480,0.808323,16.1665,ok,480,0.808323,16.1665,ok,2500,1425,Common,false,false,false
2957,32.317,1099595976085,401910,,11,0,0,481,0.807923,16.1585,ok,481,0.807923,16.1585,ok,2500,1399,Common,false,false,false
2958,32.317,1099598049364,401911,,12,0,0,481,0.807923,16.1585,ok,481,0.807923,16.1585,ok,2500,1425,Common,false,false,false
2959,32.301,1099595976086,401910,,11,0,0,482,0.807523,16.1505,ok,482,0.807523,16.1505,ok,2500,1399,Common,false,false,false
2960,32.301,1099598049365,401911,,12,0,0,482,0.807523,16.1505,ok,482,0.807523,16.1505,ok,2500,1425,Common,false,false,false
2961,32.285,1099595976087,401910,,11,0,0,483,0.807123,16.1425,ok,483,0.807123,16.1425,ok,2500,1399,Common,false,false,false
2962,32.285,1099598049366,401911,,12,0,0,483,0.807123,16.1425,ok,483,0.807123,16.1425,ok,2500,1425,Common,false,false,false
2963,32.269,1099595976088,401910,,11,0,0,484,0.806723,16.1345,ok,484,0.806723,16.1345,ok,2500,1399,Common,false,false,false
2964,32.269,1099598049367,401911,,12,0,0,484,0.806723,16.1345,ok,484,0.806723,16.1345,ok,2500,1425,Common,false,false,false
2965,32.253,1099595976089,401910,,11,0,0,485,0.806323,16.1265,ok,485,0.806323,16.1265,ok,2500,1399,Common,false,false,false
2966,32.253,1099598049368,401911,,12,0,0,485,0.806323,16.1265,ok,485,0.806323,16.1265,ok,2500,1425,Common,false,false,false
2967,32.2368,1099595976090,401910,,11,0,0,486,0.805922,16.1184,ok,486,0.805922,16.1184,ok,2500,1399,Common,false,false,false
2968,32.2368,1099598049369,401911,,12,0,0,486,0.805922,16.1184,ok,486,0.805922,16.1184,ok,2500,1425,Common,false,false,false
2969,32.2208,1099595976091,401910,,11,0,0,487,0.805522,16.1104,ok,487,0.805522,16.1104,ok,2500,1399,Common,false,false,false
2970,32.2208,1099598049370,401911,,12,0,0,487,0.805522,16.1104,ok,487,0.805522,16.1104,ok,2500,1425,Common,false,false,false
2971,32.2048,1099595976092,401910,,11,0,0,488,0.805122,16.1024,ok,488,0.805122,16.1024,ok,2500,1399,Common,false,false,false
2972,32.2048,1099598049371,401911,,12,0,0,488,0.805122,16.1024,ok,488,0.805122,16.1024,ok,2500,1425,Common,false,false,false
2973,32.1888,1099595976093,401910,,11,0,0,489,0.804722,16.0944,ok,489,0.804722,16.0944,ok,2500,1399,Common,false,false,false
2974,32.1888,1099598049372,401911,5xrjg.wam,12,0,0,489,0.804722,16.0944,ok,489,0.804722,16.0944,ok,2500,1425,Common,false,false,false
2975,32.1728,1099595976094,401910,,11,0,0,490,0.804322,16.0864,ok,490,0.804322,16.0864,ok,2500,1399,Common,false,false,false
2976,32.1728,1099598049373,401911,,12,0,0,490,0.804322,16.0864,ok,490,0.804322,16.0864,ok,2500,1425,Common,false,false,false
2977,32.1568,1099595976095,401910,,11,0,0,491,0.803922,16.0784,ok,491,0.803922,16.0784,ok,2500,1399,Common,false,false,false
2978,32.1568,1099598049374,401911,,12,0,0,491,0.803922,16.0784,ok,491,0.803922,16.0784,ok,2500,1425,Common,false,false,false
2979,32.1408,1099595976096,401910,,11,0,0,492,0.803521,16.0704,ok,492,0.803521,16.0704,ok,2500,1399,Common,false,false,false
2980,32.1408,1099598049375,401911,,12,0,0,492,0.803521,16.0704,ok,492,0.803521,16.0704,ok,2500,1425,Common,false,false,false
2981,32.1248,1099595976097,401910,,11,0,0,493,0.803121,16.0624,ok,493,0.803121,16.0624,ok,2500,1399,Common,false,false,false
2982,32.1248,1099598049376,401911,,12,0,0,493,0.803121,16.0624,ok,493,0.803121,16.0624,ok,2500,1425,Common,false,false,false
2983,32.1088,1099595976098,401910,,11,0,0,494,0.802721,16.0544,ok,494,0.802721,16.0544,ok,2500,1399,Common,false,false,false
2984,32.1088,1099598049377,401911,,12,0,0,494,0.802721,16.0544,ok,494,0.802721,16.0544,ok,2500,1425,Common,false,false,false
2985,32.0928,1099595976099,401910,,11,0,0,495,0.802321,16.0464,ok,495,0.802321,16.0464,ok,2500,1399,Common,false,false,false
2986,32.0928,1099598049378,401911,,12,0,0,495,0.802321,16.0464,ok,495,0.802321,16.0464,ok,2500,1425,Common,false,false,false
2987,32.0768,1099595976100,401910,,11,0,0,496,0.801921,16.0384,ok,496,0.801921,16.0384,ok,2500,1399,Common,false,false,false
2988,32.0768,1099598049379,401911,,12,0,0,496,0.801921,16.0384,ok,496,0.801921,16.0384,ok,2500,1425,Common,false,false,false
2989,32.0608,1099595976101,401910,,11,0,0,497,0.801521,16.0304,ok,497,0.801521,16.0304,ok,2500,1399,Common,false,false,false
2990,32.0608,1099598049380,401911,,12,0,0,497,0.801521,16.0304,ok,497,0.801521,16.0304,ok,2500,1425,Common,false,false,false
2991,32.0448,1099595976102,401910,,11,0,0,498,0.80112,16.0224,ok,498,0.80112,16.0224,ok,2500,1399,Common,false,false,false
2992,32.0448,1099598049381,401911,1vlqw.wam,12,0,0,498,0.80112,16.0224,ok,498,0.80112,16.0224,ok,2500,1425,Common,false,false,false
2993,32.0288,1099595976103,401910,,11,0,0,499,0.80072,16.0144,ok,499,0.80072,16.0144,ok,2500,1399,Common,false,false,false
2994,32.0288,1099598049382,401911,,12,0,0,499,0.80072,16.0144,ok,499,0.80072,16.0144,ok,2500,1425,Common,false,false,false
2995,32.0128,1099595976104,401910,,11,0,0,500,0.80032,16.0064,ok,500,0.80032,16.0064,ok,2500,1399,Common,false,false,false
2996,32.0128,1099598049383,401911,hottothemoon,12,0,0,500,0.80032,16.0064,ok,500,0.80032,16.0064,ok,2500,1425,Common,false,false,false
2997,31.9968,1099595976234,401910,,11,0,0,501,0.79992,15.9984,ok,501,0.79992,15.9984,ok,2500,1399,Common,false,false,false
2998,31.9968,1099598050551,401911,,12,0,0,501,0.79992,15.9984,ok,501,0.79992,15.9984,ok,2500,1425,Common,false,false,false
2999,31.9808,1099595976235,401910,,11,0,0,502,0.79952,15.9904,ok,502,0.79952,15.9904,ok,2500,1399,Common,false,false,false
3000,31.9808,1099598050552,401911,vuhrq.wam,12,0,0,502,0.79952,15.9904,ok,502,0.79952,15.9904,ok,2500,1425,Common,false,false,false
3001,31.9648,1099595976236,401910,,11,0,0,503,0.79912,15.9824,ok,503,0.79912,15.9824,ok,2500,1399,Common,false,false,false
3002,31.9648,1099598050553,401911,,12,0,0,503,0.79912,15.9824,ok,503,0.79912,15.9824,ok,2500,1425,Common,false,false,false
3003,31.9488,1099595976237,401910,,11,0,0,504,0.798719,15.9744,ok,504,0.798719,15.9744,ok,2500,1399,Common,false,false,false
3004,31.9488,1099598050554,401911,pepperstake,12,0,0,504,0.798719,15.9744,ok,504,0.798719,15.9744,ok,2500,1425,Common,false,false,false
3005,31.9328,1099595976238,401910,,11,0,0,505,0.798319,15.9664,ok,505,0.798319,15.9664,ok,2500,1399,Common,false,false,false
3006,31.9328,1099598050555,401911,pepperstake,12,0,0,505,0.798319,15.9664,ok,505,0.798319,15.9664,ok,2500,1425,Common,false,false,false
3007,31.9168,1099595976239,401910,,11,0,0,506,0.797919,15.9584,ok,506,0.797919,15.9584,ok,2500,1399,Common,false,false,false
3008,31.9168,1099598050556,401911,,12,0,0,506,0.797919,15.9584,ok,506,0.797919,15.9584,ok,2500,1425,Common,false,false,false
3009,31.9008,1099595976240,401910,,11,0,0,507,0.797519,15.9504,ok,507,0.797519,15.9504,ok,2500,1399,Common,false,false,false
3010,31.9008,1099598056888,401911,qeibq.wam,12,0,0,507,0.797519,15.9504,ok,507,0.797519,15.9504,ok,2500,1425,Common,false,false,false
3011,31.8848,1099595976241,401910,,11,0,0,508,0.797119,15.9424,ok,508,0.797119,15.9424,ok,2500,1399,Common,false,false,false
3012,31.8848,1099598056889,401911,,12,0,0,508,0.797119,15.9424,ok,508,0.797119,15.9424,ok,2500,1425,Common,false,false,false
3013,31.8688,1099595976242,401910,,11,0,0,509,0.796719,15.9344,ok,509,0.796719,15.9344,ok,2500,1399,Common,false,false,false
3014,31.8688,1099598056890,401911,j2ibq.wam,12,0,0,509,0.796719,15.9344,ok,509,0.796719,15.9344,ok,2500,1425,Common,false,false,false
3015,31.8528,1099595976243,401910,,11,0,0,510,0.796319,15.9264,ok,510,0.796319,15.9264,ok,2500,1399,Common,false,false,false
3016,31.8528,1099598056891,401911,igwxu.wam,12,0,0,510,0.796319,15.9264,ok,510,0.796319,15.9264,ok,2500,1425,Common,false,false,false
3017,31.8368,1099595976244,401910,,11,0,0,511,0.795918,15.9184,ok,511,0.795918,15.9184,ok,2500,1399,Common,false,false,false
3018,31.8368,1099598056892,401911,,12,0,0,511,0.795918,15.9184,ok,511,0.795918,15.9184,ok,2500,1425,Common,false,false,false
3019,31.8208,1099595976245,401910,,11,0,0,512,0.795518,15.9104,ok,512,0.795518,15.9104,ok,2500,1399,Common,false,false,false
3020,31.8208,1099598056893,401911,jekb4.wam,12,0,0,512,0.795518,15.9104,ok,512,0.795518,15.9104,ok,2500,1425,Common,false,false,false
3021,31.8048,1099595976246,401910,,11,0,0,513,0.795118,15.9024,ok,513,0.795118,15.9024,ok,2500,1399,Common,false,false,false
3022,31.8048,1099598056894,401911,,12,0,0,513,0.795118,15.9024,ok,513,0.795118,15.9024,ok,2500,1425,Common,false,false,false
3023,31.7888,1099595976247,401910,,11,0,0,514,0.794718,15.8944,ok,514,0.794718,15.8944,ok,2500,1399,Common,false,false,false
3024,31.7888,1099598056895,401911,rkvqy.wam,12,0,0,514,0.794718,15.8944,ok,514,0.794718,15.8944,ok,2500,1425,Common,false,false,false
3025,31.7728,1099595976248,401910,,11,0,0,515,0.794318,15.8864,ok,515,0.794318,15.8864,ok,2500,1399,Common,false,false,false
3026,31.7728,1099598056896,401911,pepperstake,12,0,0,515,0.794318,15.8864,ok,515,0.794318,15.8864,ok,2500,1425,Common,false,false,false
3027,31.7568,1099595976249,401910,,11,0,0,516,0.793918,15.8784,ok,516,0.793918,15.8784,ok,2500,1399,Common,false,false,false
3028,31.7568,1099598056897,401911,qe.qw.wam,12,0,0,516,0.793918,15.8784,ok,516,0.793918,15.8784,ok,2500,1425,Common,false,false,false
3029,31.7406,1099595976250,401910,,11,0,0,517,0.793517,15.8703,ok,517,0.793517,15.8703,ok,2500,1399,Common,false,false,false
3030,31.7406,1099598056898,401911,covqy.wam,12,0,0,517,0.793517,15.8703,ok,517,0.793517,15.8703,ok,2500,1425,Common,false,false,false
3031,31.7246,1099595976251,401910,,11,0,0,518,0.793117,15.8623,ok,518,0.793117,15.8623,ok,2500,1399,Common,false,false,false
3032,31.7246,1099598056899,401911,,12,0,0,518,0.793117,15.8623,ok,518,0.793117,15.8623,ok,2500,1425,Common,false,false,false
3033,31.7086,1099595976252,401910,,11,0,0,519,0.792717,15.8543,ok,519,0.792717,15.8543,ok,2500,1399,Common,false,false,false
3034,31.7086,1099598056900,401911,gpvay.wam,12,0,0,519,0.792717,15.8543,ok,519,0.792717,15.8543,ok,2500,1425,Common,false,false,false
3035,31.6926,1099595976253,401910,,11,0,0,520,0.792317,15.8463,ok,520,0.792317,15.8463,ok,2500,1399,Common,false,false,false
3036,31.6926,1099598056901,401911,kvwdy.wam,12,0,0,520,0.792317,15.8463,ok,520,0.792317,15.8463,ok,2500,1425,Common,false,false,false
3037,31.6766,1099595976254,401910,,11,0,0,521,0.791917,15.8383,ok,521,0.791917,15.8383,ok,2500,1399,Common,false,false,false
3038,31.6766,1099598056902,401911,uqgy2.wam,12,0,0,521,0.791917,15.8383,ok,521,0.791917,15.8383,ok,2500,1425,Common,false,false,false
3039,31.6606,1099595976255,401910,,11,0,0,522,0.791517,15.8303,ok,522,0.791517,15.8303,ok,2500,1399,Common,false,false,false
3040,31.6606,1099598056903,401911,,12,0,0,522,0.791517,15.8303,ok,522,0.791517,15.8303,ok,2500,1425,Common,false,false,false
3041,31.6446,1099595976256,401910,,11,0,0,523,0.791116,15.8223,ok,523,0.791116,15.8223,ok,2500,1399,Common,false,false,false
3042,31.6446,1099598056904,401911,4nvqy.wam,12,0,0,523,0.791116,15.8223,ok,523,0.791116,15.8223,ok,2500,1425,Common,false,false,false
3043,31.6286,1099595976257,401910,,11,0,0,524,0.790716,15.8143,ok,524,0.790716,15.8143,ok,2500,1399,Common,false,false,false
3044,31.6286,1099598056905,401911,,12,0,0,524,0.790716,15.8143,ok,524,0.790716,15.8143,ok,2500,1425,Common,false,false,false
3045,31.6126,1099595976258,401910,,11,0,0,525,0.790316,15.8063,ok,525,0.790316,15.8063,ok,2500,1399,Common,false,false,false
3046,31.6126,1099598056906,401911,,12,0,0,525,0.790316,15.8063,ok,525,0.790316,15.8063,ok,2500,1425,Common,false,false,false
3047,31.5966,1099595976259,401910,,11,0,0,526,0.789916,15.7983,ok,526,0.789916,15.7983,ok,2500,1399,Common,false,false,false
3048,31.5966,1099598056907,401911,,12,0,0,526,0.789916,15.7983,ok,526,0.789916,15.7983,ok,2500,1425,Common,false,false,false
3049,31.5806,1099595976260,401910,,11,0,0,527,0.789516,15.7903,ok,527,0.789516,15.7903,ok,2500,1399,Common,false,false,false
3050,31.5806,1099598056908,401911,iiob2.wam,12,0,0,527,0.789516,15.7903,ok,527,0.789516,15.7903,ok,2500,1425,Common,false,false,false
3051,31.5646,1099595976261,401910,,11,0,0,528,0.789116,15.7823,ok,528,0.789116,15.7823,ok,2500,1399,Common,false,false,false
3052,31.5646,1099598056909,401911,xxuee.wam,12,0,0,528,0.789116,15.7823,ok,528,0.789116,15.7823,ok,2500,1425,Common,false,false,false
3053,31.5486,1099595976262,401910,,11,0,0,529,0.788715,15.7743,ok,529,0.788715,15.7743,ok,2500,1399,Common,false,false,false
3054,31.5486,1099598056910,401911,d5lhe.wam,12,0,0,529,0.788715,15.7743,ok,529,0.788715,15.7743,ok,2500,1425,Common,false,false,false
3055,31.5326,1099595976263,401910,,11,0,0,530,0.788315,15.7663,ok,530,0.788315,15.7663,ok,2500,1399,Common,false,false,false
3056,31.5326,1099598056911,401911,,12,0,0,530,0.788315,15.7663,ok,530,0.788315,15.7663,ok,2500,1425,Common,false,false,false
3057,31.5166,1099595976264,401910,,11,0,0,531,0.787915,15.7583,ok,531,0.787915,15.7583,ok,2500,1399,Common,false,false,false
3058,31.5166,1099598056912,401911,cpowy.wam,12,0,0,531,0.787915,15.7583,ok,531,0.787915,15.7583,ok,2500,1425,Common,false,false,false
3059,31.5006,1099595976265,401910,,11,0,0,532,0.787515,15.7503,ok,532,0.787515,15.7503,ok,2500,1399,Common,false,false,false
3060,31.5006,1099598056913,401911,wnub2.wam,12,0,0,532,0.787515,15.7503,ok,532,0.787515,15.7503,ok,2500,1425,Common,false,false,false
3061,31.4846,1099595976266,401910,,11,0,0,533,0.787115,15.7423,ok,533,0.787115,15.7423,ok,2500,1399,Common,false,false,false
3062,31.4846,1099598056914,401911,iijay.wam,12,0,0,533,0.787115,15.7423,ok,533,0.787115,15.7423,ok,2500,1425,Common,false,false,false
3063,31.4686,1099595976267,401910,,11,0,0,534,0.786715,15.7343,ok,534,0.786715,15.7343,ok,2500,1399,Common,false,false,false
3064,31.4686,1099598056915,401911,,12,0,0,534,0.786715,15.7343,ok,534,0.786715,15.7343,ok,2500,1425,Common,false,false,false
3065,31.4526,1099595976268,401910,,11,0,0,535,0.786315,15.7263,ok,535,0.786315,15.7263,ok,2500,1399,Common,false,false,false
3066,31.4526,1099598056916,401911,,12,0,0,535,0.786315,15.7263,ok,535,0.786315,15.7263,ok,2500,1425,Common,false,false,false
3067,31.4366,1099595976269,401910,,11,0,0,536,0.785914,15.7183,ok,536,0.785914,15.7183,ok,2500,1399,Common,false,false,false
3068,31.4366,1099598056917,401911,,12,0,0,536,0.785914,15.7183,ok,536,0.785914,15.7183,ok,2500,1425,Common,false,false,false
3069,31.4206,1099595976270,401910,,11,0,0,537,0.785514,15.7103,ok,537,0.785514,15.7103,ok,2500,1399,Common,false,false,false
3070,31.4206,1099598056918,401911,,12,0,0,537,0.785514,15.7103,ok,537,0.785514,15.7103,ok,2500,1425,Common,false,false,false
3071,31.4046,1099595976271,401910,,11,0,0,538,0.785114,15.7023,ok,538,0.785114,15.7023,ok,2500,1399,Common,false,false,false
3072,31.4046,1099598056919,401911,,12,0,0,538,0.785114,15.7023,ok,538,0.785114,15.7023,ok,2500,1425,Common,false,false,false
3073,31.3886,1099595976272,401910,,11,0,0,539,0.784714,15.6943,ok,539,0.784714,15.6943,ok,2500,1399,Common,false,false,false
3074,31.3886,1099598056920,401911,mbzh4.wam,12,0,0,539,0.784714,15.6943,ok,539,0.784714,15.6943,ok,2500,1425,Common,false,false,false
3075,31.3726,1099595976273,401910,,11,0,0,540,0.784314,15.6863,ok,540,0.784314,15.6863,ok,2500,1399,Common,false,false,false
3076,31.3726,1099598056921,401911,,12,0,0,540,0.784314,15.6863,ok,540,0.784314,15.6863,ok,2500,1425,Common,false,false,false
3077,31.3566,1099595976274,401910,,11,0,0,541,0.783914,15.6783,ok,541,0.783914,15.6783,ok,2500,1399,Common,false,false,false
3078,31.3566,1099598056922,401911,,12,0,0,541,0.783914,15.6783,ok,541,0.783914,15.6783,ok,2500,1425,Common,false,false,false
3079,31.3406,1099595976275,401910,,11,0,0,542,0.783513,15.6703,ok,542,0.783513,15.6703,ok,2500,1399,Common,false,false,false
3080,31.3406,1099598056923,401911,,12,0,0,542,0.783513,15.6703,ok,542,0.783513,15.6703,ok,2500,1425,Common,false,false,false
3081,31.3246,1099595976276,401910,4p1ky.c.wam,11,0,0,543,0.783113,15.6623,ok,543,0.783113,15.6623,ok,2500,1399,Common,false,false,false
3082,31.3246,1099598056924,401911,,12,0,0,543,0.783113,15.6623,ok,543,0.783113,15.6623,ok,2500,1425,Common,false,false,false
3083,31.3086,1099595976277,401910,,11,0,0,544,0.782713,15.6543,ok,544,0.782713,15.6543,ok,2500,1399,Common,false,false,false
3084,31.3086,1099598056925,401911,,12,0,0,544,0.782713,15.6543,ok,544,0.782713,15.6543,ok,2500,1425,Common,false,false,false
3085,31.2926,1099595976278,401910,,11,0,0,545,0.782313,15.6463,ok,545,0.782313,15.6463,ok,2500,1399,Common,false,false,false
3086,31.2926,1099598056926,401911,,12,0,0,545,0.782313,15.6463,ok,545,0.782313,15.6463,ok,2500,1425,Common,false,false,false
3087,31.2766,1099595976279,401910,,11,0,0,546,0.781913,15.6383,ok,546,0.781913,15.6383,ok,2500,1399,Common,false,false,false
3088,31.2766,1099598056927,401911,,12,0,0,546,0.781913,15.6383,ok,546,0.781913,15.6383,ok,2500,1425,Common,false,false,false
3089,31.2606,1099595976280,401910,,11,0,0,547,0.781513,15.6303,ok,547,0.781513,15.6303,ok,2500,1399,Common,false,false,false
3090,31.2606,1099598056928,401911,,12,0,0,547,0.781513,15.6303,ok,547,0.781513,15.6303,ok,2500,1425,Common,false,false,false
3091,31.2444,1099595976281,401910,dus1c.c.wam,11,0,0,548,0.781112,15.6222,ok,548,0.781112,15.6222,ok,2500,1399,Common,false,false,false
3092,31.2444,1099598056929,401911,,12,0,0,548,0.781112,15.6222,ok,548,0.781112,15.6222,ok,2500,1425,Common,false,false,false
3093,31.2284,1099595976282,401910,,11,0,0,549,0.780712,15.6142,ok,549,0.780712,15.6142,ok,2500,1399,Common,false,false,false
3094,31.2284,1099598056930,401911,onfqu.wam,12,0,0,549,0.780712,15.6142,ok,549,0.780712,15.6142,ok,2500,1425,Common,false,false,false
3095,31.2124,1099595976283,401910,,11,0,0,550,0.780312,15.6062,ok,550,0.780312,15.6062,ok,2500,1399,Common,false,false,false
3096,31.2124,1099598056931,401911,,12,0,0,550,0.780312,15.6062,ok,550,0.780312,15.6062,ok,2500,1425,Common,false,false,false
3097,31.1964,1099595976284,401910,,11,0,0,551,0.779912,15.5982,ok,551,0.779912,15.5982,ok,2500,1399,Common,false,false,false
3098,31.1964,1099598056932,401911,,12,0,0,551,0.779912,15.5982,ok,551,0.779912,15.5982,ok,2500,1425,Common,false,false,false
3099,31.1804,1099595976285,401910,,11,0,0,552,0.779512,15.5902,ok,552,0.779512,15.5902,ok,2500,1399,Common,false,false,false
3100,31.1804,1099598056933,401911,,12,0,0,552,0.779512,15.5902,ok,552,0.779512,15.5902,ok,2500,1425,Common,false,false,false
3101,31.1644,1099595976286,401910,,11,0,0,553,0.779112,15.5822,ok,553,0.779112,15.5822,ok,2500,1399,Common,false,false,false
3102,31.1644,1099598056934,401911,,12,0,0,553,0.779112,15.5822,ok,553,0.779112,15.5822,ok,2500,1425,Common,false,false,false
3103,31.1484,1099595976287,401910,,11,0,0,554,0.778711,15.5742,ok,554,0.778711,15.5742,ok,2500,1399,Common,false,false,false
3104,31.1484,1099598056935,401911,,12,0,0,554,0.778711,15.5742,ok,554,0.778711,15.5742,ok,2500,1425,Common,false,false,false
3105,31.1324,1099595976288,401910,cawaw.wam,11,0,0,555,0.778311,15.5662,ok,555,0.778311,15.5662,ok,2500,1399,Common,false,false,false
3106,31.1324,1099598056936,401911,555magnta555,12,0,0,555,0.778311,15.5662,ok,555,0.778311,15.5662,ok,2500,1425,Common,false,false,false
3107,31.1164,1099595976289,401910,neijg.wam,11,0,0,556,0.777911,15.5582,ok,556,0.777911,15.5582,ok,2500,1399,Common,false,false,false
3108,31.1164,1099598056937,401911,,12,0,0,556,0.777911,15.5582,ok,556,0.777911,15.5582,ok,2500,1425,Common,false,false,false
3109,31.1004,1099595976290,401910,aa4r2.wam,11,0,0,557,0.777511,15.5502,ok,557,0.777511,15.5502,ok,2500,1399,Common,false,false,false
3110,31.1004,1099598056938,401911,,12,0,0,557,0.777511,15.5502,ok,557,0.777511,15.5502,ok,2500,1425,Common,false,false,false
3111,31.0844,1099595976291,401910,,11,0,0,558,0.777111,15.5422,ok,558,0.777111,15.5422,ok,2500,1399,Common,false,false,false
3112,31.0844,1099598056939,401911,,12,0,0,558,0.777111,15.5422,ok,558,0.777111,15.5422,ok,2500,1425,Common,false,false,false
3113,31.0684,1099595976292,401910,,11,0,0,559,0.776711,15.5342,ok,559,0.776711,15.5342,ok,2500,1399,Common,false,false,false
3114,31.0684,1099598056940,401911,,12,0,0,559,0.776711,15.5342,ok,559,0.776711,15.5342,ok,2500,1425,Common,false,false,false
3115,31.0524,1099595976293,401910,,11,0,0,560,0.776311,15.5262,ok,560,0.776311,15.5262,ok,2500,1399,Common,false,false,false
3116,31.0524,1099598056941,401911,,12,0,0,560,0.776311,15.5262,ok,560,0.776311,15.5262,ok,2500,1425,Common,false,false,false
3117,31.0364,1099595976294,401910,,11,0,0,561,0.77591,15.5182,ok,561,0.77591,15.5182,ok,2500,1399,Common,false,false,false
3118,31.0364,1099598056942,401911,,12,0,0,561,0.77591,15.5182,ok,561,0.77591,15.5182,ok,2500,1425,Common,false,false,false
3119,31.0204,1099595976295,401910,,11,0,0,562,0.77551,15.5102,ok,562,0.77551,15.5102,ok,2500,1399,Common,false,false,false
3120,31.0204,1099598056943,401911,xyhbq.wam,12,0,0,562,0.77551,15.5102,ok,562,0.77551,15.5102,ok,2500,1425,Common,false,false,false
3121,31.0044,1099595976296,401910,,11,0,0,563,0.77511,15.5022,ok,563,0.77511,15.5022,ok,2500,1399,Common,false,false,false
3122,31.0044,1099598056944,401911,,12,0,0,563,0.77511,15.5022,ok,563,0.77511,15.5022,ok,2500,1425,Common,false,false,false
3123,30.9884,1099595976297,401910,,11,0,0,564,0.77471,15.4942,ok,564,0.77471,15.4942,ok,2500,1399,Common,false,false,false
3124,30.9884,1099598056945,401911,toonboytwofu,12,0,0,564,0.77471,15.4942,ok,564,0.77471,15.4942,ok,2500,1425,Common,false,false,false
3125,30.9724,1099595976298,401910,,11,0,0,565,0.77431,15.4862,ok,565,0.77431,15.4862,ok,2500,1399,Common,false,false,false
3126,30.9724,1099598056946,401911,,12,0,0,565,0.77431,15.4862,ok,565,0.77431,15.4862,ok,2500,1425,Common,false,false,false
3127,30.9564,1099595976299,401910,,11,0,0,566,0.77391,15.4782,ok,566,0.77391,15.4782,ok,2500,1399,Common,false,false,false
3128,30.9564,1099598056947,401911,,12,0,0,566,0.77391,15.4782,ok,566,0.77391,15.4782,ok,2500,1425,Common,false,false,false
3129,30.9404,1099595976300,401910,,11,0,0,567,0.773509,15.4702,ok,567,0.773509,15.4702,ok,2500,1399,Common,false,false,false
3130,30.9404,1099598056948,401911,,12,0,0,567,0.773509,15.4702,ok,567,0.773509,15.4702,ok,2500,1425,Common,false,false,false
3131,30.9244,1099595976301,401910,,11,0,0,568,0.773109,15.4622,ok,568,0.773109,15.4622,ok,2500,1399,Common,false,false,false
3132,30.9244,1099598056949,401911,,12,0,0,568,0.773109,15.4622,ok,568,0.773109,15.4622,ok,2500,1425,Common,false,false,false
3133,30.9084,1099595976302,401910,,11,0,0,569,0.772709,15.4542,ok,569,0.772709,15.4542,ok,2500,1399,Common,false,false,false
3134,30.9084,1099598056950,401911,jl3aw.wam,12,0,0,569,0.772709,15.4542,ok,569,0.772709,15.4542,ok,2500,1425,Common,false,false,false
3135,30.8924,1099595976303,401910,,11,0,0,570,0.772309,15.4462,ok,570,0.772309,15.4462,ok,2500,1399,Common,false,false,false
3136,30.8924,1099598056951,401911,,12,0,0,570,0.772309,15.4462,ok,570,0.772309,15.4462,ok,2500,1425,Common,false,false,false
3137,30.8764,1099595976304,401910,,11,0,0,571,0.771909,15.4382,ok,571,0.771909,15.4382,ok,2500,1399,Common,false,false,false
3138,30.8764,1099598056952,401911,5ygru.wam,12,0,0,571,0.771909,15.4382,ok,571,0.771909,15.4382,ok,2500,1425,Common,false,false,false
3139,30.8604,1099595976305,401910,neijg.wam,11,0,0,572,0.771509,15.4302,ok,572,0.771509,15.4302,ok,2500,1399,Common,false,false,false
3140,30.8604,1099598056953,401911,,12,0,0,572,0.771509,15.4302,ok,572,0.771509,15.4302,ok,2500,1425,Common,false,false,false
3141,30.8444,1099595976306,401910,,11,0,0,573,0.771108,15.4222,ok,573,0.771108,15.4222,ok,2500,1399,Common,false,false,false
3142,30.8444,1099598056954,401911,,12,0,0,573,0.771108,15.4222,ok,573,0.771108,15.4222,ok,2500,1425,Common,false,false,false
3143,30.8284,1099595976307,401910,,11,0,0,574,0.770708,15.4142,ok,574,0.770708,15.4142,ok,2500,1399,Common,false,false,false
3144,30.8284,1099598056955,401911,cymbo.wam,12,0,0,574,0.770708,15.4142,ok,574,0.770708,15.4142,ok,2500,1425,Common,false,false,false
3145,30.8124,1099595976308,401910,,11,0,0,575,0.770308,15.4062,ok,575,0.770308,15.4062,ok,2500,1399,Common,false,false,false
3146,30.8124,1099598056956,401911,,12,0,0,575,0.770308,15.4062,ok,575,0.770308,15.4062,ok,2500,1425,Common,false,false,false
3147,30.7964,1099595976309,401910,,11,0,0,576,0.769908,15.3982,ok,576,0.769908,15.3982,ok,2500,1399,Common,false,false,false
3148,30.7964,1099598056957,401911,4ujqq.wam,12,0,0,576,0.769908,15.3982,ok,576,0.769908,15.3982,ok,2500,1425,Common,false,false,false
3149,30.7804,1099595976310,401910,,11,0,0,577,0.769508,15.3902,ok,577,0.769508,15.3902,ok,2500,1399,Common,false,false,false
3150,30.7804,1099598056958,401911,,12,0,0,577,0.769508,15.3902,ok,577,0.769508,15.3902,ok,2500,1425,Common,false,false,false
3151,30.7644,1099595976311,401910,,11,0,0,578,0.769108,15.3822,ok,578,0.769108,15.3822,ok,2500,1399,Common,false,false,false
3152,30.7644,1099598056959,401911,4ikaw.wam,12,0,0,578,0.769108,15.3822,ok,578,0.769108,15.3822,ok,2500,1425,Common,false,false,false
3153,30.7482,1099595976312,401910,.jvc4.wam,11,0,0,579,0.768707,15.3741,ok,579,0.768707,15.3741,ok,2500,1399,Common,false,false,false
3154,30.7482,1099598056960,401911,4.qvq.wam,12,0,0,579,0.768707,15.3741,ok,579,0.768707,15.3741,ok,2500,1425,Common,false,false,false
3155,30.7322,1099595976313,401910,,11,0,0,580,0.768307,15.3661,ok,580,0.768307,15.3661,ok,2500,1399,Common,false,false,false
3156,30.7322,1099598056961,401911,toonboytwofu,12,0,0,580,0.768307,15.3661,ok,580,0.768307,15.3661,ok,2500,1425,Common,false,false,false
3157,30.7162,1099595976314,401910,,11,0,0,581,0.767907,15.3581,ok,581,0.767907,15.3581,ok,2500,1399,Common,false,false,false
3158,30.7162,1099598056962,401911,,12,0,0,581,0.767907,15.3581,ok,581,0.767907,15.3581,ok,2500,1425,Common,false,false,false
3159,30.7002,1099595976315,401910,,11,0,0,582,0.767507,15.3501,ok,582,0.767507,15.3501,ok,2500,1399,Common,false,false,false
3160,30.7002,1099598056963,401911,dhmgc.wam,12,0,0,582,0.767507,15.3501,ok,582,0.767507,15.3501,ok,2500,1425,Common,false,false,false
3161,30.6842,1099595976316,401910,,11,0,0,583,0.767107,15.3421,ok,583,0.767107,15.3421,ok,2500,1399,Common,false,false,false
3162,30.6842,1099598056964,401911,,12,0,0,583,0.767107,15.3421,ok,583,0.767107,15.3421,ok,2500,1425,Common,false,false,false
3163,30.6682,1099595976317,401910,,11,0,0,584,0.766707,15.3341,ok,584,0.766707,15.3341,ok,2500,1399,Common,false,false,false
3164,30.6682,1099598056965,401911,,12,0,0,584,0.766707,15.3341,ok,584,0.766707,15.3341,ok,2500,1425,Common,false,false,false
3165,30.6522,1099595976318,401910,pepperstake,11,0,0,585,0.766307,15.3261,ok,585,0.766307,15.3261,ok,2500,1399,Common,false,false,false
3166,30.6522,1099598056966,401911,,12,0,0,585,0.766307,15.3261,ok,585,0.766307,15.3261,ok,2500,1425,Common,false,false,false
3167,30.6362,1099595976319,401910,,11,0,0,586,0.765906,15.3181,ok,586,0.765906,15.3181,ok,2500,1399,Common,false,false,false
3168,30.6362,1099598056967,401911,,12,0,0,586,0.765906,15.3181,ok,586,0.765906,15.3181,ok,2500,1425,Common,false,false,false
3169,30.6202,1099595976320,401910,,11,0,0,587,0.765506,15.3101,ok,587,0.765506,15.3101,ok,2500,1399,Common,false,false,false
3170,30.6202,1099598056968,401911,.hpry.wam,12,0,0,587,0.765506,15.3101,ok,587,0.765506,15.3101,ok,2500,1425,Common,false,false,false
3171,30.6042,1099595976321,401910,,11,0,0,588,0.765106,15.3021,ok,588,0.765106,15.3021,ok,2500,1399,Common,false,false,false
3172,30.6042,1099598056969,401911,qjcqw.wam,12,0,0,588,0.765106,15.3021,ok,588,0.765106,15.3021,ok,2500,1425,Common,false,false,false
3173,30.5882,1099595976322,401910,,11,0,0,589,0.764706,15.2941,ok,589,0.764706,15.2941,ok,2500,1399,Common,false,false,false
3174,30.5882,1099598056970,401911,,12,0,0,589,0.764706,15.2941,ok,589,0.764706,15.2941,ok,2500,1425,Common,false,false,false
3175,30.5722,1099595976323,401910,,11,0,0,590,0.764306,15.2861,ok,590,0.764306,15.2861,ok,2500,1399,Common,false,false,false
3176,30.5722,1099598056971,401911,,12,0,0,590,0.764306,15.2861,ok,590,0.764306,15.2861,ok,2500,1425,Common,false,false,false
3177,30.5562,1099595976324,401910,,11,0,0,591,0.763906,15.2781,ok,591,0.763906,15.2781,ok,2500,1399,Common,false,false,false
3178,30.5562,1099598056972,401911,,12,0,0,591,0.763906,15.2781,ok,591,0.763906,15.2781,ok,2500,1425,Common,false,false,false
3179,30.5402,1099595976325,401910,,11,0,0,592,0.763505,15.2701,ok,592,0.763505,15.2701,ok,2500,1399,Common,false,false,false
3180,30.5402,1099598056973,401911,,12,0,0,592,0.763505,15.2701,ok,592,0.763505,15.2701,ok,2500,1425,Common,false,false,false
3181,30.5242,1099595976326,401910,,11,0,0,593,0.763105,15.2621,ok,593,0.763105,15.2621,ok,2500,1399,Common,false,false,false
3182,30.5242,1099598056974,401911,,12,0,0,593,0.763105,15.2621,ok,593,0.763105,15.2621,ok,2500,1425,Common,false,false,false
3183,30.5082,1099595976327,401910,4p1ky.c.wam,11,0,0,594,0.762705,15.2541,ok,594,0.762705,15.2541,ok,2500,1399,Common,false,false,false
3184,30.5082,1099598056975,401911,,12,0,0,594,0.762705,15.2541,ok,594,0.762705,15.2541,ok,2500,1425,Common,false,false,false
3185,30.4922,1099595976328,401910,ghahg.wam,11,0,0,595,0.762305,15.2461,ok,595,0.762305,15.2461,ok,2500,1399,Common,false,false,false
3186,30.4922,1099598056976,401911,,12,0,0,595,0.762305,15.2461,ok,595,0.762305,15.2461,ok,2500,1425,Common,false,false,false
3187,30.4762,1099595976329,401910,,11,0,0,596,0.761905,15.2381,ok,596,0.761905,15.2381,ok,2500,1399,Common,false,false,false
3188,30.4762,1099598056977,401911,,12,0,0,596,0.761905,15.2381,ok,596,0.761905,15.2381,ok,2500,1425,Common,false,false,false
3189,30.4602,1099595976330,401910,,11,0,0,597,0.761505,15.2301,ok,597,0.761505,15.2301,ok,2500,1399,Common,false,false,false
3190,30.4602,1099598056978,401911,wam,12,0,0,597,0.761505,15.2301,ok,597,0.761505,15.2301,ok,2500,1425,Common,false,false,false
3191,30.4442,1099595976331,401910,,11,0,0,598,0.761104,15.2221,ok,598,0.761104,15.2221,ok,2500,1399,Common,false,false,false
3192,30.4442,1099598056979,401911,,12,0,0,598,0.761104,15.2221,ok,598,0.761104,15.2221,ok,2500,1425,Common,false,false,false
3193,30.4282,1099595976332,401910,,11,0,0,599,0.760704,15.2141,ok,599,0.760704,15.2141,ok,2500,1399,Common,false,false,false
3194,30.4282,1099598056980,401911,,12,0,0,599,0.760704,15.2141,ok,599,0.760704,15.2141,ok,2500,1425,Common,false,false,false
3195,30.4122,1099595976333,401910,,11,0,0,600,0.760304,15.2061,ok,600,0.760304,15.2061,ok,2500,1399,Common,false,false,false
3196,30.4122,1099598056981,401911,xmzr2.wam,12,0,0,600,0.760304,15.2061,ok,600,0.760304,15.2061,ok,2500,1425,Common,false,false,false
3197,30.3962,1099598056982,401911,,12,0,0,601,0.759904,15.1981,ok,601,0.759904,15.1981,ok,2500,1425,Common,false,false,false
3198,30.3962,1099599053752,401910,,11,0,0,601,0.759904,15.1981,ok,601,0.759904,15.1981,ok,2500,1399,Common,false,false,false
3199,30.3802,1099598056983,401911,,12,0,0,602,0.759504,15.1901,ok,602,0.759504,15.1901,ok,2500,1425,Common,false,false,false
3200,30.3802,1099599053753,401910,,11,0,0,602,0.759504,15.1901,ok,602,0.759504,15.1901,ok,2500,1399,Common,false,false,false
3201,30.3642,1099598056984,401911,,12,0,0,603,0.759104,15.1821,ok,603,0.759104,15.1821,ok,2500,1425,Common,false,false,false
3202,30.3642,1099599053754,401910,,11,0,0,603,0.759104,15.1821,ok,603,0.759104,15.1821,ok,2500,1399,Common,false,false,false
3203,30.3482,1099598056985,401911,j2vay.wam,12,0,0,604,0.758703,15.1741,ok,604,0.758703,15.1741,ok,2500,1425,Common,false,false,false
3204,30.3482,1099599053755,401910,4p1ky.c.wam,11,0,0,604,0.758703,15.1741,ok,604,0.758703,15.1741,ok,2500,1399,Common,false,false,false
3205,30.3322,1099598056986,401911,,12,0,0,605,0.758303,15.1661,ok,605,0.758303,15.1661,ok,2500,1425,Common,false,false,false
3206,30.3322,1099599053756,401910,,11,0,0,605,0.758303,15.1661,ok,605,0.758303,15.1661,ok,2500,1399,Common,false,false,false
3207,30.3162,1099598056987,401911,,12,0,0,606,0.757903,15.1581,ok,606,0.757903,15.1581,ok,2500,1425,Common,false,false,false
3208,30.3162,1099599053757,401910,,11,0,0,606,0.757903,15.1581,ok,606,0.757903,15.1581,ok,2500,1399,Common,false,false,false
3209,30.3002,1099598057004,401911,,12,0,0,607,0.757503,15.1501,ok,607,0.757503,15.1501,ok,2500,1425,Common,false,false,false
3210,30.3002,1099599053758,401910,,11,0,0,607,0.757503,15.1501,ok,607,0.757503,15.1501,ok,2500,1399,Common,false,false,false
3211,30.2842,1099598057005,401911,,12,0,0,608,0.757103,15.1421,ok,608,0.757103,15.1421,ok,2500,1425,Common,false,false,false
3212,30.2842,1099599053759,401910,,11,0,0,608,0.757103,15.1421,ok,608,0.757103,15.1421,ok,2500,1399,Common,false,false,false
3213,30.2682,1099598057006,401911,becdclxvi.gm,12,0,0,609,0.756703,15.1341,ok,609,0.756703,15.1341,ok,2500,1425,Common,false,false,false
3214,30.2682,1099599053760,401910,,11,0,0,609,0.756703,15.1341,ok,609,0.756703,15.1341,ok,2500,1399,Common,false,false,false
3215,30.2522,1099598057007,401911,,12,0,0,610,0.756303,15.1261,ok,610,0.756303,15.1261,ok,2500,1425,Common,false,false,false
3216,30.2522,1099599053761,401910,,11,0,0,610,0.756303,15.1261,ok,610,0.756303,15.1261,ok,2500,1399,Common,false,false,false
3217,30.236,1099598057008,401911,,12,0,0,611,0.755902,15.118,ok,611,0.755902,15.118,ok,2500,1425,Common,false,false,false
3218,30.236,1099599053762,401910,,11,0,0,611,0.755902,15.118,ok,611,0.755902,15.118,ok,2500,1399,Common,false,false,false
3219,30.22,1099598057009,401911,,12,0,0,612,0.755502,15.11,ok,612,0.755502,15.11,ok,2500,1425,Common,false,false,false
3220,30.22,1099599053763,401910,,11,0,0,612,0.755502,15.11,ok,612,0.755502,15.11,ok,2500,1399,Common,false,false,false
3221,30.204,1099598057010,401911,,12,0,0,613,0.755102,15.102,ok,613,0.755102,15.102,ok,2500,1425,Common,false,false,false
3222,30.204,1099599053764,401910,,11,0,0,613,0.755102,15.102,ok,613,0.755102,15.102,ok,2500,1399,Common,false,false,false
3223,30.188,1099598057011,401911,gfeec.wam,12,0,0,614,0.754702,15.094,ok,614,0.754702,15.094,ok,2500,1425,Common,false,false,false
3224,30.188,1099599053765,401910,,11,0,0,614,0.754702,15.094,ok,614,0.754702,15.094,ok,2500,1399,Common,false,false,false
3225,30.172,1099598057012,401911,,12,0,0,615,0.754302,15.086,ok,615,0.754302,15.086,ok,2500,1425,Common,false,false,false
3226,30.172,1099599053766,401910,,11,0,0,615,0.754302,15.086,ok,615,0.754302,15.086,ok,2500,1399,Common,false,false,false
3227,30.156,1099598057013,401911,5ih1e.c.wam,12,0,0,616,0.753902,15.078,ok,616,0.753902,15.078,ok,2500,1425,Common,false,false,false
3228,30.156,1099599053767,401910,,11,0,0,616,0.753902,15.078,ok,616,0.753902,15.078,ok,2500,1399,Common,false,false,false
3229,30.14,1099598057014,401911,,12,0,0,617,0.753501,15.07,ok,617,0.753501,15.07,ok,2500,1425,Common,false,false,false
3230,30.14,1099599053768,401910,,11,0,0,617,0.753501,15.07,ok,617,0.753501,15.07,ok,2500,1399,Common,false,false,false
3231,30.124,1099598057015,401911,,12,0,0,618,0.753101,15.062,ok,618,0.753101,15.062,ok,2500,1425,Common,false,false,false
3232,30.124,1099599053769,401910,,11,0,0,618,0.753101,15.062,ok,618,0.753101,15.062,ok,2500,1399,Common,false,false,false
3233,30.108,1099598057016,401911,,12,0,0,619,0.752701,15.054,ok,619,0.752701,15.054,ok,2500,1425,Common,false,false,false
3234,30.108,1099599053770,401910,,11,0,0,619,0.752701,15.054,ok,619,0.752701,15.054,ok,2500,1399,Common,false,false,false
3235,30.092,1099598057017,401911,,12,0,0,620,0.752301,15.046,ok,620,0.752301,15.046,ok,2500,1425,Common,false,false,false
3236,30.092,1099599053771,401910,,11,0,0,620,0.752301,15.046,ok,620,0.752301,15.046,ok,2500,1399,Common,false,false,false
3237,30.076,1099598057018,401911,,12,0,0,621,0.751901,15.038,ok,621,0.751901,15.038,ok,2500,1425,Common,false,false,false
3238,30.076,1099599053772,401910,,11,0,0,621,0.751901,15.038,ok,621,0.751901,15.038,ok,2500,1399,Common,false,false,false
3239,30.06,1099598057019,401911,,12,0,0,622,0.751501,15.03,ok,622,0.751501,15.03,ok,2500,1425,Common,false,false,false
3240,30.06,1099599053773,401910,f1.qy.wam,11,0,0,622,0.751501,15.03,ok,622,0.751501,15.03,ok,2500,1399,Common,false,false,false
3241,30.044,1099598057020,401911,,12,0,0,623,0.7511,15.022,ok,623,0.7511,15.022,ok,2500,1425,Common,false,false,false
3242,30.044,1099599053774,401910,,11,0,0,623,0.7511,15.022,ok,623,0.7511,15.022,ok,2500,1399,Common,false,false,false
3243,30.028,1099598057021,401911,3e5qw.wam,12,0,0,624,0.7507,15.014,ok,624,0.7507,15.014,ok,2500,1425,Common,false,false,false
3244,30.028,1099599053775,401910,,11,0,0,624,0.7507,15.014,ok,624,0.7507,15.014,ok,2500,1399,Common,false,false,false
3245,30.012,1099598057022,401911,,12,0,0,625,0.7503,15.006,ok,625,0.7503,15.006,ok,2500,1425,Common,false,false,false
3246,30.012,1099599053776,401910,yxkwo.wam,11,0,0,625,0.7503,15.006,ok,625,0.7503,15.006,ok,2500,1399,Common,false,false,false
3247,29.996,1099598057023,401911,,12,0,0,626,0.7499,14.998,ok,626,0.7499,14.998,ok,2500,1425,Common,false,false,false
3248,29.996,1099599053777,401910,,11,0,0,626,0.7499,14.998,ok,626,0.7499,14.998,ok,2500,1399,Common,false,false,false
3249,29.98,1099598057024,401911,,12,0,0,627,0.7495,14.99,ok,627,0.7495,14.99,ok,2500,1425,Common,false,false,false
3250,29.98,1099599053778,401910,,11,0,0,627,0.7495,14.99,ok,627,0.7495,14.99,ok,2500,1399,Common,false,false,false
3251,29.964,1099598057025,401911,h3jao.wam,12,0,0,628,0.7491,14.982,ok,628,0.7491,14.982,ok,2500,1425,Common,false,false,false
3252,29.964,1099599053779,401910,,11,0,0,628,0.7491,14.982,ok,628,0.7491,14.982,ok,2500,1399,Common,false,false,false
3253,29.948,1099598057026,401911,,12,0,0,629,0.748699,14.974,ok,629,0.748699,14.974,ok,2500,1425,Common,false,false,false
3254,29.948,1099599053780,401910,,11,0,0,629,0.748699,14.974,ok,629,0.748699,14.974,ok,2500,1399,Common,false,false,false
3255,29.932,1099598057027,401911,,12,0,0,630,0.748299,14.966,ok,630,0.748299,14.966,ok,2500,1425,Common,false,false,false
3256,29.932,1099599053781,401910,shzx4.wam,11,0,0,630,0.748299,14.966,ok,630,0.748299,14.966,ok,2500,1399,Common,false,false,false
3257,29.916,1099598057028,401911,,12,0,0,631,0.747899,14.958,ok,631,0.747899,14.958,ok,2500,1425,Common,false,false,false
3258,29.916,1099599053782,401910,orsrm.wam,11,0,0,631,0.747899,14.958,ok,631,0.747899,14.958,ok,2500,1399,Common,false,false,false
3259,29.9,1099598057029,401911,,12,0,0,632,0.747499,14.95,ok,632,0.747499,14.95,ok,2500,1425,Common,false,false,false
3260,29.9,1099599053783,401910,q5kyw.wam,11,0,0,632,0.747499,14.95,ok,632,0.747499,14.95,ok,2500,1399,Common,false,false,false
3261,29.884,1099598057030,401911,,12,0,0,633,0.747099,14.942,ok,633,0.747099,14.942,ok,2500,1425,Common,false,false,false
3262,29.884,1099599053784,401910,,11,0,0,633,0.747099,14.942,ok,633,0.747099,14.942,ok,2500,1399,Common,false,false,false
3263,29.868,1099598057031,401911,,12,0,0,634,0.746699,14.934,ok,634,0.746699,14.934,ok,2500,1425,Common,false,false,false
3264,29.868,1099599053785,401910,,11,0,0,634,0.746699,14.934,ok,634,0.746699,14.934,ok,2500,1399,Common,false,false,false
3265,29.852,1099598057032,401911,,12,0,0,635,0.746299,14.926,ok,635,0.746299,14.926,ok,2500,1425,Common,false,false,false
3266,29.852,1099599053786,401910,hhyb4.wam,11,0,0,635,0.746299,14.926,ok,635,0.746299,14.926,ok,2500,1399,Common,false,false,false
3267,29.836,1099598057033,401911,,12,0,0,636,0.745898,14.918,ok,636,0.745898,14.918,ok,2500,1425,Common,false,false,false
3268,29.836,1099599053787,401910,qwlh2.wam,11,0,0,636,0.745898,14.918,ok,636,0.745898,14.918,ok,2500,1399,Common,false,false,false
3269,29.82,1099598057034,401911,,12,0,0,637,0.745498,14.91,ok,637,0.745498,14.91,ok,2500,1425,Common,false,false,false
3270,29.82,1099599053788,401910,z.sf2.wam,11,0,0,637,0.745498,14.91,ok,637,0.745498,14.91,ok,2500,1399,Common,false,false,false
3271,29.804,1099598057035,401911,,12,0,0,638,0.745098,14.902,ok,638,0.745098,14.902,ok,2500,1425,Common,false,false,false
3272,29.804,1099599053789,401910,,11,0,0,638,0.745098,14.902,ok,638,0.745098,14.902,ok,2500,1399,Common,false,false,false
3273,29.788,1099598057036,401911,,12,0,0,639,0.744698,14.894,ok,639,0.744698,14.894,ok,2500,1425,Common,false,false,false
3274,29.788,1099599053790,401910,2uhdy.wam,11,0,0,639,0.744698,14.894,ok,639,0.744698,14.894,ok,2500,1399,Common,false,false,false
3275,29.772,1099598057037,401911,,12,0,0,640,0.744298,14.886,ok,640,0.744298,14.886,ok,2500,1425,Common,false,false,false
3276,29.772,1099599053791,401910,,11,0,0,640,0.744298,14.886,ok,640,0.744298,14.886,ok,2500,1399,Common,false,false,false
3277,29.756,1099598057038,401911,,12,0,0,641,0.743898,14.878,ok,641,0.743898,14.878,ok,2500,1425,Common,false,false,false
3278,29.756,1099599053792,401910,,11,0,0,641,0.743898,14.878,ok,641,0.743898,14.878,ok,2500,1399,Common,false,false,false
3279,29.7398,1099598057039,401911,,12,0,0,642,0.743497,14.8699,ok,642,0.743497,14.8699,ok,2500,1425,Common,false,false,false
3280,29.7398,1099599053793,401910,p.nbe.wam,11,0,0,642,0.743497,14.8699,ok,642,0.743497,14.8699,ok,2500,1399,Common,false,false,false
3281,29.7238,1099598057040,401911,q4mb4.wam,12,0,0,643,0.743097,14.8619,ok,643,0.743097,14.8619,ok,2500,1425,Common,false,false,false
3282,29.7238,1099599053794,401910,,11,0,0,643,0.743097,14.8619,ok,643,0.743097,14.8619,ok,2500,1399,Common,false,false,false
3283,29.7078,1099598057041,401911,,12,0,0,644,0.742697,14.8539,ok,644,0.742697,14.8539,ok,2500,1425,Common,false,false,false
3284,29.7078,1099599053795,401910,hkra.wam,11,0,0,644,0.742697,14.8539,ok,644,0.742697,14.8539,ok,2500,1399,Common,false,false,false
3285,29.6918,1099598057042,401911,,12,0,0,645,0.742297,14.8459,ok,645,0.742297,14.8459,ok,2500,1425,Common,false,false,false
3286,29.6918,1099599053796,401910,,11,0,0,645,0.742297,14.8459,ok,645,0.742297,14.8459,ok,2500,1399,Common,false,false,false
3287,29.6758,1099598057043,401911,,12,0,0,646,0.741897,14.8379,ok,646,0.741897,14.8379,ok,2500,1425,Common,false,false,false
3288,29.6758,1099599053797,401910,,11,0,0,646,0.741897,14.8379,ok,646,0.741897,14.8379,ok,2500,1399,Common,false,false,false
3289,29.6598,1099598057044,401911,,12,0,0,647,0.741497,14.8299,ok,647,0.741497,14.8299,ok,2500,1425,Common,false,false,false
3290,29.6598,1099599053798,401910,3snyy.wam,11,0,0,647,0.741497,14.8299,ok,647,0.741497,14.8299,ok,2500,1399,Common,false,false,false
3291,29.6438,1099598057045,401911,,12,0,0,648,0.741096,14.8219,ok,648,0.741096,14.8219,ok,2500,1425,Common,false,false,false
3292,29.6438,1099599053799,401910,,11,0,0,648,0.741096,14.8219,ok,648,0.741096,14.8219,ok,2500,1399,Common,false,false,false
3293,29.6278,1099598057046,401911,,12,0,0,649,0.740696,14.8139,ok,649,0.740696,14.8139,ok,2500,1425,Common,false,false,false
3294,29.6278,1099599053800,401910,,11,0,0,649,0.740696,14.8139,ok,649,0.740696,14.8139,ok,2500,1399,Common,false,false,false
3295,29.6118,1099598057047,401911,,12,0,0,650,0.740296,14.8059,ok,650,0.740296,14.8059,ok,2500,1425,Common,false,false,false
3296,29.6118,1099599053801,401910,,11,0,0,650,0.740296,14.8059,ok,650,0.740296,14.8059,ok,2500,1399,Common,false,false,false
3297,29.5958,1099598057048,401911,,12,0,0,651,0.739896,14.7979,ok,651,0.739896,14.7979,ok,2500,1425,Common,false,false,false
3298,29.5958,1099599053802,401910,,11,0,0,651,0.739896,14.7979,ok,651,0.739896,14.7979,ok,2500,1399,Common,false,false,false
3299,29.5798,1099598057049,401911,pepperstake,12,0,0,652,0.739496,14.7899,ok,652,0.739496,14.7899,ok,2500,1425,Common,false,false,false
3300,29.5798,1099599053803,401910,,11,0,0,652,0.739496,14.7899,ok,652,0.739496,14.7899,ok,2500,1399,Common,false,false,false
3301,29.5638,1099598057050,401911,.s3ji.wam,12,0,0,653,0.739096,14.7819,ok,653,0.739096,14.7819,ok,2500,1425,Common,false,false,false
3302,29.5638,1099599053804,401910,bixg.wam,11,0,0,653,0.739096,14.7819,ok,653,0.739096,14.7819,ok,2500,1399,Common,false,false,false
3303,29.5478,1099598057051,401911,fsvb2.wam,12,0,0,654,0.738695,14.7739,ok,654,0.738695,14.7739,ok,2500,1425,Common,false,false,false
3304,29.5478,1099599053805,401910,,11,0,0,654,0.738695,14.7739,ok,654,0.738695,14.7739,ok,2500,1399,Common,false,false,false
3305,29.5318,1099598057052,401911,,12,0,0,655,0.738295,14.7659,ok,655,0.738295,14.7659,ok,2500,1425,Common,false,false,false
3306,29.5318,1099599053806,401910,wfor4.wam,11,0,0,655,0.738295,14.7659,ok,655,0.738295,14.7659,ok,2500,1399,Common,false,false,false
3307,29.5158,1099598057053,401911,pepperstake,12,0,0,656,0.737895,14.7579,ok,656,0.737895,14.7579,ok,2500,1425,Common,false,false,false
3308,29.5158,1099599053807,401910,,11,0,0,656,0.737895,14.7579,ok,656,0.737895,14.7579,ok,2500,1399,Common,false,false,false
3309,29.4998,1099598057054,401911,hhyb4.wam,12,0,0,657,0.737495,14.7499,ok,657,0.737495,14.7499,ok,2500,1425,Common,false,false,false
3310,29.4998,1099599053808,401910,,11,0,0,657,0.737495,14.7499,ok,657,0.737495,14.7499,ok,2500,1399,Common,false,false,false
3311,29.4838,1099598057055,401911,,12,0,0,658,0.737095,14.7419,ok,658,0.737095,14.7419,ok,2500,1425,Common,false,false,false
3312,29.4838,1099599053809,401910,,11,0,0,658,0.737095,14.7419,ok,658,0.737095,14.7419,ok,2500,1399,Common,false,false,false
3313,29.4678,1099598057056,401911,asuxc.wam,12,0,0,659,0.736695,14.7339,ok,659,0.736695,14.7339,ok,2500,1425,Common,false,false,false
3314,29.4678,1099599053810,401910,bkhb4.wam,11,0,0,659,0.736695,14.7339,ok,659,0.736695,14.7339,ok,2500,1399,Common,false,false,false
3315,29.4518,1099598057057,401911,3ibws.wam,12,0,0,660,0.736295,14.7259,ok,660,0.736295,14.7259,ok,2500,1425,Common,false,false,false
3316,29.4518,1099599053811,401910,,11,0,0,660,0.736295,14.7259,ok,660,0.736295,14.7259,ok,2500,1399,Common,false,false,false
3317,29.4358,1099598057058,401911,,12,0,0,661,0.735894,14.7179,ok,661,0.735894,14.7179,ok,2500,1425,Common,false,false,false
3318,29.4358,1099599053812,401910,,11,0,0,661,0.735894,14.7179,ok,661,0.735894,14.7179,ok,2500,1399,Common,false,false,false
3319,29.4198,1099598057059,401911,,12,0,0,662,0.735494,14.7099,ok,662,0.735494,14.7099,ok,2500,1425,Common,false,false,false
3320,29.4198,1099599053813,401910,pepperstake,11,0,0,662,0.735494,14.7099,ok,662,0.735494,14.7099,ok,2500,1399,Common,false,false,false
3321,29.4038,1099598057060,401911,,12,0,0,663,0.735094,14.7019,ok,663,0.735094,14.7019,ok,2500,1425,Common,false,false,false
3322,29.4038,1099599053814,401910,,11,0,0,663,0.735094,14.7019,ok,663,0.735094,14.7019,ok,2500,1399,Common,false,false,false
3323,29.3878,1099598057061,401911,,12,0,0,664,0.734694,14.6939,ok,664,0.734694,14.6939,ok,2500,1425,Common,false,false,false
3324,29.3878,1099599053815,401910,,11,0,0,664,0.734694,14.6939,ok,664,0.734694,14.6939,ok,2500,1399,Common,false,false,false
3325,29.3718,1099598057062,401911,kv3b2.wam,12,0,0,665,0.734294,14.6859,ok,665,0.734294,14.6859,ok,2500,1425,Common,false,false,false
3326,29.3718,1099599053816,401910,,11,0,0,665,0.734294,14.6859,ok,665,0.734294,14.6859,ok,2500,1399,Common,false,false,false
3327,29.3558,1099598057063,401911,yoitscharlie,12,0,0,666,0.733894,14.6779,ok,666,0.733894,14.6779,ok,2500,1425,Common,false,false,false
3328,29.3558,1099599053817,401910,cawaw.wam,11,0,0,666,0.733894,14.6779,ok,666,0.733894,14.6779,ok,2500,1399,Common,false,false,false
3329,29.3398,1099598057064,401911,zjmbi.wam,12,0,0,667,0.733493,14.6699,ok,667,0.733493,14.6699,ok,2500,1425,Common,false,false,false
3330,29.3398,1099599053818,401910,dcje4.wam,11,0,0,667,0.733493,14.6699,ok,667,0.733493,14.6699,ok,2500,1399,Common,false,false,false
3331,29.3238,1099598057065,401911,,12,0,0,668,0.733093,14.6619,ok,668,0.733093,14.6619,ok,2500,1425,Common,false,false,false
3332,29.3238,1099599053819,401910,d5nb4.wam,11,0,0,668,0.733093,14.6619,ok,668,0.733093,14.6619,ok,2500,1399,Common,false,false,false
3333,29.3078,1099598057066,401911,.jvc4.wam,12,0,0,669,0.732693,14.6539,ok,669,0.732693,14.6539,ok,2500,1425,Common,false,false,false
3334,29.3078,1099599053820,401910,,11,0,0,669,0.732693,14.6539,ok,669,0.732693,14.6539,ok,2500,1399,Common,false,false,false
3335,29.2918,1099598057067,401911,pepperstake,12,0,0,670,0.732293,14.6459,ok,670,0.732293,14.6459,ok,2500,1425,Common,false,false,false
3336,29.2918,1099599053821,401910,dhmgc.wam,11,0,0,670,0.732293,14.6459,ok,670,0.732293,14.6459,ok,2500,1399,Common,false,false,false
3337,29.2758,1099598057068,401911,,12,0,0,671,0.731893,14.6379,ok,671,0.731893,14.6379,ok,2500,1425,Common,false,false,false
3338,29.2758,1099599053822,401910,,11,0,0,671,0.731893,14.6379,ok,671,0.731893,14.6379,ok,2500,1399,Common,false,false,false
3339,29.2598,1099598057069,401911,yofam.c.wam,12,0,0,672,0.731493,14.6299,ok,672,0.731493,14.6299,ok,2500,1425,Common,false,false,false
3340,29.2598,1099599053823,401910,chgr4.wam,11,0,0,672,0.731493,14.6299,ok,672,0.731493,14.6299,ok,2500,1399,Common,false,false,false
3341,29.2436,1099598057070,401911,,12,0,0,673,0.731092,14.6218,ok,673,0.731092,14.6218,ok,2500,1425,Common,false,false,false
3342,29.2436,1099599053824,401910,,11,0,0,673,0.731092,14.6218,ok,673,0.731092,14.6218,ok,2500,1399,Common,false,false,false
3343,29.2276,1099598057071,401911,ybvb.wam,12,0,0,674,0.730692,14.6138,ok,674,0.730692,14.6138,ok,2500,1425,Common,false,false,false
3344,29.2276,1099599053825,401910,,11,0,0,674,0.730692,14.6138,ok,674,0.730692,14.6138,ok,2500,1399,Common,false,false,false
3345,29.2116,1099598057072,401911,,12,0,0,675,0.730292,14.6058,ok,675,0.730292,14.6058,ok,2500,1425,Common,false,false,false
3346,29.2116,1099599053826,401910,,11,0,0,675,0.730292,14.6058,ok,675,0.730292,14.6058,ok,2500,1399,Common,false,false,false
3347,29.1956,1099598057073,401911,,12,0,0,676,0.729892,14.5978,ok,676,0.729892,14.5978,ok,2500,1425,Common,false,false,false
3348,29.1956,1099599053827,401910,,11,0,0,676,0.729892,14.5978,ok,676,0.729892,14.5978,ok,2500,1399,Common,false,false,false
3349,29.1796,1099598057074,401911,,12,0,0,677,0.729492,14.5898,ok,677,0.729492,14.5898,ok,2500,1425,Common,false,false,false
3350,29.1796,1099599053828,401910,land,11,0,0,677,0.729492,14.5898,ok,677,0.729492,14.5898,ok,2500,1399,Common,false,false,false
3351,29.1636,1099598057075,401911,,12,0,0,678,0.729092,14.5818,ok,678,0.729092,14.5818,ok,2500,1425,Common,false,false,false
3352,29.1636,1099599053829,401910,,11,0,0,678,0.729092,14.5818,ok,678,0.729092,14.5818,ok,2500,1399,Common,false,false,false
3353,29.1476,1099598057076,401911,ge3r2.wam,12,0,0,679,0.728691,14.5738,ok,679,0.728691,14.5738,ok,2500,1425,Common,false,false,false
3354,29.1476,1099599053830,401910,,11,0,0,679,0.728691,14.5738,ok,679,0.728691,14.5738,ok,2500,1399,Common,false,false,false
3355,29.1316,1099598057077,401911,,12,0,0,680,0.728291,14.5658,ok,680,0.728291,14.5658,ok,2500,1425,Common,false,false,false
3356,29.1316,1099599053831,401910,,11,0,0,680,0.728291,14.5658,ok,680,0.728291,14.5658,ok,2500,1399,Common,false,false,false
3357,29.1156,1099598057078,401911,,12,0,0,681,0.727891,14.5578,ok,681,0.727891,14.5578,ok,2500,1425,Common,false,false,false
3358,29.1156,1099599053832,401910,,11,0,0,681,0.727891,14.5578,ok,681,0.727891,14.5578,ok,2500,1399,Common,false,false,false
3359,29.0996,1099598057079,401911,,12,0,0,682,0.727491,14.5498,ok,682,0.727491,14.5498,ok,2500,1425,Common,false,false,false
3360,29.0996,1099599053833,401910,,11,0,0,682,0.727491,14.5498,ok,682,0.727491,14.5498,ok,2500,1399,Common,false,false,false
3361,29.0836,1099598057080,401911,,12,0,0,683,0.727091,14.5418,ok,683,0.727091,14.5418,ok,2500,1425,Common,false,false,false
3362,29.0836,1099599053834,401910,,11,0,0,683,0.727091,14.5418,ok,683,0.727091,14.5418,ok,2500,1399,Common,false,false,false
3363,29.0676,1099598057081,401911,,12,0,0,684,0.726691,14.5338,ok,684,0.726691,14.5338,ok,2500,1425,Common,false,false,false
3364,29.0676,1099599053835,401910,thure.wam,11,0,0,684,0.726691,14.5338,ok,684,0.726691,14.5338,ok,2500,1399,Common,false,false,false
3365,29.0516,1099598057082,401911,,12,0,0,685,0.726291,14.5258,ok,685,0.726291,14.5258,ok,2500,1425,Common,false,false,false
3366,29.0516,1099599053836,401910,,11,0,0,685,0.726291,14.5258,ok,685,0.726291,14.5258,ok,2500,1399,Common,false,false,false
3367,29.0356,1099598057083,401911,,12,0,0,686,0.72589,14.5178,ok,686,0.72589,14.5178,ok,2500,1425,Common,false,false,false
3368,29.0356,1099599053837,401910,,11,0,0,686,0.72589,14.5178,ok,686,0.72589,14.5178,ok,2500,1399,Common,false,false,false
3369,29.0196,1099598057084,401911,aujrc.wam,12,0,0,687,0.72549,14.5098,ok,687,0.72549,14.5098,ok,2500,1425,Common,false,false,false
3370,29.0196,1099599053838,401910,,11,0,0,687,0.72549,14.5098,ok,687,0.72549,14.5098,ok,2500,1399,Common,false,false,false
3371,29.0036,1099598057085,401911,,12,0,0,688,0.72509,14.5018,ok,688,0.72509,14.5018,ok,2500,1425,Common,false,false,false
3372,29.0036,1099599053839,401910,,11,0,0,688,0.72509,14.5018,ok,688,0.72509,14.5018,ok,2500,1399,Common,false,false,false
3373,28.9876,1099598057086,401911,,12,0,0,689,0.72469,14.4938,ok,689,0.72469,14.4938,ok,2500,1425,Common,false,false,false
3374,28.9876,1099599053840,401910,,11,0,0,689,0.72469,14.4938,ok,689,0.72469,14.4938,ok,2500,1399,Common,false,false,false
3375,28.9716,1099598057087,401911,.54j4.wam,12,0,0,690,0.72429,14.4858,ok,690,0.72429,14.4858,ok,2500,1425,Common,false,false,false
3376,28.9716,1099599053841,401910,,11,0,0,690,0.72429,14.4858,ok,690,0.72429,14.4858,ok,2500,1399,Common,false,false,false
3377,28.9556,1099598057088,401911,,12,0,0,691,0.72389,14.4778,ok,691,0.72389,14.4778,ok,2500,1425,Common,false,false,false
3378,28.9556,1099599053842,401910,,11,0,0,691,0.72389,14.4778,ok,691,0.72389,14.4778,ok,2500,1399,Common,false,false,false
3379,28.9396,1099598057089,401911,,12,0,0,692,0.723489,14.4698,ok,692,0.723489,14.4698,ok,2500,1425,Common,false,false,false
3380,28.9396,1099599053843,401910,,11,0,0,692,0.723489,14.4698,ok,692,0.723489,14.4698,ok,2500,1399,Common,false,false,false
3381,28.9236,1099598057090,401911,trmbq.wam,12,0,0,693,0.723089,14.4618,ok,693,0.723089,14.4618,ok,2500,1425,Common,false,false,false
3382,28.9236,1099599053844,401910,,11,0,0,693,0.723089,14.4618,ok,693,0.723089,14.4618,ok,2500,1399,Common,false,false,false
3383,28.9076,1099598057091,401911,,12,0,0,694,0.722689,14.4538,ok,694,0.722689,14.4538,ok,2500,1425,Common,false,false,false
3384,28.9076,1099599053845,401910,,11,0,0,694,0.722689,14.4538,ok,694,0.722689,14.4538,ok,2500,1399,Common,false,false,false
3385,28.8916,1099598057092,401911,,12,0,0,695,0.722289,14.4458,ok,695,0.722289,14.4458,ok,2500,1425,Common,false,false,false
3386,28.8916,1099599053846,401910,,11,0,0,695,0.722289,14.4458,ok,695,0.722289,14.4458,ok,2500,1399,Common,false,false,false
3387,28.8756,1099598057093,401911,,12,0,0,696,0.721889,14.4378,ok,696,0.721889,14.4378,ok,2500,1425,Common,false,false,false
3388,28.8756,1099599053847,401910,,11,0,0,696,0.721889,14.4378,ok,696,0.721889,14.4378,ok,2500,1399,Common,false,false,false
3389,28.8596,1099598057094,401911,,12,0,0,697,0.721489,14.4298,ok,697,0.721489,14.4298,ok,2500,1425,Common,false,false,false
3390,28.8596,1099599053848,401910,,11,0,0,697,0.721489,14.4298,ok,697,0.721489,14.4298,ok,2500,1399,Common,false,false,false
3391,28.8436,1099598057095,401911,,12,0,0,698,0.721088,14.4218,ok,698,0.721088,14.4218,ok,2500,1425,Common,false,false,false
3392,28.8436,1099599053849,401910,m5phc.wam,11,0,0,698,0.721088,14.4218,ok,698,0.721088,14.4218,ok,2500,1399,Common,false,false,false
3393,28.8276,1099598057096,401911,,12,0,0,699,0.720688,14.4138,ok,699,0.720688,14.4138,ok,2500,1425,Common,false,false,false
3394,28.8276,1099599053850,401910,,11,0,0,699,0.720688,14.4138,ok,699,0.720688,14.4138,ok,2500,1399,Common,false,false,false
3395,28.8116,1099598057097,401911,,12,0,0,700,0.720288,14.4058,ok,700,0.720288,14.4058,ok,2500,1425,Common,false,false,false
3396,28.8116,1099599053851,401910,r5hug.wam,11,0,0,700,0.720288,14.4058,ok,700,0.720288,14.4058,ok,2500,1399,Common,false,false,false
3397,28.7956,1099598057098,401911,,12,0,0,701,0.719888,14.3978,ok,701,0.719888,14.3978,ok,2500,1425,Common,false,false,false
3398,28.7956,1099599053865,401910,,11,0,0,701,0.719888,14.3978,ok,701,0.719888,14.3978,ok,2500,1399,Common,false,false,false
3399,28.7796,1099598057099,401911,,12,0,0,702,0.719488,14.3898,ok,702,0.719488,14.3898,ok,2500,1425,Common,false,false,false
3400,28.7796,1099599053866,401910,,11,0,0,702,0.719488,14.3898,ok,702,0.719488,14.3898,ok,2500,1399,Common,false,false,false
3401,28.7636,1099598057100,401911,,12,0,0,703,0.719088,14.3818,ok,703,0.719088,14.3818,ok,2500,1425,Common,false,false,false
3402,28.7636,1099599053867,401910,ehuxg.wam,11,0,0,703,0.719088,14.3818,ok,703,0.719088,14.3818,ok,2500,1399,Common,false,false,false
3403,28.7474,1099598057101,401911,,12,0,0,704,0.718687,14.3737,ok,704,0.718687,14.3737,ok,2500,1425,Common,false,false,false
3404,28.7474,1099599053868,401910,,11,0,0,704,0.718687,14.3737,ok,704,0.718687,14.3737,ok,2500,1399,Common,false,false,false
3405,28.7314,1099598057102,401911,,12,0,0,705,0.718287,14.3657,ok,705,0.718287,14.3657,ok,2500,1425,Common,false,false,false
3406,28.7314,1099599053869,401910,t2tgw.wam,11,0,0,705,0.718287,14.3657,ok,705,0.718287,14.3657,ok,2500,1399,Common,false,false,false
3407,28.7154,1099598057103,401911,,12,0,0,706,0.717887,14.3577,ok,706,0.717887,14.3577,ok,2500,1425,Common,false,false,false
3408,28.7154,1099599053870,401910,ioihy.wam,11,0,0,706,0.717887,14.3577,ok,706,0.717887,14.3577,ok,2500,1399,Common,false,false,false
3409,28.6994,1099598057140,401911,,12,0,0,707,0.717487,14.3497,ok,707,0.717487,14.3497,ok,2500,1425,Common,false,false,false
3410,28.6994,1099599053871,401910,rvjqu.wam,11,0,0,707,0.717487,14.3497,ok,707,0.717487,14.3497,ok,2500,1399,Common,false,false,false
3411,28.6834,1099598057141,401911,,12,0,0,708,0.717087,14.3417,ok,708,0.717087,14.3417,ok,2500,1425,Common,false,false,false
3412,28.6834,1099599053872,401910,zy1ho.wam,11,0,0,708,0.717087,14.3417,ok,708,0.717087,14.3417,ok,2500,1399,Common,false,false,false
3413,28.6674,1099598057142,401911,,12,0,0,709,0.716687,14.3337,ok,709,0.716687,14.3337,ok,2500,1425,Common,false,false,false
3414,28.6674,1099599053873,401910,cxmwa.wam,11,0,0,709,0.716687,14.3337,ok,709,0.716687,14.3337,ok,2500,1399,Common,false,false,false
3415,28.6514,1099598057143,401911,,12,0,0,710,0.716287,14.3257,ok,710,0.716287,14.3257,ok,2500,1425,Common,false,false,false
3416,28.6514,1099599053874,401910,,11,0,0,710,0.716287,14.3257,ok,710,0.716287,14.3257,ok,2500,1399,Common,false,false,false
3417,28.6354,1099598057144,401911,,12,0,0,711,0.715886,14.3177,ok,711,0.715886,14.3177,ok,2500,1425,Common,false,false,false
3418,28.6354,1099599053875,401910,cpajc.wam,11,0,0,711,0.715886,14.3177,ok,711,0.715886,14.3177,ok,2500,1399,Common,false,false,false
3419,28.6194,1099598057145,401911,,12,0,0,712,0.715486,14.3097,ok,712,0.715486,14.3097,ok,2500,1425,Common,false,false,false
3420,28.6194,1099599053876,401910,nmdwo.wam,11,0,0,712,0.715486,14.3097,ok,712,0.715486,14.3097,ok,2500,1399,Common,false,false,false
3421,28.6034,1099598057146,401911,,12,0,0,713,0.715086,14.3017,ok,713,0.715086,14.3017,ok,2500,1425,Common,false,false,false
3422,28.6034,1099599053877,401910,4.4r.wam,11,0,0,713,0.715086,14.3017,ok,713,0.715086,14.3017,ok,2500,1399,Common,false,false,false
3423,28.5874,1099598057147,401911,,12,0,0,714,0.714686,14.2937,ok,714,0.714686,14.2937,ok,2500,1425,Common,false,false,false
3424,28.5874,1099599053878,401910,,11,0,0,714,0.714686,14.2937,ok,714,0.714686,14.2937,ok,2500,1399,Common,false,false,false
3425,28.5714,1099598057148,401911,,12,0,0,715,0.714286,14.2857,ok,715,0.714286,14.2857,ok,2500,1425,Common,false,false,false
3426,28.5714,1099599053879,401910,,11,0,0,715,0.714286,14.2857,ok,715,0.714286,14.2857,ok,2500,1399,Common,false,false,false
3427,28.5554,1099598057149,401911,,12,0,0,716,0.713886,14.2777,ok,716,0.713886,14.2777,ok,2500,1425,Common,false,false,false
3428,28.5554,1099599053880,401910,,11,0,0,716,0.713886,14.2777,ok,716,0.713886,14.2777,ok,2500,1399,Common,false,false,false
3429,28.5394,1099598057150,401911,jioxa.wam,12,0,0,717,0.713485,14.2697,ok,717,0.713485,14.2697,ok,2500,1425,Common,false,false,false
3430,28.5394,1099599053881,401910,t.she.wam,11,0,0,717,0.713485,14.2697,ok,717,0.713485,14.2697,ok,2500,1399,Common,false,false,false
3431,28.5234,1099598057151,401911,o5br.wam,12,0,0,718,0.713085,14.2617,ok,718,0.713085,14.2617,ok,2500,1425,Common,false,false,false
3432,28.5234,1099599053882,401910,5ivhi.wam,11,0,0,718,0.713085,14.2617,ok,718,0.713085,14.2617,ok,2500,1399,Common,false,false,false
3433,28.5074,1099598057152,401911,,12,0,0,719,0.712685,14.2537,ok,719,0.712685,14.2537,ok,2500,1425,Common,false,false,false
3434,28.5074,1099599053883,401910,,11,0,0,719,0.712685,14.2537,ok,719,0.712685,14.2537,ok,2500,1399,Common,false,false,false
3435,28.4914,1099598057153,401911,,12,0,0,720,0.712285,14.2457,ok,720,0.712285,14.2457,ok,2500,1425,Common,false,false,false
3436,28.4914,1099599053884,401910,jwmha.wam,11,0,0,720,0.712285,14.2457,ok,720,0.712285,14.2457,ok,2500,1399,Common,false,false,false
3437,28.4754,1099598057154,401911,1a5ys.wam,12,0,0,721,0.711885,14.2377,ok,721,0.711885,14.2377,ok,2500,1425,Common,false,false,false
3438,28.4754,1099599053885,401910,lv5fc.wam,11,0,0,721,0.711885,14.2377,ok,721,0.711885,14.2377,ok,2500,1399,Common,false,false,false
3439,28.4594,1099598057155,401911,,12,0,0,722,0.711485,14.2297,ok,722,0.711485,14.2297,ok,2500,1425,Common,false,false,false
3440,28.4594,1099599053886,401910,1zii2.wam,11,0,0,722,0.711485,14.2297,ok,722,0.711485,14.2297,ok,2500,1399,Common,false,false,false
3441,28.4434,1099598057156,401911,,12,0,0,723,0.711084,14.2217,ok,723,0.711084,14.2217,ok,2500,1425,Common,false,false,false
3442,28.4434,1099599053887,401910,hk4yo.wam,11,0,0,723,0.711084,14.2217,ok,723,0.711084,14.2217,ok,2500,1399,Common,false,false,false
3443,28.4274,1099598057157,401911,,12,0,0,724,0.710684,14.2137,ok,724,0.710684,14.2137,ok,2500,1425,Common,false,false,false
3444,28.4274,1099599053888,401910,5xrjg.wam,11,0,0,724,0.710684,14.2137,ok,724,0.710684,14.2137,ok,2500,1399,Common,false,false,false
3445,28.4114,1099598057158,401911,,12,0,0,725,0.710284,14.2057,ok,725,0.710284,14.2057,ok,2500,1425,Common,false,false,false
3446,28.4114,1099599053889,401910,nvny4.wam,11,0,0,725,0.710284,14.2057,ok,725,0.710284,14.2057,ok,2500,1399,Common,false,false,false
3447,28.3954,1099598057159,401911,,12,0,0,726,0.709884,14.1977,ok,726,0.709884,14.1977,ok,2500,1425,Common,false,false,false
3448,28.3954,1099599053890,401910,pzwr2.wam,11,0,0,726,0.709884,14.1977,ok,726,0.709884,14.1977,ok,2500,1399,Common,false,false,false
3449,28.3794,1099598057160,401911,,12,0,0,727,0.709484,14.1897,ok,727,0.709484,14.1897,ok,2500,1425,Common,false,false,false
3450,28.3794,1099599053891,401910,,11,0,0,727,0.709484,14.1897,ok,727,0.709484,14.1897,ok,2500,1399,Common,false,false,false
3451,28.3634,1099598057161,401911,,12,0,0,728,0.709084,14.1817,ok,728,0.709084,14.1817,ok,2500,1425,Common,false,false,false
3452,28.3634,1099599053892,401910,ejnuo.wam,11,0,0,728,0.709084,14.1817,ok,728,0.709084,14.1817,ok,2500,1399,Common,false,false,false
3453,28.3474,1099598057162,401911,,12,0,0,729,0.708683,14.1737,ok,729,0.708683,14.1737,ok,2500,1425,Common,false,false,false
3454,28.3474,1099599053893,401910,br2ay.wam,11,0,0,729,0.708683,14.1737,ok,729,0.708683,14.1737,ok,2500,1399,Common,false,false,false
3455,28.3314,1099598057163,401911,,12,0,0,730,0.708283,14.1657,ok,730,0.708283,14.1657,ok,2500,1425,Common,false,false,false
3456,28.3314,1099599053894,401910,,11,0,0,730,0.708283,14.1657,ok,730,0.708283,14.1657,ok,2500,1399,Common,false,false,false
3457,28.3154,1099598057164,401911,,12,0,0,731,0.707883,14.1577,ok,731,0.707883,14.1577,ok,2500,1425,Common,false,false,false
3458,28.3154,1099599053895,401910,,11,0,0,731,0.707883,14.1577,ok,731,0.707883,14.1577,ok,2500,1399,Common,false,false,false
3459,28.2994,1099598057165,401911,,12,0,0,732,0.707483,14.1497,ok,732,0.707483,14.1497,ok,2500,1425,Common,false,false,false
3460,28.2994,1099599053896,401910,,11,0,0,732,0.707483,14.1497,ok,732,0.707483,14.1497,ok,2500,1399,Common,false,false,false
3461,28.2834,1099598057166,401911,,12,0,0,733,0.707083,14.1417,ok,733,0.707083,14.1417,ok,2500,1425,Common,false,false,false
3462,28.2834,1099599053897,401910,,11,0,0,733,0.707083,14.1417,ok,733,0.707083,14.1417,ok,2500,1399,Common,false,false,false
3463,28.2674,1099598057167,401911,,12,0,0,734,0.706683,14.1337,ok,734,0.706683,14.1337,ok,2500,1425,Common,false,false,false
3464,28.2674,1099599053898,401910,,11,0,0,734,0.706683,14.1337,ok,734,0.706683,14.1337,ok,2500,1399,Common,false,false,false
3465,28.2514,1099598057168,401911,,12,0,0,735,0.706283,14.1257,ok,735,0.706283,14.1257,ok,2500,1425,Common,false,false,false
3466,28.2514,1099599053899,401910,,11,0,0,735,0.706283,14.1257,ok,735,0.706283,14.1257,ok,2500,1399,Common,false,false,false
3467,28.2352,1099598057169,401911,,12,0,0,736,0.705882,14.1176,ok,736,0.705882,14.1176,ok,2500,1425,Common,false,false,false
3468,28.2352,1099599053900,401910,,11,0,0,736,0.705882,14.1176,ok,736,0.705882,14.1176,ok,2500,1399,Common,false,false,false
3469,28.2192,1099598057170,401911,,12,0,0,737,0.705482,14.1096,ok,737,0.705482,14.1096,ok,2500,1425,Common,false,false,false
3470,28.2192,1099599053901,401910,,11,0,0,737,0.705482,14.1096,ok,737,0.705482,14.1096,ok,2500,1399,Common,false,false,false
3471,28.2032,1099598057171,401911,,12,0,0,738,0.705082,14.1016,ok,738,0.705082,14.1016,ok,2500,1425,Common,false,false,false
3472,28.2032,1099599053902,401910,,11,0,0,738,0.705082,14.1016,ok,738,0.705082,14.1016,ok,2500,1399,Common,false,false,false
3473,28.1872,1099598057172,401911,,12,0,0,739,0.704682,14.0936,ok,739,0.704682,14.0936,ok,2500,1425,Common,false,false,false
3474,28.1872,1099599053903,401910,,11,0,0,739,0.704682,14.0936,ok,739,0.704682,14.0936,ok,2500,1399,Common,false,false,false
3475,28.1712,1099598057173,401911,,12,0,0,740,0.704282,14.0856,ok,740,0.704282,14.0856,ok,2500,1425,Common,false,false,false
3476,28.1712,1099599053904,401910,aoqfg.wam,11,0,0,740,0.704282,14.0856,ok,740,0.704282,14.0856,ok,2500,1399,Common,false,false,false
3477,28.1552,1099598057174,401911,,12,0,0,741,0.703882,14.0776,ok,741,0.703882,14.0776,ok,2500,1425,Common,false,false,false
3478,28.1552,1099599053905,401910,,11,0,0,741,0.703882,14.0776,ok,741,0.703882,14.0776,ok,2500,1399,Common,false,false,false
3479,28.1392,1099598057175,401911,,12,0,0,742,0.703481,14.0696,ok,742,0.703481,14.0696,ok,2500,1425,Common,false,false,false
3480,28.1392,1099599053906,401910,,11,0,0,742,0.703481,14.0696,ok,742,0.703481,14.0696,ok,2500,1399,Common,false,false,false
3481,28.1232,1099598057176,401911,,12,0,0,743,0.703081,14.0616,ok,743,0.703081,14.0616,ok,2500,1425,Common,false,false,false
3482,28.1232,1099599053907,401910,,11,0,0,743,0.703081,14.0616,ok,743,0.703081,14.0616,ok,2500,1399,Common,false,false,false
3483,28.1072,1099598057177,401911,,12,0,0,744,0.702681,14.0536,ok,744,0.702681,14.0536,ok,2500,1425,Common,false,false,false
3484,28.1072,1099599053908,401910,,11,0,0,744,0.702681,14.0536,ok,744,0.702681,14.0536,ok,2500,1399,Common,false,false,false
3485,28.0912,1099598057178,401911,,12,0,0,745,0.702281,14.0456,ok,745,0.702281,14.0456,ok,2500,1425,Common,false,false,false
3486,28.0912,1099599053909,401910,,11,0,0,745,0.702281,14.0456,ok,745,0.702281,14.0456,ok,2500,1399,Common,false,false,false
3487,28.0752,1099598057179,401911,,12,0,0,746,0.701881,14.0376,ok,746,0.701881,14.0376,ok,2500,1425,Common,false,false,false
3488,28.0752,1099599053910,401910,,11,0,0,746,0.701881,14.0376,ok,746,0.701881,14.0376,ok,2500,1399,Common,false,false,false
3489,28.0592,1099598057180,401911,,12,0,0,747,0.701481,14.0296,ok,747,0.701481,14.0296,ok,2500,1425,Common,false,false,false
3490,28.0592,1099599053911,401910,,11,0,0,747,0.701481,14.0296,ok,747,0.701481,14.0296,ok,2500,1399,Common,false,false,false
3491,28.0432,1099598057181,401911,pepperstake,12,0,0,748,0.70108,14.0216,ok,748,0.70108,14.0216,ok,2500,1425,Common,false,false,false
3492,28.0432,1099599053912,401910,,11,0,0,748,0.70108,14.0216,ok,748,0.70108,14.0216,ok,2500,1399,Common,false,false,false
3493,28.0272,1099598057182,401911,pepperstake,12,0,0,749,0.70068,14.0136,ok,749,0.70068,14.0136,ok,2500,1425,Common,false,false,false
3494,28.0272,1099599053913,401910,,11,0,0,749,0.70068,14.0136,ok,749,0.70068,14.0136,ok,2500,1399,Common,false,false,false
3495,28.0112,1099598057183,401911,pepperstake,12,0,0,750,0.70028,14.0056,ok,750,0.70028,14.0056,ok,2500,1425,Common,false,false,false
3496,28.0112,1099599053914,401910,,11,0,0,750,0.70028,14.0056,ok,750,0.70028,14.0056,ok,2500,1399,Common,false,false,false
3497,27.9952,1099598057184,401911,pepperstake,12,0,0,751,0.69988,13.9976,ok,751,0.69988,13.9976,ok,2500,1425,Common,false,false,false
3498,27.9952,1099599053915,401910,,11,0,0,751,0.69988,13.9976,ok,751,0.69988,13.9976,ok,2500,1399,Common,false,false,false
3499,27.9792,1099598057185,401911,wfor4.wam,12,0,0,752,0.69948,13.9896,ok,752,0.69948,13.9896,ok,2500,1425,Common,false,false,false
3500,27.9792,1099599053916,401910,,11,0,0,752,0.69948,13.9896,ok,752,0.69948,13.9896,ok,2500,1399,Common,false,false,false
3501,27.9632,1099598057186,401911,pepperstake,12,0,0,753,0.69908,13.9816,ok,753,0.69908,13.9816,ok,2500,1425,Common,false,false,false
3502,27.9632,1099599053917,401910,qa1hc.wam,11,0,0,753,0.69908,13.9816,ok,753,0.69908,13.9816,ok,2500,1399,Common,false,false,false
3503,27.9472,1099598057187,401911,pepperstake,12,0,0,754,0.698679,13.9736,ok,754,0.698679,13.9736,ok,2500,1425,Common,false,false,false
3504,27.9472,1099599053918,401910,,11,0,0,754,0.698679,13.9736,ok,754,0.698679,13.9736,ok,2500,1399,Common,false,false,false
3505,27.9312,1099598057188,401911,pepperstake,12,0,0,755,0.698279,13.9656,ok,755,0.698279,13.9656,ok,2500,1425,Common,false,false,false
3506,27.9312,1099599053919,401910,,11,0,0,755,0.698279,13.9656,ok,755,0.698279,13.9656,ok,2500,1399,Common,false,false,false
3507,27.9152,1099598057189,401911,,12,0,0,756,0.697879,13.9576,ok,756,0.697879,13.9576,ok,2500,1425,Common,false,false,false
3508,27.9152,1099599053920,401910,,11,0,0,756,0.697879,13.9576,ok,756,0.697879,13.9576,ok,2500,1399,Common,false,false,false
3509,27.8992,1099598057190,401911,,12,0,0,757,0.697479,13.9496,ok,757,0.697479,13.9496,ok,2500,1425,Common,false,false,false
3510,27.8992,1099599053921,401910,,11,0,0,757,0.697479,13.9496,ok,757,0.697479,13.9496,ok,2500,1399,Common,false,false,false
3511,27.8832,1099598057191,401911,,12,0,0,758,0.697079,13.9416,ok,758,0.697079,13.9416,ok,2500,1425,Common,false,false,false
3512,27.8832,1099599053922,401910,,11,0,0,758,0.697079,13.9416,ok,758,0.697079,13.9416,ok,2500,1399,Common,false,false,false
3513,27.8672,1099598057192,401911,,12,0,0,759,0.696679,13.9336,ok,759,0.696679,13.9336,ok,2500,1425,Common,false,false,false
3514,27.8672,1099599053923,401910,,11,0,0,759,0.696679,13.9336,ok,759,0.696679,13.9336,ok,2500,1399,Common,false,false,false
3515,27.8512,1099598057193,401911,newyork.gm,12,0,0,760,0.696279,13.9256,ok,760,0.696279,13.9256,ok,2500,1425,Common,false,false,false
3516,27.8512,1099599053924,401910,,11,0,0,760,0.696279,13.9256,ok,760,0.696279,13.9256,ok,2500,1399,Common,false,false,false
3517,27.8352,1099598057194,401911,,12,0,0,761,0.695878,13.9176,ok,761,0.695878,13.9176,ok,2500,1425,Common,false,false,false
3518,27.8352,1099599053925,401910,,11,0,0,761,0.695878,13.9176,ok,761,0.695878,13.9176,ok,2500,1399,Common,false,false,false
3519,27.8192,1099598057195,401911,,12,0,0,762,0.695478,13.9096,ok,762,0.695478,13.9096,ok,2500,1425,Common,false,false,false
3520,27.8192,1099599053926,401910,,11,0,0,762,0.695478,13.9096,ok,762,0.695478,13.9096,ok,2500,1399,Common,false,false,false
3521,27.8032,1099598057196,401911,pepperstake,12,0,0,763,0.695078,13.9016,ok,763,0.695078,13.9016,ok,2500,1425,Common,false,false,false
3522,27.8032,1099599053927,401910,,11,0,0,763,0.695078,13.9016,ok,763,0.695078,13.9016,ok,2500,1399,Common,false,false,false
3523,27.7872,1099598057197,401911,,12,0,0,764,0.694678,13.8936,ok,764,0.694678,13.8936,ok,2500,1425,Common,false,false,false
3524,27.7872,1099599053928,401910,,11,0,0,764,0.694678,13.8936,ok,764,0.694678,13.8936,ok,2500,1399,Common,false,false,false
3525,27.7712,1099598057198,401911,,12,0,0,765,0.694278,13.8856,ok,765,0.694278,13.8856,ok,2500,1425,Common,false,false,false
3526,27.7712,1099599053929,401910,xbxfa.wam,11,0,0,765,0.694278,13.8856,ok,765,0.694278,13.8856,ok,2500,1399,Common,false,false,false
3527,27.7552,1099598057199,401911,pepperstake,12,0,0,766,0.693878,13.8776,ok,766,0.693878,13.8776,ok,2500,1425,Common,false,false,false
3528,27.7552,1099599053930,401910,3vzr2.wam,11,0,0,766,0.693878,13.8776,ok,766,0.693878,13.8776,ok,2500,1399,Common,false,false,false
3529,27.739,1099598057200,401911,,12,0,0,767,0.693477,13.8695,ok,767,0.693477,13.8695,ok,2500,1425,Common,false,false,false
3530,27.739,1099599053931,401910,,11,0,0,767,0.693477,13.8695,ok,767,0.693477,13.8695,ok,2500,1399,Common,false,false,false
3531,27.723,1099598057201,401911,,12,0,0,768,0.693077,13.8615,ok,768,0.693077,13.8615,ok,2500,1425,Common,false,false,false
3532,27.723,1099599053932,401910,gjnwk.wam,11,0,0,768,0.693077,13.8615,ok,768,0.693077,13.8615,ok,2500,1399,Common,false,false,false
3533,27.707,1099598057202,401911,fngc2.wam,12,0,0,769,0.692677,13.8535,ok,769,0.692677,13.8535,ok,2500,1425,Common,false,false,false
3534,27.707,1099599053933,401910,d5lhe.wam,11,0,0,769,0.692677,13.8535,ok,769,0.692677,13.8535,ok,2500,1399,Common,false,false,false
3535,27.691,1099598057203,401911,,12,0,0,770,0.692277,13.8455,ok,770,0.692277,13.8455,ok,2500,1425,Common,false,false,false
3536,27.691,1099599053934,401910,,11,0,0,770,0.692277,13.8455,ok,770,0.692277,13.8455,ok,2500,1399,Common,false,false,false
3537,27.675,1099598057204,401911,,12,0,0,771,0.691877,13.8375,ok,771,0.691877,13.8375,ok,2500,1425,Common,false,false,false
3538,27.675,1099599053935,401910,3meaq.waa,11,0,0,771,0.691877,13.8375,ok,771,0.691877,13.8375,ok,2500,1399,Common,false,false,false
3539,27.659,1099598057205,401911,,12,0,0,772,0.691477,13.8295,ok,772,0.691477,13.8295,ok,2500,1425,Common,false,false,false
3540,27.659,1099599053936,401910,,11,0,0,772,0.691477,13.8295,ok,772,0.691477,13.8295,ok,2500,1399,Common,false,false,false
3541,27.643,1099598057206,401911,uhmqy.wam,12,0,0,773,0.691076,13.8215,ok,773,0.691076,13.8215,ok,2500,1425,Common,false,false,false
3542,27.643,1099599053937,401910,,11,0,0,773,0.691076,13.8215,ok,773,0.691076,13.8215,ok,2500,1399,Common,false,false,false
3543,27.627,1099598057207,401911,kgjem.wam,12,0,0,774,0.690676,13.8135,ok,774,0.690676,13.8135,ok,2500,1425,Common,false,false,false
3544,27.627,1099599053938,401910,,11,0,0,774,0.690676,13.8135,ok,774,0.690676,13.8135,ok,2500,1399,Common,false,false,false
3545,27.611,1099598057208,401911,ecxr2.wam,12,0,0,775,0.690276,13.8055,ok,775,0.690276,13.8055,ok,2500,1425,Common,false,false,false
3546,27.611,1099599053939,401910,,11,0,0,775,0.690276,13.8055,ok,775,0.690276,13.8055,ok,2500,1399,Common,false,false,false
3547,27.595,1099598057209,401911,gu4e2.wam,12,0,0,776,0.689876,13.7975,ok,776,0.689876,13.7975,ok,2500,1425,Common,false,false,false
3548,27.595,1099599053940,401910,,11,0,0,776,0.689876,13.7975,ok,776,0.689876,13.7975,ok,2500,1399,Common,false,false,false
3549,27.579,1099598057210,401911,,12,0,0,777,0.689476,13.7895,ok,777,0.689476,13.7895,ok,2500,1425,Common,false,false,false
3550,27.579,1099599053941,401910,cawaw.wam,11,0,0,777,0.689476,13.7895,ok,777,0.689476,13.7895,ok,2500,1399,Common,false,false,false
3551,27.563,1099598057211,401911,cat.gm,12,0,0,778,0.689076,13.7815,ok,778,0.689076,13.7815,ok,2500,1425,Common,false,false,false
3552,27.563,1099599053942,401910,,11,0,0,778,0.689076,13.7815,ok,778,0.689076,13.7815,ok,2500,1399,Common,false,false,false
3553,27.547,1099598057212,401911,,12,0,0,779,0.688675,13.7735,ok,779,0.688675,13.7735,ok,2500,1425,Common,false,false,false
3554,27.547,1099599053943,401910,pepperstake,11,0,0,779,0.688675,13.7735,ok,779,0.688675,13.7735,ok,2500,1399,Common,false,false,false
3555,27.531,1099598057213,401911,yduqq.wam,12,0,0,780,0.688275,13.7655,ok,780,0.688275,13.7655,ok,2500,1425,Common,false,false,false
3556,27.531,1099599053944,401910,,11,0,0,780,0.688275,13.7655,ok,780,0.688275,13.7655,ok,2500,1399,Common,false,false,false
3557,27.515,1099598057214,401911,,12,0,0,781,0.687875,13.7575,ok,781,0.687875,13.7575,ok,2500,1425,Common,false,false,false
3558,27.515,1099599053945,401910,,11,0,0,781,0.687875,13.7575,ok,781,0.687875,13.7575,ok,2500,1399,Common,false,false,false
3559,27.499,1099598057215,401911,,12,0,0,782,0.687475,13.7495,ok,782,0.687475,13.7495,ok,2500,1425,Common,false,false,false
3560,27.499,1099599053946,401910,g5dec.wam,11,0,0,782,0.687475,13.7495,ok,782,0.687475,13.7495,ok,2500,1399,Common,false,false,false
3561,27.483,1099598057216,401911,,12,0,0,783,0.687075,13.7415,ok,783,0.687075,13.7415,ok,2500,1425,Common,false,false,false
3562,27.483,1099599053947,401910,ojviw.wam,11,0,0,783,0.687075,13.7415,ok,783,0.687075,13.7415,ok,2500,1399,Common,false,false,false
3563,27.467,1099598057217,401911,2bgvq.wam,12,0,0,784,0.686675,13.7335,ok,784,0.686675,13.7335,ok,2500,1425,Common,false,false,false
3564,27.467,1099599053948,401910,,11,0,0,784,0.686675,13.7335,ok,784,0.686675,13.7335,ok,2500,1399,Common,false,false,false
3565,27.451,1099598057218,401911,,12,0,0,785,0.686275,13.7255,ok,785,0.686275,13.7255,ok,2500,1425,Common,false,false,false
3566,27.451,1099599053949,401910,on,11,0,0,785,0.686275,13.7255,ok,785,0.686275,13.7255,ok,2500,1399,Common,false,false,false
3567,27.435,1099598057219,401911,,12,0,0,786,0.685874,13.7175,ok,786,0.685874,13.7175,ok,2500,1425,Common,false,false,false
3568,27.435,1099599053950,401910,3vpji.wam,11,0,0,786,0.685874,13.7175,ok,786,0.685874,13.7175,ok,2500,1399,Common,false,false,false
3569,27.419,1099598057220,401911,wfor4.wam,12,0,0,787,0.685474,13.7095,ok,787,0.685474,13.7095,ok,2500,1425,Common,false,false,false
3570,27.419,1099599053951,401910,a,11,0,0,787,0.685474,13.7095,ok,787,0.685474,13.7095,ok,2500,1399,Common,false,false,false
3571,27.403,1099598057221,401911,,12,0,0,788,0.685074,13.7015,ok,788,0.685074,13.7015,ok,2500,1425,Common,false,false,false
3572,27.403,1099599053952,401910,1i3.q.c.wam,11,0,0,788,0.685074,13.7015,ok,788,0.685074,13.7015,ok,2500,1399,Common,false,false,false
3573,27.387,1099598057222,401911,,12,0,0,789,0.684674,13.6935,ok,789,0.684674,13.6935,ok,2500,1425,Common,false,false,false
3574,27.387,1099599053953,401910,khqyy.wam,11,0,0,789,0.684674,13.6935,ok,789,0.684674,13.6935,ok,2500,1399,Common,false,false,false
3575,27.371,1099598057223,401911,,12,0,0,790,0.684274,13.6855,ok,790,0.684274,13.6855,ok,2500,1425,Common,false,false,false
3576,27.371,1099599053954,401910,zv3fu.wam,11,0,0,790,0.684274,13.6855,ok,790,0.684274,13.6855,ok,2500,1399,Common,false,false,false
3577,27.355,1099598057224,401911,,12,0,0,791,0.683874,13.6775,ok,791,0.683874,13.6775,ok,2500,1425,Common,false,false,false
3578,27.355,1099599053955,401910,,11,0,0,791,0.683874,13.6775,ok,791,0.683874,13.6775,ok,2500,1399,Common,false,false,false
3579,27.339,1099598057225,401911,3kg.c.wam,12,0,0,792,0.683473,13.6695,ok,792,0.683473,13.6695,ok,2500,1425,Common,false,false,false
3580,27.339,1099599053956,401910,2z3zg.wam,11,0,0,792,0.683473,13.6695,ok,792,0.683473,13.6695,ok,2500,1399,Common,false,false,false
3581,27.323,1099598057226,401911,,12,0,0,793,0.683073,13.6615,ok,793,0.683073,13.6615,ok,2500,1425,Common,false,false,false
3582,27.323,1099599053957,401910,,11,0,0,793,0.683073,13.6615,ok,793,0.683073,13.6615,ok,2500,1399,Common,false,false,false
3583,27.307,1099598057227,401911,,12,0,0,794,0.682673,13.6535,ok,794,0.682673,13.6535,ok,2500,1425,Common,false,false,false
3584,27.307,1099599053958,401910,,11,0,0,794,0.682673,13.6535,ok,794,0.682673,13.6535,ok,2500,1399,Common,false,false,false
3585,27.291,1099598057228,401911,,12,0,0,795,0.682273,13.6455,ok,795,0.682273,13.6455,ok,2500,1425,Common,false,false,false
3586,27.291,1099599053959,401910,,11,0,0,795,0.682273,13.6455,ok,795,0.682273,13.6455,ok,2500,1399,Common,false,false,false
3587,27.275,1099598057229,401911,,12,0,0,796,0.681873,13.6375,ok,796,0.681873,13.6375,ok,2500,1425,Common,false,false,false
3588,27.275,1099599053960,401910,vcwu4.wam,11,0,0,796,0.681873,13.6375,ok,796,0.681873,13.6375,ok,2500,1399,Common,false,false,false
3589,27.259,1099598057230,401911,,12,0,0,797,0.681473,13.6295,ok,797,0.681473,13.6295,ok,2500,1425,Common,false,false,false
3590,27.259,1099599053961,401910,,11,0,0,797,0.681473,13.6295,ok,797,0.681473,13.6295,ok,2500,1399,Common,false,false,false
3591,27.2428,1099598057231,401911,4p1ky.c.wam,12,0,0,798,0.681072,13.6214,ok,798,0.681072,13.6214,ok,2500,1425,Common,false,false,false
3592,27.2428,1099599053962,401910,qhjh.wam,11,0,0,798,0.681072,13.6214,ok,798,0.681072,13.6214,ok,2500,1399,Common,false,false,false
3593,27.2268,1099598057232,401911,,12,0,0,799,0.680672,13.6134,ok,799,0.680672,13.6134,ok,2500,1425,Common,false,false,false
3594,27.2268,1099599053963,401910,,11,0,0,799,0.680672,13.6134,ok,799,0.680672,13.6134,ok,2500,1399,Common,false,false,false
3595,27.2108,1099598057233,401911,,12,0,0,800,0.680272,13.6054,ok,800,0.680272,13.6054,ok,2500,1425,Common,false,false,false
3596,27.2108,1099599053964,401910,,11,0,0,800,0.680272,13.6054,ok,800,0.680272,13.6054,ok,2500,1399,Common,false,false,false
3597,27.1948,1099598057234,401911,pepperstake,12,0,0,801,0.679872,13.5974,ok,801,0.679872,13.5974,ok,2500,1425,Common,false,false,false
3598,27.1948,1099599053973,401910,g.ub4.wam,11,0,0,801,0.679872,13.5974,ok,801,0.679872,13.5974,ok,2500,1399,Common,false,false,false
3599,27.1788,1099598057235,401911,1mfig.wam,12,0,0,802,0.679472,13.5894,ok,802,0.679472,13.5894,ok,2500,1425,Common,false,false,false
3600,27.1788,1099599053974,401910,,11,0,0,802,0.679472,13.5894,ok,802,0.679472,13.5894,ok,2500,1399,Common,false,false,false
3601,27.1628,1099598057236,401911,,12,0,0,803,0.679072,13.5814,ok,803,0.679072,13.5814,ok,2500,1425,Common,false,false,false
3602,27.1628,1099599053975,401910,,11,0,0,803,0.679072,13.5814,ok,803,0.679072,13.5814,ok,2500,1399,Common,false,false,false
3603,27.1468,1099598057237,401911,,12,0,0,804,0.678671,13.5734,ok,804,0.678671,13.5734,ok,2500,1425,Common,false,false,false
3604,27.1468,1099599053976,401910,,11,0,0,804,0.678671,13.5734,ok,804,0.678671,13.5734,ok,2500,1399,Common,false,false,false
3605,27.1308,1099599053977,401910,,11,0,0,805,0.678271,13.5654,ok,805,0.678271,13.5654,ok,2500,1399,Common,false,false,false
3606,27.1308,1099602911123,401911,,12,0,0,805,0.678271,13.5654,ok,805,0.678271,13.5654,ok,2500,1425,Common,false,false,false
3607,27.1148,1099599053978,401910,,11,0,0,806,0.677871,13.5574,ok,806,0.677871,13.5574,ok,2500,1399,Common,false,false,false
3608,27.1148,1099602911124,401911,,12,0,0,806,0.677871,13.5574,ok,806,0.677871,13.5574,ok,2500,1425,Common,false,false,false
3609,27.0988,1099599053979,401910,,11,0,0,807,0.677471,13.5494,ok,807,0.677471,13.5494,ok,2500,1399,Common,false,false,false
3610,27.0988,1099602911125,401911,,12,0,0,807,0.677471,13.5494,ok,807,0.677471,13.5494,ok,2500,1425,Common,false,false,false
3611,27.0828,1099599053980,401910,,11,0,0,808,0.677071,13.5414,ok,808,0.677071,13.5414,ok,2500,1399,Common,false,false,false
3612,27.0828,1099602911126,401911,cdab.wam,12,0,0,808,0.677071,13.5414,ok,808,0.677071,13.5414,ok,2500,1425,Common,false,false,false
3613,27.0668,1099599053981,401910,,11,0,0,809,0.676671,13.5334,ok,809,0.676671,13.5334,ok,2500,1399,Common,false,false,false
3614,27.0668,1099602911127,401911,,12,0,0,809,0.676671,13.5334,ok,809,0.676671,13.5334,ok,2500,1425,Common,false,false,false
3615,27.0508,1099599053982,401910,,11,0,0,810,0.676271,13.5254,ok,810,0.676271,13.5254,ok,2500,1399,Common,false,false,false
3616,27.0508,1099602911128,401911,,12,0,0,810,0.676271,13.5254,ok,810,0.676271,13.5254,ok,2500,1425,Common,false,false,false
3617,27.0348,1099599053983,401910,g45je.wam,11,0,0,811,0.67587,13.5174,ok,811,0.67587,13.5174,ok,2500,1399,Common,false,false,false
3618,27.0348,1099602911129,401911,,12,0,0,811,0.67587,13.5174,ok,811,0.67587,13.5174,ok,2500,1425,Common,false,false,false
3619,27.0188,1099599053984,401910,,11,0,0,812,0.67547,13.5094,ok,812,0.67547,13.5094,ok,2500,1399,Common,false,false,false
3620,27.0188,1099602911130,401911,,12,0,0,812,0.67547,13.5094,ok,812,0.67547,13.5094,ok,2500,1425,Common,false,false,false
3621,27.0028,1099599053985,401910,,11,0,0,813,0.67507,13.5014,ok,813,0.67507,13.5014,ok,2500,1399,Common,false,false,false
3622,27.0028,1099602911131,401911,pepperstake,12,0,0,813,0.67507,13.5014,ok,813,0.67507,13.5014,ok,2500,1425,Common,false,false,false
3623,26.9868,1099599053986,401910,,11,0,0,814,0.67467,13.4934,ok,814,0.67467,13.4934,ok,2500,1399,Common,false,false,false
3624,26.9868,1099602911132,401911,skore.wam,12,0,0,814,0.67467,13.4934,ok,814,0.67467,13.4934,ok,2500,1425,Common,false,false,false
3625,26.9708,1099599053987,401910,,11,0,0,815,0.67427,13.4854,ok,815,0.67427,13.4854,ok,2500,1399,Common,false,false,false
3626,26.9708,1099602911133,401911,,12,0,0,815,0.67427,13.4854,ok,815,0.67427,13.4854,ok,2500,1425,Common,false,false,false
3627,26.9548,1099599053988,401910,,11,0,0,816,0.67387,13.4774,ok,816,0.67387,13.4774,ok,2500,1399,Common,false,false,false
3628,26.9548,1099602911134,401911,,12,0,0,816,0.67387,13.4774,ok,816,0.67387,13.4774,ok,2500,1425,Common,false,false,false
3629,26.9388,1099599053989,401910,vc4ha.wam,11,0,0,817,0.673469,13.4694,ok,817,0.673469,13.4694,ok,2500,1399,Common,false,false,false
3630,26.9388,1099602911135,401911,,12,0,0,817,0.673469,13.4694,ok,817,0.673469,13.4694,ok,2500,1425,Common,false,false,false
3631,26.9228,1099599053990,401910,3opaw.wam,11,0,0,818,0.673069,13.4614,ok,818,0.673069,13.4614,ok,2500,1399,Common,false,false,false
3632,26.9228,1099602911136,401911,pepperstake,12,0,0,818,0.673069,13.4614,ok,818,0.673069,13.4614,ok,2500,1425,Common,false,false,false
3633,26.9068,1099599053991,401910,dheyc.wam,11,0,0,819,0.672669,13.4534,ok,819,0.672669,13.4534,ok,2500,1399,Common,false,false,false
3634,26.9068,1099602911137,401911,3kg.c.wam,12,0,0,819,0.672669,13.4534,ok,819,0.672669,13.4534,ok,2500,1425,Common,false,false,false
3635,26.8908,1099599053992,401910,,11,0,0,820,0.672269,13.4454,ok,820,0.672269,13.4454,ok,2500,1399,Common,false,false,false
3636,26.8908,1099602911138,401911,,12,0,0,820,0.672269,13.4454,ok,820,0.672269,13.4454,ok,2500,1425,Common,false,false,false
3637,26.8748,1099599053993,401910,,11,0,0,821,0.671869,13.4374,ok,821,0.671869,13.4374,ok,2500,1399,Common,false,false,false
3638,26.8748,1099602911139,401911,.54j4.wam,12,0,0,821,0.671869,13.4374,ok,821,0.671869,13.4374,ok,2500,1425,Common,false,false,false
3639,26.8588,1099599053994,401910,,11,0,0,822,0.671469,13.4294,ok,822,0.671469,13.4294,ok,2500,1399,Common,false,false,false
3640,26.8588,1099602911140,401911,dcfbc.wam,12,0,0,822,0.671469,13.4294,ok,822,0.671469,13.4294,ok,2500,1425,Common,false,false,false
3641,26.8428,1099599053995,401910,3kg.c.wam,11,0,0,823,0.671068,13.4214,ok,823,0.671068,13.4214,ok,2500,1399,Common,false,false,false
3642,26.8428,1099602911141,401911,q4oia.wam,12,0,0,823,0.671068,13.4214,ok,823,0.671068,13.4214,ok,2500,1425,Common,false,false,false
3643,26.8268,1099599053996,401910,,11,0,0,824,0.670668,13.4134,ok,824,0.670668,13.4134,ok,2500,1399,Common,false,false,false
3644,26.8268,1099602911142,401911,junb2.wam,12,0,0,824,0.670668,13.4134,ok,824,0.670668,13.4134,ok,2500,1425,Common,false,false,false
3645,26.8108,1099599053997,401910,,11,0,0,825,0.670268,13.4054,ok,825,0.670268,13.4054,ok,2500,1399,Common,false,false,false
3646,26.8108,1099602911143,401911,,12,0,0,825,0.670268,13.4054,ok,825,0.670268,13.4054,ok,2500,1425,Common,false,false,false
3647,26.7948,1099599053998,401910,,11,0,0,826,0.669868,13.3974,ok,826,0.669868,13.3974,ok,2500,1399,Common,false,false,false
3648,26.7948,1099602911144,401911,,12,0,0,826,0.669868,13.3974,ok,826,0.669868,13.3974,ok,2500,1425,Common,false,false,false
3649,26.7788,1099602911145,401911,tiaqw.wam,12,0,0,827,0.669468,13.3894,ok,827,0.669468,13.3894,ok,2500,1425,Common,false,false,false
3650,26.7788,1099602912733,401910,,11,0,0,827,0.669468,13.3894,ok,827,0.669468,13.3894,ok,2500,1399,Common,false,false,false
3651,26.7628,1099602911146,401911,pepperstake,12,0,0,828,0.669068,13.3814,ok,828,0.669068,13.3814,ok,2500,1425,Common,false,false,false
3652,26.7628,1099602912734,401910,,11,0,0,828,0.669068,13.3814,ok,828,0.669068,13.3814,ok,2500,1399,Common,false,false,false
3653,26.7466,1099602911147,401911,,12,0,0,829,0.668667,13.3733,ok,829,0.668667,13.3733,ok,2500,1425,Common,false,false,false
3654,26.7466,1099602912735,401910,,11,0,0,829,0.668667,13.3733,ok,829,0.668667,13.3733,ok,2500,1399,Common,false,false,false
3655,26.7306,1099602911148,401911,,12,0,0,830,0.668267,13.3653,ok,830,0.668267,13.3653,ok,2500,1425,Common,false,false,false
3656,26.7306,1099602912736,401910,,11,0,0,830,0.668267,13.3653,ok,830,0.668267,13.3653,ok,2500,1399,Common,false,false,false
3657,26.7146,1099602911149,401911,,12,0,0,831,0.667867,13.3573,ok,831,0.667867,13.3573,ok,2500,1425,Common,false,false,false
3658,26.7146,1099602912737,401910,,11,0,0,831,0.667867,13.3573,ok,831,0.667867,13.3573,ok,2500,1399,Common,false,false,false
3659,26.6986,1099602911150,401911,,12,0,0,832,0.667467,13.3493,ok,832,0.667467,13.3493,ok,2500,1425,Common,false,false,false
3660,26.6986,1099602912738,401910,ezvrg.wam,11,0,0,832,0.667467,13.3493,ok,832,0.667467,13.3493,ok,2500,1399,Common,false,false,false
3661,26.6826,1099602911151,401911,,12,0,0,833,0.667067,13.3413,ok,833,0.667067,13.3413,ok,2500,1425,Common,false,false,false
3662,26.6826,1099602912739,401910,,11,0,0,833,0.667067,13.3413,ok,833,0.667067,13.3413,ok,2500,1399,Common,false,false,false
3663,26.6666,1099602911152,401911,cizrk.wam,12,0,0,834,0.666667,13.3333,ok,834,0.666667,13.3333,ok,2500,1425,Common,false,false,false
3664,26.6666,1099602912740,401910,g.ub4.wam,11,0,0,834,0.666667,13.3333,ok,834,0.666667,13.3333,ok,2500,1399,Common,false,false,false
3665,26.6506,1099602911153,401911,,12,0,0,835,0.666267,13.3253,ok,835,0.666267,13.3253,ok,2500,1425,Common,false,false,false
3666,26.6506,1099602912741,401910,,11,0,0,835,0.666267,13.3253,ok,835,0.666267,13.3253,ok,2500,1399,Common,false,false,false
3667,26.6346,1099602911154,401911,pepperstake,12,0,0,836,0.665866,13.3173,ok,836,0.665866,13.3173,ok,2500,1425,Common,false,false,false
3668,26.6346,1099602912742,401910,,11,0,0,836,0.665866,13.3173,ok,836,0.665866,13.3173,ok,2500,1399,Common,false,false,false
3669,26.6186,1099602911155,401911,vc3xc.wam,12,0,0,837,0.665466,13.3093,ok,837,0.665466,13.3093,ok,2500,1425,Common,false,false,false
3670,26.6186,1099602912743,401910,,11,0,0,837,0.665466,13.3093,ok,837,0.665466,13.3093,ok,2500,1399,Common,false,false,false
3671,26.6026,1099602911156,401911,,12,0,0,838,0.665066,13.3013,ok,838,0.665066,13.3013,ok,2500,1425,Common,false,false,false
3672,26.6026,1099602912744,401910,,11,0,0,838,0.665066,13.3013,ok,838,0.665066,13.3013,ok,2500,1399,Common,false,false,false
3673,26.5866,1099602911157,401911,,12,0,0,839,0.664666,13.2933,ok,839,0.664666,13.2933,ok,2500,1425,Common,false,false,false
3674,26.5866,1099602912745,401910,,11,0,0,839,0.664666,13.2933,ok,839,0.664666,13.2933,ok,2500,1399,Common,false,false,false
3675,26.5706,1099602911158,401911,,12,0,0,840,0.664266,13.2853,ok,840,0.664266,13.2853,ok,2500,1425,Common,false,false,false
3676,26.5706,1099602912746,401910,,11,0,0,840,0.664266,13.2853,ok,840,0.664266,13.2853,ok,2500,1399,Common,false,false,false
3677,26.5546,1099602911159,401911,,12,0,0,841,0.663866,13.2773,ok,841,0.663866,13.2773,ok,2500,1425,Common,false,false,false
3678,26.5546,1099602912747,401910,,11,0,0,841,0.663866,13.2773,ok,841,0.663866,13.2773,ok,2500,1399,Common,false,false,false
3679,26.5386,1099602911160,401911,,12,0,0,842,0.663465,13.2693,ok,842,0.663465,13.2693,ok,2500,1425,Common,false,false,false
3680,26.5386,1099602912748,401910,v1tra.wam,11,0,0,842,0.663465,13.2693,ok,842,0.663465,13.2693,ok,2500,1399,Common,false,false,false
3681,26.5226,1099602911161,401911,,12,0,0,843,0.663065,13.2613,ok,843,0.663065,13.2613,ok,2500,1425,Common,false,false,false
3682,26.5226,1099602912749,401910,,11,0,0,843,0.663065,13.2613,ok,843,0.663065,13.2613,ok,2500,1399,Common,false,false,false
3683,26.5066,1099602911162,401911,,12,0,0,844,0.662665,13.2533,ok,844,0.662665,13.2533,ok,2500,1425,Common,false,false,false
3684,26.5066,1099602912750,401910,,11,0,0,844,0.662665,13.2533,ok,844,0.662665,13.2533,ok,2500,1399,Common,false,false,false
3685,26.4906,1099602911163,401911,,12,0,0,845,0.662265,13.2453,ok,845,0.662265,13.2453,ok,2500,1425,Common,false,false,false
3686,26.4906,1099602912751,401910,,11,0,0,845,0.662265,13.2453,ok,845,0.662265,13.2453,ok,2500,1399,Common,false,false,false
3687,26.4746,1099602911164,401911,wam,12,0,0,846,0.661865,13.2373,ok,846,0.661865,13.2373,ok,2500,1425,Common,false,false,false
3688,26.4746,1099602912752,401910,i3jh2.wam,11,0,0,846,0.661865,13.2373,ok,846,0.661865,13.2373,ok,2500,1399,Common,false,false,false
3689,26.4586,1099602911165,401911,,12,0,0,847,0.661465,13.2293,ok,847,0.661465,13.2293,ok,2500,1425,Common,false,false,false
3690,26.4586,1099602912753,401910,,11,0,0,847,0.661465,13.2293,ok,847,0.661465,13.2293,ok,2500,1399,Common,false,false,false
3691,26.4426,1099602911166,401911,rgqf.wam,12,0,0,848,0.661064,13.2213,ok,848,0.661064,13.2213,ok,2500,1425,Common,false,false,false
3692,26.4426,1099602912754,401910,r5hug.wam,11,0,0,848,0.661064,13.2213,ok,848,0.661064,13.2213,ok,2500,1399,Common,false,false,false
3693,26.4266,1099602911167,401911,exqua.wam,12,0,0,849,0.660664,13.2133,ok,849,0.660664,13.2133,ok,2500,1425,Common,false,false,false
3694,26.4266,1099602912755,401910,yy2fq.wam,11,0,0,849,0.660664,13.2133,ok,849,0.660664,13.2133,ok,2500,1399,Common,false,false,false
3695,26.4106,1099602911168,401911,,12,0,0,850,0.660264,13.2053,ok,850,0.660264,13.2053,ok,2500,1425,Common,false,false,false
3696,26.4106,1099602912756,401910,,11,0,0,850,0.660264,13.2053,ok,850,0.660264,13.2053,ok,2500,1399,Common,false,false,false
3697,26.3946,1099602911169,401911,if1be.wam,12,0,0,851,0.659864,13.1973,ok,851,0.659864,13.1973,ok,2500,1425,Common,false,false,false
3698,26.3946,1099602912757,401910,,11,0,0,851,0.659864,13.1973,ok,851,0.659864,13.1973,ok,2500,1399,Common,false,false,false
3699,26.3786,1099602911170,401911,,12,0,0,852,0.659464,13.1893,ok,852,0.659464,13.1893,ok,2500,1425,Common,false,false,false
3700,26.3786,1099602912758,401910,,11,0,0,852,0.659464,13.1893,ok,852,0.659464,13.1893,ok,2500,1399,Common,false,false,false
3701,26.3626,1099602911171,401911,,12,0,0,853,0.659064,13.1813,ok,853,0.659064,13.1813,ok,2500,1425,Common,false,false,false
3702,26.3626,1099602912759,401910,,11,0,0,853,0.659064,13.1813,ok,853,0.659064,13.1813,ok,2500,1399,Common,false,false,false
3703,26.3466,1099602911172,401911,btyfo.wam,12,0,0,854,0.658663,13.1733,ok,854,0.658663,13.1733,ok,2500,1425,Common,false,false,false
3704,26.3466,1099602912760,401910,,11,0,0,854,0.658663,13.1733,ok,854,0.658663,13.1733,ok,2500,1399,Common,false,false,false
3705,26.3306,1099602911173,401911,,12,0,0,855,0.658263,13.1653,ok,855,0.658263,13.1653,ok,2500,1425,Common,false,false,false
3706,26.3306,1099602912761,401910,,11,0,0,855,0.658263,13.1653,ok,855,0.658263,13.1653,ok,2500,1399,Common,false,false,false
3707,26.3146,1099602911174,401911,,12,0,0,856,0.657863,13.1573,ok,856,0.657863,13.1573,ok,2500,1425,Common,false,false,false
3708,26.3146,1099602912762,401910,,11,0,0,856,0.657863,13.1573,ok,856,0.657863,13.1573,ok,2500,1399,Common,false,false,false
3709,26.2986,1099602911175,401911,,12,0,0,857,0.657463,13.1493,ok,857,0.657463,13.1493,ok,2500,1425,Common,false,false,false
3710,26.2986,1099602912763,401910,,11,0,0,857,0.657463,13.1493,ok,857,0.657463,13.1493,ok,2500,1399,Common,false,false,false
3711,26.2826,1099602911176,401911,dsvb4.wam,12,0,0,858,0.657063,13.1413,ok,858,0.657063,13.1413,ok,2500,1425,Common,false,false,false
3712,26.2826,1099602912764,401910,,11,0,0,858,0.657063,13.1413,ok,858,0.657063,13.1413,ok,2500,1399,Common,false,false,false
3713,26.2666,1099602911177,401911,,12,0,0,859,0.656663,13.1333,ok,859,0.656663,13.1333,ok,2500,1425,Common,false,false,false
3714,26.2666,1099602912765,401910,,11,0,0,859,0.656663,13.1333,ok,859,0.656663,13.1333,ok,2500,1399,Common,false,false,false
3715,26.2506,1099602911178,401911,becdclxvi.gm,12,0,0,860,0.656263,13.1253,ok,860,0.656263,13.1253,ok,2500,1425,Common,false,false,false
3716,26.2506,1099602912766,401910,spwti.wam,11,0,0,860,0.656263,13.1253,ok,860,0.656263,13.1253,ok,2500,1399,Common,false,false,false
3717,26.2344,1099602911179,401911,,12,0,0,861,0.655862,13.1172,ok,861,0.655862,13.1172,ok,2500,1425,Common,false,false,false
3718,26.2344,1099602912767,401910,ojmyy.wam,11,0,0,861,0.655862,13.1172,ok,861,0.655862,13.1172,ok,2500,1399,Common,false,false,false
3719,26.2184,1099602911180,401911,,12,0,0,862,0.655462,13.1092,ok,862,0.655462,13.1092,ok,2500,1425,Common,false,false,false
3720,26.2184,1099602912768,401910,3opaw.wam,11,0,0,862,0.655462,13.1092,ok,862,0.655462,13.1092,ok,2500,1399,Common,false,false,false
3721,26.2024,1099602911181,401911,hjjh4.wam,12,0,0,863,0.655062,13.1012,ok,863,0.655062,13.1012,ok,2500,1425,Common,false,false,false
3722,26.2024,1099602912769,401910,,11,0,0,863,0.655062,13.1012,ok,863,0.655062,13.1012,ok,2500,1399,Common,false,false,false
3723,26.1864,1099602911182,401911,,12,0,0,864,0.654662,13.0932,ok,864,0.654662,13.0932,ok,2500,1425,Common,false,false,false
3724,26.1864,1099602912770,401910,,11,0,0,864,0.654662,13.0932,ok,864,0.654662,13.0932,ok,2500,1399,Common,false,false,false
3725,26.1704,1099602911183,401911,.tbqw.wam,12,0,0,865,0.654262,13.0852,ok,865,0.654262,13.0852,ok,2500,1425,Common,false,false,false
3726,26.1704,1099602912771,401910,pepperstake,11,0,0,865,0.654262,13.0852,ok,865,0.654262,13.0852,ok,2500,1399,Common,false,false,false
3727,26.1544,1099602911184,401911,dctku.c.wam,12,0,0,866,0.653862,13.0772,ok,866,0.653862,13.0772,ok,2500,1425,Common,false,false,false
3728,26.1544,1099602912772,401910,,11,0,0,866,0.653862,13.0772,ok,866,0.653862,13.0772,ok,2500,1399,Common,false,false,false
3729,26.1384,1099602911185,401911,,12,0,0,867,0.653461,13.0692,ok,867,0.653461,13.0692,ok,2500,1425,Common,false,false,false
3730,26.1384,1099602912773,401910,,11,0,0,867,0.653461,13.0692,ok,867,0.653461,13.0692,ok,2500,1399,Common,false,false,false
3731,26.1224,1099602911186,401911,,12,0,0,868,0.653061,13.0612,ok,868,0.653061,13.0612,ok,2500,1425,Common,false,false,false
3732,26.1224,1099602912774,401910,,11,0,0,868,0.653061,13.0612,ok,868,0.653061,13.0612,ok,2500,1399,Common,false,false,false
3733,26.1064,1099602911187,401911,,12,0,0,869,0.652661,13.0532,ok,869,0.652661,13.0532,ok,2500,1425,Common,false,false,false
3734,26.1064,1099602912775,401910,,11,0,0,869,0.652661,13.0532,ok,869,0.652661,13.0532,ok,2500,1399,Common,false,false,false
3735,26.0904,1099602911188,401911,,12,0,0,870,0.652261,13.0452,ok,870,0.652261,13.0452,ok,2500,1425,Common,false,false,false
3736,26.0904,1099602912776,401910,jn2ie.wam,11,0,0,870,0.652261,13.0452,ok,870,0.652261,13.0452,ok,2500,1399,Common,false,false,false
3737,26.0744,1099602911189,401911,r5hug.wam,12,0,0,871,0.651861,13.0372,ok,871,0.651861,13.0372,ok,2500,1425,Common,false,false,false
3738,26.0744,1099602912777,401910,,11,0,0,871,0.651861,13.0372,ok,871,0.651861,13.0372,ok,2500,1399,Common,false,false,false
3739,26.0584,1099602911190,401911,,12,0,0,872,0.651461,13.0292,ok,872,0.651461,13.0292,ok,2500,1425,Common,false,false,false
3740,26.0584,1099602912778,401910,atomicmarket,11,0,0,872,0.651461,13.0292,ok,872,0.651461,13.0292,ok,2500,1399,Common,false,false,false
3741,26.0424,1099602911191,401911,,12,0,0,873,0.65106,13.0212,ok,873,0.65106,13.0212,ok,2500,1425,Common,false,false,false
3742,26.0424,1099602912779,401910,,11,0,0,873,0.65106,13.0212,ok,873,0.65106,13.0212,ok,2500,1399,Common,false,false,false
3743,26.0264,1099602911192,401911,yoitscharlie,12,0,0,874,0.65066,13.0132,ok,874,0.65066,13.0132,ok,2500,1425,Common,false,false,false
3744,26.0264,1099602912780,401910,,11,0,0,874,0.65066,13.0132,ok,874,0.65066,13.0132,ok,2500,1399,Common,false,false,false
3745,26.0104,1099602911193,401911,vrpfg.wam,12,0,0,875,0.65026,13.0052,ok,875,0.65026,13.0052,ok,2500,1425,Common,false,false,false
3746,26.0104,1099602912781,401910,5p4qw.wam,11,0,0,875,0.65026,13.0052,ok,875,0.65026,13.0052,ok,2500,1399,Common,false,false,false
3747,25.9944,1099602911194,401911,,12,0,0,876,0.64986,12.9972,ok,876,0.64986,12.9972,ok,2500,1425,Common,false,false,false
3748,25.9944,1099602912782,401910,,11,0,0,876,0.64986,12.9972,ok,876,0.64986,12.9972,ok,2500,1399,Common,false,false,false
3749,25.9784,1099602911195,401911,,12,0,0,877,0.64946,12.9892,ok,877,0.64946,12.9892,ok,2500,1425,Common,false,false,false
3750,25.9784,1099602912783,401910,ab2cu.wam,11,0,0,877,0.64946,12.9892,ok,877,0.64946,12.9892,ok,2500,1399,Common,false,false,false
3751,25.9624,1099602911196,401911,,12,0,0,878,0.64906,12.9812,ok,878,0.64906,12.9812,ok,2500,1425,Common,false,false,false
3752,25.9624,1099602912784,401910,d1awq.wam,11,0,0,878,0.64906,12.9812,ok,878,0.64906,12.9812,ok,2500,1399,Common,false,false,false
3753,25.9464,1099602911197,401911,s1jb4.wam,12,0,0,879,0.648659,12.9732,ok,879,0.648659,12.9732,ok,2500,1425,Common,false,false,false
3754,25.9464,1099602912785,401910,pepperstake,11,0,0,879,0.648659,12.9732,ok,879,0.648659,12.9732,ok,2500,1399,Common,false,false,false
3755,25.9304,1099602911198,401911,,12,0,0,880,0.648259,12.9652,ok,880,0.648259,12.9652,ok,2500,1425,Common,false,false,false
3756,25.9304,1099602912786,401910,,11,0,0,880,0.648259,12.9652,ok,880,0.648259,12.9652,ok,2500,1399,Common,false,false,false
3757,25.9144,1099602911199,401911,,12,0,0,881,0.647859,12.9572,ok,881,0.647859,12.9572,ok,2500,1425,Common,false,false,false
3758,25.9144,1099602912787,401910,,11,0,0,881,0.647859,12.9572,ok,881,0.647859,12.9572,ok,2500,1399,Common,false,false,false
3759,25.8984,1099602911200,401911,,12,0,0,882,0.647459,12.9492,ok,882,0.647459,12.9492,ok,2500,1425,Common,false,false,false
3760,25.8984,1099602912788,401910,,11,0,0,882,0.647459,12.9492,ok,882,0.647459,12.9492,ok,2500,1399,Common,false,false,false
3761,25.8824,1099602911201,401911,,12,0,0,883,0.647059,12.9412,ok,883,0.647059,12.9412,ok,2500,1425,Common,false,false,false
3762,25.8824,1099602912789,401910,k.ojk.wam,11,0,0,883,0.647059,12.9412,ok,883,0.647059,12.9412,ok,2500,1399,Common,false,false,false
3763,25.8664,1099602911202,401911,,12,0,0,884,0.646659,12.9332,ok,884,0.646659,12.9332,ok,2500,1425,Common,false,false,false
3764,25.8664,1099602912790,401910,,11,0,0,884,0.646659,12.9332,ok,884,0.646659,12.9332,ok,2500,1399,Common,false,false,false
3765,25.8504,1099602911203,401911,,12,0,0,885,0.646259,12.9252,ok,885,0.646259,12.9252,ok,2500,1425,Common,false,false,false
3766,25.8504,1099602912791,401910,,11,0,0,885,0.646259,12.9252,ok,885,0.646259,12.9252,ok,2500,1399,Common,false,false,false
3767,25.8344,1099602911204,401911,1mdi2.wam,12,0,0,886,0.645858,12.9172,ok,886,0.645858,12.9172,ok,2500,1425,Common,false,false,false
3768,25.8344,1099602912792,401910,,11,0,0,886,0.645858,12.9172,ok,886,0.645858,12.9172,ok,2500,1399,Common,false,false,false
3769,25.8184,1099602911205,401911,,12,0,0,887,0.645458,12.9092,ok,887,0.645458,12.9092,ok,2500,1425,Common,false,false,false
3770,25.8184,1099602912793,401910,,11,0,0,887,0.645458,12.9092,ok,887,0.645458,12.9092,ok,2500,1399,Common,false,false,false
3771,25.8024,1099602911206,401911,cawaw.wam,12,0,0,888,0.645058,12.9012,ok,888,0.645058,12.9012,ok,2500,1425,Common,false,false,false
3772,25.8024,1099602912794,401910,,11,0,0,888,0.645058,12.9012,ok,888,0.645058,12.9012,ok,2500,1399,Common,false,false,false
3773,25.7864,1099602911207,401911,,12,0,0,889,0.644658,12.8932,ok,889,0.644658,12.8932,ok,2500,1425,Common,false,false,false
3774,25.7864,1099602912795,401910,,11,0,0,889,0.644658,12.8932,ok,889,0.644658,12.8932,ok,2500,1399,Common,false,false,false
3775,25.7704,1099602911208,401911,de.bc.wam,12,0,0,890,0.644258,12.8852,ok,890,0.644258,12.8852,ok,2500,1425,Common,false,false,false
3776,25.7704,1099602912796,401910,,11,0,0,890,0.644258,12.8852,ok,890,0.644258,12.8852,ok,2500,1399,Common,false,false,false
3777,25.7544,1099602911209,401911,,12,0,0,891,0.643858,12.8772,ok,891,0.643858,12.8772,ok,2500,1425,Common,false,false,false
3778,25.7544,1099602912797,401910,kqjuk.wam,11,0,0,891,0.643858,12.8772,ok,891,0.643858,12.8772,ok,2500,1399,Common,false,false,false
3779,25.7382,1099602911210,401911,,12,0,0,892,0.643457,12.8691,ok,892,0.643457,12.8691,ok,2500,1425,Common,false,false,false
3780,25.7382,1099602912798,401910,,11,0,0,892,0.643457,12.8691,ok,892,0.643457,12.8691,ok,2500,1399,Common,false,false,false
3781,25.7222,1099602911211,401911,.hpry.wam,12,0,0,893,0.643057,12.8611,ok,893,0.643057,12.8611,ok,2500,1425,Common,false,false,false
3782,25.7222,1099602912799,401910,,11,0,0,893,0.643057,12.8611,ok,893,0.643057,12.8611,ok,2500,1399,Common,false,false,false
3783,25.7062,1099602911212,401911,wfor4.wam,12,0,0,894,0.642657,12.8531,ok,894,0.642657,12.8531,ok,2500,1425,Common,false,false,false
3784,25.7062,1099602912800,401910,,11,0,0,894,0.642657,12.8531,ok,894,0.642657,12.8531,ok,2500,1399,Common,false,false,false
3785,25.6902,1099602911213,401911,,12,0,0,895,0.642257,12.8451,ok,895,0.642257,12.8451,ok,2500,1425,Common,false,false,false
3786,25.6902,1099602912801,401910,,11,0,0,895,0.642257,12.8451,ok,895,0.642257,12.8451,ok,2500,1399,Common,false,false,false
3787,25.6742,1099602911214,401911,,12,0,0,896,0.641857,12.8371,ok,896,0.641857,12.8371,ok,2500,1425,Common,false,false,false
3788,25.6742,1099602912802,401910,kdixe.wam,11,0,0,896,0.641857,12.8371,ok,896,0.641857,12.8371,ok,2500,1399,Common,false,false,false
3789,25.6582,1099602911215,401911,,12,0,0,897,0.641457,12.8291,ok,897,0.641457,12.8291,ok,2500,1425,Common,false,false,false
3790,25.6582,1099602912803,401910,,11,0,0,897,0.641457,12.8291,ok,897,0.641457,12.8291,ok,2500,1399,Common,false,false,false
3791,25.6422,1099602911216,401911,tdvrc.wam,12,0,0,898,0.641056,12.8211,ok,898,0.641056,12.8211,ok,2500,1425,Common,false,false,false
3792,25.6422,1099602912804,401910,,11,0,0,898,0.641056,12.8211,ok,898,0.641056,12.8211,ok,2500,1399,Common,false,false,false
3793,25.6262,1099602911217,401911,,12,0,0,899,0.640656,12.8131,ok,899,0.640656,12.8131,ok,2500,1425,Common,false,false,false
3794,25.6262,1099602912805,401910,igwxu.wam,11,0,0,899,0.640656,12.8131,ok,899,0.640656,12.8131,ok,2500,1399,Common,false,false,false
3795,25.6102,1099602911218,401911,,12,0,0,900,0.640256,12.8051,ok,900,0.640256,12.8051,ok,2500,1425,Common,false,false,false
3796,25.6102,1099602912806,401910,,11,0,0,900,0.640256,12.8051,ok,900,0.640256,12.8051,ok,2500,1399,Common,false,false,false
3797,25.5942,1099602911219,401911,,12,0,0,901,0.639856,12.7971,ok,901,0.639856,12.7971,ok,2500,1425,Common,false,false,false
3798,25.5942,1099620811571,401910,,11,0,0,901,0.639856,12.7971,ok,901,0.639856,12.7971,ok,2500,1399,Common,false,false,false
3799,25.5782,1099602911220,401911,,12,0,0,902,0.639456,12.7891,ok,902,0.639456,12.7891,ok,2500,1425,Common,false,false,false
3800,25.5782,1099620811572,401910,,11,0,0,902,0.639456,12.7891,ok,902,0.639456,12.7891,ok,2500,1399,Common,false,false,false
3801,25.5622,1099602911221,401911,,12,0,0,903,0.639056,12.7811,ok,903,0.639056,12.7811,ok,2500,1425,Common,false,false,false
3802,25.5622,1099620811573,401910,,11,0,0,903,0.639056,12.7811,ok,903,0.639056,12.7811,ok,2500,1399,Common,false,false,false
3803,25.5462,1099602911222,401911,1qaqy.wam,12,0,0,904,0.638655,12.7731,ok,904,0.638655,12.7731,ok,2500,1425,Common,false,false,false
3804,25.5462,1099620811574,401910,anwug.wam,11,0,0,904,0.638655,12.7731,ok,904,0.638655,12.7731,ok,2500,1399,Common,false,false,false
3805,25.5302,1099602911223,401911,,12,0,0,905,0.638255,12.7651,ok,905,0.638255,12.7651,ok,2500,1425,Common,false,false,false
3806,25.5302,1099620811575,401910,qhjh.wam,11,0,0,905,0.638255,12.7651,ok,905,0.638255,12.7651,ok,2500,1399,Common,false,false,false
3807,25.5142,1099602911224,401911,,12,0,0,906,0.637855,12.7571,ok,906,0.637855,12.7571,ok,2500,1425,Common,false,false,false
3808,25.5142,1099620811576,401910,,11,0,0,906,0.637855,12.7571,ok,906,0.637855,12.7571,ok,2500,1399,Common,false,false,false
3809,25.4982,1099602911225,401911,,12,0,0,907,0.637455,12.7491,ok,907,0.637455,12.7491,ok,2500,1425,Common,false,false,false
3810,25.4982,1099620811577,401910,,11,0,0,907,0.637455,12.7491,ok,907,0.637455,12.7491,ok,2500,1399,Common,false,false,false
3811,25.4822,1099602911226,401911,,12,0,0,908,0.637055,12.7411,ok,908,0.637055,12.7411,ok,2500,1425,Common,false,false,false
3812,25.4822,1099620811578,401910,,11,0,0,908,0.637055,12.7411,ok,908,0.637055,12.7411,ok,2500,1399,Common,false,false,false
3813,25.4662,1099602911227,401911,br2ay.wam,12,0,0,909,0.636655,12.7331,ok,909,0.636655,12.7331,ok,2500,1425,Common,false,false,false
3814,25.4662,1099620811579,401910,qlygw.wam,11,0,0,909,0.636655,12.7331,ok,909,0.636655,12.7331,ok,2500,1399,Common,false,false,false
3815,25.4502,1099602911228,401911,,12,0,0,910,0.636255,12.7251,ok,910,0.636255,12.7251,ok,2500,1425,Common,false,false,false
3816,25.4502,1099620811580,401910,inhdm.wam,11,0,0,910,0.636255,12.7251,ok,910,0.636255,12.7251,ok,2500,1399,Common,false,false,false
3817,25.4342,1099602911229,401911,ffbb2.wam,12,0,0,911,0.635854,12.7171,ok,911,0.635854,12.7171,ok,2500,1425,Common,false,false,false
3818,25.4342,1099620811581,401910,,11,0,0,911,0.635854,12.7171,ok,911,0.635854,12.7171,ok,2500,1399,Common,false,false,false
3819,25.4182,1099602911230,401911,,12,0,0,912,0.635454,12.7091,ok,912,0.635454,12.7091,ok,2500,1425,Common,false,false,false
3820,25.4182,1099620811582,401910,,11,0,0,912,0.635454,12.7091,ok,912,0.635454,12.7091,ok,2500,1399,Common,false,false,false
3821,25.4022,1099602911231,401911,,12,0,0,913,0.635054,12.7011,ok,913,0.635054,12.7011,ok,2500,1425,Common,false,false,false
3822,25.4022,1099620811583,401910,xu1rs.wam,11,0,0,913,0.635054,12.7011,ok,913,0.635054,12.7011,ok,2500,1399,Common,false,false,false
3823,25.3862,1099602911232,401911,skvba.wam,12,0,0,914,0.634654,12.6931,ok,914,0.634654,12.6931,ok,2500,1425,Common,false,false,false
3824,25.3862,1099620811584,401910,,11,0,0,914,0.634654,12.6931,ok,914,0.634654,12.6931,ok,2500,1399,Common,false,false,false
3825,25.3702,1099602911233,401911,q5kyw.wam,12,0,0,915,0.634254,12.6851,ok,915,0.634254,12.6851,ok,2500,1425,Common,false,false,false
3826,25.3702,1099620811585,401910,,11,0,0,915,0.634254,12.6851,ok,915,0.634254,12.6851,ok,2500,1399,Common,false,false,false
3827,25.3542,1099602911234,401911,,12,0,0,916,0.633854,12.6771,ok,916,0.633854,12.6771,ok,2500,1425,Common,false,false,false
3828,25.3542,1099620811586,401910,z4aty.wam,11,0,0,916,0.633854,12.6771,ok,916,0.633854,12.6771,ok,2500,1399,Common,false,false,false
3829,25.3382,1099602911235,401911,tsgxa.wam,12,0,0,917,0.633453,12.6691,ok,917,0.633453,12.6691,ok,2500,1425,Common,false,false,false
3830,25.3382,1099620811587,401910,,11,0,0,917,0.633453,12.6691,ok,917,0.633453,12.6691,ok,2500,1399,Common,false,false,false
3831,25.3222,1099602911236,401911,,12,0,0,918,0.633053,12.6611,ok,918,0.633053,12.6611,ok,2500,1425,Common,false,false,false
3832,25.3222,1099620811588,401910,wu2bs.wam,11,0,0,918,0.633053,12.6611,ok,918,0.633053,12.6611,ok,2500,1399,Common,false,false,false
3833,25.3062,1099602911237,401911,,12,0,0,919,0.632653,12.6531,ok,919,0.632653,12.6531,ok,2500,1425,Common,false,false,false
3834,25.3062,1099620811589,401910,,11,0,0,919,0.632653,12.6531,ok,919,0.632653,12.6531,ok,2500,1399,Common,false,false,false
3835,25.2902,1099602911238,401911,pepperstake,12,0,0,920,0.632253,12.6451,ok,920,0.632253,12.6451,ok,2500,1425,Common,false,false,false
3836,25.2902,1099620811590,401910,czgdm.wam,11,0,0,920,0.632253,12.6451,ok,920,0.632253,12.6451,ok,2500,1399,Common,false,false,false
3837,25.2742,1099602911239,401911,.d2dg.wam,12,0,0,921,0.631853,12.6371,ok,921,0.631853,12.6371,ok,2500,1425,Common,false,false,false
3838,25.2742,1099620811591,401910,,11,0,0,921,0.631853,12.6371,ok,921,0.631853,12.6371,ok,2500,1399,Common,false,false,false
3839,25.2582,1099602911240,401911,ge3vy.wam,12,0,0,922,0.631453,12.6291,ok,922,0.631453,12.6291,ok,2500,1425,Common,false,false,false
3840,25.2582,1099620811592,401910,aoqfg.wam,11,0,0,922,0.631453,12.6291,ok,922,0.631453,12.6291,ok,2500,1399,Common,false,false,false
3841,25.242,1099602911241,401911,,12,0,0,923,0.631052,12.621,ok,923,0.631052,12.621,ok,2500,1425,Common,false,false,false
3842,25.242,1099620811593,401910,yzhdm.wam,11,0,0,923,0.631052,12.621,ok,923,0.631052,12.621,ok,2500,1399,Common,false,false,false
3843,25.226,1099602911242,401911,,12,0,0,924,0.630652,12.613,ok,924,0.630652,12.613,ok,2500,1425,Common,false,false,false
3844,25.226,1099620811594,401910,1glwy.wam,11,0,0,924,0.630652,12.613,ok,924,0.630652,12.613,ok,2500,1399,Common,false,false,false
3845,25.21,1099602911243,401911,k.m.c.wam,12,0,0,925,0.630252,12.605,ok,925,0.630252,12.605,ok,2500,1425,Common,false,false,false
3846,25.21,1099620811595,401910,zy1ho.wam,11,0,0,925,0.630252,12.605,ok,925,0.630252,12.605,ok,2500,1399,Common,false,false,false
3847,25.194,1099602911244,401911,,12,0,0,926,0.629852,12.597,ok,926,0.629852,12.597,ok,2500,1425,Common,false,false,false
3848,25.194,1099620811596,401910,,11,0,0,926,0.629852,12.597,ok,926,0.629852,12.597,ok,2500,1399,Common,false,false,false
3849,25.178,1099602911245,401911,,12,0,0,927,0.629452,12.589,ok,927,0.629452,12.589,ok,2500,1425,Common,false,false,false
3850,25.178,1099620811597,401910,o1uv2.wam,11,0,0,927,0.629452,12.589,ok,927,0.629452,12.589,ok,2500,1399,Common,false,false,false
3851,25.162,1099602911246,401911,,12,0,0,928,0.629052,12.581,ok,928,0.629052,12.581,ok,2500,1425,Common,false,false,false
3852,25.162,1099620811598,401910,ojviw.wam,11,0,0,928,0.629052,12.581,ok,928,0.629052,12.581,ok,2500,1399,Common,false,false,false
3853,25.146,1099602911247,401911,4p1ky.c.wam,12,0,0,929,0.628651,12.573,ok,929,0.628651,12.573,ok,2500,1425,Common,false,false,false
3854,25.146,1099620811599,401910,,11,0,0,929,0.628651,12.573,ok,929,0.628651,12.573,ok,2500,1399,Common,false,false,false
3855,25.13,1099602911248,401911,e51jy.wam,12,0,0,930,0.628251,12.565,ok,930,0.628251,12.565,ok,2500,1425,Common,false,false,false
3856,25.13,1099620811600,401910,inlro.wam,11,0,0,930,0.628251,12.565,ok,930,0.628251,12.565,ok,2500,1399,Common,false,false,false
3857,25.114,1099602911249,401911,,12,0,0,931,0.627851,12.557,ok,931,0.627851,12.557,ok,2500,1425,Common,false,false,false
3858,25.114,1099620811601,401910,ho5ue.wam,11,0,0,931,0.627851,12.557,ok,931,0.627851,12.557,ok,2500,1399,Common,false,false,false
3859,25.098,1099602911250,401911,ot.fq.wam,12,0,0,932,0.627451,12.549,ok,932,0.627451,12.549,ok,2500,1425,Common,false,false,false
3860,25.098,1099620811602,401910,3g5ue.wam,11,0,0,932,0.627451,12.549,ok,932,0.627451,12.549,ok,2500,1399,Common,false,false,false
3861,25.082,1099602911251,401911,,12,0,0,933,0.627051,12.541,ok,933,0.627051,12.541,ok,2500,1425,Common,false,false,false
3862,25.082,1099620811603,401910,,11,0,0,933,0.627051,12.541,ok,933,0.627051,12.541,ok,2500,1399,Common,false,false,false
3863,25.066,1099602911252,401911,,12,0,0,934,0.626651,12.533,ok,934,0.626651,12.533,ok,2500,1425,Common,false,false,false
3864,25.066,1099620811604,401910,,11,0,0,934,0.626651,12.533,ok,934,0.626651,12.533,ok,2500,1399,Common,false,false,false
3865,25.05,1099602911253,401911,,12,0,0,935,0.626251,12.525,ok,935,0.626251,12.525,ok,2500,1425,Common,false,false,false
3866,25.05,1099620811605,401910,yayfo.wam,11,0,0,935,0.626251,12.525,ok,935,0.626251,12.525,ok,2500,1399,Common,false,false,false
3867,25.034,1099602911254,401911,h3jao.wam,12,0,0,936,0.62585,12.517,ok,936,0.62585,12.517,ok,2500,1425,Common,false,false,false
3868,25.034,1099620811606,401910,g45je.wam,11,0,0,936,0.62585,12.517,ok,936,0.62585,12.517,ok,2500,1399,Common,false,false,false
3869,25.018,1099602911255,401911,,12,0,0,937,0.62545,12.509,ok,937,0.62545,12.509,ok,2500,1425,Common,false,false,false
3870,25.018,1099620811607,401910,duyfo.wam,11,0,0,937,0.62545,12.509,ok,937,0.62545,12.509,ok,2500,1399,Common,false,false,false
3871,25.002,1099602911256,401911,,12,0,0,938,0.62505,12.501,ok,938,0.62505,12.501,ok,2500,1425,Common,false,false,false
3872,25.002,1099620811608,401910,yuywk.wam,11,0,0,938,0.62505,12.501,ok,938,0.62505,12.501,ok,2500,1399,Common,false,false,false
3873,24.986,1099602911257,401911,x41wo.wam,12,0,0,939,0.62465,12.493,ok,939,0.62465,12.493,ok,2500,1425,Common,false,false,false
3874,24.986,1099620811609,401910,tvtvo.wam,11,0,0,939,0.62465,12.493,ok,939,0.62465,12.493,ok,2500,1399,Common,false,false,false
3875,24.97,1099602911258,401911,,12,0,0,940,0.62425,12.485,ok,940,0.62425,12.485,ok,2500,1425,Common,false,false,false
3876,24.97,1099620811610,401910,3xmvs.wam,11,0,0,940,0.62425,12.485,ok,940,0.62425,12.485,ok,2500,1399,Common,false,false,false
3877,24.954,1099602911259,401911,,12,0,0,941,0.62385,12.477,ok,941,0.62385,12.477,ok,2500,1425,Common,false,false,false
3878,24.954,1099620811611,401910,cqz3jeoja.gm,11,0,0,941,0.62385,12.477,ok,941,0.62385,12.477,ok,2500,1399,Common,false,false,false
3879,24.938,1099602911260,401911,uzirk.wam,12,0,0,942,0.623449,12.469,ok,942,0.623449,12.469,ok,2500,1425,Common,false,false,false
3880,24.938,1099620811612,401910,t1mfs.wam,11,0,0,942,0.623449,12.469,ok,942,0.623449,12.469,ok,2500,1399,Common,false,false,false
3881,24.922,1099602911261,401911,njjrg.wam,12,0,0,943,0.623049,12.461,ok,943,0.623049,12.461,ok,2500,1425,Common,false,false,false
3882,24.922,1099620811613,401910,1zii2.wam,11,0,0,943,0.623049,12.461,ok,943,0.623049,12.461,ok,2500,1399,Common,false,false,false
3883,24.906,1099602911262,401911,,12,0,0,944,0.622649,12.453,ok,944,0.622649,12.453,ok,2500,1425,Common,false,false,false
3884,24.906,1099620811614,401910,,11,0,0,944,0.622649,12.453,ok,944,0.622649,12.453,ok,2500,1399,Common,false,false,false
3885,24.89,1099602911263,401911,,12,0,0,945,0.622249,12.445,ok,945,0.622249,12.445,ok,2500,1425,Common,false,false,false
3886,24.89,1099620811615,401910,ovtdy.wam,11,0,0,945,0.622249,12.445,ok,945,0.622249,12.445,ok,2500,1399,Common,false,false,false
3887,24.874,1099602911264,401911,,12,0,0,946,0.621849,12.437,ok,946,0.621849,12.437,ok,2500,1425,Common,false,false,false
3888,24.874,1099620811616,401910,,11,0,0,946,0.621849,12.437,ok,946,0.621849,12.437,ok,2500,1399,Common,false,false,false
3889,24.858,1099602911265,401911,mls24.c.wam,12,0,0,947,0.621449,12.429,ok,947,0.621449,12.429,ok,2500,1425,Common,false,false,false
3890,24.858,1099620811617,401910,,11,0,0,947,0.621449,12.429,ok,947,0.621449,12.429,ok,2500,1399,Common,false,false,false
3891,24.842,1099602911266,401911,pepperstake,12,0,0,948,0.621048,12.421,ok,948,0.621048,12.421,ok,2500,1425,Common,false,false,false
3892,24.842,1099620811618,401910,,11,0,0,948,0.621048,12.421,ok,948,0.621048,12.421,ok,2500,1399,Common,false,false,false
3893,24.826,1099602911267,401911,,12,0,0,949,0.620648,12.413,ok,949,0.620648,12.413,ok,2500,1425,Common,false,false,false
3894,24.826,1099620811619,401910,,11,0,0,949,0.620648,12.413,ok,949,0.620648,12.413,ok,2500,1399,Common,false,false,false
3895,24.81,1099602911268,401911,kcstothemoon,12,0,0,950,0.620248,12.405,ok,950,0.620248,12.405,ok,2500,1425,Common,false,false,false
3896,24.81,1099620811620,401910,ztvf2.wam,11,0,0,950,0.620248,12.405,ok,950,0.620248,12.405,ok,2500,1399,Common,false,false,false
3897,24.794,1099602911269,401911,,12,0,0,951,0.619848,12.397,ok,951,0.619848,12.397,ok,2500,1425,Common,false,false,false
3898,24.794,1099620811621,401910,ssure.wam,11,0,0,951,0.619848,12.397,ok,951,0.619848,12.397,ok,2500,1399,Common,false,false,false
3899,24.778,1099602911270,401911,,12,0,0,952,0.619448,12.389,ok,952,0.619448,12.389,ok,2500,1425,Common,false,false,false
3900,24.778,1099620811622,401910,,11,0,0,952,0.619448,12.389,ok,952,0.619448,12.389,ok,2500,1399,Common,false,false,false
3901,24.762,1099602911271,401911,bhutq.wam,12,0,0,953,0.619048,12.381,ok,953,0.619048,12.381,ok,2500,1425,Common,false,false,false
3902,24.762,1099620811623,401910,r51ba.wam,11,0,0,953,0.619048,12.381,ok,953,0.619048,12.381,ok,2500,1399,Common,false,false,false
3903,24.7458,1099602911272,401911,,12,0,0,954,0.618647,12.3729,ok,954,0.618647,12.3729,ok,2500,1425,Common,false,false,false
3904,24.7458,1099620811624,401910,niyfo.wam,11,0,0,954,0.618647,12.3729,ok,954,0.618647,12.3729,ok,2500,1399,Common,false,false,false
3905,24.7298,1099602911273,401911,,12,0,0,955,0.618247,12.3649,ok,955,0.618247,12.3649,ok,2500,1425,Common,false,false,false
3906,24.7298,1099620811625,401910,jaavg.wam,11,0,0,955,0.618247,12.3649,ok,955,0.618247,12.3649,ok,2500,1399,Common,false,false,false
3907,24.7138,1099602911274,401911,,12,0,0,956,0.617847,12.3569,ok,956,0.617847,12.3569,ok,2500,1425,Common,false,false,false
3908,24.7138,1099620811626,401910,d5lhe.wam,11,0,0,956,0.617847,12.3569,ok,956,0.617847,12.3569,ok,2500,1399,Common,false,false,false
3909,24.6978,1099602911275,401911,souljah31.gm,12,0,0,957,0.617447,12.3489,ok,957,0.617447,12.3489,ok,2500,1425,Common,false,false,false
3910,24.6978,1099620811627,401910,ifvty.wam,11,0,0,957,0.617447,12.3489,ok,957,0.617447,12.3489,ok,2500,1399,Common,false,false,false
3911,24.6818,1099602911276,401911,2ibec.wam,12,0,0,958,0.617047,12.3409,ok,958,0.617047,12.3409,ok,2500,1425,Common,false,false,false
3912,24.6818,1099620811628,401910,4.mfm.wam,11,0,0,958,0.617047,12.3409,ok,958,0.617047,12.3409,ok,2500,1399,Common,false,false,false
3913,24.6658,1099602911277,401911,,12,0,0,959,0.616647,12.3329,ok,959,0.616647,12.3329,ok,2500,1425,Common,false,false,false
3914,24.6658,1099620811629,401910,iijay.wam,11,0,0,959,0.616647,12.3329,ok,959,0.616647,12.3329,ok,2500,1399,Common,false,false,false
3915,24.6498,1099602911278,401911,,12,0,0,960,0.616246,12.3249,ok,960,0.616246,12.3249,ok,2500,1425,Common,false,false,false
3916,24.6498,1099620811630,401910,4dnvs.wam,11,0,0,960,0.616246,12.3249,ok,960,0.616246,12.3249,ok,2500,1399,Common,false,false,false
3917,24.6338,1099602911279,401911,,12,0,0,961,0.615846,12.3169,ok,961,0.615846,12.3169,ok,2500,1425,Common,false,false,false
3918,24.6338,1099620811631,401910,,11,0,0,961,0.615846,12.3169,ok,961,0.615846,12.3169,ok,2500,1399,Common,false,false,false
3919,24.6178,1099602911280,401911,sb1xu.wam,12,0,0,962,0.615446,12.3089,ok,962,0.615446,12.3089,ok,2500,1425,Common,false,false,false
3920,24.6178,1099620811632,401910,,11,0,0,962,0.615446,12.3089,ok,962,0.615446,12.3089,ok,2500,1399,Common,false,false,false
3921,24.6018,1099602911281,401911,pepperstake,12,0,0,963,0.615046,12.3009,ok,963,0.615046,12.3009,ok,2500,1425,Common,false,false,false
3922,24.6018,1099620811633,401910,,11,0,0,963,0.615046,12.3009,ok,963,0.615046,12.3009,ok,2500,1399,Common,false,false,false
3923,24.5858,1099602911282,401911,pepperstake,12,0,0,964,0.614646,12.2929,ok,964,0.614646,12.2929,ok,2500,1425,Common,false,false,false
3924,24.5858,1099620811634,401910,,11,0,0,964,0.614646,12.2929,ok,964,0.614646,12.2929,ok,2500,1399,Common,false,false,false
3925,24.5698,1099602911283,401911,xblt4.wam,12,0,0,965,0.614246,12.2849,ok,965,0.614246,12.2849,ok,2500,1425,Common,false,false,false
3926,24.5698,1099620811635,401910,pepperstake,11,0,0,965,0.614246,12.2849,ok,965,0.614246,12.2849,ok,2500,1399,Common,false,false,false
3927,24.5538,1099602911284,401911,tbedc.wam,12,0,0,966,0.613846,12.2769,ok,966,0.613846,12.2769,ok,2500,1425,Common,false,false,false
3928,24.5538,1099620811636,401910,pepperstake,11,0,0,966,0.613846,12.2769,ok,966,0.613846,12.2769,ok,2500,1399,Common,false,false,false
3929,24.5378,1099602911285,401911,aupho.wam,12,0,0,967,0.613445,12.2689,ok,967,0.613445,12.2689,ok,2500,1425,Common,false,false,false
3930,24.5378,1099620811637,401910,xbxfa.wam,11,0,0,967,0.613445,12.2689,ok,967,0.613445,12.2689,ok,2500,1399,Common,false,false,false
3931,24.5218,1099602911286,401911,,12,0,0,968,0.613045,12.2609,ok,968,0.613045,12.2609,ok,2500,1425,Common,false,false,false
3932,24.5218,1099620811638,401910,sdpww.wam,11,0,0,968,0.613045,12.2609,ok,968,0.613045,12.2609,ok,2500,1399,Common,false,false,false
3933,24.5058,1099602911287,401911,iijay.wam,12,0,0,969,0.612645,12.2529,ok,969,0.612645,12.2529,ok,2500,1425,Common,false,false,false
3934,24.5058,1099620811639,401910,,11,0,0,969,0.612645,12.2529,ok,969,0.612645,12.2529,ok,2500,1399,Common,false,false,false
3935,24.4898,1099602911288,401911,zpbeq.wam,12,0,0,970,0.612245,12.2449,ok,970,0.612245,12.2449,ok,2500,1425,Common,false,false,false
3936,24.4898,1099620811640,401910,mxtay.wam,11,0,0,970,0.612245,12.2449,ok,970,0.612245,12.2449,ok,2500,1399,Common,false,false,false
3937,24.4738,1099602911289,401911,,12,0,0,971,0.611845,12.2369,ok,971,0.611845,12.2369,ok,2500,1425,Common,false,false,false
3938,24.4738,1099620811641,401910,,11,0,0,971,0.611845,12.2369,ok,971,0.611845,12.2369,ok,2500,1399,Common,false,false,false
3939,24.4578,1099602911290,401911,ofguw.wam,12,0,0,972,0.611445,12.2289,ok,972,0.611445,12.2289,ok,2500,1425,Common,false,false,false
3940,24.4578,1099620811642,401910,,11,0,0,972,0.611445,12.2289,ok,972,0.611445,12.2289,ok,2500,1399,Common,false,false,false
3941,24.4418,1099602911291,401911,,12,0,0,973,0.611044,12.2209,ok,973,0.611044,12.2209,ok,2500,1425,Common,false,false,false
3942,24.4418,1099620811643,401910,51ahw.wam,11,0,0,973,0.611044,12.2209,ok,973,0.611044,12.2209,ok,2500,1399,Common,false,false,false
3943,24.4258,1099602911292,401911,,12,0,0,974,0.610644,12.2129,ok,974,0.610644,12.2129,ok,2500,1425,Common,false,false,false
3944,24.4258,1099620811644,401910,,11,0,0,974,0.610644,12.2129,ok,974,0.610644,12.2129,ok,2500,1399,Common,false,false,false
3945,24.4098,1099602911293,401911,,12,0,0,975,0.610244,12.2049,ok,975,0.610244,12.2049,ok,2500,1425,Common,false,false,false
3946,24.4098,1099620811645,401910,,11,0,0,975,0.610244,12.2049,ok,975,0.610244,12.2049,ok,2500,1399,Common,false,false,false
3947,24.3938,1099602911294,401911,,12,0,0,976,0.609844,12.1969,ok,976,0.609844,12.1969,ok,2500,1425,Common,false,false,false
3948,24.3938,1099620811646,401910,,11,0,0,976,0.609844,12.1969,ok,976,0.609844,12.1969,ok,2500,1399,Common,false,false,false
3949,24.3778,1099602911295,401911,wombatmaster,12,0,0,977,0.609444,12.1889,ok,977,0.609444,12.1889,ok,2500,1425,Common,false,false,false
3950,24.3778,1099620811647,401910,,11,0,0,977,0.609444,12.1889,ok,977,0.609444,12.1889,ok,2500,1399,Common,false,false,false
3951,24.3618,1099602911296,401911,,12,0,0,978,0.609044,12.1809,ok,978,0.609044,12.1809,ok,2500,1425,Common,false,false,false
3952,24.3618,1099620811648,401910,,11,0,0,978,0.609044,12.1809,ok,978,0.609044,12.1809,ok,2500,1399,Common,false,false,false
3953,24.3458,1099602911297,401911,,12,0,0,979,0.608643,12.1729,ok,979,0.608643,12.1729,ok,2500,1425,Common,false,false,false
3954,24.3458,1099620811649,401910,mpgya.wam,11,0,0,979,0.608643,12.1729,ok,979,0.608643,12.1729,ok,2500,1399,Common,false,false,false
3955,24.3298,1099602911298,401911,,12,0,0,980,0.608243,12.1649,ok,980,0.608243,12.1649,ok,2500,1425,Common,false,false,false
3956,24.3298,1099620811650,401910,xsfeo.wam,11,0,0,980,0.608243,12.1649,ok,980,0.608243,12.1649,ok,2500,1399,Common,false,false,false
3957,24.3138,1099602911299,401911,,12,0,0,981,0.607843,12.1569,ok,981,0.607843,12.1569,ok,2500,1425,Common,false,false,false
3958,24.3138,1099620811651,401910,a,11,0,0,981,0.607843,12.1569,ok,981,0.607843,12.1569,ok,2500,1399,Common,false,false,false
3959,24.2978,1099602911300,401911,,12,0,0,982,0.607443,12.1489,ok,982,0.607443,12.1489,ok,2500,1425,Common,false,false,false
3960,24.2978,1099620811652,401910,kqjuk.wam,11,0,0,982,0.607443,12.1489,ok,982,0.607443,12.1489,ok,2500,1399,Common,false,false,false
3961,24.2818,1099602911301,401911,,12,0,0,983,0.607043,12.1409,ok,983,0.607043,12.1409,ok,2500,1425,Common,false,false,false
3962,24.2818,1099620811653,401910,wvnr4.wam,11,0,0,983,0.607043,12.1409,ok,983,0.607043,12.1409,ok,2500,1399,Common,false,false,false
3963,24.2658,1099602911302,401911,pdmyo.wam,12,0,0,984,0.606643,12.1329,ok,984,0.606643,12.1329,ok,2500,1425,Common,false,false,false
3964,24.2658,1099620811654,401910,qa1hc.wam,11,0,0,984,0.606643,12.1329,ok,984,0.606643,12.1329,ok,2500,1399,Common,false,false,false
3965,24.2496,1099602911303,401911,w55zy.wam,12,0,0,985,0.606242,12.1248,ok,985,0.606242,12.1248,ok,2500,1425,Common,false,false,false
3966,24.2496,1099620811655,401910,vhfiw.wam,11,0,0,985,0.606242,12.1248,ok,985,0.606242,12.1248,ok,2500,1399,Common,false,false,false
3967,24.2336,1099602911304,401911,pepperstake,12,0,0,986,0.605842,12.1168,ok,986,0.605842,12.1168,ok,2500,1425,Common,false,false,false
3968,24.2336,1099620811656,401910,,11,0,0,986,0.605842,12.1168,ok,986,0.605842,12.1168,ok,2500,1399,Common,false,false,false
3969,24.2176,1099602911305,401911,,12,0,0,987,0.605442,12.1088,ok,987,0.605442,12.1088,ok,2500,1425,Common,false,false,false
3970,24.2176,1099620811657,401910,,11,0,0,987,0.605442,12.1088,ok,987,0.605442,12.1088,ok,2500,1399,Common,false,false,false
3971,24.2016,1099602911306,401911,xxsqy.wam,12,0,0,988,0.605042,12.1008,ok,988,0.605042,12.1008,ok,2500,1425,Common,false,false,false
3972,24.2016,1099620811658,401910,,11,0,0,988,0.605042,12.1008,ok,988,0.605042,12.1008,ok,2500,1399,Common,false,false,false
3973,24.1856,1099602911307,401911,,12,0,0,989,0.604642,12.0928,ok,989,0.604642,12.0928,ok,2500,1425,Common,false,false,false
3974,24.1856,1099620811659,401910,,11,0,0,989,0.604642,12.0928,ok,989,0.604642,12.0928,ok,2500,1399,Common,false,false,false
3975,24.1696,1099602911308,401911,mxtay.wam,12,0,0,990,0.604242,12.0848,ok,990,0.604242,12.0848,ok,2500,1425,Common,false,false,false
3976,24.1696,1099620811660,401910,5xrjg.wam,11,0,0,990,0.604242,12.0848,ok,990,0.604242,12.0848,ok,2500,1399,Common,false,false,false
3977,24.1536,1099602911309,401911,,12,0,0,991,0.603842,12.0768,ok,991,0.603842,12.0768,ok,2500,1425,Common,false,false,false
3978,24.1536,1099620811661,401910,,11,0,0,991,0.603842,12.0768,ok,991,0.603842,12.0768,ok,2500,1399,Common,false,false,false
3979,24.1376,1099602911310,401911,,12,0,0,992,0.603441,12.0688,ok,992,0.603441,12.0688,ok,2500,1425,Common,false,false,false
3980,24.1376,1099620811662,401910,i3jh2.wam,11,0,0,992,0.603441,12.0688,ok,992,0.603441,12.0688,ok,2500,1399,Common,false,false,false
3981,24.1216,1099602911311,401911,,12,0,0,993,0.603041,12.0608,ok,993,0.603041,12.0608,ok,2500,1425,Common,false,false,false
3982,24.1216,1099620811663,401910,,11,0,0,993,0.603041,12.0608,ok,993,0.603041,12.0608,ok,2500,1399,Common,false,false,false
3983,24.1056,1099602911312,401911,,12,0,0,994,0.602641,12.0528,ok,994,0.602641,12.0528,ok,2500,1425,Common,false,false,false
3984,24.1056,1099620811664,401910,,11,0,0,994,0.602641,12.0528,ok,994,0.602641,12.0528,ok,2500,1399,Common,false,false,false
3985,24.0896,1099602911313,401911,,12,0,0,995,0.602241,12.0448,ok,995,0.602241,12.0448,ok,2500,1425,Common,false,false,false
3986,24.0896,1099620811665,401910,2srho.wam,11,0,0,995,0.602241,12.0448,ok,995,0.602241,12.0448,ok,2500,1399,Common,false,false,false
3987,24.0736,1099602911314,401911,,12,0,0,996,0.601841,12.0368,ok,996,0.601841,12.0368,ok,2500,1425,Common,false,false,false
3988,24.0736,1099620811666,401910,,11,0,0,996,0.601841,12.0368,ok,996,0.601841,12.0368,ok,2500,1399,Common,false,false,false
3989,24.0576,1099602911315,401911,,12,0,0,997,0.601441,12.0288,ok,997,0.601441,12.0288,ok,2500,1425,Common,false,false,false
3990,24.0576,1099620811667,401910,m5phc.wam,11,0,0,997,0.601441,12.0288,ok,997,0.601441,12.0288,ok,2500,1399,Common,false,false,false
3991,24.0416,1099602911316,401911,,12,0,0,998,0.60104,12.0208,ok,998,0.60104,12.0208,ok,2500,1425,Common,false,false,false
3992,24.0416,1099620811668,401910,,11,0,0,998,0.60104,12.0208,ok,998,0.60104,12.0208,ok,2500,1399,Common,false,false,false
3993,24.0256,1099602911317,401911,,12,0,0,999,0.60064,12.0128,ok,999,0.60064,12.0128,ok,2500,1425,Common,false,false,false
3994,24.0256,1099620811669,401910,,11,0,0,999,0.60064,12.0128,ok,999,0.60064,12.0128,ok,2500,1399,Common,false,false,false
3995,24.0096,1099602911318,401911,,12,0,0,1000,0.60024,12.0048,ok,1000,0.60024,12.0048,ok,2500,1425,Common,false,false,false
3996,24.0096,1099620811670,401910,,11,0,0,1000,0.60024,12.0048,ok,1000,0.60024,12.0048,ok,2500,1399,Common,false,false,false
3997,23.9936,1099629290455,401911,,12,0,0,1001,0.59984,11.9968,ok,1001,0.59984,11.9968,ok,2500,1425,Common,false,false,false
3998,23.9936,1099629291454,401910,hottothemoon,11,0,0,1001,0.59984,11.9968,ok,1001,0.59984,11.9968,ok,2500,1399,Common,false,false,false
3999,23.9776,1099629290456,401911,pepperstake,12,0,0,1002,0.59944,11.9888,ok,1002,0.59944,11.9888,ok,2500,1425,Common,false,false,false
4000,23.9776,1099629291455,401910,ijqrk.wam,11,0,0,1002,0.59944,11.9888,ok,1002,0.59944,11.9888,ok,2500,1399,Common,false,false,false
4001,23.9616,1099629290457,401911,o1uv2.wam,12,0,0,1003,0.59904,11.9808,ok,1003,0.59904,11.9808,ok,2500,1425,Common,false,false,false
4002,23.9616,1099629291456,401910,,11,0,0,1003,0.59904,11.9808,ok,1003,0.59904,11.9808,ok,2500,1399,Common,false,false,false
4003,23.9456,1099629290458,401911,,12,0,0,1004,0.598639,11.9728,ok,1004,0.598639,11.9728,ok,2500,1425,Common,false,false,false
4004,23.9456,1099629291457,401910,,11,0,0,1004,0.598639,11.9728,ok,1004,0.598639,11.9728,ok,2500,1399,Common,false,false,false
4005,23.9296,1099629290459,401911,ifvty.wam,12,0,0,1005,0.598239,11.9648,ok,1005,0.598239,11.9648,ok,2500,1425,Common,false,false,false
4006,23.9296,1099629291458,401910,,11,0,0,1005,0.598239,11.9648,ok,1005,0.598239,11.9648,ok,2500,1399,Common,false,false,false
4007,23.9136,1099629290460,401911,,12,0,0,1006,0.597839,11.9568,ok,1006,0.597839,11.9568,ok,2500,1425,Common,false,false,false
4008,23.9136,1099629291459,401910,,11,0,0,1006,0.597839,11.9568,ok,1006,0.597839,11.9568,ok,2500,1399,Common,false,false,false
4009,23.8976,1099629290461,401911,,12,0,0,1007,0.597439,11.9488,ok,1007,0.597439,11.9488,ok,2500,1425,Common,false,false,false
4010,23.8976,1099629291460,401910,,11,0,0,1007,0.597439,11.9488,ok,1007,0.597439,11.9488,ok,2500,1399,Common,false,false,false
4011,23.8816,1099629290462,401911,niyfo.wam,12,0,0,1008,0.597039,11.9408,ok,1008,0.597039,11.9408,ok,2500,1425,Common,false,false,false
4012,23.8816,1099629291461,401910,fufaw.wam,11,0,0,1008,0.597039,11.9408,ok,1008,0.597039,11.9408,ok,2500,1399,Common,false,false,false
4013,23.8656,1099629290463,401911,,12,0,0,1009,0.596639,11.9328,ok,1009,0.596639,11.9328,ok,2500,1425,Common,false,false,false
4014,23.8656,1099629291462,401910,,11,0,0,1009,0.596639,11.9328,ok,1009,0.596639,11.9328,ok,2500,1399,Common,false,false,false
4015,23.8496,1099629290464,401911,5xrjg.wam,12,0,0,1010,0.596238,11.9248,ok,1010,0.596238,11.9248,ok,2500,1425,Common,false,false,false
4016,23.8496,1099629291463,401910,,11,0,0,1010,0.596238,11.9248,ok,1010,0.596238,11.9248,ok,2500,1399,Common,false,false,false
4017,23.8336,1099629290465,401911,3klrm.wam,12,0,0,1011,0.595838,11.9168,ok,1011,0.595838,11.9168,ok,2500,1425,Common,false,false,false
4018,23.8336,1099629291464,401910,,11,0,0,1011,0.595838,11.9168,ok,1011,0.595838,11.9168,ok,2500,1399,Common,false,false,false
4019,23.8176,1099629290466,401911,d5lhe.wam,12,0,0,1012,0.595438,11.9088,ok,1012,0.595438,11.9088,ok,2500,1425,Common,false,false,false
4020,23.8176,1099629291465,401910,,11,0,0,1012,0.595438,11.9088,ok,1012,0.595438,11.9088,ok,2500,1399,Common,false,false,false
4021,23.8016,1099629290467,401911,.ddxy.wam,12,0,0,1013,0.595038,11.9008,ok,1013,0.595038,11.9008,ok,2500,1425,Common,false,false,false
4022,23.8016,1099629291466,401910,,11,0,0,1013,0.595038,11.9008,ok,1013,0.595038,11.9008,ok,2500,1399,Common,false,false,false
4023,23.7856,1099629290468,401911,jaavg.wam,12,0,0,1014,0.594638,11.8928,ok,1014,0.594638,11.8928,ok,2500,1425,Common,false,false,false
4024,23.7856,1099629291467,401910,mxtay.wam,11,0,0,1014,0.594638,11.8928,ok,1014,0.594638,11.8928,ok,2500,1399,Common,false,false,false
4025,23.7696,1099629290469,401911,,12,0,0,1015,0.594238,11.8848,ok,1015,0.594238,11.8848,ok,2500,1425,Common,false,false,false
4026,23.7696,1099629291468,401910,,11,0,0,1015,0.594238,11.8848,ok,1015,0.594238,11.8848,ok,2500,1399,Common,false,false,false
4027,23.7536,1099629290470,401911,ovtdy.wam,12,0,0,1016,0.593838,11.8768,ok,1016,0.593838,11.8768,ok,2500,1425,Common,false,false,false
4028,23.7536,1099629291469,401910,,11,0,0,1016,0.593838,11.8768,ok,1016,0.593838,11.8768,ok,2500,1399,Common,false,false,false
4029,23.7374,1099629290471,401911,,12,0,0,1017,0.593437,11.8687,ok,1017,0.593437,11.8687,ok,2500,1425,Common,false,false,false
4030,23.7374,1099629291470,401910,wfor4.wam,11,0,0,1017,0.593437,11.8687,ok,1017,0.593437,11.8687,ok,2500,1399,Common,false,false,false
4031,23.7214,1099629290472,401911,3.bvc.wam,12,0,0,1018,0.593037,11.8607,ok,1018,0.593037,11.8607,ok,2500,1425,Common,false,false,false
4032,23.7214,1099629291471,401910,,11,0,0,1018,0.593037,11.8607,ok,1018,0.593037,11.8607,ok,2500,1399,Common,false,false,false
4033,23.7054,1099629290473,401911,lt5v4.wam,12,0,0,1019,0.592637,11.8527,ok,1019,0.592637,11.8527,ok,2500,1425,Common,false,false,false
4034,23.7054,1099629291472,401910,,11,0,0,1019,0.592637,11.8527,ok,1019,0.592637,11.8527,ok,2500,1399,Common,false,false,false
4035,23.6894,1099629290474,401911,pzwr2.wam,12,0,0,1020,0.592237,11.8447,ok,1020,0.592237,11.8447,ok,2500,1425,Common,false,false,false
4036,23.6894,1099629291473,401910,,11,0,0,1020,0.592237,11.8447,ok,1020,0.592237,11.8447,ok,2500,1399,Common,false,false,false
4037,23.6734,1099629290475,401911,t1mfs.wam,12,0,0,1021,0.591837,11.8367,ok,1021,0.591837,11.8367,ok,2500,1425,Common,false,false,false
4038,23.6734,1099629291474,401910,,11,0,0,1021,0.591837,11.8367,ok,1021,0.591837,11.8367,ok,2500,1399,Common,false,false,false
4039,23.6574,1099629290476,401911,czgdm.wam,12,0,0,1022,0.591437,11.8287,ok,1022,0.591437,11.8287,ok,2500,1425,Common,false,false,false
4040,23.6574,1099629291475,401910,2mhho.wam,11,0,0,1022,0.591437,11.8287,ok,1022,0.591437,11.8287,ok,2500,1399,Common,false,false,false
4041,23.6414,1099629290477,401911,ho5ue.wam,12,0,0,1023,0.591036,11.8207,ok,1023,0.591036,11.8207,ok,2500,1425,Common,false,false,false
4042,23.6414,1099629291476,401910,yrob4.wam,11,0,0,1023,0.591036,11.8207,ok,1023,0.591036,11.8207,ok,2500,1399,Common,false,false,false
4043,23.6254,1099629290478,401911,,12,0,0,1024,0.590636,11.8127,ok,1024,0.590636,11.8127,ok,2500,1425,Common,false,false,false
4044,23.6254,1099629291477,401910,r5hug.wam,11,0,0,1024,0.590636,11.8127,ok,1024,0.590636,11.8127,ok,2500,1399,Common,false,false,false
4045,23.6094,1099629290479,401911,mbzh4.wam,12,0,0,1025,0.590236,11.8047,ok,1025,0.590236,11.8047,ok,2500,1425,Common,false,false,false
4046,23.6094,1099629291478,401910,cxafw.wam,11,0,0,1025,0.590236,11.8047,ok,1025,0.590236,11.8047,ok,2500,1399,Common,false,false,false
4047,23.5934,1099629290480,401911,wu2bs.wam,12,0,0,1026,0.589836,11.7967,ok,1026,0.589836,11.7967,ok,2500,1425,Common,false,false,false
4048,23.5934,1099629291479,401910,,11,0,0,1026,0.589836,11.7967,ok,1026,0.589836,11.7967,ok,2500,1399,Common,false,false,false
4049,23.5774,1099629290481,401911,yzhdm.wam,12,0,0,1027,0.589436,11.7887,ok,1027,0.589436,11.7887,ok,2500,1425,Common,false,false,false
4050,23.5774,1099629291480,401910,,11,0,0,1027,0.589436,11.7887,ok,1027,0.589436,11.7887,ok,2500,1399,Common,false,false,false
4051,23.5614,1099629290482,401911,g45je.wam,12,0,0,1028,0.589036,11.7807,ok,1028,0.589036,11.7807,ok,2500,1425,Common,false,false,false
4052,23.5614,1099629291481,401910,,11,0,0,1028,0.589036,11.7807,ok,1028,0.589036,11.7807,ok,2500,1399,Common,false,false,false
4053,23.5454,1099629290483,401911,aoqfg.wam,12,0,0,1029,0.588635,11.7727,ok,1029,0.588635,11.7727,ok,2500,1425,Common,false,false,false
4054,23.5454,1099629291482,401910,,11,0,0,1029,0.588635,11.7727,ok,1029,0.588635,11.7727,ok,2500,1399,Common,false,false,false
4055,23.5294,1099629290484,401911,14mha.wam,12,0,0,1030,0.588235,11.7647,ok,1030,0.588235,11.7647,ok,2500,1425,Common,false,false,false
4056,23.5294,1099629291483,401910,,11,0,0,1030,0.588235,11.7647,ok,1030,0.588235,11.7647,ok,2500,1399,Common,false,false,false
4057,23.5134,1099629290485,401911,i5igy.wam,12,0,0,1031,0.587835,11.7567,ok,1031,0.587835,11.7567,ok,2500,1425,Common,false,false,false
4058,23.5134,1099629291484,401910,rgqf.wam,11,0,0,1031,0.587835,11.7567,ok,1031,0.587835,11.7567,ok,2500,1399,Common,false,false,false
4059,23.4974,1099629290486,401911,jn2ie.wam,12,0,0,1032,0.587435,11.7487,ok,1032,0.587435,11.7487,ok,2500,1425,Common,false,false,false
4060,23.4974,1099629291485,401910,,11,0,0,1032,0.587435,11.7487,ok,1032,0.587435,11.7487,ok,2500,1399,Common,false,false,false
4061,23.4814,1099629290487,401911,,12,0,0,1033,0.587035,11.7407,ok,1033,0.587035,11.7407,ok,2500,1425,Common,false,false,false
4062,23.4814,1099629291486,401910,,11,0,0,1033,0.587035,11.7407,ok,1033,0.587035,11.7407,ok,2500,1399,Common,false,false,false
4063,23.4654,1099629290488,401911,twymq.c.wam,12,0,0,1034,0.586635,11.7327,ok,1034,0.586635,11.7327,ok,2500,1425,Common,false,false,false
4064,23.4654,1099629291487,401910,,11,0,0,1034,0.586635,11.7327,ok,1034,0.586635,11.7327,ok,2500,1399,Common,false,false,false
4065,23.4494,1099629290489,401911,2ubra.wam,12,0,0,1035,0.586234,11.7247,ok,1035,0.586234,11.7247,ok,2500,1425,Common,false,false,false
4066,23.4494,1099629291488,401910,,11,0,0,1035,0.586234,11.7247,ok,1035,0.586234,11.7247,ok,2500,1399,Common,false,false,false
4067,23.4334,1099629290490,401911,,12,0,0,1036,0.585834,11.7167,ok,1036,0.585834,11.7167,ok,2500,1425,Common,false,false,false
4068,23.4334,1099629291489,401910,,11,0,0,1036,0.585834,11.7167,ok,1036,0.585834,11.7167,ok,2500,1399,Common,false,false,false
4069,23.4174,1099629290491,401911,davr4.wam,12,0,0,1037,0.585434,11.7087,ok,1037,0.585434,11.7087,ok,2500,1425,Common,false,false,false
4070,23.4174,1099629291490,401910,eidww.wam,11,0,0,1037,0.585434,11.7087,ok,1037,0.585434,11.7087,ok,2500,1399,Common,false,false,false
4071,23.4014,1099629290492,401911,attb4.wam,12,0,0,1038,0.585034,11.7007,ok,1038,0.585034,11.7007,ok,2500,1425,Common,false,false,false
4072,23.4014,1099629291491,401910,,11,0,0,1038,0.585034,11.7007,ok,1038,0.585034,11.7007,ok,2500,1399,Common,false,false,false
4073,23.3854,1099629290493,401911,nrnj2.wam,12,0,0,1039,0.584634,11.6927,ok,1039,0.584634,11.6927,ok,2500,1425,Common,false,false,false
4074,23.3854,1099629291492,401910,,11,0,0,1039,0.584634,11.6927,ok,1039,0.584634,11.6927,ok,2500,1399,Common,false,false,false
4075,23.3694,1099629290494,401911,,12,0,0,1040,0.584234,11.6847,ok,1040,0.584234,11.6847,ok,2500,1425,Common,false,false,false
4076,23.3694,1099629291493,401910,jn2ie.wam,11,0,0,1040,0.584234,11.6847,ok,1040,0.584234,11.6847,ok,2500,1399,Common,false,false,false
4077,23.3534,1099629290495,401911,x.dsy.wam,12,0,0,1041,0.583834,11.6767,ok,1041,0.583834,11.6767,ok,2500,1425,Common,false,false,false
4078,23.3534,1099629291494,401910,,11,0,0,1041,0.583834,11.6767,ok,1041,0.583834,11.6767,ok,2500,1399,Common,false,false,false
4079,23.3374,1099629290496,401911,,12,0,0,1042,0.583433,11.6687,ok,1042,0.583433,11.6687,ok,2500,1425,Common,false,false,false
4080,23.3374,1099629291495,401910,,11,0,0,1042,0.583433,11.6687,ok,1042,0.583433,11.6687,ok,2500,1399,Common,false,false,false
4081,23.3214,1099629290497,401911,yuvb4.wam,12,0,0,1043,0.583033,11.6607,ok,1043,0.583033,11.6607,ok,2500,1425,Common,false,false,false
4082,23.3214,1099629291496,401910,,11,0,0,1043,0.583033,11.6607,ok,1043,0.583033,11.6607,ok,2500,1399,Common,false,false,false
4083,23.3054,1099629290498,401911,3vpji.wam,12,0,0,1044,0.582633,11.6527,ok,1044,0.582633,11.6527,ok,2500,1425,Common,false,false,false
4084,23.3054,1099629291497,401910,,11,0,0,1044,0.582633,11.6527,ok,1044,0.582633,11.6527,ok,2500,1399,Common,false,false,false
4085,23.2894,1099629290499,401911,,12,0,0,1045,0.582233,11.6447,ok,1045,0.582233,11.6447,ok,2500,1425,Common,false,false,false
4086,23.2894,1099629291498,401910,,11,0,0,1045,0.582233,11.6447,ok,1045,0.582233,11.6447,ok,2500,1399,Common,false,false,false
4087,23.2734,1099629290500,401911,3klrm.wam,12,0,0,1046,0.581833,11.6367,ok,1046,0.581833,11.6367,ok,2500,1425,Common,false,false,false
4088,23.2734,1099629291499,401910,,11,0,0,1046,0.581833,11.6367,ok,1046,0.581833,11.6367,ok,2500,1399,Common,false,false,false
4089,23.2574,1099629290501,401911,,12,0,0,1047,0.581433,11.6287,ok,1047,0.581433,11.6287,ok,2500,1425,Common,false,false,false
4090,23.2574,1099629291500,401910,3u5gw.wam,11,0,0,1047,0.581433,11.6287,ok,1047,0.581433,11.6287,ok,2500,1399,Common,false,false,false
4091,23.2412,1099629290502,401911,,12,0,0,1048,0.581032,11.6206,ok,1048,0.581032,11.6206,ok,2500,1425,Common,false,false,false
4092,23.2412,1099629291501,401910,h3jao.wam,11,0,0,1048,0.581032,11.6206,ok,1048,0.581032,11.6206,ok,2500,1399,Common,false,false,false
4093,23.2252,1099629290503,401911,,12,0,0,1049,0.580632,11.6126,ok,1049,0.580632,11.6126,ok,2500,1425,Common,false,false,false
4094,23.2252,1099629291502,401910,,11,0,0,1049,0.580632,11.6126,ok,1049,0.580632,11.6126,ok,2500,1399,Common,false,false,false
4095,23.2092,1099629290504,401911,,12,0,0,1050,0.580232,11.6046,ok,1050,0.580232,11.6046,ok,2500,1425,Common,false,false,false
4096,23.2092,1099629291503,401910,nuqyo.wam,11,0,0,1050,0.580232,11.6046,ok,1050,0.580232,11.6046,ok,2500,1399,Common,false,false,false
4097,23.1932,1099629290505,401911,3f2gy.wam,12,0,0,1051,0.579832,11.5966,ok,1051,0.579832,11.5966,ok,2500,1425,Common,false,false,false
4098,23.1932,1099629291504,401910,aoqfg.wam,11,0,0,1051,0.579832,11.5966,ok,1051,0.579832,11.5966,ok,2500,1399,Common,false,false,false
4099,23.1772,1099629290506,401911,,12,0,0,1052,0.579432,11.5886,ok,1052,0.579432,11.5886,ok,2500,1425,Common,false,false,false
4100,23.1772,1099629291505,401910,,11,0,0,1052,0.579432,11.5886,ok,1052,0.579432,11.5886,ok,2500,1399,Common,false,false,false
4101,23.1612,1099629290507,401911,,12,0,0,1053,0.579032,11.5806,ok,1053,0.579032,11.5806,ok,2500,1425,Common,false,false,false
4102,23.1612,1099629291506,401910,,11,0,0,1053,0.579032,11.5806,ok,1053,0.579032,11.5806,ok,2500,1399,Common,false,false,false
4103,23.1452,1099629290508,401911,3klrm.wam,12,0,0,1054,0.578631,11.5726,ok,1054,0.578631,11.5726,ok,2500,1425,Common,false,false,false
4104,23.1452,1099629291507,401910,,11,0,0,1054,0.578631,11.5726,ok,1054,0.578631,11.5726,ok,2500,1399,Common,false,false,false
4105,23.1292,1099629290509,401911,tdvrc.wam,12,0,0,1055,0.578231,11.5646,ok,1055,0.578231,11.5646,ok,2500,1425,Common,false,false,false
4106,23.1292,1099629291508,401910,2.dxu.wam,11,0,0,1055,0.578231,11.5646,ok,1055,0.578231,11.5646,ok,2500,1399,Common,false,false,false
4107,23.1132,1099629290510,401911,,12,0,0,1056,0.577831,11.5566,ok,1056,0.577831,11.5566,ok,2500,1425,Common,false,false,false
4108,23.1132,1099629291509,401910,,11,0,0,1056,0.577831,11.5566,ok,1056,0.577831,11.5566,ok,2500,1399,Common,false,false,false
4109,23.0972,1099629290511,401911,e1tb4.wam,12,0,0,1057,0.577431,11.5486,ok,1057,0.577431,11.5486,ok,2500,1425,Common,false,false,false
4110,23.0972,1099629291510,401910,,11,0,0,1057,0.577431,11.5486,ok,1057,0.577431,11.5486,ok,2500,1399,Common,false,false,false
4111,23.0812,1099629290512,401911,,12,0,0,1058,0.577031,11.5406,ok,1058,0.577031,11.5406,ok,2500,1425,Common,false,false,false
4112,23.0812,1099629291511,401910,,11,0,0,1058,0.577031,11.5406,ok,1058,0.577031,11.5406,ok,2500,1399,Common,false,false,false
4113,23.0652,1099629290513,401911,j.3ha.wam,12,0,0,1059,0.576631,11.5326,ok,1059,0.576631,11.5326,ok,2500,1425,Common,false,false,false
4114,23.0652,1099629291512,401910,qtazc.wam,11,0,0,1059,0.576631,11.5326,ok,1059,0.576631,11.5326,ok,2500,1399,Common,false,false,false
4115,23.0492,1099629290514,401911,,12,0,0,1060,0.57623,11.5246,ok,1060,0.57623,11.5246,ok,2500,1425,Common,false,false,false
4116,23.0492,1099629291513,401910,,11,0,0,1060,0.57623,11.5246,ok,1060,0.57623,11.5246,ok,2500,1399,Common,false,false,false
4117,23.0332,1099629290515,401911,3kg.c.wam,12,0,0,1061,0.57583,11.5166,ok,1061,0.57583,11.5166,ok,2500,1425,Common,false,false,false
4118,23.0332,1099629291514,401910,,11,0,0,1061,0.57583,11.5166,ok,1061,0.57583,11.5166,ok,2500,1399,Common,false,false,false
4119,23.0172,1099629290516,401911,,12,0,0,1062,0.57543,11.5086,ok,1062,0.57543,11.5086,ok,2500,1425,Common,false,false,false
4120,23.0172,1099629291515,401910,,11,0,0,1062,0.57543,11.5086,ok,1062,0.57543,11.5086,ok,2500,1399,Common,false,false,false
4121,23.0012,1099629290517,401911,,12,0,0,1063,0.57503,11.5006,ok,1063,0.57503,11.5006,ok,2500,1425,Common,false,false,false
4122,23.0012,1099629291516,401910,,11,0,0,1063,0.57503,11.5006,ok,1063,0.57503,11.5006,ok,2500,1399,Common,false,false,false
4123,22.9852,1099629290518,401911,hkra.wam,12,0,0,1064,0.57463,11.4926,ok,1064,0.57463,11.4926,ok,2500,1425,Common,false,false,false
4124,22.9852,1099629291517,401910,,11,0,0,1064,0.57463,11.4926,ok,1064,0.57463,11.4926,ok,2500,1399,Common,false,false,false
4125,22.9692,1099629290519,401911,,12,0,0,1065,0.57423,11.4846,ok,1065,0.57423,11.4846,ok,2500,1425,Common,false,false,false
4126,22.9692,1099629291518,401910,,11,0,0,1065,0.57423,11.4846,ok,1065,0.57423,11.4846,ok,2500,1399,Common,false,false,false
4127,22.9532,1099629290520,401911,,12,0,0,1066,0.57383,11.4766,ok,1066,0.57383,11.4766,ok,2500,1425,Common,false,false,false
4128,22.9532,1099629291519,401910,3kg.c.wam,11,0,0,1066,0.57383,11.4766,ok,1066,0.57383,11.4766,ok,2500,1399,Common,false,false,false
4129,22.9372,1099629290521,401911,fzyr.wam,12,0,0,1067,0.573429,11.4686,ok,1067,0.573429,11.4686,ok,2500,1425,Common,false,false,false
4130,22.9372,1099629291520,401910,,11,0,0,1067,0.573429,11.4686,ok,1067,0.573429,11.4686,ok,2500,1399,Common,false,false,false
4131,22.9212,1099629290522,401911,gi3ug.wam,12,0,0,1068,0.573029,11.4606,ok,1068,0.573029,11.4606,ok,2500,1425,Common,false,false,false
4132,22.9212,1099629291521,401910,,11,0,0,1068,0.573029,11.4606,ok,1068,0.573029,11.4606,ok,2500,1399,Common,false,false,false
4133,22.9052,1099629290523,401911,nvny4.wam,12,0,0,1069,0.572629,11.4526,ok,1069,0.572629,11.4526,ok,2500,1425,Common,false,false,false
4134,22.9052,1099629291522,401910,dm4.c.wam,11,0,0,1069,0.572629,11.4526,ok,1069,0.572629,11.4526,ok,2500,1399,Common,false,false,false
4135,22.8892,1099629290524,401911,,12,0,0,1070,0.572229,11.4446,ok,1070,0.572229,11.4446,ok,2500,1425,Common,false,false,false
4136,22.8892,1099629291523,401910,,11,0,0,1070,0.572229,11.4446,ok,1070,0.572229,11.4446,ok,2500,1399,Common,false,false,false
4137,22.8732,1099629290525,401911,5fsuc.wam,12,0,0,1071,0.571829,11.4366,ok,1071,0.571829,11.4366,ok,2500,1425,Common,false,false,false
4138,22.8732,1099629291524,401910,,11,0,0,1071,0.571829,11.4366,ok,1071,0.571829,11.4366,ok,2500,1399,Common,false,false,false
4139,22.8572,1099629290526,401911,,12,0,0,1072,0.571429,11.4286,ok,1072,0.571429,11.4286,ok,2500,1425,Common,false,false,false
4140,22.8572,1099629291525,401910,,11,0,0,1072,0.571429,11.4286,ok,1072,0.571429,11.4286,ok,2500,1399,Common,false,false,false
4141,22.8412,1099629290527,401911,,12,0,0,1073,0.571028,11.4206,ok,1073,0.571028,11.4206,ok,2500,1425,Common,false,false,false
4142,22.8412,1099629291526,401910,,11,0,0,1073,0.571028,11.4206,ok,1073,0.571028,11.4206,ok,2500,1399,Common,false,false,false
4143,22.8252,1099629290528,401911,,12,0,0,1074,0.570628,11.4126,ok,1074,0.570628,11.4126,ok,2500,1425,Common,false,false,false
4144,22.8252,1099629291527,401910,wfor4.wam,11,0,0,1074,0.570628,11.4126,ok,1074,0.570628,11.4126,ok,2500,1399,Common,false,false,false
4145,22.8092,1099629290529,401911,,12,0,0,1075,0.570228,11.4046,ok,1075,0.570228,11.4046,ok,2500,1425,Common,false,false,false
4146,22.8092,1099629291528,401910,hkra.wam,11,0,0,1075,0.570228,11.4046,ok,1075,0.570228,11.4046,ok,2500,1399,Common,false,false,false
4147,22.7932,1099629290530,401911,m1ygq.wam,12,0,0,1076,0.569828,11.3966,ok,1076,0.569828,11.3966,ok,2500,1425,Common,false,false,false
4148,22.7932,1099629291529,401910,,11,0,0,1076,0.569828,11.3966,ok,1076,0.569828,11.3966,ok,2500,1399,Common,false,false,false
4149,22.7772,1099629290531,401911,,12,0,0,1077,0.569428,11.3886,ok,1077,0.569428,11.3886,ok,2500,1425,Common,false,false,false
4150,22.7772,1099629291530,401910,,11,0,0,1077,0.569428,11.3886,ok,1077,0.569428,11.3886,ok,2500,1399,Common,false,false,false
4151,22.7612,1099629290532,401911,q4oia.wam,12,0,0,1078,0.569028,11.3806,ok,1078,0.569028,11.3806,ok,2500,1425,Common,false,false,false
4152,22.7612,1099629291531,401910,,11,0,0,1078,0.569028,11.3806,ok,1078,0.569028,11.3806,ok,2500,1399,Common,false,false,false
4153,22.745,1099629290533,401911,,12,0,0,1079,0.568627,11.3725,ok,1079,0.568627,11.3725,ok,2500,1425,Common,false,false,false
4154,22.745,1099629291532,401910,wfor4.wam,11,0,0,1079,0.568627,11.3725,ok,1079,0.568627,11.3725,ok,2500,1399,Common,false,false,false
4155,22.729,1099629290534,401911,,12,0,0,1080,0.568227,11.3645,ok,1080,0.568227,11.3645,ok,2500,1425,Common,false,false,false
4156,22.729,1099629291533,401910,gooug.wam,11,0,0,1080,0.568227,11.3645,ok,1080,0.568227,11.3645,ok,2500,1399,Common,false,false,false
4157,22.713,1099629290535,401911,3uaqq.wam,12,0,0,1081,0.567827,11.3565,ok,1081,0.567827,11.3565,ok,2500,1425,Common,false,false,false
4158,22.713,1099629291534,401910,,11,0,0,1081,0.567827,11.3565,ok,1081,0.567827,11.3565,ok,2500,1399,Common,false,false,false
4159,22.697,1099629290536,401911,,12,0,0,1082,0.567427,11.3485,ok,1082,0.567427,11.3485,ok,2500,1425,Common,false,false,false
4160,22.697,1099629291535,401910,,11,0,0,1082,0.567427,11.3485,ok,1082,0.567427,11.3485,ok,2500,1399,Common,false,false,false
4161,22.681,1099629290537,401911,,12,0,0,1083,0.567027,11.3405,ok,1083,0.567027,11.3405,ok,2500,1425,Common,false,false,false
4162,22.681,1099629291536,401910,,11,0,0,1083,0.567027,11.3405,ok,1083,0.567027,11.3405,ok,2500,1399,Common,false,false,false
4163,22.665,1099629290538,401911,pepperstake,12,0,0,1084,0.566627,11.3325,ok,1084,0.566627,11.3325,ok,2500,1425,Common,false,false,false
4164,22.665,1099629291537,401910,,11,0,0,1084,0.566627,11.3325,ok,1084,0.566627,11.3325,ok,2500,1399,Common,false,false,false
4165,22.649,1099629290539,401911,,12,0,0,1085,0.566226,11.3245,ok,1085,0.566226,11.3245,ok,2500,1425,Common,false,false,false
4166,22.649,1099629291538,401910,,11,0,0,1085,0.566226,11.3245,ok,1085,0.566226,11.3245,ok,2500,1399,Common,false,false,false
4167,22.633,1099629290540,401911,fdfro.wam,12,0,0,1086,0.565826,11.3165,ok,1086,0.565826,11.3165,ok,2500,1425,Common,false,false,false
4168,22.633,1099629291539,401910,yxkwo.wam,11,0,0,1086,0.565826,11.3165,ok,1086,0.565826,11.3165,ok,2500,1399,Common,false,false,false
4169,22.617,1099629290541,401911,,12,0,0,1087,0.565426,11.3085,ok,1087,0.565426,11.3085,ok,2500,1425,Common,false,false,false
4170,22.617,1099629291540,401910,iiob2.wam,11,0,0,1087,0.565426,11.3085,ok,1087,0.565426,11.3085,ok,2500,1399,Common,false,false,false
4171,22.601,1099629290542,401911,2.dxu.wam,12,0,0,1088,0.565026,11.3005,ok,1088,0.565026,11.3005,ok,2500,1425,Common,false,false,false
4172,22.601,1099629291541,401910,,11,0,0,1088,0.565026,11.3005,ok,1088,0.565026,11.3005,ok,2500,1399,Common,false,false,false
4173,22.585,1099629290543,401911,,12,0,0,1089,0.564626,11.2925,ok,1089,0.564626,11.2925,ok,2500,1425,Common,false,false,false
4174,22.585,1099629291542,401910,4ikaw.wam,11,0,0,1089,0.564626,11.2925,ok,1089,0.564626,11.2925,ok,2500,1399,Common,false,false,false
4175,22.569,1099629290544,401911,,12,0,0,1090,0.564226,11.2845,ok,1090,0.564226,11.2845,ok,2500,1425,Common,false,false,false
4176,22.569,1099629291543,401910,,11,0,0,1090,0.564226,11.2845,ok,1090,0.564226,11.2845,ok,2500,1399,Common,false,false,false
4177,22.553,1099629290545,401911,pepperstake,12,0,0,1091,0.563826,11.2765,ok,1091,0.563826,11.2765,ok,2500,1425,Common,false,false,false
4178,22.553,1099629291544,401910,,11,0,0,1091,0.563826,11.2765,ok,1091,0.563826,11.2765,ok,2500,1399,Common,false,false,false
4179,22.537,1099629290546,401911,,12,0,0,1092,0.563425,11.2685,ok,1092,0.563425,11.2685,ok,2500,1425,Common,false,false,false
4180,22.537,1099629291545,401910,,11,0,0,1092,0.563425,11.2685,ok,1092,0.563425,11.2685,ok,2500,1399,Common,false,false,false
4181,22.521,1099629290547,401911,,12,0,0,1093,0.563025,11.2605,ok,1093,0.563025,11.2605,ok,2500,1425,Common,false,false,false
4182,22.521,1099629291546,401910,gi3ug.wam,11,0,0,1093,0.563025,11.2605,ok,1093,0.563025,11.2605,ok,2500,1399,Common,false,false,false
4183,22.505,1099629290548,401911,,12,0,0,1094,0.562625,11.2525,ok,1094,0.562625,11.2525,ok,2500,1425,Common,false,false,false
4184,22.505,1099629291547,401910,,11,0,0,1094,0.562625,11.2525,ok,1094,0.562625,11.2525,ok,2500,1399,Common,false,false,false
4185,22.489,1099629290549,401911,,12,0,0,1095,0.562225,11.2445,ok,1095,0.562225,11.2445,ok,2500,1425,Common,false,false,false
4186,22.489,1099629291548,401910,,11,0,0,1095,0.562225,11.2445,ok,1095,0.562225,11.2445,ok,2500,1399,Common,false,false,false
4187,22.473,1099629290550,401911,,12,0,0,1096,0.561825,11.2365,ok,1096,0.561825,11.2365,ok,2500,1425,Common,false,false,false
4188,22.473,1099629291549,401910,,11,0,0,1096,0.561825,11.2365,ok,1096,0.561825,11.2365,ok,2500,1399,Common,false,false,false
4189,22.457,1099629290551,401911,,12,0,0,1097,0.561425,11.2285,ok,1097,0.561425,11.2285,ok,2500,1425,Common,false,false,false
4190,22.457,1099629291550,401910,dm4.c.wam,11,0,0,1097,0.561425,11.2285,ok,1097,0.561425,11.2285,ok,2500,1399,Common,false,false,false
4191,22.441,1099629290552,401911,,12,0,0,1098,0.561024,11.2205,ok,1098,0.561024,11.2205,ok,2500,1425,Common,false,false,false
4192,22.441,1099629291551,401910,,11,0,0,1098,0.561024,11.2205,ok,1098,0.561024,11.2205,ok,2500,1399,Common,false,false,false
4193,22.425,1099629290553,401911,,12,0,0,1099,0.560624,11.2125,ok,1099,0.560624,11.2125,ok,2500,1425,Common,false,false,false
4194,22.425,1099629291552,401910,,11,0,0,1099,0.560624,11.2125,ok,1099,0.560624,11.2125,ok,2500,1399,Common,false,false,false
4195,22.409,1099629290554,401911,,12,0,0,1100,0.560224,11.2045,ok,1100,0.560224,11.2045,ok,2500,1425,Common,false,false,false
4196,22.409,1099629291553,401910,,11,0,0,1100,0.560224,11.2045,ok,1100,0.560224,11.2045,ok,2500,1399,Common,false,false,false
4197,22.393,1099638221993,401911,,12,0,0,1101,0.559824,11.1965,ok,1101,0.559824,11.1965,ok,2500,1425,Common,false,false,false
4198,22.393,1099812318705,401910,fs1r2.wam,11,0,0,1101,0.559824,11.1965,ok,1101,0.559824,11.1965,ok,2500,1399,Common,false,false,false
4199,22.377,1099638221994,401911,ockaq.wam,12,0,0,1102,0.559424,11.1885,ok,1102,0.559424,11.1885,ok,2500,1425,Common,false,false,false
4200,22.377,1099812318706,401910,fs1r2.wam,11,0,0,1102,0.559424,11.1885,ok,1102,0.559424,11.1885,ok,2500,1399,Common,false,false,false
4201,22.361,1099638221995,401911,sb.qw.wam,12,0,0,1103,0.559024,11.1805,ok,1103,0.559024,11.1805,ok,2500,1425,Common,false,false,false
4202,22.361,1099812318707,401910,,11,0,0,1103,0.559024,11.1805,ok,1103,0.559024,11.1805,ok,2500,1399,Common,false,false,false
4203,22.345,1099638221996,401911,ve41k.c.wam,12,0,0,1104,0.558623,11.1725,ok,1104,0.558623,11.1725,ok,2500,1425,Common,false,false,false
4204,22.345,1099812318708,401910,,11,0,0,1104,0.558623,11.1725,ok,1104,0.558623,11.1725,ok,2500,1399,Common,false,false,false
4205,22.329,1099638221997,401911,,12,0,0,1105,0.558223,11.1645,ok,1105,0.558223,11.1645,ok,2500,1425,Common,false,false,false
4206,22.329,1099812318709,401910,,11,0,0,1105,0.558223,11.1645,ok,1105,0.558223,11.1645,ok,2500,1399,Common,false,false,false
4207,22.313,1099638221998,401911,sb.qw.wam,12,0,0,1106,0.557823,11.1565,ok,1106,0.557823,11.1565,ok,2500,1425,Common,false,false,false
4208,22.313,1099812318710,401910,,11,0,0,1106,0.557823,11.1565,ok,1106,0.557823,11.1565,ok,2500,1399,Common,false,false,false
4209,22.297,1099638221999,401911,sb.qw.wam,12,0,0,1107,0.557423,11.1485,ok,1107,0.557423,11.1485,ok,2500,1425,Common,false,false,false
4210,22.297,1099812318711,401910,,11,0,0,1107,0.557423,11.1485,ok,1107,0.557423,11.1485,ok,2500,1399,Common,false,false,false
4211,22.281,1099638222000,401911,swp.g.wam,12,0,0,1108,0.557023,11.1405,ok,1108,0.557023,11.1405,ok,2500,1425,Common,false,false,false
4212,22.281,1099812318712,401910,,11,0,0,1108,0.557023,11.1405,ok,1108,0.557023,11.1405,ok,2500,1399,Common,false,false,false
4213,22.265,1099638222001,401911,sb.qw.wam,12,0,0,1109,0.556623,11.1325,ok,1109,0.556623,11.1325,ok,2500,1425,Common,false,false,false
4214,22.265,1099812318713,401910,,11,0,0,1109,0.556623,11.1325,ok,1109,0.556623,11.1325,ok,2500,1399,Common,false,false,false
4215,22.2488,1099638222002,401911,sb.qw.wam,12,0,0,1110,0.556222,11.1244,ok,1110,0.556222,11.1244,ok,2500,1425,Common,false,false,false
4216,22.2488,1099812318714,401910,,11,0,0,1110,0.556222,11.1244,ok,1110,0.556222,11.1244,ok,2500,1399,Common,false,false,false
4217,22.2328,1099638222003,401911,sb.qw.wam,12,0,0,1111,0.555822,11.1164,ok,1111,0.555822,11.1164,ok,2500,1425,Common,false,false,false
4218,22.2328,1099825711491,401910,,11,0,0,1111,0.555822,11.1164,ok,1111,0.555822,11.1164,ok,2500,1399,Common,false,false,false
4219,22.2168,1099638222004,401911,sb.qw.wam,12,0,0,1112,0.555422,11.1084,ok,1112,0.555422,11.1084,ok,2500,1425,Common,false,false,false
4220,22.2168,1099833515040,401910,q4oia.wam,11,0,0,1112,0.555422,11.1084,ok,1112,0.555422,11.1084,ok,2500,1399,Common,false,false,false
4221,22.2008,1099638222005,401911,sb.qw.wam,12,0,0,1113,0.555022,11.1004,ok,1113,0.555022,11.1004,ok,2500,1425,Common,false,false,false
4222,22.2008,1099833515041,401910,,11,0,0,1113,0.555022,11.1004,ok,1113,0.555022,11.1004,ok,2500,1399,Common,false,false,false
4223,22.1848,1099638222006,401911,sb.qw.wam,12,0,0,1114,0.554622,11.0924,ok,1114,0.554622,11.0924,ok,2500,1425,Common,false,false,false
4224,22.1848,1099833515042,401910,q4oia.wam,11,0,0,1114,0.554622,11.0924,ok,1114,0.554622,11.0924,ok,2500,1399,Common,false,false,false
4225,22.1688,1099638222007,401911,sb.qw.wam,12,0,0,1115,0.554222,11.0844,ok,1115,0.554222,11.0844,ok,2500,1425,Common,false,false,false
4226,22.1688,1099833515043,401910,q4oia.wam,11,0,0,1115,0.554222,11.0844,ok,1115,0.554222,11.0844,ok,2500,1399,Common,false,false,false
4227,22.1528,1099638222008,401911,sb.qw.wam,12,0,0,1116,0.553822,11.0764,ok,1116,0.553822,11.0764,ok,2500,1425,Common,false,false,false
4228,22.1528,1099833515044,401910,,11,0,0,1116,0.553822,11.0764,ok,1116,0.553822,11.0764,ok,2500,1399,Common,false,false,false
4229,22.1368,1099638222009,401911,sb.qw.wam,12,0,0,1117,0.553421,11.0684,ok,1117,0.553421,11.0684,ok,2500,1425,Common,false,false,false
4230,22.1368,1099833515045,401910,,11,0,0,1117,0.553421,11.0684,ok,1117,0.553421,11.0684,ok,2500,1399,Common,false,false,false
4231,22.1208,1099638222010,401911,,12,0,0,1118,0.553021,11.0604,ok,1118,0.553021,11.0604,ok,2500,1425,Common,false,false,false
4232,22.1208,1099833515046,401910,bsyru.wam,11,0,0,1118,0.553021,11.0604,ok,1118,0.553021,11.0604,ok,2500,1399,Common,false,false,false
4233,22.1048,1099638222011,401911,skvba.wam,12,0,0,1119,0.552621,11.0524,ok,1119,0.552621,11.0524,ok,2500,1425,Common,false,false,false
4234,22.1048,1099833515047,401910,,11,0,0,1119,0.552621,11.0524,ok,1119,0.552621,11.0524,ok,2500,1399,Common,false,false,false
4235,22.0888,1099638222012,401911,,12,0,0,1120,0.552221,11.0444,ok,1120,0.552221,11.0444,ok,2500,1425,Common,false,false,false
4236,22.0888,1099833515048,401910,q4oia.wam,11,0,0,1120,0.552221,11.0444,ok,1120,0.552221,11.0444,ok,2500,1399,Common,false,false,false
4237,22.0728,1099638222013,401911,,12,0,0,1121,0.551821,11.0364,ok,1121,0.551821,11.0364,ok,2500,1425,Common,false,false,false
4238,22.0728,1099833515049,401910,,11,0,0,1121,0.551821,11.0364,ok,1121,0.551821,11.0364,ok,2500,1399,Common,false,false,false
4239,22.0568,1099638222014,401911,,12,0,0,1122,0.551421,11.0284,ok,1122,0.551421,11.0284,ok,2500,1425,Common,false,false,false
4240,22.0568,1099833515050,401910,opoy2.wam,11,0,0,1122,0.551421,11.0284,ok,1122,0.551421,11.0284,ok,2500,1399,Common,false,false,false
4241,22.0408,1099638222015,401911,,12,0,0,1123,0.55102,11.0204,ok,1123,0.55102,11.0204,ok,2500,1425,Common,false,false,false
4242,22.0408,1099833515051,401910,,11,0,0,1123,0.55102,11.0204,ok,1123,0.55102,11.0204,ok,2500,1399,Common,false,false,false
4243,22.0248,1099638222016,401911,hs322.wam,12,0,0,1124,0.55062,11.0124,ok,1124,0.55062,11.0124,ok,2500,1425,Common,false,false,false
4244,22.0248,1099833515052,401910,q4oia.wam,11,0,0,1124,0.55062,11.0124,ok,1124,0.55062,11.0124,ok,2500,1399,Common,false,false,false
4245,22.0088,1099638222017,401911,,12,0,0,1125,0.55022,11.0044,ok,1125,0.55022,11.0044,ok,2500,1425,Common,false,false,false
4246,22.0088,1099833515053,401910,,11,0,0,1125,0.55022,11.0044,ok,1125,0.55022,11.0044,ok,2500,1399,Common,false,false,false
4247,21.9928,1099638222018,401911,ifvvw.wam,12,0,0,1126,0.54982,10.9964,ok,1126,0.54982,10.9964,ok,2500,1425,Common,false,false,false
4248,21.9928,1099833515054,401910,,11,0,0,1126,0.54982,10.9964,ok,1126,0.54982,10.9964,ok,2500,1399,Common,false,false,false
4249,21.9768,1099638222019,401911,,12,0,0,1127,0.54942,10.9884,ok,1127,0.54942,10.9884,ok,2500,1425,Common,false,false,false
4250,21.9768,1099833515055,401910,,11,0,0,1127,0.54942,10.9884,ok,1127,0.54942,10.9884,ok,2500,1399,Common,false,false,false
4251,21.9608,1099638222020,401911,,12,0,0,1128,0.54902,10.9804,ok,1128,0.54902,10.9804,ok,2500,1425,Common,false,false,false
4252,21.9608,1099833515056,401910,,11,0,0,1128,0.54902,10.9804,ok,1128,0.54902,10.9804,ok,2500,1399,Common,false,false,false
4253,21.9448,1099638222021,401911,,12,0,0,1129,0.548619,10.9724,ok,1129,0.548619,10.9724,ok,2500,1425,Common,false,false,false
4254,21.9448,1099833515057,401910,,11,0,0,1129,0.548619,10.9724,ok,1129,0.548619,10.9724,ok,2500,1399,Common,false,false,false
4255,21.9288,1099638222022,401911,sb.qw.wam,12,0,0,1130,0.548219,10.9644,ok,1130,0.548219,10.9644,ok,2500,1425,Common,false,false,false
4256,21.9288,1099833515058,401910,.2yna.c.wam,11,0,0,1130,0.548219,10.9644,ok,1130,0.548219,10.9644,ok,2500,1399,Common,false,false,false
4257,21.9128,1099638222023,401911,,12,0,0,1131,0.547819,10.9564,ok,1131,0.547819,10.9564,ok,2500,1425,Common,false,false,false
4258,21.9128,1099833515059,401910,.2yna.c.wam,11,0,0,1131,0.547819,10.9564,ok,1131,0.547819,10.9564,ok,2500,1399,Common,false,false,false
4259,21.8968,1099638222024,401911,swp.g.wam,12,0,0,1132,0.547419,10.9484,ok,1132,0.547419,10.9484,ok,2500,1425,Common,false,false,false
4260,21.8968,1099833515060,401910,pepperstake,11,0,0,1132,0.547419,10.9484,ok,1132,0.547419,10.9484,ok,2500,1399,Common,false,false,false
4261,21.8808,1099638222025,401911,,12,0,0,1133,0.547019,10.9404,ok,1133,0.547019,10.9404,ok,2500,1425,Common,false,false,false
4262,21.8808,1099833515061,401910,vvrva.wam,11,0,0,1133,0.547019,10.9404,ok,1133,0.547019,10.9404,ok,2500,1399,Common,false,false,false
4263,21.8648,1099638222026,401911,,12,0,0,1134,0.546619,10.9324,ok,1134,0.546619,10.9324,ok,2500,1425,Common,false,false,false
4264,21.8648,1099833515062,401910,q4oia.wam,11,0,0,1134,0.546619,10.9324,ok,1134,0.546619,10.9324,ok,2500,1399,Common,false,false,false
4265,21.8488,1099638222027,401911,,12,0,0,1135,0.546218,10.9244,ok,1135,0.546218,10.9244,ok,2500,1425,Common,false,false,false
4266,21.8488,1099833515063,401910,.2yna.c.wam,11,0,0,1135,0.546218,10.9244,ok,1135,0.546218,10.9244,ok,2500,1399,Common,false,false,false
4267,21.8328,1099638222028,401911,,12,0,0,1136,0.545818,10.9164,ok,1136,0.545818,10.9164,ok,2500,1425,Common,false,false,false
4268,21.8328,1099833515064,401910,,11,0,0,1136,0.545818,10.9164,ok,1136,0.545818,10.9164,ok,2500,1399,Common,false,false,false
4269,21.8168,1099638222029,401911,,12,0,0,1137,0.545418,10.9084,ok,1137,0.545418,10.9084,ok,2500,1425,Common,false,false,false
4270,21.8168,1099833515065,401910,,11,0,0,1137,0.545418,10.9084,ok,1137,0.545418,10.9084,ok,2500,1399,Common,false,false,false
4271,21.8008,1099638222030,401911,,12,0,0,1138,0.545018,10.9004,ok,1138,0.545018,10.9004,ok,2500,1425,Common,false,false,false
4272,21.8008,1099833515066,401910,,11,0,0,1138,0.545018,10.9004,ok,1138,0.545018,10.9004,ok,2500,1399,Common,false,false,false
4273,21.7848,1099638222031,401911,,12,0,0,1139,0.544618,10.8924,ok,1139,0.544618,10.8924,ok,2500,1425,Common,false,false,false
4274,21.7848,1099833515067,401910,,11,0,0,1139,0.544618,10.8924,ok,1139,0.544618,10.8924,ok,2500,1399,Common,false,false,false
4275,21.7688,1099638222032,401911,,12,0,0,1140,0.544218,10.8844,ok,1140,0.544218,10.8844,ok,2500,1425,Common,false,false,false
4276,21.7688,1099833515068,401910,ijqrk.wam,11,0,0,1140,0.544218,10.8844,ok,1140,0.544218,10.8844,ok,2500,1399,Common,false,false,false
4277,21.7528,1099638222033,401911,,12,0,0,1141,0.543818,10.8764,ok,1141,0.543818,10.8764,ok,2500,1425,Common,false,false,false
4278,21.7528,1099833515069,401910,itbqy.wam,11,0,0,1141,0.543818,10.8764,ok,1141,0.543818,10.8764,ok,2500,1399,Common,false,false,false
4279,21.7366,1099638222034,401911,,12,0,0,1142,0.543417,10.8683,ok,1142,0.543417,10.8683,ok,2500,1425,Common,false,false,false
4280,21.7366,1099833515070,401910,q4oia.wam,11,0,0,1142,0.543417,10.8683,ok,1142,0.543417,10.8683,ok,2500,1399,Common,false,false,false
4281,21.7206,1099638222035,401911,sb.qw.wam,12,0,0,1143,0.543017,10.8603,ok,1143,0.543017,10.8603,ok,2500,1425,Common,false,false,false
4282,21.7206,1099833515071,401910,nr4xg.wam,11,0,0,1143,0.543017,10.8603,ok,1143,0.543017,10.8603,ok,2500,1399,Common,false,false,false
4283,21.7046,1099638222036,401911,,12,0,0,1144,0.542617,10.8523,ok,1144,0.542617,10.8523,ok,2500,1425,Common,false,false,false
4284,21.7046,1099833515072,401910,itbqy.wam,11,0,0,1144,0.542617,10.8523,ok,1144,0.542617,10.8523,ok,2500,1399,Common,false,false,false
4285,21.6886,1099638222037,401911,,12,0,0,1145,0.542217,10.8443,ok,1145,0.542217,10.8443,ok,2500,1425,Common,false,false,false
4286,21.6886,1099833515073,401910,,11,0,0,1145,0.542217,10.8443,ok,1145,0.542217,10.8443,ok,2500,1399,Common,false,false,false
4287,21.6726,1099638222038,401911,,12,0,0,1146,0.541817,10.8363,ok,1146,0.541817,10.8363,ok,2500,1425,Common,false,false,false
4288,21.6726,1099833515074,401910,,11,0,0,1146,0.541817,10.8363,ok,1146,0.541817,10.8363,ok,2500,1399,Common,false,false,false
4289,21.6566,1099638222039,401911,,12,0,0,1147,0.541417,10.8283,ok,1147,0.541417,10.8283,ok,2500,1425,Common,false,false,false
4290,21.6566,1099833515075,401910,itbqy.wam,11,0,0,1147,0.541417,10.8283,ok,1147,0.541417,10.8283,ok,2500,1399,Common,false,false,false
4291,21.6406,1099638222040,401911,r2ohk.wam,12,0,0,1148,0.541016,10.8203,ok,1148,0.541016,10.8203,ok,2500,1425,Common,false,false,false
4292,21.6406,1099833515076,401910,kwurg.wam,11,0,0,1148,0.541016,10.8203,ok,1148,0.541016,10.8203,ok,2500,1399,Common,false,false,false
4293,21.6246,1099638222041,401911,,12,0,0,1149,0.540616,10.8123,ok,1149,0.540616,10.8123,ok,2500,1425,Common,false,false,false
4294,21.6246,1099833515077,401910,q4oia.wam,11,0,0,1149,0.540616,10.8123,ok,1149,0.540616,10.8123,ok,2500,1399,Common,false,false,false
4295,21.6086,1099638222042,401911,,12,0,0,1150,0.540216,10.8043,ok,1150,0.540216,10.8043,ok,2500,1425,Common,false,false,false
4296,21.6086,1099833515078,401910,cneb.wam,11,0,0,1150,0.540216,10.8043,ok,1150,0.540216,10.8043,ok,2500,1399,Common,false,false,false
4297,21.5926,1099638222043,401911,,12,0,0,1151,0.539816,10.7963,ok,1151,0.539816,10.7963,ok,2500,1425,Common,false,false,false
4298,21.5926,1099833515079,401910,,11,0,0,1151,0.539816,10.7963,ok,1151,0.539816,10.7963,ok,2500,1399,Common,false,false,false
4299,21.5766,1099638222044,401911,,12,0,0,1152,0.539416,10.7883,ok,1152,0.539416,10.7883,ok,2500,1425,Common,false,false,false
4300,21.5766,1099833515080,401910,.2yna.c.wam,11,0,0,1152,0.539416,10.7883,ok,1152,0.539416,10.7883,ok,2500,1399,Common,false,false,false
4301,21.5606,1099638222045,401911,,12,0,0,1153,0.539016,10.7803,ok,1153,0.539016,10.7803,ok,2500,1425,Common,false,false,false
4302,21.5606,1099833515081,401910,q4oia.wam,11,0,0,1153,0.539016,10.7803,ok,1153,0.539016,10.7803,ok,2500,1399,Common,false,false,false
4303,21.5446,1099638222046,401911,dydyy.wam,12,0,0,1154,0.538615,10.7723,ok,1154,0.538615,10.7723,ok,2500,1425,Common,false,false,false
4304,21.5446,1099833515082,401910,pepperstake,11,0,0,1154,0.538615,10.7723,ok,1154,0.538615,10.7723,ok,2500,1399,Common,false,false,false
4305,21.5286,1099638222047,401911,,12,0,0,1155,0.538215,10.7643,ok,1155,0.538215,10.7643,ok,2500,1425,Common,false,false,false
4306,21.5286,1099833515083,401910,,11,0,0,1155,0.538215,10.7643,ok,1155,0.538215,10.7643,ok,2500,1399,Common,false,false,false
4307,21.5126,1099638222048,401911,,12,0,0,1156,0.537815,10.7563,ok,1156,0.537815,10.7563,ok,2500,1425,Common,false,false,false
4308,21.5126,1099833515084,401910,q4oia.wam,11,0,0,1156,0.537815,10.7563,ok,1156,0.537815,10.7563,ok,2500,1399,Common,false,false,false
4309,21.4966,1099638222049,401911,,12,0,0,1157,0.537415,10.7483,ok,1157,0.537415,10.7483,ok,2500,1425,Common,false,false,false
4310,21.4966,1099833515085,401910,.2yna.c.wam,11,0,0,1157,0.537415,10.7483,ok,1157,0.537415,10.7483,ok,2500,1399,Common,false,false,false
4311,21.4806,1099638222050,401911,,12,0,0,1158,0.537015,10.7403,ok,1158,0.537015,10.7403,ok,2500,1425,Common,false,false,false
4312,21.4806,1099833515086,401910,,11,0,0,1158,0.537015,10.7403,ok,1158,0.537015,10.7403,ok,2500,1399,Common,false,false,false
4313,21.4646,1099638222051,401911,,12,0,0,1159,0.536615,10.7323,ok,1159,0.536615,10.7323,ok,2500,1425,Common,false,false,false
4314,21.4646,1099833515087,401910,pepperstake,11,0,0,1159,0.536615,10.7323,ok,1159,0.536615,10.7323,ok,2500,1399,Common,false,false,false
4315,21.4486,1099638222052,401911,wfor4.wam,12,0,0,1160,0.536214,10.7243,ok,1160,0.536214,10.7243,ok,2500,1425,Common,false,false,false
4316,21.4486,1099833515088,401910,pepperstake,11,0,0,1160,0.536214,10.7243,ok,1160,0.536214,10.7243,ok,2500,1399,Common,false,false,false
4317,21.4326,1099638222053,401911,,12,0,0,1161,0.535814,10.7163,ok,1161,0.535814,10.7163,ok,2500,1425,Common,false,false,false
4318,21.4326,1099833515089,401910,itbqy.wam,11,0,0,1161,0.535814,10.7163,ok,1161,0.535814,10.7163,ok,2500,1399,Common,false,false,false
4319,21.4166,1099638222054,401911,,12,0,0,1162,0.535414,10.7083,ok,1162,0.535414,10.7083,ok,2500,1425,Common,false,false,false
4320,21.4166,1099852896282,401910,pepperstake,11,0,0,1162,0.535414,10.7083,ok,1162,0.535414,10.7083,ok,2500,1399,Common,false,false,false
4321,21.4006,1099638222055,401911,i3nj2.wam,12,0,0,1163,0.535014,10.7003,ok,1163,0.535014,10.7003,ok,2500,1425,Common,false,false,false
4322,21.4006,1099852896283,401910,p1fza.wam,11,0,0,1163,0.535014,10.7003,ok,1163,0.535014,10.7003,ok,2500,1399,Common,false,false,false
4323,21.3846,1099638222056,401911,,12,0,0,1164,0.534614,10.6923,ok,1164,0.534614,10.6923,ok,2500,1425,Common,false,false,false
4324,21.3846,1099852896284,401910,ve41k.c.wam,11,0,0,1164,0.534614,10.6923,ok,1164,0.534614,10.6923,ok,2500,1399,Common,false,false,false
4325,21.3686,1099638222057,401911,,12,0,0,1165,0.534214,10.6843,ok,1165,0.534214,10.6843,ok,2500,1425,Common,false,false,false
4326,21.3686,1099852896285,401910,,11,0,0,1165,0.534214,10.6843,ok,1165,0.534214,10.6843,ok,2500,1399,Common,false,false,false
4327,21.3526,1099638222058,401911,lzyyy.wam,12,0,0,1166,0.533814,10.6763,ok,1166,0.533814,10.6763,ok,2500,1425,Common,false,false,false
4328,21.3526,1099852896286,401910,p1fza.wam,11,0,0,1166,0.533814,10.6763,ok,1166,0.533814,10.6763,ok,2500,1399,Common,false,false,false
4329,21.3366,1099638222059,401911,,12,0,0,1167,0.533413,10.6683,ok,1167,0.533413,10.6683,ok,2500,1425,Common,false,false,false
4330,21.3366,1099852896287,401910,p1fza.wam,11,0,0,1167,0.533413,10.6683,ok,1167,0.533413,10.6683,ok,2500,1399,Common,false,false,false
4331,21.3206,1099638222060,401911,fs1r2.wam,12,0,0,1168,0.533013,10.6603,ok,1168,0.533013,10.6603,ok,2500,1425,Common,false,false,false
4332,21.3206,1099852896288,401910,p1fza.wam,11,0,0,1168,0.533013,10.6603,ok,1168,0.533013,10.6603,ok,2500,1399,Common,false,false,false
4333,21.3046,1099638222061,401911,,12,0,0,1169,0.532613,10.6523,ok,1169,0.532613,10.6523,ok,2500,1425,Common,false,false,false
4334,21.3046,1099852896289,401910,,11,0,0,1169,0.532613,10.6523,ok,1169,0.532613,10.6523,ok,2500,1399,Common,false,false,false
4335,21.2886,1099638222062,401911,yoitscharlie,12,0,0,1170,0.532213,10.6443,ok,1170,0.532213,10.6443,ok,2500,1425,Common,false,false,false
4336,21.2886,1099852896290,401910,p1fza.wam,11,0,0,1170,0.532213,10.6443,ok,1170,0.532213,10.6443,ok,2500,1399,Common,false,false,false
4337,21.2726,1099833514925,401911,,12,0,0,1171,0.531813,10.6363,ok,1171,0.531813,10.6363,ok,2500,1425,Common,false,false,false
4338,21.2726,1099852896291,401910,p1fza.wam,11,0,0,1171,0.531813,10.6363,ok,1171,0.531813,10.6363,ok,2500,1399,Common,false,false,false
4339,21.2566,1099833514926,401911,q4oia.wam,12,0,0,1172,0.531413,10.6283,ok,1172,0.531413,10.6283,ok,2500,1425,Common,false,false,false
4340,21.2566,1099852896292,401910,p1fza.wam,11,0,0,1172,0.531413,10.6283,ok,1172,0.531413,10.6283,ok,2500,1399,Common,false,false,false
4341,21.2404,1099833514927,401911,mh1ww.wam,12,0,0,1173,0.531012,10.6202,ok,1173,0.531012,10.6202,ok,2500,1425,Common,false,false,false
4342,21.2404,1099852896293,401910,p1fza.wam,11,0,0,1173,0.531012,10.6202,ok,1173,0.531012,10.6202,ok,2500,1399,Common,false,false,false
4343,21.2244,1099833514928,401911,,12,0,0,1174,0.530612,10.6122,ok,1174,0.530612,10.6122,ok,2500,1425,Common,false,false,false
4344,21.2244,1099852896294,401910,p1fza.wam,11,0,0,1174,0.530612,10.6122,ok,1174,0.530612,10.6122,ok,2500,1399,Common,false,false,false
4345,21.2084,1099833514929,401911,pepperstake,12,0,0,1175,0.530212,10.6042,ok,1175,0.530212,10.6042,ok,2500,1425,Common,false,false,false
4346,21.2084,1099852896295,401910,chgr4.wam,11,0,0,1175,0.530212,10.6042,ok,1175,0.530212,10.6042,ok,2500,1399,Common,false,false,false
4347,21.1924,1099833514930,401911,ijqrk.wam,12,0,0,1176,0.529812,10.5962,ok,1176,0.529812,10.5962,ok,2500,1425,Common,false,false,false
4348,21.1924,1099852896296,401910,chgr4.wam,11,0,0,1176,0.529812,10.5962,ok,1176,0.529812,10.5962,ok,2500,1399,Common,false,false,false
4349,21.1764,1099833514931,401911,,12,0,0,1177,0.529412,10.5882,ok,1177,0.529412,10.5882,ok,2500,1425,Common,false,false,false
4350,21.1764,1099852896297,401910,chgr4.wam,11,0,0,1177,0.529412,10.5882,ok,1177,0.529412,10.5882,ok,2500,1399,Common,false,false,false
4351,21.1604,1099833514932,401911,q4oia.wam,12,0,0,1178,0.529012,10.5802,ok,1178,0.529012,10.5802,ok,2500,1425,Common,false,false,false
4352,21.1604,1099852896298,401910,chgr4.wam,11,0,0,1178,0.529012,10.5802,ok,1178,0.529012,10.5802,ok,2500,1399,Common,false,false,false
4353,21.1444,1099833514933,401911,,12,0,0,1179,0.528611,10.5722,ok,1179,0.528611,10.5722,ok,2500,1425,Common,false,false,false
4354,21.1444,1099852896299,401910,chgr4.wam,11,0,0,1179,0.528611,10.5722,ok,1179,0.528611,10.5722,ok,2500,1399,Common,false,false,false
4355,21.1284,1099833514934,401911,,12,0,0,1180,0.528211,10.5642,ok,1180,0.528211,10.5642,ok,2500,1425,Common,false,false,false
4356,21.1284,1099852896300,401910,itbqy.wam,11,0,0,1180,0.528211,10.5642,ok,1180,0.528211,10.5642,ok,2500,1399,Common,false,false,false
4357,21.1124,1099833514935,401911,.2yna.c.wam,12,0,0,1181,0.527811,10.5562,ok,1181,0.527811,10.5562,ok,2500,1425,Common,false,false,false
4358,21.1124,1099852896301,401910,q4oia.wam,11,0,0,1181,0.527811,10.5562,ok,1181,0.527811,10.5562,ok,2500,1399,Common,false,false,false
4359,21.0964,1099833514936,401911,kwurg.wam,12,0,0,1182,0.527411,10.5482,ok,1182,0.527411,10.5482,ok,2500,1425,Common,false,false,false
4360,21.0964,1099852896302,401910,chgr4.wam,11,0,0,1182,0.527411,10.5482,ok,1182,0.527411,10.5482,ok,2500,1399,Common,false,false,false
4361,21.0804,1099833514937,401911,,12,0,0,1183,0.527011,10.5402,ok,1183,0.527011,10.5402,ok,2500,1425,Common,false,false,false
4362,21.0804,1099852896303,401910,chgr4.wam,11,0,0,1183,0.527011,10.5402,ok,1183,0.527011,10.5402,ok,2500,1399,Common,false,false,false
4363,21.0644,1099833514938,401911,ineek.wam,12,0,0,1184,0.526611,10.5322,ok,1184,0.526611,10.5322,ok,2500,1425,Common,false,false,false
4364,21.0644,1099852896304,401910,chgr4.wam,11,0,0,1184,0.526611,10.5322,ok,1184,0.526611,10.5322,ok,2500,1399,Common,false,false,false
4365,21.0484,1099833514939,401911,vvrva.wam,12,0,0,1185,0.52621,10.5242,ok,1185,0.52621,10.5242,ok,2500,1425,Common,false,false,false
4366,21.0484,1099852896305,401910,chgr4.wam,11,0,0,1185,0.52621,10.5242,ok,1185,0.52621,10.5242,ok,2500,1399,Common,false,false,false
4367,21.0324,1099833514940,401911,,12,0,0,1186,0.52581,10.5162,ok,1186,0.52581,10.5162,ok,2500,1425,Common,false,false,false
4368,21.0324,1099852896306,401910,chgr4.wam,11,0,0,1186,0.52581,10.5162,ok,1186,0.52581,10.5162,ok,2500,1399,Common,false,false,false
4369,21.0164,1099833514941,401911,,12,0,0,1187,0.52541,10.5082,ok,1187,0.52541,10.5082,ok,2500,1425,Common,false,false,false
4370,21.0164,1099852896307,401910,,11,0,0,1187,0.52541,10.5082,ok,1187,0.52541,10.5082,ok,2500,1399,Common,false,false,false
4371,21.0004,1099833514942,401911,mh1ww.wam,12,0,0,1188,0.52501,10.5002,ok,1188,0.52501,10.5002,ok,2500,1425,Common,false,false,false
4372,21.0004,1099852896308,401910,,11,0,0,1188,0.52501,10.5002,ok,1188,0.52501,10.5002,ok,2500,1399,Common,false,false,false
4373,20.9844,1099833514943,401911,,12,0,0,1189,0.52461,10.4922,ok,1189,0.52461,10.4922,ok,2500,1425,Common,false,false,false
4374,20.9844,1099852896309,401910,q4oia.wam,11,0,0,1189,0.52461,10.4922,ok,1189,0.52461,10.4922,ok,2500,1399,Common,false,false,false
4375,20.9684,1099833514944,401911,,12,0,0,1190,0.52421,10.4842,ok,1190,0.52421,10.4842,ok,2500,1425,Common,false,false,false
4376,20.9684,1099852896310,401910,pepperstake,11,0,0,1190,0.52421,10.4842,ok,1190,0.52421,10.4842,ok,2500,1399,Common,false,false,false
4377,20.9524,1099833514945,401911,sanbw.wam,12,0,0,1191,0.52381,10.4762,ok,1191,0.52381,10.4762,ok,2500,1425,Common,false,false,false
4378,20.9524,1099852896311,401910,,11,0,0,1191,0.52381,10.4762,ok,1191,0.52381,10.4762,ok,2500,1399,Common,false,false,false
4379,20.9364,1099833514946,401911,,12,0,0,1192,0.523409,10.4682,ok,1192,0.523409,10.4682,ok,2500,1425,Common,false,false,false
4380,20.9364,1099852896312,401910,.2yna.c.wam,11,0,0,1192,0.523409,10.4682,ok,1192,0.523409,10.4682,ok,2500,1399,Common,false,false,false
4381,20.9204,1099833514947,401911,,12,0,0,1193,0.523009,10.4602,ok,1193,0.523009,10.4602,ok,2500,1425,Common,false,false,false
4382,20.9204,1099852896313,401910,,11,0,0,1193,0.523009,10.4602,ok,1193,0.523009,10.4602,ok,2500,1399,Common,false,false,false
4383,20.9044,1099833514948,401911,,12,0,0,1194,0.522609,10.4522,ok,1194,0.522609,10.4522,ok,2500,1425,Common,false,false,false
4384,20.9044,1099852896314,401910,,11,0,0,1194,0.522609,10.4522,ok,1194,0.522609,10.4522,ok,2500,1399,Common,false,false,false
4385,20.8884,1099833514949,401911,,12,0,0,1195,0.522209,10.4442,ok,1195,0.522209,10.4442,ok,2500,1425,Common,false,false,false
4386,20.8884,1099852896315,401910,q4oia.wam,11,0,0,1195,0.522209,10.4442,ok,1195,0.522209,10.4442,ok,2500,1399,Common,false,false,false
4387,20.8724,1099833514950,401911,itbqy.wam,12,0,0,1196,0.521809,10.4362,ok,1196,0.521809,10.4362,ok,2500,1425,Common,false,false,false
4388,20.8724,1099852896316,401910,,11,0,0,1196,0.521809,10.4362,ok,1196,0.521809,10.4362,ok,2500,1399,Common,false,false,false
4389,20.8564,1099833514951,401911,ineek.wam,12,0,0,1197,0.521409,10.4282,ok,1197,0.521409,10.4282,ok,2500,1425,Common,false,false,false
4390,20.8564,1099852896317,401910,,11,0,0,1197,0.521409,10.4282,ok,1197,0.521409,10.4282,ok,2500,1399,Common,false,false,false
4391,20.8404,1099833514952,401911,pepperstake,12,0,0,1198,0.521008,10.4202,ok,1198,0.521008,10.4202,ok,2500,1425,Common,false,false,false
4392,20.8404,1099852896318,401910,pepperstake,11,0,0,1198,0.521008,10.4202,ok,1198,0.521008,10.4202,ok,2500,1399,Common,false,false,false
4393,20.8244,1099833514953,401911,,12,0,0,1199,0.520608,10.4122,ok,1199,0.520608,10.4122,ok,2500,1425,Common,false,false,false
4394,20.8244,1099852896319,401910,,11,0,0,1199,0.520608,10.4122,ok,1199,0.520608,10.4122,ok,2500,1399,Common,false,false,false
4395,20.8084,1099833514954,401911,pepperstake,12,0,0,1200,0.520208,10.4042,ok,1200,0.520208,10.4042,ok,2500,1425,Common,false,false,false
4396,20.8084,1099852896320,401910,,11,0,0,1200,0.520208,10.4042,ok,1200,0.520208,10.4042,ok,2500,1399,Common,false,false,false
4397,20.7924,1099833514955,401911,sanbw.wam,12,0,0,1201,0.519808,10.3962,ok,1201,0.519808,10.3962,ok,2500,1425,Common,false,false,false
4398,20.7924,1099852896321,401910,,11,0,0,1201,0.519808,10.3962,ok,1201,0.519808,10.3962,ok,2500,1399,Common,false,false,false
4399,20.7764,1099833514956,401911,q4oia.wam,12,0,0,1202,0.519408,10.3882,ok,1202,0.519408,10.3882,ok,2500,1425,Common,false,false,false
4400,20.7764,1099852896322,401910,,11,0,0,1202,0.519408,10.3882,ok,1202,0.519408,10.3882,ok,2500,1399,Common,false,false,false
4401,20.7604,1099833514957,401911,pepperstake,12,0,0,1203,0.519008,10.3802,ok,1203,0.519008,10.3802,ok,2500,1425,Common,false,false,false
4402,20.7604,1099852896323,401910,,11,0,0,1203,0.519008,10.3802,ok,1203,0.519008,10.3802,ok,2500,1399,Common,false,false,false
4403,20.7442,1099833514958,401911,pepperstake,12,0,0,1204,0.518607,10.3721,ok,1204,0.518607,10.3721,ok,2500,1425,Common,false,false,false
4404,20.7442,1099852896324,401910,,11,0,0,1204,0.518607,10.3721,ok,1204,0.518607,10.3721,ok,2500,1399,Common,false,false,false
4405,20.7282,1099833514959,401911,,12,0,0,1205,0.518207,10.3641,ok,1205,0.518207,10.3641,ok,2500,1425,Common,false,false,false
4406,20.7282,1099852896325,401910,,11,0,0,1205,0.518207,10.3641,ok,1205,0.518207,10.3641,ok,2500,1399,Common,false,false,false
4407,20.7122,1099833514960,401911,,12,0,0,1206,0.517807,10.3561,ok,1206,0.517807,10.3561,ok,2500,1425,Common,false,false,false
4408,20.7122,1099852896326,401910,,11,0,0,1206,0.517807,10.3561,ok,1206,0.517807,10.3561,ok,2500,1399,Common,false,false,false
4409,20.6962,1099833514961,401911,,12,0,0,1207,0.517407,10.3481,ok,1207,0.517407,10.3481,ok,2500,1425,Common,false,false,false
4410,20.6962,1099852896327,401910,,11,0,0,1207,0.517407,10.3481,ok,1207,0.517407,10.3481,ok,2500,1399,Common,false,false,false
4411,20.6802,1099833514962,401911,,12,0,0,1208,0.517007,10.3401,ok,1208,0.517007,10.3401,ok,2500,1425,Common,false,false,false
4412,20.6802,1099852896328,401910,,11,0,0,1208,0.517007,10.3401,ok,1208,0.517007,10.3401,ok,2500,1399,Common,false,false,false
4413,20.6642,1099833514963,401911,,12,0,0,1209,0.516607,10.3321,ok,1209,0.516607,10.3321,ok,2500,1425,Common,false,false,false
4414,20.6642,1099852896329,401910,,11,0,0,1209,0.516607,10.3321,ok,1209,0.516607,10.3321,ok,2500,1399,Common,false,false,false
4415,20.6482,1099833514964,401911,pepperstake,12,0,0,1210,0.516206,10.3241,ok,1210,0.516206,10.3241,ok,2500,1425,Common,false,false,false
4416,20.6482,1099852896330,401910,,11,0,0,1210,0.516206,10.3241,ok,1210,0.516206,10.3241,ok,2500,1399,Common,false,false,false
4417,20.6322,1099833514965,401911,,12,0,0,1211,0.515806,10.3161,ok,1211,0.515806,10.3161,ok,2500,1425,Common,false,false,false
4418,20.6322,1099852896331,401910,,11,0,0,1211,0.515806,10.3161,ok,1211,0.515806,10.3161,ok,2500,1399,Common,false,false,false
4419,20.6162,1099833514966,401911,pepperstake,12,0,0,1212,0.515406,10.3081,ok,1212,0.515406,10.3081,ok,2500,1425,Common,false,false,false
4420,20.6162,1099925497763,401910,,11,0,0,1212,0.515406,10.3081,ok,1212,0.515406,10.3081,ok,2500,1399,Common,false,false,false
4421,20.6002,1099833514967,401911,pepperstake,12,0,0,1213,0.515006,10.3001,ok,1213,0.515006,10.3001,ok,2500,1425,Common,false,false,false
4422,20.6002,1099926142662,401910,,11,0,0,1213,0.515006,10.3001,ok,1213,0.515006,10.3001,ok,2500,1399,Common,false,false,false
4423,20.5842,1099833514968,401911,,12,0,0,1214,0.514606,10.2921,ok,1214,0.514606,10.2921,ok,2500,1425,Common,false,false,false
4424,20.5842,1099931218279,401910,pepperstake,11,0,0,1214,0.514606,10.2921,ok,1214,0.514606,10.2921,ok,2500,1399,Common,false,false,false
4425,20.5682,1099833514969,401911,pepperstake,12,0,0,1215,0.514206,10.2841,ok,1215,0.514206,10.2841,ok,2500,1425,Common,false,false,false
4426,20.5682,1099931218280,401910,fozy4.wam,11,0,0,1215,0.514206,10.2841,ok,1215,0.514206,10.2841,ok,2500,1399,Common,false,false,false
4427,20.5522,1099833514970,401911,qrtma.c.wam,12,0,0,1216,0.513806,10.2761,ok,1216,0.513806,10.2761,ok,2500,1425,Common,false,false,false
4428,20.5522,1099931218281,401910,yoitscharlie,11,0,0,1216,0.513806,10.2761,ok,1216,0.513806,10.2761,ok,2500,1399,Common,false,false,false
4429,20.5362,1099833514971,401911,,12,0,0,1217,0.513405,10.2681,ok,1217,0.513405,10.2681,ok,2500,1425,Common,false,false,false
4430,20.5362,1099931218282,401910,pepperstake,11,0,0,1217,0.513405,10.2681,ok,1217,0.513405,10.2681,ok,2500,1399,Common,false,false,false
4431,20.5202,1099833514972,401911,,12,0,0,1218,0.513005,10.2601,ok,1218,0.513005,10.2601,ok,2500,1425,Common,false,false,false
4432,20.5202,1099931218283,401910,yoitscharlie,11,0,0,1218,0.513005,10.2601,ok,1218,0.513005,10.2601,ok,2500,1399,Common,false,false,false
4433,20.5042,1099833514973,401911,pepperstake,12,0,0,1219,0.512605,10.2521,ok,1219,0.512605,10.2521,ok,2500,1425,Common,false,false,false
4434,20.5042,1099931218284,401910,pepperstake,11,0,0,1219,0.512605,10.2521,ok,1219,0.512605,10.2521,ok,2500,1399,Common,false,false,false
4435,20.4882,1099833514974,401911,,12,0,0,1220,0.512205,10.2441,ok,1220,0.512205,10.2441,ok,2500,1425,Common,false,false,false
4436,20.4882,1099931218285,401910,yoitscharlie,11,0,0,1220,0.512205,10.2441,ok,1220,0.512205,10.2441,ok,2500,1399,Common,false,false,false
4437,20.4722,1099870386138,401911,pepperstake,12,0,0,1221,0.511805,10.2361,ok,1221,0.511805,10.2361,ok,2500,1425,Common,false,false,false
4438,20.4722,1099931218286,401910,yoitscharlie,11,0,0,1221,0.511805,10.2361,ok,1221,0.511805,10.2361,ok,2500,1399,Common,false,false,false
4439,20.4562,1099870386139,401911,vikarmaditya,12,0,0,1222,0.511405,10.2281,ok,1222,0.511405,10.2281,ok,2500,1425,Common,false,false,false
4440,20.4562,1099931218287,401910,pepperstake,11,0,0,1222,0.511405,10.2281,ok,1222,0.511405,10.2281,ok,2500,1399,Common,false,false,false
4441,20.4402,1099870386140,401911,pepperstake,12,0,0,1223,0.511004,10.2201,ok,1223,0.511004,10.2201,ok,2500,1425,Common,false,false,false
4442,20.4402,1099931218288,401910,pepperstake,11,0,0,1223,0.511004,10.2201,ok,1223,0.511004,10.2201,ok,2500,1399,Common,false,false,false
4443,20.4242,1099870386141,401911,pepperstake,12,0,0,1224,0.510604,10.2121,ok,1224,0.510604,10.2121,ok,2500,1425,Common,false,false,false
4444,20.4242,1099931218289,401910,pepperstake,11,0,0,1224,0.510604,10.2121,ok,1224,0.510604,10.2121,ok,2500,1399,Common,false,false,false
4445,20.4082,1099870386142,401911,h.c2o.c.wam,12,0,0,1225,0.510204,10.2041,ok,1225,0.510204,10.2041,ok,2500,1425,Common,false,false,false
4446,20.4082,1099931218290,401910,pepperstake,11,0,0,1225,0.510204,10.2041,ok,1225,0.510204,10.2041,ok,2500,1399,Common,false,false,false
4447,20.3922,1099870386143,401911,pepperstake,12,0,0,1226,0.509804,10.1961,ok,1226,0.509804,10.1961,ok,2500,1425,Common,false,false,false
4448,20.3922,1099931218291,401910,pepperstake,11,0,0,1226,0.509804,10.1961,ok,1226,0.509804,10.1961,ok,2500,1399,Common,false,false,false
4449,20.3762,1099870386144,401911,pepperstake,12,0,0,1227,0.509404,10.1881,ok,1227,0.509404,10.1881,ok,2500,1425,Common,false,false,false
4450,20.3762,1099931218292,401910,pepperstake,11,0,0,1227,0.509404,10.1881,ok,1227,0.509404,10.1881,ok,2500,1399,Common,false,false,false
4451,20.3602,1099870386145,401911,pepperstake,12,0,0,1228,0.509004,10.1801,ok,1228,0.509004,10.1801,ok,2500,1425,Common,false,false,false
4452,20.3602,1099931218293,401910,pepperstake,11,0,0,1228,0.509004,10.1801,ok,1228,0.509004,10.1801,ok,2500,1399,Common,false,false,false
4453,20.3442,1099870386146,401911,pepperstake,12,0,0,1229,0.508603,10.1721,ok,1229,0.508603,10.1721,ok,2500,1425,Common,false,false,false
4454,20.3442,1099931218294,401910,pepperstake,11,0,0,1229,0.508603,10.1721,ok,1229,0.508603,10.1721,ok,2500,1399,Common,false,false,false
4455,20.3282,1099870386147,401911,,12,0,0,1230,0.508203,10.1641,ok,1230,0.508203,10.1641,ok,2500,1425,Common,false,false,false
4456,20.3282,1099931218295,401910,yoitscharlie,11,0,0,1230,0.508203,10.1641,ok,1230,0.508203,10.1641,ok,2500,1399,Common,false,false,false
4457,20.3122,1099870386148,401911,,12,0,0,1231,0.507803,10.1561,ok,1231,0.507803,10.1561,ok,2500,1425,Common,false,false,false
4458,20.3122,1099931218296,401910,pepperstake,11,0,0,1231,0.507803,10.1561,ok,1231,0.507803,10.1561,ok,2500,1399,Common,false,false,false
4459,20.2962,1099870386149,401911,pepperstake,12,0,0,1232,0.507403,10.1481,ok,1232,0.507403,10.1481,ok,2500,1425,Common,false,false,false
4460,20.2962,1099931218297,401910,pepperstake,11,0,0,1232,0.507403,10.1481,ok,1232,0.507403,10.1481,ok,2500,1399,Common,false,false,false
4461,20.2802,1099870386150,401911,,12,0,0,1233,0.507003,10.1401,ok,1233,0.507003,10.1401,ok,2500,1425,Common,false,false,false
4462,20.2802,1099931218298,401910,yoitscharlie,11,0,0,1233,0.507003,10.1401,ok,1233,0.507003,10.1401,ok,2500,1399,Common,false,false,false
4463,20.2642,1099870386151,401911,,12,0,0,1234,0.506603,10.1321,ok,1234,0.506603,10.1321,ok,2500,1425,Common,false,false,false
4464,20.2642,1099931218299,401910,yoitscharlie,11,0,0,1234,0.506603,10.1321,ok,1234,0.506603,10.1321,ok,2500,1399,Common,false,false,false
4465,20.248,1099870386152,401911,,12,0,0,1235,0.506202,10.124,ok,1235,0.506202,10.124,ok,2500,1425,Common,false,false,false
4466,20.248,1099931218300,401910,yoitscharlie,11,0,0,1235,0.506202,10.124,ok,1235,0.506202,10.124,ok,2500,1399,Common,false,false,false
4467,20.232,1099870386153,401911,jycgm.wam,12,0,0,1236,0.505802,10.116,ok,1236,0.505802,10.116,ok,2500,1425,Common,false,false,false
4468,20.232,1099931218301,401910,yoitscharlie,11,0,0,1236,0.505802,10.116,ok,1236,0.505802,10.116,ok,2500,1399,Common,false,false,false
4469,20.216,1099870386154,401911,,12,0,0,1237,0.505402,10.108,ok,1237,0.505402,10.108,ok,2500,1425,Common,false,false,false
4470,20.216,1099931218302,401910,yoitscharlie,11,0,0,1237,0.505402,10.108,ok,1237,0.505402,10.108,ok,2500,1399,Common,false,false,false
4471,20.2,1099870386155,401911,,12,0,0,1238,0.505002,10.1,ok,1238,0.505002,10.1,ok,2500,1425,Common,false,false,false
4472,20.2,1099931218303,401910,yoitscharlie,11,0,0,1238,0.505002,10.1,ok,1238,0.505002,10.1,ok,2500,1399,Common,false,false,false
4473,20.184,1099870386156,401911,,12,0,0,1239,0.504602,10.092,ok,1239,0.504602,10.092,ok,2500,1425,Common,false,false,false
4474,20.184,1099931218304,401910,yoitscharlie,11,0,0,1239,0.504602,10.092,ok,1239,0.504602,10.092,ok,2500,1399,Common,false,false,false
4475,20.168,1099870386157,401911,,12,0,0,1240,0.504202,10.084,ok,1240,0.504202,10.084,ok,2500,1425,Common,false,false,false
4476,20.168,1099931218305,401910,alpharewards,11,0,0,1240,0.504202,10.084,ok,1240,0.504202,10.084,ok,2500,1399,Common,false,false,false
4477,20.152,1099870386158,401911,,12,0,0,1241,0.503802,10.076,ok,1241,0.503802,10.076,ok,2500,1425,Common,false,false,false
4478,20.152,1099931218306,401910,yoitscharlie,11,0,0,1241,0.503802,10.076,ok,1241,0.503802,10.076,ok,2500,1399,Common,false,false,false
4479,20.136,1099870386159,401911,xsph.wam,12,0,0,1242,0.503401,10.068,ok,1242,0.503401,10.068,ok,2500,1425,Common,false,false,false
4480,20.136,1099931218307,401910,,11,0,0,1242,0.503401,10.068,ok,1242,0.503401,10.068,ok,2500,1399,Common,false,false,false
4481,20.12,1099870386160,401911,pepperstake,12,0,0,1243,0.503001,10.06,ok,1243,0.503001,10.06,ok,2500,1425,Common,false,false,false
4482,20.12,1099931218308,401910,pepperstake,11,0,0,1243,0.503001,10.06,ok,1243,0.503001,10.06,ok,2500,1399,Common,false,false,false
4483,20.104,1099870386161,401911,,12,0,0,1244,0.502601,10.052,ok,1244,0.502601,10.052,ok,2500,1425,Common,false,false,false
4484,20.104,1099931218309,401910,alpharewards,11,0,0,1244,0.502601,10.052,ok,1244,0.502601,10.052,ok,2500,1399,Common,false,false,false
4485,20.088,1099870386162,401911,,12,0,0,1245,0.502201,10.044,ok,1245,0.502201,10.044,ok,2500,1425,Common,false,false,false
4486,20.088,1099931218310,401910,pepperstake,11,0,0,1245,0.502201,10.044,ok,1245,0.502201,10.044,ok,2500,1399,Common,false,false,false
4487,20.072,1099870386163,401911,,12,0,0,1246,0.501801,10.036,ok,1246,0.501801,10.036,ok,2500,1425,Common,false,false,false
4488,20.072,1099931218311,401910,yoitscharlie,11,0,0,1246,0.501801,10.036,ok,1246,0.501801,10.036,ok,2500,1399,Common,false,false,false
4489,20.056,1099870386164,401911,,12,0,0,1247,0.501401,10.028,ok,1247,0.501401,10.028,ok,2500,1425,Common,false,false,false
4490,20.056,1099931218312,401910,yoitscharlie,11,0,0,1247,0.501401,10.028,ok,1247,0.501401,10.028,ok,2500,1399,Common,false,false,false
4491,20.04,1099870386165,401911,pepperstake,12,0,0,1248,0.501,10.02,ok,1248,0.501,10.02,ok,2500,1425,Common,false,false,false
4492,20.04,1099931218313,401910,yoitscharlie,11,0,0,1248,0.501,10.02,ok,1248,0.501,10.02,ok,2500,1399,Common,false,false,false
4493,20.024,1099870386166,401911,,12,0,0,1249,0.5006,10.012,ok,1249,0.5006,10.012,ok,2500,1425,Common,false,false,false
4494,20.024,1099931218314,401910,alpharewards,11,0,0,1249,0.5006,10.012,ok,1249,0.5006,10.012,ok,2500,1399,Common,false,false,false
4495,20.008,1099870386167,401911,pepperstake,12,0,0,1250,0.5002,10.004,ok,1250,0.5002,10.004,ok,2500,1425,Common,false,false,false
4496,20.008,1099931218315,401910,alpharewards,11,0,0,1250,0.5002,10.004,ok,1250,0.5002,10.004,ok,2500,1399,Common,false,false,false
4497,19.992,1099870386168,401911,,12,0,0,1251,0.4998,9.996,ok,1251,0.4998,9.996,ok,2500,1425,Common,false,false,false
4498,19.992,1099931218316,401910,pepperstake,11,0,0,1251,0.4998,9.996,ok,1251,0.4998,9.996,ok,2500,1399,Common,false,false,false
4499,19.976,1099870386169,401911,,12,0,0,1252,0.4994,9.988,ok,1252,0.4994,9.988,ok,2500,1425,Common,false,false,false
4500,19.976,1099931218317,401910,yoitscharlie,11,0,0,1252,0.4994,9.988,ok,1252,0.4994,9.988,ok,2500,1399,Common,false,false,false
4501,19.96,1099870386170,401911,,12,0,0,1253,0.499,9.98,ok,1253,0.499,9.98,ok,2500,1425,Common,false,false,false
4502,19.96,1099931218318,401910,yoitscharlie,11,0,0,1253,0.499,9.98,ok,1253,0.499,9.98,ok,2500,1399,Common,false,false,false
4503,19.944,1099870386171,401911,,12,0,0,1254,0.498599,9.972,ok,1254,0.498599,9.972,ok,2500,1425,Common,false,false,false
4504,19.944,1099931218319,401910,yoitscharlie,11,0,0,1254,0.498599,9.972,ok,1254,0.498599,9.972,ok,2500,1399,Common,false,false,false
4505,19.928,1099870386172,401911,,12,0,0,1255,0.498199,9.964,ok,1255,0.498199,9.964,ok,2500,1425,Common,false,false,false
4506,19.928,1099931218320,401910,alpharewards,11,0,0,1255,0.498199,9.964,ok,1255,0.498199,9.964,ok,2500,1399,Common,false,false,false
4507,19.912,1099870386173,401911,,12,0,0,1256,0.497799,9.956,ok,1256,0.497799,9.956,ok,2500,1425,Common,false,false,false
4508,19.912,1099931218321,401910,yoitscharlie,11,0,0,1256,0.497799,9.956,ok,1256,0.497799,9.956,ok,2500,1399,Common,false,false,false
4509,19.896,1099870386174,401911,,12,0,0,1257,0.497399,9.948,ok,1257,0.497399,9.948,ok,2500,1425,Common,false,false,false
4510,19.896,1099931218322,401910,,11,0,0,1257,0.497399,9.948,ok,1257,0.497399,9.948,ok,2500,1399,Common,false,false,false
4511,19.88,1099870386175,401911,,12,0,0,1258,0.496999,9.94,ok,1258,0.496999,9.94,ok,2500,1425,Common,false,false,false
4512,19.88,1099931218323,401910,yoitscharlie,11,0,0,1258,0.496999,9.94,ok,1258,0.496999,9.94,ok,2500,1399,Common,false,false,false
4513,19.864,1099870386176,401911,,12,0,0,1259,0.496599,9.932,ok,1259,0.496599,9.932,ok,2500,1425,Common,false,false,false
4514,19.864,1099931218324,401910,yoitscharlie,11,0,0,1259,0.496599,9.932,ok,1259,0.496599,9.932,ok,2500,1399,Common,false,false,false
4515,19.848,1099870386177,401911,,12,0,0,1260,0.496198,9.924,ok,1260,0.496198,9.924,ok,2500,1425,Common,false,false,false
4516,19.848,1099931218325,401910,pepperstake,11,0,0,1260,0.496198,9.924,ok,1260,0.496198,9.924,ok,2500,1399,Common,false,false,false
4517,19.832,1099870386178,401911,,12,0,0,1261,0.495798,9.916,ok,1261,0.495798,9.916,ok,2500,1425,Common,false,false,false
4518,19.832,1099931218326,401910,yoitscharlie,11,0,0,1261,0.495798,9.916,ok,1261,0.495798,9.916,ok,2500,1399,Common,false,false,false
4519,19.816,1099870386179,401911,,12,0,0,1262,0.495398,9.908,ok,1262,0.495398,9.908,ok,2500,1425,Common,false,false,false
4520,19.816,1099931218327,401910,yoitscharlie,11,0,0,1262,0.495398,9.908,ok,1262,0.495398,9.908,ok,2500,1399,Common,false,false,false
4521,19.8,1099870386180,401911,,12,0,0,1263,0.494998,9.9,ok,1263,0.494998,9.9,ok,2500,1425,Common,false,false,false
4522,19.8,1099931218328,401910,pepperstake,11,0,0,1263,0.494998,9.9,ok,1263,0.494998,9.9,ok,2500,1399,Common,false,false,false
4523,19.784,1099870386181,401911,,12,0,0,1264,0.494598,9.892,ok,1264,0.494598,9.892,ok,2500,1425,Common,false,false,false
4524,19.784,1099931219843,401910,q4oia.wam,11,0,0,1264,0.494598,9.892,ok,1264,0.494598,9.892,ok,2500,1399,Common,false,false,false
4525,19.768,1099870386182,401911,,12,0,0,1265,0.494198,9.884,ok,1265,0.494198,9.884,ok,2500,1425,Common,false,false,false
4526,19.768,1099931219844,401910,yoitscharlie,11,0,0,1265,0.494198,9.884,ok,1265,0.494198,9.884,ok,2500,1399,Common,false,false,false
4527,19.752,1099870386183,401911,,12,0,0,1266,0.493798,9.876,ok,1266,0.493798,9.876,ok,2500,1425,Common,false,false,false
4528,19.752,1099931219845,401910,yoitscharlie,11,0,0,1266,0.493798,9.876,ok,1266,0.493798,9.876,ok,2500,1399,Common,false,false,false
4529,19.7358,1099870386184,401911,,12,0,0,1267,0.493397,9.8679,ok,1267,0.493397,9.8679,ok,2500,1425,Common,false,false,false
4530,19.7358,1099931219846,401910,yoitscharlie,11,0,0,1267,0.493397,9.8679,ok,1267,0.493397,9.8679,ok,2500,1399,Common,false,false,false
4531,19.7198,1099870386185,401911,,12,0,0,1268,0.492997,9.8599,ok,1268,0.492997,9.8599,ok,2500,1425,Common,false,false,false
4532,19.7198,1099931219847,401910,yoitscharlie,11,0,0,1268,0.492997,9.8599,ok,1268,0.492997,9.8599,ok,2500,1399,Common,false,false,false
4533,19.7038,1099870386186,401911,,12,0,0,1269,0.492597,9.8519,ok,1269,0.492597,9.8519,ok,2500,1425,Common,false,false,false
4534,19.7038,1099931219848,401910,pepperstake,11,0,0,1269,0.492597,9.8519,ok,1269,0.492597,9.8519,ok,2500,1399,Common,false,false,false
4535,19.6878,1099870386187,401911,,12,0,0,1270,0.492197,9.8439,ok,1270,0.492197,9.8439,ok,2500,1425,Common,false,false,false
4536,19.6878,1099931219849,401910,q4oia.wam,11,0,0,1270,0.492197,9.8439,ok,1270,0.492197,9.8439,ok,2500,1399,Common,false,false,false
4537,19.6718,1099931217983,401911,,12,0,0,1271,0.491797,9.8359,ok,1271,0.491797,9.8359,ok,2500,1425,Common,false,false,false
4538,19.6718,1099931219850,401910,yoitscharlie,11,0,0,1271,0.491797,9.8359,ok,1271,0.491797,9.8359,ok,2500,1399,Common,false,false,false
4539,19.6558,1099931217984,401911,,12,0,0,1272,0.491397,9.8279,ok,1272,0.491397,9.8279,ok,2500,1425,Common,false,false,false
4540,19.6558,1099931219851,401910,pepperstake,11,0,0,1272,0.491397,9.8279,ok,1272,0.491397,9.8279,ok,2500,1399,Common,false,false,false
4541,19.6398,1099931217985,401911,,12,0,0,1273,0.490996,9.8199,ok,1273,0.490996,9.8199,ok,2500,1425,Common,false,false,false
4542,19.6398,1099931219852,401910,yoitscharlie,11,0,0,1273,0.490996,9.8199,ok,1273,0.490996,9.8199,ok,2500,1399,Common,false,false,false
4543,19.6238,1099931217986,401911,,12,0,0,1274,0.490596,9.8119,ok,1274,0.490596,9.8119,ok,2500,1425,Common,false,false,false
4544,19.6238,1099931219853,401910,yoitscharlie,11,0,0,1274,0.490596,9.8119,ok,1274,0.490596,9.8119,ok,2500,1399,Common,false,false,false
4545,19.6078,1099931217987,401911,,12,0,0,1275,0.490196,9.8039,ok,1275,0.490196,9.8039,ok,2500,1425,Common,false,false,false
4546,19.6078,1099931219854,401910,,11,0,0,1275,0.490196,9.8039,ok,1275,0.490196,9.8039,ok,2500,1399,Common,false,false,false
4547,19.5918,1099931217988,401911,,12,0,0,1276,0.489796,9.7959,ok,1276,0.489796,9.7959,ok,2500,1425,Common,false,false,false
4548,19.5918,1099931219855,401910,itbqy.wam,11,0,0,1276,0.489796,9.7959,ok,1276,0.489796,9.7959,ok,2500,1399,Common,false,false,false
4549,19.5758,1099931217989,401911,,12,0,0,1277,0.489396,9.7879,ok,1277,0.489396,9.7879,ok,2500,1425,Common,false,false,false
4550,19.5758,1099931219856,401910,yoitscharlie,11,0,0,1277,0.489396,9.7879,ok,1277,0.489396,9.7879,ok,2500,1399,Common,false,false,false
4551,19.5598,1099931217990,401911,,12,0,0,1278,0.488996,9.7799,ok,1278,0.488996,9.7799,ok,2500,1425,Common,false,false,false
4552,19.5598,1099931219857,401910,yoitscharlie,11,0,0,1278,0.488996,9.7799,ok,1278,0.488996,9.7799,ok,2500,1399,Common,false,false,false
4553,19.5438,1099931217991,401911,,12,0,0,1279,0.488595,9.7719,ok,1279,0.488595,9.7719,ok,2500,1425,Common,false,false,false
4554,19.5438,1099931219858,401910,bsyru.wam,11,0,0,1279,0.488595,9.7719,ok,1279,0.488595,9.7719,ok,2500,1399,Common,false,false,false
4555,19.5278,1099931217992,401911,,12,0,0,1280,0.488195,9.7639,ok,1280,0.488195,9.7639,ok,2500,1425,Common,false,false,false
4556,19.5278,1099931219859,401910,yoitscharlie,11,0,0,1280,0.488195,9.7639,ok,1280,0.488195,9.7639,ok,2500,1399,Common,false,false,false
4557,19.5118,1099931217993,401911,,12,0,0,1281,0.487795,9.7559,ok,1281,0.487795,9.7559,ok,2500,1425,Common,false,false,false
4558,19.5118,1099931219860,401910,yoitscharlie,11,0,0,1281,0.487795,9.7559,ok,1281,0.487795,9.7559,ok,2500,1399,Common,false,false,false
4559,19.4958,1099931217994,401911,,12,0,0,1282,0.487395,9.7479,ok,1282,0.487395,9.7479,ok,2500,1425,Common,false,false,false
4560,19.4958,1099931219861,401910,ignitehubsss,11,0,0,1282,0.487395,9.7479,ok,1282,0.487395,9.7479,ok,2500,1399,Common,false,false,false
4561,19.4798,1099931217995,401911,,12,0,0,1283,0.486995,9.7399,ok,1283,0.486995,9.7399,ok,2500,1425,Common,false,false,false
4562,19.4798,1099931219862,401910,q4oia.wam,11,0,0,1283,0.486995,9.7399,ok,1283,0.486995,9.7399,ok,2500,1399,Common,false,false,false
4563,19.4638,1099931217996,401911,,12,0,0,1284,0.486595,9.7319,ok,1284,0.486595,9.7319,ok,2500,1425,Common,false,false,false
4564,19.4638,1099931405022,401910,,11,0,0,1284,0.486595,9.7319,ok,1284,0.486595,9.7319,ok,2500,1399,Common,false,false,false
4565,19.4478,1099931217997,401911,,12,0,0,1285,0.486194,9.7239,ok,1285,0.486194,9.7239,ok,2500,1425,Common,false,false,false
4566,19.4478,1099931405040,401910,,11,0,0,1285,0.486194,9.7239,ok,1285,0.486194,9.7239,ok,2500,1399,Common,false,false,false
4567,19.4318,1099931217998,401911,alpharewards,12,0,0,1286,0.485794,9.7159,ok,1286,0.485794,9.7159,ok,2500,1425,Common,false,false,false
4568,19.4318,1099933813190,401910,,11,0,0,1286,0.485794,9.7159,ok,1286,0.485794,9.7159,ok,2500,1399,Common,false,false,false
4569,19.4158,1099931217999,401911,,12,0,0,1287,0.485394,9.7079,ok,1287,0.485394,9.7079,ok,2500,1425,Common,false,false,false
4570,19.4158,1099933926578,401910,pepperstake,11,0,0,1287,0.485394,9.7079,ok,1287,0.485394,9.7079,ok,2500,1399,Common,false,false,false
4571,19.3998,1099931218000,401911,,12,0,0,1288,0.484994,9.6999,ok,1288,0.484994,9.6999,ok,2500,1425,Common,false,false,false
4572,19.3998,1099933926579,401910,pepperstake,11,0,0,1288,0.484994,9.6999,ok,1288,0.484994,9.6999,ok,2500,1399,Common,false,false,false
4573,19.3838,1099931218001,401911,,12,0,0,1289,0.484594,9.6919,ok,1289,0.484594,9.6919,ok,2500,1425,Common,false,false,false
4574,19.3838,1099934162003,401910,,11,0,0,1289,0.484594,9.6919,ok,1289,0.484594,9.6919,ok,2500,1399,Common,false,false,false
4575,19.3678,1099931218002,401911,pepperstake,12,0,0,1290,0.484194,9.6839,ok,1290,0.484194,9.6839,ok,2500,1425,Common,false,false,false
4576,19.3678,1099934308428,401910,,11,0,0,1290,0.484194,9.6839,ok,1290,0.484194,9.6839,ok,2500,1399,Common,false,false,false
4577,19.3518,1099931218003,401911,,12,0,0,1291,0.483794,9.6759,ok,1291,0.483794,9.6759,ok,2500,1425,Common,false,false,false
4578,19.3518,1099934831220,401910,pepperstake,11,0,0,1291,0.483794,9.6759,ok,1291,0.483794,9.6759,ok,2500,1399,Common,false,false,false
4579,19.3358,1099931218004,401911,,12,0,0,1292,0.483393,9.6679,ok,1292,0.483393,9.6679,ok,2500,1425,Common,false,false,false
4580,19.3358,1099937818862,401910,,11,0,0,1292,0.483393,9.6679,ok,1292,0.483393,9.6679,ok,2500,1399,Common,false,false,false
4581,19.3198,1099931218005,401911,,12,0,0,1293,0.482993,9.6599,ok,1293,0.482993,9.6599,ok,2500,1425,Common,false,false,false
4582,19.3198,1099937818863,401910,,11,0,0,1293,0.482993,9.6599,ok,1293,0.482993,9.6599,ok,2500,1399,Common,false,false,false
4583,19.3038,1099931218006,401911,,12,0,0,1294,0.482593,9.6519,ok,1294,0.482593,9.6519,ok,2500,1425,Common,false,false,false
4584,19.3038,1099937818864,401910,,11,0,0,1294,0.482593,9.6519,ok,1294,0.482593,9.6519,ok,2500,1399,Common,false,false,false
4585,19.2878,1099931218007,401911,,12,0,0,1295,0.482193,9.6439,ok,1295,0.482193,9.6439,ok,2500,1425,Common,false,false,false
4586,19.2878,1099937818865,401910,,11,0,0,1295,0.482193,9.6439,ok,1295,0.482193,9.6439,ok,2500,1399,Common,false,false,false
4587,19.2718,1099931218008,401911,pepperstake,12,0,0,1296,0.481793,9.6359,ok,1296,0.481793,9.6359,ok,2500,1425,Common,false,false,false
4588,19.2718,1099937849521,401910,,11,0,0,1296,0.481793,9.6359,ok,1296,0.481793,9.6359,ok,2500,1399,Common,false,false,false
4589,19.2558,1099931218009,401911,alpharewards,12,0,0,1297,0.481393,9.6279,ok,1297,0.481393,9.6279,ok,2500,1425,Common,false,false,false
4590,19.2558,1099937849524,401910,,11,0,0,1297,0.481393,9.6279,ok,1297,0.481393,9.6279,ok,2500,1399,Common,false,false,false
4591,19.2396,1099931218010,401911,,12,0,0,1298,0.480992,9.6198,ok,1298,0.480992,9.6198,ok,2500,1425,Common,false,false,false
4592,19.2396,1099937849529,401910,,11,0,0,1298,0.480992,9.6198,ok,1298,0.480992,9.6198,ok,2500,1399,Common,false,false,false
4593,19.2236,1099931218011,401911,,12,0,0,1299,0.480592,9.6118,ok,1299,0.480592,9.6118,ok,2500,1425,Common,false,false,false
4594,19.2236,1099937849532,401910,,11,0,0,1299,0.480592,9.6118,ok,1299,0.480592,9.6118,ok,2500,1399,Common,false,false,false
4595,19.2076,1099931218012,401911,alpharewards,12,0,0,1300,0.480192,9.6038,ok,1300,0.480192,9.6038,ok,2500,1425,Common,false,false,false
4596,19.2076,1099937849541,401910,,11,0,0,1300,0.480192,9.6038,ok,1300,0.480192,9.6038,ok,2500,1399,Common,false,false,false
4597,19.1916,1099931218013,401911,pepperstake,12,0,0,1301,0.479792,9.5958,ok,1301,0.479792,9.5958,ok,2500,1425,Common,false,false,false
4598,19.1916,1099937849544,401910,,11,0,0,1301,0.479792,9.5958,ok,1301,0.479792,9.5958,ok,2500,1399,Common,false,false,false
4599,19.1756,1099931218014,401911,,12,0,0,1302,0.479392,9.5878,ok,1302,0.479392,9.5878,ok,2500,1425,Common,false,false,false
4600,19.1756,1099938948372,401910,pepperstake,11,0,0,1302,0.479392,9.5878,ok,1302,0.479392,9.5878,ok,2500,1399,Common,false,false,false
4601,19.1596,1099931218015,401911,,12,0,0,1303,0.478992,9.5798,ok,1303,0.478992,9.5798,ok,2500,1425,Common,false,false,false
4602,19.1596,1099938948373,401910,pepperstake,11,0,0,1303,0.478992,9.5798,ok,1303,0.478992,9.5798,ok,2500,1399,Common,false,false,false
4603,19.1436,1099931218016,401911,,12,0,0,1304,0.478591,9.5718,ok,1304,0.478591,9.5718,ok,2500,1425,Common,false,false,false
4604,19.1436,1099938948374,401910,pepperstake,11,0,0,1304,0.478591,9.5718,ok,1304,0.478591,9.5718,ok,2500,1399,Common,false,false,false
4605,19.1276,1099931218017,401911,pepperstake,12,0,0,1305,0.478191,9.5638,ok,1305,0.478191,9.5638,ok,2500,1425,Common,false,false,false
4606,19.1276,1099938948375,401910,pepperstake,11,0,0,1305,0.478191,9.5638,ok,1305,0.478191,9.5638,ok,2500,1399,Common,false,false,false
4607,19.1116,1099931218018,401911,,12,0,0,1306,0.477791,9.5558,ok,1306,0.477791,9.5558,ok,2500,1425,Common,false,false,false
4608,19.1116,1099938948376,401910,pepperstake,11,0,0,1306,0.477791,9.5558,ok,1306,0.477791,9.5558,ok,2500,1399,Common,false,false,false
4609,19.0956,1099931218019,401911,alpharewards,12,0,0,1307,0.477391,9.5478,ok,1307,0.477391,9.5478,ok,2500,1425,Common,false,false,false
4610,19.0956,1099938948377,401910,pepperstake,11,0,0,1307,0.477391,9.5478,ok,1307,0.477391,9.5478,ok,2500,1399,Common,false,false,false
4611,19.0796,1099931218020,401911,,12,0,0,1308,0.476991,9.5398,ok,1308,0.476991,9.5398,ok,2500,1425,Common,false,false,false
4612,19.0796,1099948980347,401910,pepperstake,11,0,0,1308,0.476991,9.5398,ok,1308,0.476991,9.5398,ok,2500,1399,Common,false,false,false
4613,19.0636,1099931218021,401911,,12,0,0,1309,0.476591,9.5318,ok,1309,0.476591,9.5318,ok,2500,1425,Common,false,false,false
4614,19.0636,1099948980348,401910,pepperstake,11,0,0,1309,0.476591,9.5318,ok,1309,0.476591,9.5318,ok,2500,1399,Common,false,false,false
4615,19.0476,1099931218022,401911,,12,0,0,1310,0.47619,9.5238,ok,1310,0.47619,9.5238,ok,2500,1425,Common,false,false,false
4616,19.0476,1099948980349,401910,pepperstake,11,0,0,1310,0.47619,9.5238,ok,1310,0.47619,9.5238,ok,2500,1399,Common,false,false,false
4617,19.0316,1099931218023,401911,alpharewards,12,0,0,1311,0.47579,9.5158,ok,1311,0.47579,9.5158,ok,2500,1425,Common,false,false,false
4618,19.0316,1099948980350,401910,pepperstake,11,0,0,1311,0.47579,9.5158,ok,1311,0.47579,9.5158,ok,2500,1399,Common,false,false,false
4619,19.0156,1099931218024,401911,,12,0,0,1312,0.47539,9.5078,ok,1312,0.47539,9.5078,ok,2500,1425,Common,false,false,false
4620,19.0156,1099948980351,401910,pepperstake,11,0,0,1312,0.47539,9.5078,ok,1312,0.47539,9.5078,ok,2500,1399,Common,false,false,false
4621,18.9996,1099931218025,401911,,12,0,0,1313,0.47499,9.4998,ok,1313,0.47499,9.4998,ok,2500,1425,Common,false,false,false
4622,18.9996,1099948980352,401910,pepperstake,11,0,0,1313,0.47499,9.4998,ok,1313,0.47499,9.4998,ok,2500,1399,Common,false,false,false
4623,18.9836,1099931218026,401911,,12,0,0,1314,0.47459,9.4918,ok,1314,0.47459,9.4918,ok,2500,1425,Common,false,false,false
4624,18.9836,1099948980353,401910,pepperstake,11,0,0,1314,0.47459,9.4918,ok,1314,0.47459,9.4918,ok,2500,1399,Common,false,false,false
4625,18.9676,1099931218027,401911,,12,0,0,1315,0.47419,9.4838,ok,1315,0.47419,9.4838,ok,2500,1425,Common,false,false,false
4626,18.9676,1099948980354,401910,pepperstake,11,0,0,1315,0.47419,9.4838,ok,1315,0.47419,9.4838,ok,2500,1399,Common,false,false,false
4627,18.9516,1099931218028,401911,,12,0,0,1316,0.47379,9.4758,ok,1316,0.47379,9.4758,ok,2500,1425,Common,false,false,false
4628,18.9516,1099948980355,401910,,11,0,0,1316,0.47379,9.4758,ok,1316,0.47379,9.4758,ok,2500,1399,Common,false,false,false
4629,18.9356,1099931218029,401911,pepperstake,12,0,0,1317,0.473389,9.4678,ok,1317,0.473389,9.4678,ok,2500,1425,Common,false,false,false
4630,18.9356,1099948980356,401910,,11,0,0,1317,0.473389,9.4678,ok,1317,0.473389,9.4678,ok,2500,1399,Common,false,false,false
4631,18.9196,1099931218030,401911,,12,0,0,1318,0.472989,9.4598,ok,1318,0.472989,9.4598,ok,2500,1425,Common,false,false,false
4632,18.9196,1099951327241,401910,,11,0,0,1318,0.472989,9.4598,ok,1318,0.472989,9.4598,ok,2500,1399,Common,false,false,false
4633,18.9036,1099931218031,401911,,12,0,0,1319,0.472589,9.4518,ok,1319,0.472589,9.4518,ok,2500,1425,Common,false,false,false
4634,18.9036,1099951327242,401910,,11,0,0,1319,0.472589,9.4518,ok,1319,0.472589,9.4518,ok,2500,1399,Common,false,false,false
4635,18.8876,1099931218032,401911,alpharewards,12,0,0,1320,0.472189,9.4438,ok,1320,0.472189,9.4438,ok,2500,1425,Common,false,false,false
4636,18.8876,1099951327255,401910,,11,0,0,1320,0.472189,9.4438,ok,1320,0.472189,9.4438,ok,2500,1399,Common,false,false,false
4637,18.8716,1099931405060,401911,pepperstake,12,0,0,1321,0.471789,9.4358,ok,1321,0.471789,9.4358,ok,2500,1425,Common,false,false,false
4638,18.8716,1099951327256,401910,,11,0,0,1321,0.471789,9.4358,ok,1321,0.471789,9.4358,ok,2500,1399,Common,false,false,false
4639,18.8556,1099931405203,401911,pepperstake,12,0,0,1322,0.471389,9.4278,ok,1322,0.471389,9.4278,ok,2500,1425,Common,false,false,false
4640,18.8556,1099951327257,401910,,11,0,0,1322,0.471389,9.4278,ok,1322,0.471389,9.4278,ok,2500,1399,Common,false,false,false
4641,18.8396,1099931691634,401911,pepperstake,12,0,0,1323,0.470988,9.4198,ok,1323,0.470988,9.4198,ok,2500,1425,Common,false,false,false
4642,18.8396,1099952419564,401910,nfiau.wam,11,0,0,1323,0.470988,9.4198,ok,1323,0.470988,9.4198,ok,2500,1399,Common,false,false,false
4643,18.8236,1099933813198,401911,,12,0,0,1324,0.470588,9.4118,ok,1324,0.470588,9.4118,ok,2500,1425,Common,false,false,false
4644,18.8236,1099952997410,401910,z2.di.wam,11,0,0,1324,0.470588,9.4118,ok,1324,0.470588,9.4118,ok,2500,1399,Common,false,false,false
4645,18.8076,1099933869275,401911,wdsra.wam,12,0,0,1325,0.470188,9.4038,ok,1325,0.470188,9.4038,ok,2500,1425,Common,false,false,false
4646,18.8076,1099961434879,401910,pepperstake,11,0,0,1325,0.470188,9.4038,ok,1325,0.470188,9.4038,ok,2500,1399,Common,false,false,false
4647,18.7916,1099934162062,401911,,12,0,0,1326,0.469788,9.3958,ok,1326,0.469788,9.3958,ok,2500,1425,Common,false,false,false
4648,18.7916,1099961434880,401910,pepperstake,11,0,0,1326,0.469788,9.3958,ok,1326,0.469788,9.3958,ok,2500,1399,Common,false,false,false
4649,18.7756,1099936449259,401911,,12,0,0,1327,0.469388,9.3878,ok,1327,0.469388,9.3878,ok,2500,1425,Common,false,false,false
4650,18.7756,1099961434881,401910,pepperstake,11,0,0,1327,0.469388,9.3878,ok,1327,0.469388,9.3878,ok,2500,1399,Common,false,false,false
4651,18.7596,1099936449260,401911,,12,0,0,1328,0.468988,9.3798,ok,1328,0.468988,9.3798,ok,2500,1425,Common,false,false,false
4652,18.7596,1099961434882,401910,pepperstake,11,0,0,1328,0.468988,9.3798,ok,1328,0.468988,9.3798,ok,2500,1399,Common,false,false,false
4653,18.7434,1099936449261,401911,,12,0,0,1329,0.468587,9.3717,ok,1329,0.468587,9.3717,ok,2500,1425,Common,false,false,false
4654,18.7434,1099961434883,401910,pepperstake,11,0,0,1329,0.468587,9.3717,ok,1329,0.468587,9.3717,ok,2500,1399,Common,false,false,false
4655,18.7274,1099936449262,401911,,12,0,0,1330,0.468187,9.3637,ok,1330,0.468187,9.3637,ok,2500,1425,Common,false,false,false
4656,18.7274,1099964564168,401910,pepperstake,11,0,0,1330,0.468187,9.3637,ok,1330,0.468187,9.3637,ok,2500,1399,Common,false,false,false
4657,18.7114,1099936449263,401911,,12,0,0,1331,0.467787,9.3557,ok,1331,0.467787,9.3557,ok,2500,1425,Common,false,false,false
4658,18.7114,1099964564169,401910,pepperstake,11,0,0,1331,0.467787,9.3557,ok,1331,0.467787,9.3557,ok,2500,1399,Common,false,false,false
4659,18.6954,1099938801427,401911,,12,0,0,1332,0.467387,9.3477,ok,1332,0.467387,9.3477,ok,2500,1425,Common,false,false,false
4660,18.6954,1099964564170,401910,pepperstake,11,0,0,1332,0.467387,9.3477,ok,1332,0.467387,9.3477,ok,2500,1399,Common,false,false,false
4661,18.6794,1099938801428,401911,,12,0,0,1333,0.466987,9.3397,ok,1333,0.466987,9.3397,ok,2500,1425,Common,false,false,false
4662,18.6794,1099970326097,401910,pepperstake,11,0,0,1333,0.466987,9.3397,ok,1333,0.466987,9.3397,ok,2500,1399,Common,false,false,false
4663,18.6634,1099938801429,401911,,12,0,0,1334,0.466587,9.3317,ok,1334,0.466587,9.3317,ok,2500,1425,Common,false,false,false
4664,18.6634,1099970326098,401910,pepperstake,11,0,0,1334,0.466587,9.3317,ok,1334,0.466587,9.3317,ok,2500,1399,Common,false,false,false
4665,18.6474,1099938801430,401911,,12,0,0,1335,0.466186,9.3237,ok,1335,0.466186,9.3237,ok,2500,1425,Common,false,false,false
4666,18.6474,1099970326099,401910,pepperstake,11,0,0,1335,0.466186,9.3237,ok,1335,0.466186,9.3237,ok,2500,1399,Common,false,false,false
4667,18.6314,1099938801431,401911,,12,0,0,1336,0.465786,9.3157,ok,1336,0.465786,9.3157,ok,2500,1425,Common,false,false,false
4668,18.6314,1099970326100,401910,pepperstake,11,0,0,1336,0.465786,9.3157,ok,1336,0.465786,9.3157,ok,2500,1399,Common,false,false,false
4669,18.6154,1099938801432,401911,,12,0,0,1337,0.465386,9.3077,ok,1337,0.465386,9.3077,ok,2500,1425,Common,false,false,false
4670,18.6154,1099970326101,401910,pepperstake,11,0,0,1337,0.465386,9.3077,ok,1337,0.465386,9.3077,ok,2500,1399,Common,false,false,false
4671,18.5994,1099938948363,401911,pepperstake,12,0,0,1338,0.464986,9.2997,ok,1338,0.464986,9.2997,ok,2500,1425,Common,false,false,false
4672,18.5994,1099970326102,401910,pepperstake,11,0,0,1338,0.464986,9.2997,ok,1338,0.464986,9.2997,ok,2500,1399,Common,false,false,false
4673,18.5834,1099938948364,401911,pepperstake,12,0,0,1339,0.464586,9.2917,ok,1339,0.464586,9.2917,ok,2500,1425,Common,false,false,false
4674,18.5834,1099970326103,401910,pepperstake,11,0,0,1339,0.464586,9.2917,ok,1339,0.464586,9.2917,ok,2500,1399,Common,false,false,false
4675,18.5674,1099938948365,401911,pepperstake,12,0,0,1340,0.464186,9.2837,ok,1340,0.464186,9.2837,ok,2500,1425,Common,false,false,false
4676,18.5674,1099970326104,401910,pepperstake,11,0,0,1340,0.464186,9.2837,ok,1340,0.464186,9.2837,ok,2500,1399,Common,false,false,false
4677,18.5514,1099938948366,401911,pepperstake,12,0,0,1341,0.463786,9.2757,ok,1341,0.463786,9.2757,ok,2500,1425,Common,false,false,false
4678,18.5514,1099970326105,401910,pepperstake,11,0,0,1341,0.463786,9.2757,ok,1341,0.463786,9.2757,ok,2500,1399,Common,false,false,false
4679,18.5354,1099938948367,401911,pepperstake,12,0,0,1342,0.463385,9.2677,ok,1342,0.463385,9.2677,ok,2500,1425,Common,false,false,false
4680,18.5354,1099970326106,401910,pepperstake,11,0,0,1342,0.463385,9.2677,ok,1342,0.463385,9.2677,ok,2500,1399,Common,false,false,false
4681,18.5194,1099938948368,401911,pepperstake,12,0,0,1343,0.462985,9.2597,ok,1343,0.462985,9.2597,ok,2500,1425,Common,false,false,false
4682,18.5194,1099970394087,401910,pepperstake,11,0,0,1343,0.462985,9.2597,ok,1343,0.462985,9.2597,ok,2500,1399,Common,false,false,false
4683,18.5034,1099939338633,401911,supergrinch1,12,0,0,1344,0.462585,9.2517,ok,1344,0.462585,9.2517,ok,2500,1425,Common,false,false,false
4684,18.5034,1099970394089,401910,pepperstake,11,0,0,1344,0.462585,9.2517,ok,1344,0.462585,9.2517,ok,2500,1399,Common,false,false,false
4685,18.4874,1099948980362,401911,,12,0,0,1345,0.462185,9.2437,ok,1345,0.462185,9.2437,ok,2500,1425,Common,false,false,false
4686,18.4874,1099970394092,401910,pepperstake,11,0,0,1345,0.462185,9.2437,ok,1345,0.462185,9.2437,ok,2500,1399,Common,false,false,false
4687,18.4714,1099948980363,401911,,12,0,0,1346,0.461785,9.2357,ok,1346,0.461785,9.2357,ok,2500,1425,Common,false,false,false
4688,18.4714,1099970394197,401910,pepperstake,11,0,0,1346,0.461785,9.2357,ok,1346,0.461785,9.2357,ok,2500,1399,Common,false,false,false
4689,18.4554,1099948980364,401911,,12,0,0,1347,0.461385,9.2277,ok,1347,0.461385,9.2277,ok,2500,1425,Common,false,false,false
4690,18.4554,1099970394198,401910,pepperstake,11,0,0,1347,0.461385,9.2277,ok,1347,0.461385,9.2277,ok,2500,1399,Common,false,false,false
4691,18.4394,1099948980365,401911,,12,0,0,1348,0.460984,9.2197,ok,1348,0.460984,9.2197,ok,2500,1425,Common,false,false,false
4692,18.4394,1099970394199,401910,pepperstake,11,0,0,1348,0.460984,9.2197,ok,1348,0.460984,9.2197,ok,2500,1399,Common,false,false,false
4693,18.4234,1099948980366,401911,,12,0,0,1349,0.460584,9.2117,ok,1349,0.460584,9.2117,ok,2500,1425,Common,false,false,false
4694,18.4234,1099970394200,401910,pepperstake,11,0,0,1349,0.460584,9.2117,ok,1349,0.460584,9.2117,ok,2500,1399,Common,false,false,false
4695,18.4074,1099948980367,401911,,12,0,0,1350,0.460184,9.2037,ok,1350,0.460184,9.2037,ok,2500,1425,Common,false,false,false
4696,18.4074,1099970394201,401910,pepperstake,11,0,0,1350,0.460184,9.2037,ok,1350,0.460184,9.2037,ok,2500,1399,Common,false,false,false
4697,18.3914,1099948980368,401911,,12,0,0,1351,0.459784,9.1957,ok,1351,0.459784,9.1957,ok,2500,1425,Common,false,false,false
4698,18.3914,1099970394202,401910,pepperstake,11,0,0,1351,0.459784,9.1957,ok,1351,0.459784,9.1957,ok,2500,1399,Common,false,false,false
4699,18.3754,1099948980369,401911,,12,0,0,1352,0.459384,9.1877,ok,1352,0.459384,9.1877,ok,2500,1425,Common,false,false,false
4700,18.3754,1099970394203,401910,pepperstake,11,0,0,1352,0.459384,9.1877,ok,1352,0.459384,9.1877,ok,2500,1399,Common,false,false,false
4701,18.3594,1099948980370,401911,,12,0,0,1353,0.458984,9.1797,ok,1353,0.458984,9.1797,ok,2500,1425,Common,false,false,false
4702,18.3594,1099970394204,401910,pepperstake,11,0,0,1353,0.458984,9.1797,ok,1353,0.458984,9.1797,ok,2500,1399,Common,false,false,false
4703,18.3434,1099948980371,401911,,12,0,0,1354,0.458583,9.1717,ok,1354,0.458583,9.1717,ok,2500,1425,Common,false,false,false
4704,18.3434,1099970394205,401910,pepperstake,11,0,0,1354,0.458583,9.1717,ok,1354,0.458583,9.1717,ok,2500,1399,Common,false,false,false
4705,18.3274,1099951327274,401911,,12,0,0,1355,0.458183,9.1637,ok,1355,0.458183,9.1637,ok,2500,1425,Common,false,false,false
4706,18.3274,1099970394206,401910,pepperstake,11,0,0,1355,0.458183,9.1637,ok,1355,0.458183,9.1637,ok,2500,1399,Common,false,false,false
4707,18.3114,1099951327275,401911,,12,0,0,1356,0.457783,9.1557,ok,1356,0.457783,9.1557,ok,2500,1425,Common,false,false,false
4708,18.3114,1099973004727,401910,,11,0,0,1356,0.457783,9.1557,ok,1356,0.457783,9.1557,ok,2500,1399,Common,false,false,false
4709,18.2954,1099952419583,401911,nfiau.wam,12,0,0,1357,0.457383,9.1477,ok,1357,0.457383,9.1477,ok,2500,1425,Common,false,false,false
4710,18.2954,1099973004728,401910,,11,0,0,1357,0.457383,9.1477,ok,1357,0.457383,9.1477,ok,2500,1399,Common,false,false,false
4711,18.2794,1099952997399,401911,z2.di.wam,12,0,0,1358,0.456983,9.1397,ok,1358,0.456983,9.1397,ok,2500,1425,Common,false,false,false
4712,18.2794,1099973004729,401910,,11,0,0,1358,0.456983,9.1397,ok,1358,0.456983,9.1397,ok,2500,1399,Common,false,false,false
4713,18.2634,1099961434893,401911,pepperstake,12,0,0,1359,0.456583,9.1317,ok,1359,0.456583,9.1317,ok,2500,1425,Common,false,false,false
4714,18.2634,1099973004730,401910,,11,0,0,1359,0.456583,9.1317,ok,1359,0.456583,9.1317,ok,2500,1399,Common,false,false,false
4715,18.2472,1099961434894,401911,pepperstake,12,0,0,1360,0.456182,9.1236,ok,1360,0.456182,9.1236,ok,2500,1425,Common,false,false,false
4716,18.2472,1099973004731,401910,,11,0,0,1360,0.456182,9.1236,ok,1360,0.456182,9.1236,ok,2500,1399,Common,false,false,false
4717,18.2312,1099961434895,401911,pepperstake,12,0,0,1361,0.455782,9.1156,ok,1361,0.455782,9.1156,ok,2500,1425,Common,false,false,false
4718,18.2312,1099973004732,401910,,11,0,0,1361,0.455782,9.1156,ok,1361,0.455782,9.1156,ok,2500,1399,Common,false,false,false
4719,18.2152,1099961434896,401911,pepperstake,12,0,0,1362,0.455382,9.1076,ok,1362,0.455382,9.1076,ok,2500,1425,Common,false,false,false
4720,18.2152,1099973004733,401910,,11,0,0,1362,0.455382,9.1076,ok,1362,0.455382,9.1076,ok,2500,1399,Common,false,false,false
4721,18.1992,1099961434897,401911,,12,0,0,1363,0.454982,9.0996,ok,1363,0.454982,9.0996,ok,2500,1425,Common,false,false,false
4722,18.1992,1099973004734,401910,,11,0,0,1363,0.454982,9.0996,ok,1363,0.454982,9.0996,ok,2500,1399,Common,false,false,false
4723,18.1832,1099964564200,401911,pepperstake,12,0,0,1364,0.454582,9.0916,ok,1364,0.454582,9.0916,ok,2500,1425,Common,false,false,false
4724,18.1832,1099973004735,401910,,11,0,0,1364,0.454582,9.0916,ok,1364,0.454582,9.0916,ok,2500,1399,Common,false,false,false
4725,18.1672,1099964564201,401911,pepperstake,12,0,0,1365,0.454182,9.0836,ok,1365,0.454182,9.0836,ok,2500,1425,Common,false,false,false
4726,18.1672,1099973004736,401910,,11,0,0,1365,0.454182,9.0836,ok,1365,0.454182,9.0836,ok,2500,1399,Common,false,false,false
4727,18.1512,1099964564202,401911,pepperstake,12,0,0,1366,0.453782,9.0756,ok,1366,0.453782,9.0756,ok,2500,1425,Common,false,false,false
4728,18.1512,1099973004737,401910,,11,0,0,1366,0.453782,9.0756,ok,1366,0.453782,9.0756,ok,2500,1399,Common,false,false,false
4729,18.1352,1099970074040,401911,pepperstake,12,0,0,1367,0.453381,9.0676,ok,1367,0.453381,9.0676,ok,2500,1425,Common,false,false,false
4730,18.1352,1099973004738,401910,,11,0,0,1367,0.453381,9.0676,ok,1367,0.453381,9.0676,ok,2500,1399,Common,false,false,false
4731,18.1192,1099970074041,401911,pepperstake,12,0,0,1368,0.452981,9.0596,ok,1368,0.452981,9.0596,ok,2500,1425,Common,false,false,false
4732,18.1192,1099973134954,401910,,11,0,0,1368,0.452981,9.0596,ok,1368,0.452981,9.0596,ok,2500,1399,Common,false,false,false
4733,18.1032,1099970074042,401911,pepperstake,12,0,0,1369,0.452581,9.0516,ok,1369,0.452581,9.0516,ok,2500,1425,Common,false,false,false
4734,18.1032,1099973134955,401910,,11,0,0,1369,0.452581,9.0516,ok,1369,0.452581,9.0516,ok,2500,1399,Common,false,false,false
4735,18.0872,1099970074043,401911,pepperstake,12,0,0,1370,0.452181,9.0436,ok,1370,0.452181,9.0436,ok,2500,1425,Common,false,false,false
4736,18.0872,1099973207025,401910,pepperstake,11,0,0,1370,0.452181,9.0436,ok,1370,0.452181,9.0436,ok,2500,1399,Common,false,false,false
4737,18.0712,1099970074044,401911,pepperstake,12,0,0,1371,0.451781,9.0356,ok,1371,0.451781,9.0356,ok,2500,1425,Common,false,false,false
4738,18.0712,1099973207026,401910,pepperstake,11,0,0,1371,0.451781,9.0356,ok,1371,0.451781,9.0356,ok,2500,1399,Common,false,false,false
4739,18.0552,1099970074045,401911,pepperstake,12,0,0,1372,0.451381,9.0276,ok,1372,0.451381,9.0276,ok,2500,1425,Common,false,false,false
4740,18.0552,1099973207027,401910,pepperstake,11,0,0,1372,0.451381,9.0276,ok,1372,0.451381,9.0276,ok,2500,1399,Common,false,false,false
4741,18.0392,1099970074046,401911,pepperstake,12,0,0,1373,0.45098,9.0196,ok,1373,0.45098,9.0196,ok,2500,1425,Common,false,false,false
4742,18.0392,1099973207028,401910,pepperstake,11,0,0,1373,0.45098,9.0196,ok,1373,0.45098,9.0196,ok,2500,1399,Common,false,false,false
4743,18.0232,1099970074047,401911,pepperstake,12,0,0,1374,0.45058,9.0116,ok,1374,0.45058,9.0116,ok,2500,1425,Common,false,false,false
4744,18.0232,1099973207029,401910,pepperstake,11,0,0,1374,0.45058,9.0116,ok,1374,0.45058,9.0116,ok,2500,1399,Common,false,false,false
4745,18.0072,1099970074048,401911,pepperstake,12,0,0,1375,0.45018,9.0036,ok,1375,0.45018,9.0036,ok,2500,1425,Common,false,false,false
4746,18.0072,1099973207030,401910,pepperstake,11,0,0,1375,0.45018,9.0036,ok,1375,0.45018,9.0036,ok,2500,1399,Common,false,false,false
4747,17.9912,1099970074049,401911,pepperstake,12,0,0,1376,0.44978,8.9956,ok,1376,0.44978,8.9956,ok,2500,1425,Common,false,false,false
4748,17.9912,1099973207031,401910,i5d52.c.wam,11,0,0,1376,0.44978,8.9956,ok,1376,0.44978,8.9956,ok,2500,1399,Common,false,false,false
4749,17.9752,1099970074050,401911,yoitscharlie,12,0,0,1377,0.44938,8.9876,ok,1377,0.44938,8.9876,ok,2500,1425,Common,false,false,false
4750,17.9752,1099973207032,401910,i5d52.c.wam,11,0,0,1377,0.44938,8.9876,ok,1377,0.44938,8.9876,ok,2500,1399,Common,false,false,false
4751,17.9592,1099970074051,401911,pepperstake,12,0,0,1378,0.44898,8.9796,ok,1378,0.44898,8.9796,ok,2500,1425,Common,false,false,false
4752,17.9592,1099973207033,401910,i5d52.c.wam,11,0,0,1378,0.44898,8.9796,ok,1378,0.44898,8.9796,ok,2500,1399,Common,false,false,false
4753,17.9432,1099970074052,401911,pepperstake,12,0,0,1379,0.448579,8.9716,ok,1379,0.448579,8.9716,ok,2500,1425,Common,false,false,false
4754,17.9432,1099973207034,401910,,11,0,0,1379,0.448579,8.9716,ok,1379,0.448579,8.9716,ok,2500,1399,Common,false,false,false
4755,17.9272,1099970074053,401911,yoitscharlie,12,0,0,1380,0.448179,8.9636,ok,1380,0.448179,8.9636,ok,2500,1425,Common,false,false,false
4756,17.9272,1099973207456,401910,i5d52.c.wam,11,0,0,1380,0.448179,8.9636,ok,1380,0.448179,8.9636,ok,2500,1399,Common,false,false,false
4757,17.9112,1099970074054,401911,pepperstake,12,0,0,1381,0.447779,8.9556,ok,1381,0.447779,8.9556,ok,2500,1425,Common,false,false,false
4758,17.9112,1099973207457,401910,i5d52.c.wam,11,0,0,1381,0.447779,8.9556,ok,1381,0.447779,8.9556,ok,2500,1399,Common,false,false,false
4759,17.8952,1099970074055,401911,pepperstake,12,0,0,1382,0.447379,8.9476,ok,1382,0.447379,8.9476,ok,2500,1425,Common,false,false,false
4760,17.8952,1099973207458,401910,i5d52.c.wam,11,0,0,1382,0.447379,8.9476,ok,1382,0.447379,8.9476,ok,2500,1399,Common,false,false,false
4761,17.8792,1099970074056,401911,pepperstake,12,0,0,1383,0.446979,8.9396,ok,1383,0.446979,8.9396,ok,2500,1425,Common,false,false,false
4762,17.8792,1099973207459,401910,i5d52.c.wam,11,0,0,1383,0.446979,8.9396,ok,1383,0.446979,8.9396,ok,2500,1399,Common,false,false,false
4763,17.8632,1099970074057,401911,pepperstake,12,0,0,1384,0.446579,8.9316,ok,1384,0.446579,8.9316,ok,2500,1425,Common,false,false,false
4764,17.8632,1099973207460,401910,i5d52.c.wam,11,0,0,1384,0.446579,8.9316,ok,1384,0.446579,8.9316,ok,2500,1399,Common,false,false,false
4765,17.8472,1099970074058,401911,pepperstake,12,0,0,1385,0.446178,8.9236,ok,1385,0.446178,8.9236,ok,2500,1425,Common,false,false,false
4766,17.8472,1099973207461,401910,i5d52.c.wam,11,0,0,1385,0.446178,8.9236,ok,1385,0.446178,8.9236,ok,2500,1399,Common,false,false,false
4767,17.8312,1099970074059,401911,pepperstake,12,0,0,1386,0.445778,8.9156,ok,1386,0.445778,8.9156,ok,2500,1425,Common,false,false,false
4768,17.8312,1099973207462,401910,i5d52.c.wam,11,0,0,1386,0.445778,8.9156,ok,1386,0.445778,8.9156,ok,2500,1399,Common,false,false,false
4769,17.8152,1099970325766,401911,pepperstake,12,0,0,1387,0.445378,8.9076,ok,1387,0.445378,8.9076,ok,2500,1425,Common,false,false,false
4770,17.8152,1099973207463,401910,i5d52.c.wam,11,0,0,1387,0.445378,8.9076,ok,1387,0.445378,8.9076,ok,2500,1399,Common,false,false,false
4771,17.7992,1099970325767,401911,pepperstake,12,0,0,1388,0.444978,8.8996,ok,1388,0.444978,8.8996,ok,2500,1425,Common,false,false,false
4772,17.7992,1099973207464,401910,i5d52.c.wam,11,0,0,1388,0.444978,8.8996,ok,1388,0.444978,8.8996,ok,2500,1399,Common,false,false,false
4773,17.7832,1099970325768,401911,pepperstake,12,0,0,1389,0.444578,8.8916,ok,1389,0.444578,8.8916,ok,2500,1425,Common,false,false,false
4774,17.7832,1099973207465,401910,i5d52.c.wam,11,0,0,1389,0.444578,8.8916,ok,1389,0.444578,8.8916,ok,2500,1399,Common,false,false,false
4775,17.7672,1099970325769,401911,pepperstake,12,0,0,1390,0.444178,8.8836,ok,1390,0.444178,8.8836,ok,2500,1425,Common,false,false,false
4776,17.7672,1099973207478,401910,i5d52.c.wam,11,0,0,1390,0.444178,8.8836,ok,1390,0.444178,8.8836,ok,2500,1399,Common,false,false,false
4777,17.7512,1099970325770,401911,pepperstake,12,0,0,1391,0.443778,8.8756,ok,1391,0.443778,8.8756,ok,2500,1425,Common,false,false,false
4778,17.7512,1099973207479,401910,i5d52.c.wam,11,0,0,1391,0.443778,8.8756,ok,1391,0.443778,8.8756,ok,2500,1399,Common,false,false,false
4779,17.735,1099970325771,401911,pepperstake,12,0,0,1392,0.443377,8.8675,ok,1392,0.443377,8.8675,ok,2500,1425,Common,false,false,false
4780,17.735,1099973207480,401910,i5d52.c.wam,11,0,0,1392,0.443377,8.8675,ok,1392,0.443377,8.8675,ok,2500,1399,Common,false,false,false
4781,17.719,1099970325772,401911,pepperstake,12,0,0,1393,0.442977,8.8595,ok,1393,0.442977,8.8595,ok,2500,1425,Common,false,false,false
4782,17.719,1099973207481,401910,i5d52.c.wam,11,0,0,1393,0.442977,8.8595,ok,1393,0.442977,8.8595,ok,2500,1399,Common,false,false,false
4783,17.703,1099970325773,401911,pepperstake,12,0,0,1394,0.442577,8.8515,ok,1394,0.442577,8.8515,ok,2500,1425,Common,false,false,false
4784,17.703,1099973207482,401910,i5d52.c.wam,11,0,0,1394,0.442577,8.8515,ok,1394,0.442577,8.8515,ok,2500,1399,Common,false,false,false
4785,17.687,1099970325774,401911,pepperstake,12,0,0,1395,0.442177,8.8435,ok,1395,0.442177,8.8435,ok,2500,1425,Common,false,false,false
4786,17.687,1099973207483,401910,i5d52.c.wam,11,0,0,1395,0.442177,8.8435,ok,1395,0.442177,8.8435,ok,2500,1399,Common,false,false,false
4787,17.671,1099970325775,401911,pepperstake,12,0,0,1396,0.441777,8.8355,ok,1396,0.441777,8.8355,ok,2500,1425,Common,false,false,false
4788,17.671,1099973207484,401910,i5d52.c.wam,11,0,0,1396,0.441777,8.8355,ok,1396,0.441777,8.8355,ok,2500,1399,Common,false,false,false
4789,17.655,1099970325776,401911,pepperstake,12,0,0,1397,0.441377,8.8275,ok,1397,0.441377,8.8275,ok,2500,1425,Common,false,false,false
4790,17.655,1099973207485,401910,,11,0,0,1397,0.441377,8.8275,ok,1397,0.441377,8.8275,ok,2500,1399,Common,false,false,false
4791,17.639,1099970325777,401911,pepperstake,12,0,0,1398,0.440976,8.8195,ok,1398,0.440976,8.8195,ok,2500,1425,Common,false,false,false
4792,17.639,1099973207486,401910,,11,0,0,1398,0.440976,8.8195,ok,1398,0.440976,8.8195,ok,2500,1399,Common,false,false,false
4793,17.623,1099970325778,401911,pepperstake,12,0,0,1399,0.440576,8.8115,ok,1399,0.440576,8.8115,ok,2500,1425,Common,false,false,false
4794,17.623,1099973207487,401910,,11,0,0,1399,0.440576,8.8115,ok,1399,0.440576,8.8115,ok,2500,1399,Common,false,false,false
4795,17.607,1099970325779,401911,pepperstake,12,0,0,1400,0.440176,8.8035,ok,1400,0.440176,8.8035,ok,2500,1425,Common,false,false,false
4796,17.607,1099997873591,401910,yoitscharlie,11,0,0,1400,0.440176,8.8035,ok,1400,0.440176,8.8035,ok,2500,1399,Common,false,false,false
4797,17.591,1099970325780,401911,yoitscharlie,12,0,0,1401,0.439776,8.7955,ok,1401,0.439776,8.7955,ok,2500,1425,Common,false,false,false
4798,17.591,1099997873592,401910,yoitscharlie,11,0,0,1401,0.439776,8.7955,ok,1401,0.439776,8.7955,ok,2500,1399,Common,false,false,false
4799,17.575,1099971509255,401911,pepperstake,12,0,0,1402,0.439376,8.7875,ok,1402,0.439376,8.7875,ok,2500,1425,Common,false,false,false
4800,17.575,1099997873593,401910,yoitscharlie,11,0,0,1402,0.439376,8.7875,ok,1402,0.439376,8.7875,ok,2500,1399,Common,false,false,false
4801,17.559,1099971509256,401911,pepperstake,12,0,0,1403,0.438976,8.7795,ok,1403,0.438976,8.7795,ok,2500,1425,Common,false,false,false
4802,17.559,1099997873594,401910,yoitscharlie,11,0,0,1403,0.438976,8.7795,ok,1403,0.438976,8.7795,ok,2500,1399,Common,false,false,false
4803,17.543,1099971509257,401911,pepperstake,12,0,0,1404,0.438575,8.7715,ok,1404,0.438575,8.7715,ok,2500,1425,Common,false,false,false
4804,17.543,1099997873595,401910,yoitscharlie,11,0,0,1404,0.438575,8.7715,ok,1404,0.438575,8.7715,ok,2500,1399,Common,false,false,false
4805,17.527,1099971509258,401911,pepperstake,12,0,0,1405,0.438175,8.7635,ok,1405,0.438175,8.7635,ok,2500,1425,Common,false,false,false
4806,17.527,1099997873596,401910,yoitscharlie,11,0,0,1405,0.438175,8.7635,ok,1405,0.438175,8.7635,ok,2500,1399,Common,false,false,false
4807,17.511,1099971509259,401911,pepperstake,12,0,0,1406,0.437775,8.7555,ok,1406,0.437775,8.7555,ok,2500,1425,Common,false,false,false
4808,17.511,1099997873597,401910,yoitscharlie,11,0,0,1406,0.437775,8.7555,ok,1406,0.437775,8.7555,ok,2500,1399,Common,false,false,false
4809,17.495,1099971509260,401911,pepperstake,12,0,0,1407,0.437375,8.7475,ok,1407,0.437375,8.7475,ok,2500,1425,Common,false,false,false
4810,17.495,1099997873598,401910,yoitscharlie,11,0,0,1407,0.437375,8.7475,ok,1407,0.437375,8.7475,ok,2500,1399,Common,false,false,false
4811,17.479,1099971509261,401911,pepperstake,12,0,0,1408,0.436975,8.7395,ok,1408,0.436975,8.7395,ok,2500,1425,Common,false,false,false
4812,17.479,1099997873599,401910,yoitscharlie,11,0,0,1408,0.436975,8.7395,ok,1408,0.436975,8.7395,ok,2500,1399,Common,false,false,false
4813,17.463,1099971509262,401911,pepperstake,12,0,0,1409,0.436575,8.7315,ok,1409,0.436575,8.7315,ok,2500,1425,Common,false,false,false
4814,17.463,1099997873600,401910,yoitscharlie,11,0,0,1409,0.436575,8.7315,ok,1409,0.436575,8.7315,ok,2500,1399,Common,false,false,false
4815,17.447,1099971509263,401911,pepperstake,12,0,0,1410,0.436174,8.7235,ok,1410,0.436174,8.7235,ok,2500,1425,Common,false,false,false
4816,17.447,1099997873601,401910,yoitscharlie,11,0,0,1410,0.436174,8.7235,ok,1410,0.436174,8.7235,ok,2500,1399,Common,false,false,false
4817,17.431,1099971509264,401911,pepperstake,12,0,0,1411,0.435774,8.7155,ok,1411,0.435774,8.7155,ok,2500,1425,Common,false,false,false
4818,17.431,1099997873602,401910,yoitscharlie,11,0,0,1411,0.435774,8.7155,ok,1411,0.435774,8.7155,ok,2500,1399,Common,false,false,false
4819,17.415,1099973004812,401911,,12,0,0,1412,0.435374,8.7075,ok,1412,0.435374,8.7075,ok,2500,1425,Common,false,false,false
4820,17.415,1099997873603,401910,yoitscharlie,11,0,0,1412,0.435374,8.7075,ok,1412,0.435374,8.7075,ok,2500,1399,Common,false,false,false
4821,17.399,1099973006159,401911,,12,0,0,1413,0.434974,8.6995,ok,1413,0.434974,8.6995,ok,2500,1425,Common,false,false,false
4822,17.399,1099997873604,401910,yoitscharlie,11,0,0,1413,0.434974,8.6995,ok,1413,0.434974,8.6995,ok,2500,1399,Common,false,false,false
4823,17.383,1099973006642,401911,,12,0,0,1414,0.434574,8.6915,ok,1414,0.434574,8.6915,ok,2500,1425,Common,false,false,false
4824,17.383,1099997873605,401910,yoitscharlie,11,0,0,1414,0.434574,8.6915,ok,1414,0.434574,8.6915,ok,2500,1399,Common,false,false,false
4825,17.367,1099973010580,401911,,12,0,0,1415,0.434174,8.6835,ok,1415,0.434174,8.6835,ok,2500,1425,Common,false,false,false
4826,17.367,1099997873606,401910,yoitscharlie,11,0,0,1415,0.434174,8.6835,ok,1415,0.434174,8.6835,ok,2500,1399,Common,false,false,false
4827,17.351,1099973010635,401911,,12,0,0,1416,0.433774,8.6755,ok,1416,0.433774,8.6755,ok,2500,1425,Common,false,false,false
4828,17.351,1099997873607,401910,yoitscharlie,11,0,0,1416,0.433774,8.6755,ok,1416,0.433774,8.6755,ok,2500,1399,Common,false,false,false
4829,17.335,1099973030200,401911,,12,0,0,1417,0.433373,8.6675,ok,1417,0.433373,8.6675,ok,2500,1425,Common,false,false,false
4830,17.335,1099997873608,401910,yoitscharlie,11,0,0,1417,0.433373,8.6675,ok,1417,0.433373,8.6675,ok,2500,1399,Common,false,false,false
4831,17.319,1099973030201,401911,,12,0,0,1418,0.432973,8.6595,ok,1418,0.432973,8.6595,ok,2500,1425,Common,false,false,false
4832,17.319,1099997873609,401910,yoitscharlie,11,0,0,1418,0.432973,8.6595,ok,1418,0.432973,8.6595,ok,2500,1399,Common,false,false,false
4833,17.303,1099973134968,401911,,12,0,0,1419,0.432573,8.6515,ok,1419,0.432573,8.6515,ok,2500,1425,Common,false,false,false
4834,17.303,1099997873610,401910,yoitscharlie,11,0,0,1419,0.432573,8.6515,ok,1419,0.432573,8.6515,ok,2500,1399,Common,false,false,false
4835,17.287,1099973136205,401911,,12,0,0,1420,0.432173,8.6435,ok,1420,0.432173,8.6435,ok,2500,1425,Common,false,false,false
4836,17.287,1099997873611,401910,yoitscharlie,11,0,0,1420,0.432173,8.6435,ok,1420,0.432173,8.6435,ok,2500,1399,Common,false,false,false
4837,17.271,1099973207053,401911,i5d52.c.wam,12,0,0,1421,0.431773,8.6355,ok,1421,0.431773,8.6355,ok,2500,1425,Common,false,false,false
4838,17.271,1099997873612,401910,yoitscharlie,11,0,0,1421,0.431773,8.6355,ok,1421,0.431773,8.6355,ok,2500,1399,Common,false,false,false
4839,17.255,1099973207054,401911,,12,0,0,1422,0.431373,8.6275,ok,1422,0.431373,8.6275,ok,2500,1425,Common,false,false,false
4840,17.255,1099997873613,401910,yoitscharlie,11,0,0,1422,0.431373,8.6275,ok,1422,0.431373,8.6275,ok,2500,1399,Common,false,false,false
4841,17.2388,1099974669380,401911,i5d52.c.wam,12,0,0,1423,0.430972,8.6194,ok,1423,0.430972,8.6194,ok,2500,1425,Common,false,false,false
4842,17.2388,1099997873614,401910,yoitscharlie,11,0,0,1423,0.430972,8.6194,ok,1423,0.430972,8.6194,ok,2500,1399,Common,false,false,false
4843,17.2228,1099974669473,401911,i5d52.c.wam,12,0,0,1424,0.430572,8.6114,ok,1424,0.430572,8.6114,ok,2500,1425,Common,false,false,false
4844,17.2228,1099997873615,401910,yoitscharlie,11,0,0,1424,0.430572,8.6114,ok,1424,0.430572,8.6114,ok,2500,1399,Common,false,false,false
4845,17.2068,1099974669576,401911,i5d52.c.wam,12,0,0,1425,0.430172,8.6034,ok,1425,0.430172,8.6034,ok,2500,1425,Common,false,false,false
4846,17.2068,1099997873616,401910,yoitscharlie,11,0,0,1425,0.430172,8.6034,ok,1425,0.430172,8.6034,ok,2500,1399,Common,false,false,false
4847,17.1908,1099997873617,401910,yoitscharlie,11,0,0,1426,0.429772,8.5954,ok,1426,0.429772,8.5954,ok,2500,1399,Common,false,false,false
4848,17.1908,1099997873713,401911,yoitscharlie,12,0,0,1426,0.429772,8.5954,ok,1426,0.429772,8.5954,ok,2500,1425,Common,false,false,false
4849,17.1748,1099997873618,401910,yoitscharlie,11,0,0,1427,0.429372,8.5874,ok,1427,0.429372,8.5874,ok,2500,1399,Common,false,false,false
4850,17.1748,1099997873714,401911,yoitscharlie,12,0,0,1427,0.429372,8.5874,ok,1427,0.429372,8.5874,ok,2500,1425,Common,false,false,false
4851,17.1588,1099997873619,401910,yoitscharlie,11,0,0,1428,0.428972,8.5794,ok,1428,0.428972,8.5794,ok,2500,1399,Common,false,false,false
4852,17.1588,1099997873715,401911,yoitscharlie,12,0,0,1428,0.428972,8.5794,ok,1428,0.428972,8.5794,ok,2500,1425,Common,false,false,false
4853,17.1428,1099997873620,401910,yoitscharlie,11,0,0,1429,0.428571,8.5714,ok,1429,0.428571,8.5714,ok,2500,1399,Common,false,false,false
4854,17.1428,1099997873716,401911,yoitscharlie,12,0,0,1429,0.428571,8.5714,ok,1429,0.428571,8.5714,ok,2500,1425,Common,false,false,false
4855,17.1268,1099997873621,401910,yoitscharlie,11,0,0,1430,0.428171,8.5634,ok,1430,0.428171,8.5634,ok,2500,1399,Common,false,false,false
4856,17.1268,1099997873717,401911,yoitscharlie,12,0,0,1430,0.428171,8.5634,ok,1430,0.428171,8.5634,ok,2500,1425,Common,false,false,false
4857,17.1108,1099997873622,401910,yoitscharlie,11,0,0,1431,0.427771,8.5554,ok,1431,0.427771,8.5554,ok,2500,1399,Common,false,false,false
4858,17.1108,1099997873718,401911,yoitscharlie,12,0,0,1431,0.427771,8.5554,ok,1431,0.427771,8.5554,ok,2500,1425,Common,false,false,false
4859,17.0948,1099997873623,401910,yoitscharlie,11,0,0,1432,0.427371,8.5474,ok,1432,0.427371,8.5474,ok,2500,1399,Common,false,false,false
4860,17.0948,1099997873719,401911,yoitscharlie,12,0,0,1432,0.427371,8.5474,ok,1432,0.427371,8.5474,ok,2500,1425,Common,false,false,false
4861,17.0788,1099997873624,401910,yoitscharlie,11,0,0,1433,0.426971,8.5394,ok,1433,0.426971,8.5394,ok,2500,1399,Common,false,false,false
4862,17.0788,1099997873720,401911,yoitscharlie,12,0,0,1433,0.426971,8.5394,ok,1433,0.426971,8.5394,ok,2500,1425,Common,false,false,false
4863,17.0628,1099997873625,401910,yoitscharlie,11,0,0,1434,0.426571,8.5314,ok,1434,0.426571,8.5314,ok,2500,1399,Common,false,false,false
4864,17.0628,1099997873721,401911,yoitscharlie,12,0,0,1434,0.426571,8.5314,ok,1434,0.426571,8.5314,ok,2500,1425,Common,false,false,false
4865,17.0468,1099997873626,401910,yoitscharlie,11,0,0,1435,0.42617,8.5234,ok,1435,0.42617,8.5234,ok,2500,1399,Common,false,false,false
4866,17.0468,1099997873722,401911,yoitscharlie,12,0,0,1435,0.42617,8.5234,ok,1435,0.42617,8.5234,ok,2500,1425,Common,false,false,false
4867,17.0308,1099997873627,401910,yoitscharlie,11,0,0,1436,0.42577,8.5154,ok,1436,0.42577,8.5154,ok,2500,1399,Common,false,false,false
4868,17.0308,1099997873723,401911,yoitscharlie,12,0,0,1436,0.42577,8.5154,ok,1436,0.42577,8.5154,ok,2500,1425,Common,false,false,false
4869,17.0148,1099997873628,401910,yoitscharlie,11,0,0,1437,0.42537,8.5074,ok,1437,0.42537,8.5074,ok,2500,1399,Common,false,false,false
4870,17.0148,1099997873724,401911,yoitscharlie,12,0,0,1437,0.42537,8.5074,ok,1437,0.42537,8.5074,ok,2500,1425,Common,false,false,false
4871,16.9988,1099997873629,401910,yoitscharlie,11,0,0,1438,0.42497,8.4994,ok,1438,0.42497,8.4994,ok,2500,1399,Common,false,false,false
4872,16.9988,1099997873725,401911,yoitscharlie,12,0,0,1438,0.42497,8.4994,ok,1438,0.42497,8.4994,ok,2500,1425,Common,false,false,false
4873,16.9828,1099997873630,401910,yoitscharlie,11,0,0,1439,0.42457,8.4914,ok,1439,0.42457,8.4914,ok,2500,1399,Common,false,false,false
4874,16.9828,1099997873726,401911,yoitscharlie,12,0,0,1439,0.42457,8.4914,ok,1439,0.42457,8.4914,ok,2500,1425,Common,false,false,false
4875,16.9668,1099997873631,401910,yoitscharlie,11,0,0,1440,0.42417,8.4834,ok,1440,0.42417,8.4834,ok,2500,1399,Common,false,false,false
4876,16.9668,1099997873727,401911,yoitscharlie,12,0,0,1440,0.42417,8.4834,ok,1440,0.42417,8.4834,ok,2500,1425,Common,false,false,false
4877,16.9508,1099997873632,401910,yoitscharlie,11,0,0,1441,0.42377,8.4754,ok,1441,0.42377,8.4754,ok,2500,1399,Common,false,false,false
4878,16.9508,1099997873728,401911,yoitscharlie,12,0,0,1441,0.42377,8.4754,ok,1441,0.42377,8.4754,ok,2500,1425,Common,false,false,false
4879,16.9348,1099997873633,401910,yoitscharlie,11,0,0,1442,0.423369,8.4674,ok,1442,0.423369,8.4674,ok,2500,1399,Common,false,false,false
4880,16.9348,1099997873729,401911,yoitscharlie,12,0,0,1442,0.423369,8.4674,ok,1442,0.423369,8.4674,ok,2500,1425,Common,false,false,false
4881,16.9188,1099997873634,401910,yoitscharlie,11,0,0,1443,0.422969,8.4594,ok,1443,0.422969,8.4594,ok,2500,1399,Common,false,false,false
4882,16.9188,1099997873730,401911,yoitscharlie,12,0,0,1443,0.422969,8.4594,ok,1443,0.422969,8.4594,ok,2500,1425,Common,false,false,false
4883,16.9028,1099997873635,401910,yoitscharlie,11,0,0,1444,0.422569,8.4514,ok,1444,0.422569,8.4514,ok,2500,1399,Common,false,false,false
4884,16.9028,1099997873731,401911,yoitscharlie,12,0,0,1444,0.422569,8.4514,ok,1444,0.422569,8.4514,ok,2500,1425,Common,false,false,false
4885,16.8868,1099997873636,401910,yoitscharlie,11,0,0,1445,0.422169,8.4434,ok,1445,0.422169,8.4434,ok,2500,1399,Common,false,false,false
4886,16.8868,1099997873732,401911,yoitscharlie,12,0,0,1445,0.422169,8.4434,ok,1445,0.422169,8.4434,ok,2500,1425,Common,false,false,false
4887,16.8708,1099997873637,401910,yoitscharlie,11,0,0,1446,0.421769,8.4354,ok,1446,0.421769,8.4354,ok,2500,1399,Common,false,false,false
4888,16.8708,1099997873733,401911,yoitscharlie,12,0,0,1446,0.421769,8.4354,ok,1446,0.421769,8.4354,ok,2500,1425,Common,false,false,false
4889,16.8548,1099997873638,401910,yoitscharlie,11,0,0,1447,0.421369,8.4274,ok,1447,0.421369,8.4274,ok,2500,1399,Common,false,false,false
4890,16.8548,1099997873734,401911,yoitscharlie,12,0,0,1447,0.421369,8.4274,ok,1447,0.421369,8.4274,ok,2500,1425,Common,false,false,false
4891,16.8388,1099997873639,401910,yoitscharlie,11,0,0,1448,0.420968,8.4194,ok,1448,0.420968,8.4194,ok,2500,1399,Common,false,false,false
4892,16.8388,1099997873735,401911,yoitscharlie,12,0,0,1448,0.420968,8.4194,ok,1448,0.420968,8.4194,ok,2500,1425,Common,false,false,false
4893,16.8228,1099997873640,401910,yoitscharlie,11,0,0,1449,0.420568,8.4114,ok,1449,0.420568,8.4114,ok,2500,1399,Common,false,false,false
4894,16.8228,1099997873736,401911,yoitscharlie,12,0,0,1449,0.420568,8.4114,ok,1449,0.420568,8.4114,ok,2500,1425,Common,false,false,false
4895,16.8068,1099997873737,401911,yoitscharlie,12,0,0,1450,0.420168,8.4034,ok,1450,0.420168,8.4034,ok,2500,1425,Common,false,false,false
4896,16.8068,1099997876547,401910,yoitscharlie,11,0,0,1450,0.420168,8.4034,ok,1450,0.420168,8.4034,ok,2500,1399,Common,false,false,false
4897,16.7908,1099997873738,401911,yoitscharlie,12,0,0,1451,0.419768,8.3954,ok,1451,0.419768,8.3954,ok,2500,1425,Common,false,false,false
4898,16.7908,1099997876548,401910,yoitscharlie,11,0,0,1451,0.419768,8.3954,ok,1451,0.419768,8.3954,ok,2500,1399,Common,false,false,false
4899,16.7748,1099997873739,401911,yoitscharlie,12,0,0,1452,0.419368,8.3874,ok,1452,0.419368,8.3874,ok,2500,1425,Common,false,false,false
4900,16.7748,1099997876549,401910,yoitscharlie,11,0,0,1452,0.419368,8.3874,ok,1452,0.419368,8.3874,ok,2500,1399,Common,false,false,false
4901,16.7588,1099997873740,401911,yoitscharlie,12,0,0,1453,0.418968,8.3794,ok,1453,0.418968,8.3794,ok,2500,1425,Common,false,false,false
4902,16.7588,1099997876550,401910,yoitscharlie,11,0,0,1453,0.418968,8.3794,ok,1453,0.418968,8.3794,ok,2500,1399,Common,false,false,false
4903,16.7426,1099997873741,401911,yoitscharlie,12,0,0,1454,0.418567,8.3713,ok,1454,0.418567,8.3713,ok,2500,1425,Common,false,false,false
4904,16.7426,1099997876551,401910,yoitscharlie,11,0,0,1454,0.418567,8.3713,ok,1454,0.418567,8.3713,ok,2500,1399,Common,false,false,false
4905,16.7266,1099997873742,401911,yoitscharlie,12,0,0,1455,0.418167,8.3633,ok,1455,0.418167,8.3633,ok,2500,1425,Common,false,false,false
4906,16.7266,1099997876552,401910,yoitscharlie,11,0,0,1455,0.418167,8.3633,ok,1455,0.418167,8.3633,ok,2500,1399,Common,false,false,false
4907,16.7106,1099997873743,401911,yoitscharlie,12,0,0,1456,0.417767,8.3553,ok,1456,0.417767,8.3553,ok,2500,1425,Common,false,false,false
4908,16.7106,1099997876553,401910,yoitscharlie,11,0,0,1456,0.417767,8.3553,ok,1456,0.417767,8.3553,ok,2500,1399,Common,false,false,false
4909,16.6946,1099997873744,401911,yoitscharlie,12,0,0,1457,0.417367,8.3473,ok,1457,0.417367,8.3473,ok,2500,1425,Common,false,false,false
4910,16.6946,1099997876554,401910,yoitscharlie,11,0,0,1457,0.417367,8.3473,ok,1457,0.417367,8.3473,ok,2500,1399,Common,false,false,false
4911,16.6786,1099997873745,401911,yoitscharlie,12,0,0,1458,0.416967,8.3393,ok,1458,0.416967,8.3393,ok,2500,1425,Common,false,false,false
4912,16.6786,1099997876555,401910,yoitscharlie,11,0,0,1458,0.416967,8.3393,ok,1458,0.416967,8.3393,ok,2500,1399,Common,false,false,false
4913,16.6626,1099997873746,401911,yoitscharlie,12,0,0,1459,0.416567,8.3313,ok,1459,0.416567,8.3313,ok,2500,1425,Common,false,false,false
4914,16.6626,1099997876556,401910,yoitscharlie,11,0,0,1459,0.416567,8.3313,ok,1459,0.416567,8.3313,ok,2500,1399,Common,false,false,false
4915,16.6466,1099997873747,401911,yoitscharlie,12,0,0,1460,0.416166,8.3233,ok,1460,0.416166,8.3233,ok,2500,1425,Common,false,false,false
4916,16.6466,1099997876557,401910,yoitscharlie,11,0,0,1460,0.416166,8.3233,ok,1460,0.416166,8.3233,ok,2500,1399,Common,false,false,false
4917,16.6306,1099997873748,401911,yoitscharlie,12,0,0,1461,0.415766,8.3153,ok,1461,0.415766,8.3153,ok,2500,1425,Common,false,false,false
4918,16.6306,1099997876558,401910,yoitscharlie,11,0,0,1461,0.415766,8.3153,ok,1461,0.415766,8.3153,ok,2500,1399,Common,false,false,false
4919,16.6146,1099997873749,401911,yoitscharlie,12,0,0,1462,0.415366,8.3073,ok,1462,0.415366,8.3073,ok,2500,1425,Common,false,false,false
4920,16.6146,1099997876559,401910,yoitscharlie,11,0,0,1462,0.415366,8.3073,ok,1462,0.415366,8.3073,ok,2500,1399,Common,false,false,false
4921,16.5986,1099997873750,401911,yoitscharlie,12,0,0,1463,0.414966,8.2993,ok,1463,0.414966,8.2993,ok,2500,1425,Common,false,false,false
4922,16.5986,1099997876560,401910,yoitscharlie,11,0,0,1463,0.414966,8.2993,ok,1463,0.414966,8.2993,ok,2500,1399,Common,false,false,false
4923,16.5826,1099997873751,401911,yoitscharlie,12,0,0,1464,0.414566,8.2913,ok,1464,0.414566,8.2913,ok,2500,1425,Common,false,false,false
4924,16.5826,1099997876561,401910,yoitscharlie,11,0,0,1464,0.414566,8.2913,ok,1464,0.414566,8.2913,ok,2500,1399,Common,false,false,false
4925,16.5666,1099997873752,401911,yoitscharlie,12,0,0,1465,0.414166,8.2833,ok,1465,0.414166,8.2833,ok,2500,1425,Common,false,false,false
4926,16.5666,1099997876562,401910,yoitscharlie,11,0,0,1465,0.414166,8.2833,ok,1465,0.414166,8.2833,ok,2500,1399,Common,false,false,false
4927,16.5506,1099997873753,401911,yoitscharlie,12,0,0,1466,0.413766,8.2753,ok,1466,0.413766,8.2753,ok,2500,1425,Common,false,false,false
4928,16.5506,1099997876563,401910,yoitscharlie,11,0,0,1466,0.413766,8.2753,ok,1466,0.413766,8.2753,ok,2500,1399,Common,false,false,false
4929,16.5346,1099997873754,401911,yoitscharlie,12,0,0,1467,0.413365,8.2673,ok,1467,0.413365,8.2673,ok,2500,1425,Common,false,false,false
4930,16.5346,1099997876564,401910,yoitscharlie,11,0,0,1467,0.413365,8.2673,ok,1467,0.413365,8.2673,ok,2500,1399,Common,false,false,false
4931,16.5186,1099997873755,401911,yoitscharlie,12,0,0,1468,0.412965,8.2593,ok,1468,0.412965,8.2593,ok,2500,1425,Common,false,false,false
4932,16.5186,1099997876565,401910,yoitscharlie,11,0,0,1468,0.412965,8.2593,ok,1468,0.412965,8.2593,ok,2500,1399,Common,false,false,false
4933,16.5026,1099997873756,401911,yoitscharlie,12,0,0,1469,0.412565,8.2513,ok,1469,0.412565,8.2513,ok,2500,1425,Common,false,false,false
4934,16.5026,1099997876566,401910,yoitscharlie,11,0,0,1469,0.412565,8.2513,ok,1469,0.412565,8.2513,ok,2500,1399,Common,false,false,false
4935,16.4866,1099997873757,401911,yoitscharlie,12,0,0,1470,0.412165,8.2433,ok,1470,0.412165,8.2433,ok,2500,1425,Common,false,false,false
4936,16.4866,1099997876567,401910,yoitscharlie,11,0,0,1470,0.412165,8.2433,ok,1470,0.412165,8.2433,ok,2500,1399,Common,false,false,false
4937,16.4706,1099997873758,401911,yoitscharlie,12,0,0,1471,0.411765,8.2353,ok,1471,0.411765,8.2353,ok,2500,1425,Common,false,false,false
4938,16.4706,1099997876568,401910,yoitscharlie,11,0,0,1471,0.411765,8.2353,ok,1471,0.411765,8.2353,ok,2500,1399,Common,false,false,false
4939,16.4546,1099997873759,401911,yoitscharlie,12,0,0,1472,0.411365,8.2273,ok,1472,0.411365,8.2273,ok,2500,1425,Common,false,false,false
4940,16.4546,1099997876569,401910,yoitscharlie,11,0,0,1472,0.411365,8.2273,ok,1472,0.411365,8.2273,ok,2500,1399,Common,false,false,false
4941,16.4386,1099997873760,401911,yoitscharlie,12,0,0,1473,0.410964,8.2193,ok,1473,0.410964,8.2193,ok,2500,1425,Common,false,false,false
4942,16.4386,1099997876570,401910,yoitscharlie,11,0,0,1473,0.410964,8.2193,ok,1473,0.410964,8.2193,ok,2500,1399,Common,false,false,false
4943,16.4226,1099997873761,401911,yoitscharlie,12,0,0,1474,0.410564,8.2113,ok,1474,0.410564,8.2113,ok,2500,1425,Common,false,false,false
4944,16.4226,1099997876571,401910,yoitscharlie,11,0,0,1474,0.410564,8.2113,ok,1474,0.410564,8.2113,ok,2500,1399,Common,false,false,false
4945,16.4066,1099997873762,401911,yoitscharlie,12,0,0,1475,0.410164,8.2033,ok,1475,0.410164,8.2033,ok,2500,1425,Common,false,false,false
4946,16.4066,1099997876572,401910,yoitscharlie,11,0,0,1475,0.410164,8.2033,ok,1475,0.410164,8.2033,ok,2500,1399,Common,false,false,false
4947,16.3906,1099997876573,401910,yoitscharlie,11,0,0,1476,0.409764,8.1953,ok,1476,0.409764,8.1953,ok,2500,1399,Common,false,false,false
4948,16.3906,1099997876773,401911,yoitscharlie,12,0,0,1476,0.409764,8.1953,ok,1476,0.409764,8.1953,ok,2500,1425,Common,false,false,false
4949,16.3746,1099997876574,401910,yoitscharlie,11,0,0,1477,0.409364,8.1873,ok,1477,0.409364,8.1873,ok,2500,1399,Common,false,false,false
4950,16.3746,1099997876774,401911,yoitscharlie,12,0,0,1477,0.409364,8.1873,ok,1477,0.409364,8.1873,ok,2500,1425,Common,false,false,false
4951,16.3586,1099997876575,401910,yoitscharlie,11,0,0,1478,0.408964,8.1793,ok,1478,0.408964,8.1793,ok,2500,1399,Common,false,false,false
4952,16.3586,1099997876775,401911,yoitscharlie,12,0,0,1478,0.408964,8.1793,ok,1478,0.408964,8.1793,ok,2500,1425,Common,false,false,false
4953,16.3426,1099997876576,401910,yoitscharlie,11,0,0,1479,0.408563,8.1713,ok,1479,0.408563,8.1713,ok,2500,1399,Common,false,false,false
4954,16.3426,1099997876776,401911,yoitscharlie,12,0,0,1479,0.408563,8.1713,ok,1479,0.408563,8.1713,ok,2500,1425,Common,false,false,false
4955,16.3266,1099997876577,401910,yoitscharlie,11,0,0,1480,0.408163,8.1633,ok,1480,0.408163,8.1633,ok,2500,1399,Common,false,false,false
4956,16.3266,1099997876777,401911,yoitscharlie,12,0,0,1480,0.408163,8.1633,ok,1480,0.408163,8.1633,ok,2500,1425,Common,false,false,false
4957,16.3106,1099997876578,401910,yoitscharlie,11,0,0,1481,0.407763,8.1553,ok,1481,0.407763,8.1553,ok,2500,1399,Common,false,false,false
4958,16.3106,1099997876778,401911,yoitscharlie,12,0,0,1481,0.407763,8.1553,ok,1481,0.407763,8.1553,ok,2500,1425,Common,false,false,false
4959,16.2946,1099997876579,401910,yoitscharlie,11,0,0,1482,0.407363,8.1473,ok,1482,0.407363,8.1473,ok,2500,1399,Common,false,false,false
4960,16.2946,1099997876779,401911,yoitscharlie,12,0,0,1482,0.407363,8.1473,ok,1482,0.407363,8.1473,ok,2500,1425,Common,false,false,false
4961,16.2786,1099997876580,401910,yoitscharlie,11,0,0,1483,0.406963,8.1393,ok,1483,0.406963,8.1393,ok,2500,1399,Common,false,false,false
4962,16.2786,1099997876780,401911,yoitscharlie,12,0,0,1483,0.406963,8.1393,ok,1483,0.406963,8.1393,ok,2500,1425,Common,false,false,false
4963,16.2626,1099997876581,401910,yoitscharlie,11,0,0,1484,0.406563,8.1313,ok,1484,0.406563,8.1313,ok,2500,1399,Common,false,false,false
4964,16.2626,1099997876781,401911,yoitscharlie,12,0,0,1484,0.406563,8.1313,ok,1484,0.406563,8.1313,ok,2500,1425,Common,false,false,false
4965,16.2464,1099997876582,401910,yoitscharlie,11,0,0,1485,0.406162,8.1232,ok,1485,0.406162,8.1232,ok,2500,1399,Common,false,false,false
4966,16.2464,1099997876782,401911,yoitscharlie,12,0,0,1485,0.406162,8.1232,ok,1485,0.406162,8.1232,ok,2500,1425,Common,false,false,false
4967,16.2304,1099997876583,401910,yoitscharlie,11,0,0,1486,0.405762,8.1152,ok,1486,0.405762,8.1152,ok,2500,1399,Common,false,false,false
4968,16.2304,1099997876783,401911,yoitscharlie,12,0,0,1486,0.405762,8.1152,ok,1486,0.405762,8.1152,ok,2500,1425,Common,false,false,false
4969,16.2144,1099997876584,401910,yoitscharlie,11,0,0,1487,0.405362,8.1072,ok,1487,0.405362,8.1072,ok,2500,1399,Common,false,false,false
4970,16.2144,1099997876784,401911,yoitscharlie,12,0,0,1487,0.405362,8.1072,ok,1487,0.405362,8.1072,ok,2500,1425,Common,false,false,false
4971,16.1984,1099997876585,401910,yoitscharlie,11,0,0,1488,0.404962,8.0992,ok,1488,0.404962,8.0992,ok,2500,1399,Common,false,false,false
4972,16.1984,1099997876785,401911,yoitscharlie,12,0,0,1488,0.404962,8.0992,ok,1488,0.404962,8.0992,ok,2500,1425,Common,false,false,false
4973,16.1824,1099997876586,401910,yoitscharlie,11,0,0,1489,0.404562,8.0912,ok,1489,0.404562,8.0912,ok,2500,1399,Common,false,false,false
4974,16.1824,1099997876786,401911,yoitscharlie,12,0,0,1489,0.404562,8.0912,ok,1489,0.404562,8.0912,ok,2500,1425,Common,false,false,false
4975,16.1664,1099997876587,401910,yoitscharlie,11,0,0,1490,0.404162,8.0832,ok,1490,0.404162,8.0832,ok,2500,1399,Common,false,false,false
4976,16.1664,1099997876787,401911,yoitscharlie,12,0,0,1490,0.404162,8.0832,ok,1490,0.404162,8.0832,ok,2500,1425,Common,false,false,false
4977,16.1504,1099997876588,401910,yoitscharlie,11,0,0,1491,0.403762,8.0752,ok,1491,0.403762,8.0752,ok,2500,1399,Common,false,false,false
4978,16.1504,1099997876788,401911,yoitscharlie,12,0,0,1491,0.403762,8.0752,ok,1491,0.403762,8.0752,ok,2500,1425,Common,false,false,false
4979,16.1344,1099997876589,401910,yoitscharlie,11,0,0,1492,0.403361,8.0672,ok,1492,0.403361,8.0672,ok,2500,1399,Common,false,false,false
4980,16.1344,1099997876789,401911,yoitscharlie,12,0,0,1492,0.403361,8.0672,ok,1492,0.403361,8.0672,ok,2500,1425,Common,false,false,false
4981,16.1184,1099997876590,401910,yoitscharlie,11,0,0,1493,0.402961,8.0592,ok,1493,0.402961,8.0592,ok,2500,1399,Common,false,false,false
4982,16.1184,1099997876790,401911,yoitscharlie,12,0,0,1493,0.402961,8.0592,ok,1493,0.402961,8.0592,ok,2500,1425,Common,false,false,false
4983,16.1024,1099997876591,401910,yoitscharlie,11,0,0,1494,0.402561,8.0512,ok,1494,0.402561,8.0512,ok,2500,1399,Common,false,false,false
4984,16.1024,1099997876791,401911,yoitscharlie,12,0,0,1494,0.402561,8.0512,ok,1494,0.402561,8.0512,ok,2500,1425,Common,false,false,false
4985,16.0864,1099997876592,401910,yoitscharlie,11,0,0,1495,0.402161,8.0432,ok,1495,0.402161,8.0432,ok,2500,1399,Common,false,false,false
4986,16.0864,1099997876792,401911,yoitscharlie,12,0,0,1495,0.402161,8.0432,ok,1495,0.402161,8.0432,ok,2500,1425,Common,false,false,false
4987,16.0704,1099997876593,401910,yoitscharlie,11,0,0,1496,0.401761,8.0352,ok,1496,0.401761,8.0352,ok,2500,1399,Common,false,false,false
4988,16.0704,1099997876793,401911,yoitscharlie,12,0,0,1496,0.401761,8.0352,ok,1496,0.401761,8.0352,ok,2500,1425,Common,false,false,false
4989,16.0544,1099997876594,401910,yoitscharlie,11,0,0,1497,0.401361,8.0272,ok,1497,0.401361,8.0272,ok,2500,1399,Common,false,false,false
4990,16.0544,1099997876794,401911,yoitscharlie,12,0,0,1497,0.401361,8.0272,ok,1497,0.401361,8.0272,ok,2500,1425,Common,false,false,false
4991,16.0384,1099997876595,401910,yoitscharlie,11,0,0,1498,0.40096,8.0192,ok,1498,0.40096,8.0192,ok,2500,1399,Common,false,false,false
4992,16.0384,1099997876795,401911,yoitscharlie,12,0,0,1498,0.40096,8.0192,ok,1498,0.40096,8.0192,ok,2500,1425,Common,false,false,false
4993,16.0224,1099997876596,401910,yoitscharlie,11,0,0,1499,0.40056,8.0112,ok,1499,0.40056,8.0112,ok,2500,1399,Common,false,false,false
4994,16.0224,1099997876796,401911,yoitscharlie,12,0,0,1499,0.40056,8.0112,ok,1499,0.40056,8.0112,ok,2500,1425,Common,false,false,false
4995,16.0064,1099997876797,401911,yoitscharlie,12,0,0,1500,0.40016,8.0032,ok,1500,0.40016,8.0032,ok,2500,1425,Common,false,false,false
4996,16.0064,1099997877472,401910,yoitscharlie,11,0,0,1500,0.40016,8.0032,ok,1500,0.40016,8.0032,ok,2500,1399,Common,false,false,false
4997,15.9904,1099997876798,401911,yoitscharlie,12,0,0,1501,0.39976,7.9952,ok,1501,0.39976,7.9952,ok,2500,1425,Common,false,false,false
4998,15.9904,1099997877473,401910,yoitscharlie,11,0,0,1501,0.39976,7.9952,ok,1501,0.39976,7.9952,ok,2500,1399,Common,false,false,false
4999,15.9744,1099997876799,401911,yoitscharlie,12,0,0,1502,0.39936,7.9872,ok,1502,0.39936,7.9872,ok,2500,1425,Common,false,false,false
5000,15.9744,1099997877474,401910,yoitscharlie,11,0,0,1502,0.39936,7.9872,ok,1502,0.39936,7.9872,ok,2500,1399,Common,false,false,false
5001,15.9584,1099997876800,401911,yoitscharlie,12,0,0,1503,0.39896,7.9792,ok,1503,0.39896,7.9792,ok,2500,1425,Common,false,false,false
5002,15.9584,1099997877475,401910,yoitscharlie,11,0,0,1503,0.39896,7.9792,ok,1503,0.39896,7.9792,ok,2500,1399,Common,false,false,false
5003,15.9424,1099997876801,401911,yoitscharlie,12,0,0,1504,0.398559,7.9712,ok,1504,0.398559,7.9712,ok,2500,1425,Common,false,false,false
5004,15.9424,1099997877476,401910,yoitscharlie,11,0,0,1504,0.398559,7.9712,ok,1504,0.398559,7.9712,ok,2500,1399,Common,false,false,false
5005,15.9264,1099997876802,401911,yoitscharlie,12,0,0,1505,0.398159,7.9632,ok,1505,0.398159,7.9632,ok,2500,1425,Common,false,false,false
5006,15.9264,1099997877477,401910,yoitscharlie,11,0,0,1505,0.398159,7.9632,ok,1505,0.398159,7.9632,ok,2500,1399,Common,false,false,false
5007,15.9104,1099997876803,401911,yoitscharlie,12,0,0,1506,0.397759,7.9552,ok,1506,0.397759,7.9552,ok,2500,1425,Common,false,false,false
5008,15.9104,1099997877478,401910,yoitscharlie,11,0,0,1506,0.397759,7.9552,ok,1506,0.397759,7.9552,ok,2500,1399,Common,false,false,false
5009,15.8944,1099997876804,401911,yoitscharlie,12,0,0,1507,0.397359,7.9472,ok,1507,0.397359,7.9472,ok,2500,1425,Common,false,false,false
5010,15.8944,1099997877479,401910,yoitscharlie,11,0,0,1507,0.397359,7.9472,ok,1507,0.397359,7.9472,ok,2500,1399,Common,false,false,false
5011,15.8784,1099997876805,401911,yoitscharlie,12,0,0,1508,0.396959,7.9392,ok,1508,0.396959,7.9392,ok,2500,1425,Common,false,false,false
5012,15.8784,1099997877480,401910,yoitscharlie,11,0,0,1508,0.396959,7.9392,ok,1508,0.396959,7.9392,ok,2500,1399,Common,false,false,false
5013,15.8624,1099997876806,401911,yoitscharlie,12,0,0,1509,0.396559,7.9312,ok,1509,0.396559,7.9312,ok,2500,1425,Common,false,false,false
5014,15.8624,1099997877481,401910,yoitscharlie,11,0,0,1509,0.396559,7.9312,ok,1509,0.396559,7.9312,ok,2500,1399,Common,false,false,false
5015,15.8464,1099997876807,401911,yoitscharlie,12,0,0,1510,0.396158,7.9232,ok,1510,0.396158,7.9232,ok,2500,1425,Common,false,false,false
5016,15.8464,1099997877482,401910,yoitscharlie,11,0,0,1510,0.396158,7.9232,ok,1510,0.396158,7.9232,ok,2500,1399,Common,false,false,false
5017,15.8304,1099997876808,401911,yoitscharlie,12,0,0,1511,0.395758,7.9152,ok,1511,0.395758,7.9152,ok,2500,1425,Common,false,false,false
5018,15.8304,1099997877483,401910,yoitscharlie,11,0,0,1511,0.395758,7.9152,ok,1511,0.395758,7.9152,ok,2500,1399,Common,false,false,false
5019,15.8144,1099997876809,401911,yoitscharlie,12,0,0,1512,0.395358,7.9072,ok,1512,0.395358,7.9072,ok,2500,1425,Common,false,false,false
5020,15.8144,1099997877484,401910,yoitscharlie,11,0,0,1512,0.395358,7.9072,ok,1512,0.395358,7.9072,ok,2500,1399,Common,false,false,false
5021,15.7984,1099997876810,401911,yoitscharlie,12,0,0,1513,0.394958,7.8992,ok,1513,0.394958,7.8992,ok,2500,1425,Common,false,false,false
5022,15.7984,1099997877485,401910,yoitscharlie,11,0,0,1513,0.394958,7.8992,ok,1513,0.394958,7.8992,ok,2500,1399,Common,false,false,false
5023,15.7824,1099997876811,401911,yoitscharlie,12,0,0,1514,0.394558,7.8912,ok,1514,0.394558,7.8912,ok,2500,1425,Common,false,false,false
5024,15.7824,1099997877486,401910,yoitscharlie,11,0,0,1514,0.394558,7.8912,ok,1514,0.394558,7.8912,ok,2500,1399,Common,false,false,false
5025,15.7664,1099997876812,401911,yoitscharlie,12,0,0,1515,0.394158,7.8832,ok,1515,0.394158,7.8832,ok,2500,1425,Common,false,false,false
5026,15.7664,1099997877487,401910,yoitscharlie,11,0,0,1515,0.394158,7.8832,ok,1515,0.394158,7.8832,ok,2500,1399,Common,false,false,false
5027,15.7504,1099997876813,401911,yoitscharlie,12,0,0,1516,0.393758,7.8752,ok,1516,0.393758,7.8752,ok,2500,1425,Common,false,false,false
5028,15.7504,1099997877488,401910,yoitscharlie,11,0,0,1516,0.393758,7.8752,ok,1516,0.393758,7.8752,ok,2500,1399,Common,false,false,false
5029,15.7342,1099997876814,401911,yoitscharlie,12,0,0,1517,0.393357,7.8671,ok,1517,0.393357,7.8671,ok,2500,1425,Common,false,false,false
5030,15.7342,1099997877489,401910,yoitscharlie,11,0,0,1517,0.393357,7.8671,ok,1517,0.393357,7.8671,ok,2500,1399,Common,false,false,false
5031,15.7182,1099997876815,401911,yoitscharlie,12,0,0,1518,0.392957,7.8591,ok,1518,0.392957,7.8591,ok,2500,1425,Common,false,false,false
5032,15.7182,1099997877490,401910,yoitscharlie,11,0,0,1518,0.392957,7.8591,ok,1518,0.392957,7.8591,ok,2500,1399,Common,false,false,false
5033,15.7022,1099997876816,401911,yoitscharlie,12,0,0,1519,0.392557,7.8511,ok,1519,0.392557,7.8511,ok,2500,1425,Common,false,false,false
5034,15.7022,1099997877491,401910,yoitscharlie,11,0,0,1519,0.392557,7.8511,ok,1519,0.392557,7.8511,ok,2500,1399,Common,false,false,false
5035,15.6862,1099997876817,401911,yoitscharlie,12,0,0,1520,0.392157,7.8431,ok,1520,0.392157,7.8431,ok,2500,1425,Common,false,false,false
5036,15.6862,1099997877492,401910,yoitscharlie,11,0,0,1520,0.392157,7.8431,ok,1520,0.392157,7.8431,ok,2500,1399,Common,false,false,false
5037,15.6702,1099997876818,401911,yoitscharlie,12,0,0,1521,0.391757,7.8351,ok,1521,0.391757,7.8351,ok,2500,1425,Common,false,false,false
5038,15.6702,1099997877493,401910,yoitscharlie,11,0,0,1521,0.391757,7.8351,ok,1521,0.391757,7.8351,ok,2500,1399,Common,false,false,false
5039,15.6542,1099997876819,401911,yoitscharlie,12,0,0,1522,0.391357,7.8271,ok,1522,0.391357,7.8271,ok,2500,1425,Common,false,false,false
5040,15.6542,1099997877494,401910,yoitscharlie,11,0,0,1522,0.391357,7.8271,ok,1522,0.391357,7.8271,ok,2500,1399,Common,false,false,false
5041,15.6382,1099997876820,401911,yoitscharlie,12,0,0,1523,0.390956,7.8191,ok,1523,0.390956,7.8191,ok,2500,1425,Common,false,false,false
5042,15.6382,1099997877495,401910,yoitscharlie,11,0,0,1523,0.390956,7.8191,ok,1523,0.390956,7.8191,ok,2500,1399,Common,false,false,false
5043,15.6222,1099997876821,401911,yoitscharlie,12,0,0,1524,0.390556,7.8111,ok,1524,0.390556,7.8111,ok,2500,1425,Common,false,false,false
5044,15.6222,1099997877496,401910,yoitscharlie,11,0,0,1524,0.390556,7.8111,ok,1524,0.390556,7.8111,ok,2500,1399,Common,false,false,false
5045,15.6062,1099997876822,401911,yoitscharlie,12,0,0,1525,0.390156,7.8031,ok,1525,0.390156,7.8031,ok,2500,1425,Common,false,false,false
5046,15.6062,1099997877497,401910,yoitscharlie,11,0,0,1525,0.390156,7.8031,ok,1525,0.390156,7.8031,ok,2500,1399,Common,false,false,false
5047,15.5902,1099997877419,401911,yoitscharlie,12,0,0,1526,0.389756,7.7951,ok,1526,0.389756,7.7951,ok,2500,1425,Common,false,false,false
5048,15.5902,1099997877498,401910,yoitscharlie,11,0,0,1526,0.389756,7.7951,ok,1526,0.389756,7.7951,ok,2500,1399,Common,false,false,false
5049,15.5742,1099997877420,401911,yoitscharlie,12,0,0,1527,0.389356,7.7871,ok,1527,0.389356,7.7871,ok,2500,1425,Common,false,false,false
5050,15.5742,1099997877499,401910,yoitscharlie,11,0,0,1527,0.389356,7.7871,ok,1527,0.389356,7.7871,ok,2500,1399,Common,false,false,false
5051,15.5582,1099997877421,401911,yoitscharlie,12,0,0,1528,0.388956,7.7791,ok,1528,0.388956,7.7791,ok,2500,1425,Common,false,false,false
5052,15.5582,1099997877500,401910,yoitscharlie,11,0,0,1528,0.388956,7.7791,ok,1528,0.388956,7.7791,ok,2500,1399,Common,false,false,false
5053,15.5422,1099997877422,401911,yoitscharlie,12,0,0,1529,0.388555,7.7711,ok,1529,0.388555,7.7711,ok,2500,1425,Common,false,false,false
5054,15.5422,1099997877501,401910,yoitscharlie,11,0,0,1529,0.388555,7.7711,ok,1529,0.388555,7.7711,ok,2500,1399,Common,false,false,false
5055,15.5262,1099997877423,401911,yoitscharlie,12,0,0,1530,0.388155,7.7631,ok,1530,0.388155,7.7631,ok,2500,1425,Common,false,false,false
5056,15.5262,1099997877502,401910,yoitscharlie,11,0,0,1530,0.388155,7.7631,ok,1530,0.388155,7.7631,ok,2500,1399,Common,false,false,false
5057,15.5102,1099997877424,401911,yoitscharlie,12,0,0,1531,0.387755,7.7551,ok,1531,0.387755,7.7551,ok,2500,1425,Common,false,false,false
5058,15.5102,1099997877503,401910,yoitscharlie,11,0,0,1531,0.387755,7.7551,ok,1531,0.387755,7.7551,ok,2500,1399,Common,false,false,false
5059,15.4942,1099997877425,401911,yoitscharlie,12,0,0,1532,0.387355,7.7471,ok,1532,0.387355,7.7471,ok,2500,1425,Common,false,false,false
5060,15.4942,1099997877504,401910,yoitscharlie,11,0,0,1532,0.387355,7.7471,ok,1532,0.387355,7.7471,ok,2500,1399,Common,false,false,false
5061,15.4782,1099997877426,401911,yoitscharlie,12,0,0,1533,0.386955,7.7391,ok,1533,0.386955,7.7391,ok,2500,1425,Common,false,false,false
5062,15.4782,1099997877505,401910,yoitscharlie,11,0,0,1533,0.386955,7.7391,ok,1533,0.386955,7.7391,ok,2500,1399,Common,false,false,false
5063,15.4622,1099997877427,401911,yoitscharlie,12,0,0,1534,0.386555,7.7311,ok,1534,0.386555,7.7311,ok,2500,1425,Common,false,false,false
5064,15.4622,1099997877506,401910,yoitscharlie,11,0,0,1534,0.386555,7.7311,ok,1534,0.386555,7.7311,ok,2500,1399,Common,false,false,false
5065,15.4462,1099997877428,401911,yoitscharlie,12,0,0,1535,0.386154,7.7231,ok,1535,0.386154,7.7231,ok,2500,1425,Common,false,false,false
5066,15.4462,1099997877507,401910,yoitscharlie,11,0,0,1535,0.386154,7.7231,ok,1535,0.386154,7.7231,ok,2500,1399,Common,false,false,false
5067,15.4302,1099997877429,401911,yoitscharlie,12,0,0,1536,0.385754,7.7151,ok,1536,0.385754,7.7151,ok,2500,1425,Common,false,false,false
5068,15.4302,1099997877508,401910,yoitscharlie,11,0,0,1536,0.385754,7.7151,ok,1536,0.385754,7.7151,ok,2500,1399,Common,false,false,false
5069,15.4142,1099997877430,401911,yoitscharlie,12,0,0,1537,0.385354,7.7071,ok,1537,0.385354,7.7071,ok,2500,1425,Common,false,false,false
5070,15.4142,1099997877509,401910,yoitscharlie,11,0,0,1537,0.385354,7.7071,ok,1537,0.385354,7.7071,ok,2500,1399,Common,false,false,false
5071,15.3982,1099997877431,401911,yoitscharlie,12,0,0,1538,0.384954,7.6991,ok,1538,0.384954,7.6991,ok,2500,1425,Common,false,false,false
5072,15.3982,1099997877510,401910,yoitscharlie,11,0,0,1538,0.384954,7.6991,ok,1538,0.384954,7.6991,ok,2500,1399,Common,false,false,false
5073,15.3822,1099997877432,401911,yoitscharlie,12,0,0,1539,0.384554,7.6911,ok,1539,0.384554,7.6911,ok,2500,1425,Common,false,false,false
5074,15.3822,1099997877511,401910,yoitscharlie,11,0,0,1539,0.384554,7.6911,ok,1539,0.384554,7.6911,ok,2500,1399,Common,false,false,false
5075,15.3662,1099997877433,401911,yoitscharlie,12,0,0,1540,0.384154,7.6831,ok,1540,0.384154,7.6831,ok,2500,1425,Common,false,false,false
5076,15.3662,1099997877512,401910,yoitscharlie,11,0,0,1540,0.384154,7.6831,ok,1540,0.384154,7.6831,ok,2500,1399,Common,false,false,false
5077,15.3502,1099997877434,401911,yoitscharlie,12,0,0,1541,0.383754,7.6751,ok,1541,0.383754,7.6751,ok,2500,1425,Common,false,false,false
5078,15.3502,1099997877513,401910,yoitscharlie,11,0,0,1541,0.383754,7.6751,ok,1541,0.383754,7.6751,ok,2500,1399,Common,false,false,false
5079,15.3342,1099997877435,401911,yoitscharlie,12,0,0,1542,0.383353,7.6671,ok,1542,0.383353,7.6671,ok,2500,1425,Common,false,false,false
5080,15.3342,1099997877514,401910,yoitscharlie,11,0,0,1542,0.383353,7.6671,ok,1542,0.383353,7.6671,ok,2500,1399,Common,false,false,false
5081,15.3182,1099997877436,401911,yoitscharlie,12,0,0,1543,0.382953,7.6591,ok,1543,0.382953,7.6591,ok,2500,1425,Common,false,false,false
5082,15.3182,1099997877515,401910,yoitscharlie,11,0,0,1543,0.382953,7.6591,ok,1543,0.382953,7.6591,ok,2500,1399,Common,false,false,false
5083,15.3022,1099997877437,401911,yoitscharlie,12,0,0,1544,0.382553,7.6511,ok,1544,0.382553,7.6511,ok,2500,1425,Common,false,false,false
5084,15.3022,1099997877516,401910,yoitscharlie,11,0,0,1544,0.382553,7.6511,ok,1544,0.382553,7.6511,ok,2500,1399,Common,false,false,false
5085,15.2862,1099997877438,401911,yoitscharlie,12,0,0,1545,0.382153,7.6431,ok,1545,0.382153,7.6431,ok,2500,1425,Common,false,false,false
5086,15.2862,1099997877517,401910,yoitscharlie,11,0,0,1545,0.382153,7.6431,ok,1545,0.382153,7.6431,ok,2500,1399,Common,false,false,false
5087,15.2702,1099997877439,401911,yoitscharlie,12,0,0,1546,0.381753,7.6351,ok,1546,0.381753,7.6351,ok,2500,1425,Common,false,false,false
5088,15.2702,1099997877518,401910,yoitscharlie,11,0,0,1546,0.381753,7.6351,ok,1546,0.381753,7.6351,ok,2500,1399,Common,false,false,false
5089,15.2542,1099997877440,401911,yoitscharlie,12,0,0,1547,0.381353,7.6271,ok,1547,0.381353,7.6271,ok,2500,1425,Common,false,false,false
5090,15.2542,1099997877519,401910,yoitscharlie,11,0,0,1547,0.381353,7.6271,ok,1547,0.381353,7.6271,ok,2500,1399,Common,false,false,false
5091,15.238,1099997877441,401911,yoitscharlie,12,0,0,1548,0.380952,7.619,ok,1548,0.380952,7.619,ok,2500,1425,Common,false,false,false
5092,15.238,1099997877520,401910,yoitscharlie,11,0,0,1548,0.380952,7.619,ok,1548,0.380952,7.619,ok,2500,1399,Common,false,false,false
5093,15.222,1099997877442,401911,yoitscharlie,12,0,0,1549,0.380552,7.611,ok,1549,0.380552,7.611,ok,2500,1425,Common,false,false,false
5094,15.222,1099997877521,401910,yoitscharlie,11,0,0,1549,0.380552,7.611,ok,1549,0.380552,7.611,ok,2500,1399,Common,false,false,false
5095,15.206,1099997877443,401911,yoitscharlie,12,0,0,1550,0.380152,7.603,ok,1550,0.380152,7.603,ok,2500,1425,Common,false,false,false
5096,15.206,1099997877737,401910,yoitscharlie,11,0,0,1550,0.380152,7.603,ok,1550,0.380152,7.603,ok,2500,1399,Common,false,false,false
5097,15.19,1099997877444,401911,yoitscharlie,12,0,0,1551,0.379752,7.595,ok,1551,0.379752,7.595,ok,2500,1425,Common,false,false,false
5098,15.19,1099997877738,401910,yoitscharlie,11,0,0,1551,0.379752,7.595,ok,1551,0.379752,7.595,ok,2500,1399,Common,false,false,false
5099,15.174,1099997877445,401911,yoitscharlie,12,0,0,1552,0.379352,7.587,ok,1552,0.379352,7.587,ok,2500,1425,Common,false,false,false
5100,15.174,1099997877739,401910,yoitscharlie,11,0,0,1552,0.379352,7.587,ok,1552,0.379352,7.587,ok,2500,1399,Common,false,false,false
5101,15.158,1099997877446,401911,yoitscharlie,12,0,0,1553,0.378952,7.579,ok,1553,0.378952,7.579,ok,2500,1425,Common,false,false,false
5102,15.158,1099997877740,401910,yoitscharlie,11,0,0,1553,0.378952,7.579,ok,1553,0.378952,7.579,ok,2500,1399,Common,false,false,false
5103,15.142,1099997877447,401911,yoitscharlie,12,0,0,1554,0.378551,7.571,ok,1554,0.378551,7.571,ok,2500,1425,Common,false,false,false
5104,15.142,1099997877741,401910,yoitscharlie,11,0,0,1554,0.378551,7.571,ok,1554,0.378551,7.571,ok,2500,1399,Common,false,false,false
5105,15.126,1099997877448,401911,yoitscharlie,12,0,0,1555,0.378151,7.563,ok,1555,0.378151,7.563,ok,2500,1425,Common,false,false,false
5106,15.126,1099997877742,401910,yoitscharlie,11,0,0,1555,0.378151,7.563,ok,1555,0.378151,7.563,ok,2500,1399,Common,false,false,false
5107,15.11,1099997877449,401911,yoitscharlie,12,0,0,1556,0.377751,7.555,ok,1556,0.377751,7.555,ok,2500,1425,Common,false,false,false
5108,15.11,1099997877743,401910,yoitscharlie,11,0,0,1556,0.377751,7.555,ok,1556,0.377751,7.555,ok,2500,1399,Common,false,false,false
5109,15.094,1099997877450,401911,yoitscharlie,12,0,0,1557,0.377351,7.547,ok,1557,0.377351,7.547,ok,2500,1425,Common,false,false,false
5110,15.094,1099997877744,401910,yoitscharlie,11,0,0,1557,0.377351,7.547,ok,1557,0.377351,7.547,ok,2500,1399,Common,false,false,false
5111,15.078,1099997877451,401911,yoitscharlie,12,0,0,1558,0.376951,7.539,ok,1558,0.376951,7.539,ok,2500,1425,Common,false,false,false
5112,15.078,1099997877745,401910,yoitscharlie,11,0,0,1558,0.376951,7.539,ok,1558,0.376951,7.539,ok,2500,1399,Common,false,false,false
5113,15.062,1099997877452,401911,yoitscharlie,12,0,0,1559,0.376551,7.531,ok,1559,0.376551,7.531,ok,2500,1425,Common,false,false,false
5114,15.062,1099997877746,401910,yoitscharlie,11,0,0,1559,0.376551,7.531,ok,1559,0.376551,7.531,ok,2500,1399,Common,false,false,false
5115,15.046,1099997877453,401911,yoitscharlie,12,0,0,1560,0.37615,7.523,ok,1560,0.37615,7.523,ok,2500,1425,Common,false,false,false
5116,15.046,1099997877747,401910,yoitscharlie,11,0,0,1560,0.37615,7.523,ok,1560,0.37615,7.523,ok,2500,1399,Common,false,false,false
5117,15.03,1099997877454,401911,yoitscharlie,12,0,0,1561,0.37575,7.515,ok,1561,0.37575,7.515,ok,2500,1425,Common,false,false,false
5118,15.03,1099997877748,401910,yoitscharlie,11,0,0,1561,0.37575,7.515,ok,1561,0.37575,7.515,ok,2500,1399,Common,false,false,false
5119,15.014,1099997877455,401911,yoitscharlie,12,0,0,1562,0.37535,7.507,ok,1562,0.37535,7.507,ok,2500,1425,Common,false,false,false
5120,15.014,1099997877749,401910,yoitscharlie,11,0,0,1562,0.37535,7.507,ok,1562,0.37535,7.507,ok,2500,1399,Common,false,false,false
5121,14.998,1099997877456,401911,yoitscharlie,12,0,0,1563,0.37495,7.499,ok,1563,0.37495,7.499,ok,2500,1425,Common,false,false,false
5122,14.998,1099997877750,401910,yoitscharlie,11,0,0,1563,0.37495,7.499,ok,1563,0.37495,7.499,ok,2500,1399,Common,false,false,false
5123,14.982,1099997877457,401911,yoitscharlie,12,0,0,1564,0.37455,7.491,ok,1564,0.37455,7.491,ok,2500,1425,Common,false,false,false
5124,14.982,1099997877751,401910,yoitscharlie,11,0,0,1564,0.37455,7.491,ok,1564,0.37455,7.491,ok,2500,1399,Common,false,false,false
5125,14.966,1099997877458,401911,yoitscharlie,12,0,0,1565,0.37415,7.483,ok,1565,0.37415,7.483,ok,2500,1425,Common,false,false,false
5126,14.966,1099997877752,401910,yoitscharlie,11,0,0,1565,0.37415,7.483,ok,1565,0.37415,7.483,ok,2500,1399,Common,false,false,false
5127,14.95,1099997877459,401911,yoitscharlie,12,0,0,1566,0.373749,7.475,ok,1566,0.373749,7.475,ok,2500,1425,Common,false,false,false
5128,14.95,1099997877753,401910,yoitscharlie,11,0,0,1566,0.373749,7.475,ok,1566,0.373749,7.475,ok,2500,1399,Common,false,false,false
5129,14.934,1099997877460,401911,yoitscharlie,12,0,0,1567,0.373349,7.467,ok,1567,0.373349,7.467,ok,2500,1425,Common,false,false,false
5130,14.934,1099997877754,401910,yoitscharlie,11,0,0,1567,0.373349,7.467,ok,1567,0.373349,7.467,ok,2500,1399,Common,false,false,false
5131,14.918,1099997877461,401911,yoitscharlie,12,0,0,1568,0.372949,7.459,ok,1568,0.372949,7.459,ok,2500,1425,Common,false,false,false
5132,14.918,1099997877755,401910,yoitscharlie,11,0,0,1568,0.372949,7.459,ok,1568,0.372949,7.459,ok,2500,1399,Common,false,false,false
5133,14.902,1099997877462,401911,yoitscharlie,12,0,0,1569,0.372549,7.451,ok,1569,0.372549,7.451,ok,2500,1425,Common,false,false,false
5134,14.902,1099997877756,401910,yoitscharlie,11,0,0,1569,0.372549,7.451,ok,1569,0.372549,7.451,ok,2500,1399,Common,false,false,false
5135,14.886,1099997877463,401911,yoitscharlie,12,0,0,1570,0.372149,7.443,ok,1570,0.372149,7.443,ok,2500,1425,Common,false,false,false
5136,14.886,1099997877757,401910,yoitscharlie,11,0,0,1570,0.372149,7.443,ok,1570,0.372149,7.443,ok,2500,1399,Common,false,false,false
5137,14.87,1099997877464,401911,yoitscharlie,12,0,0,1571,0.371749,7.435,ok,1571,0.371749,7.435,ok,2500,1425,Common,false,false,false
5138,14.87,1099997877758,401910,yoitscharlie,11,0,0,1571,0.371749,7.435,ok,1571,0.371749,7.435,ok,2500,1399,Common,false,false,false
5139,14.854,1099997877465,401911,yoitscharlie,12,0,0,1572,0.371349,7.427,ok,1572,0.371349,7.427,ok,2500,1425,Common,false,false,false
5140,14.854,1099997877759,401910,yoitscharlie,11,0,0,1572,0.371349,7.427,ok,1572,0.371349,7.427,ok,2500,1399,Common,false,false,false
5141,14.838,1099997877466,401911,yoitscharlie,12,0,0,1573,0.370948,7.419,ok,1573,0.370948,7.419,ok,2500,1425,Common,false,false,false
5142,14.838,1099997877760,401910,yoitscharlie,11,0,0,1573,0.370948,7.419,ok,1573,0.370948,7.419,ok,2500,1399,Common,false,false,false
5143,14.822,1099997877467,401911,yoitscharlie,12,0,0,1574,0.370548,7.411,ok,1574,0.370548,7.411,ok,2500,1425,Common,false,false,false
5144,14.822,1099997877761,401910,yoitscharlie,11,0,0,1574,0.370548,7.411,ok,1574,0.370548,7.411,ok,2500,1399,Common,false,false,false
5145,14.806,1099997877468,401911,yoitscharlie,12,0,0,1575,0.370148,7.403,ok,1575,0.370148,7.403,ok,2500,1425,Common,false,false,false
5146,14.806,1099997877762,401910,yoitscharlie,11,0,0,1575,0.370148,7.403,ok,1575,0.370148,7.403,ok,2500,1399,Common,false,false,false
5147,14.79,1099998385814,401910,yoitscharlie,11,0,0,1576,0.369748,7.395,ok,1576,0.369748,7.395,ok,2500,1399,Common,false,false,false
5148,14.79,1099998386262,401911,yoitscharlie,12,0,0,1576,0.369748,7.395,ok,1576,0.369748,7.395,ok,2500,1425,Common,false,false,false
5149,14.774,1099998385815,401910,yoitscharlie,11,0,0,1577,0.369348,7.387,ok,1577,0.369348,7.387,ok,2500,1399,Common,false,false,false
5150,14.774,1099998386263,401911,yoitscharlie,12,0,0,1577,0.369348,7.387,ok,1577,0.369348,7.387,ok,2500,1425,Common,false,false,false
5151,14.758,1099998385816,401910,yoitscharlie,11,0,0,1578,0.368948,7.379,ok,1578,0.368948,7.379,ok,2500,1399,Common,false,false,false
5152,14.758,1099998386264,401911,yoitscharlie,12,0,0,1578,0.368948,7.379,ok,1578,0.368948,7.379,ok,2500,1425,Common,false,false,false
5153,14.7418,1099998385817,401910,yoitscharlie,11,0,0,1579,0.368547,7.3709,ok,1579,0.368547,7.3709,ok,2500,1399,Common,false,false,false
5154,14.7418,1099998386265,401911,yoitscharlie,12,0,0,1579,0.368547,7.3709,ok,1579,0.368547,7.3709,ok,2500,1425,Common,false,false,false
5155,14.7258,1099998385818,401910,yoitscharlie,11,0,0,1580,0.368147,7.3629,ok,1580,0.368147,7.3629,ok,2500,1399,Common,false,false,false
5156,14.7258,1099998386266,401911,yoitscharlie,12,0,0,1580,0.368147,7.3629,ok,1580,0.368147,7.3629,ok,2500,1425,Common,false,false,false
5157,14.7098,1099998385819,401910,yoitscharlie,11,0,0,1581,0.367747,7.3549,ok,1581,0.367747,7.3549,ok,2500,1399,Common,false,false,false
5158,14.7098,1099998386267,401911,yoitscharlie,12,0,0,1581,0.367747,7.3549,ok,1581,0.367747,7.3549,ok,2500,1425,Common,false,false,false
5159,14.6938,1099998385820,401910,yoitscharlie,11,0,0,1582,0.367347,7.3469,ok,1582,0.367347,7.3469,ok,2500,1399,Common,false,false,false
5160,14.6938,1099998386268,401911,yoitscharlie,12,0,0,1582,0.367347,7.3469,ok,1582,0.367347,7.3469,ok,2500,1425,Common,false,false,false
5161,14.6778,1099998385821,401910,yoitscharlie,11,0,0,1583,0.366947,7.3389,ok,1583,0.366947,7.3389,ok,2500,1399,Common,false,false,false
5162,14.6778,1099998386269,401911,yoitscharlie,12,0,0,1583,0.366947,7.3389,ok,1583,0.366947,7.3389,ok,2500,1425,Common,false,false,false
5163,14.6618,1099998385822,401910,yoitscharlie,11,0,0,1584,0.366547,7.3309,ok,1584,0.366547,7.3309,ok,2500,1399,Common,false,false,false
5164,14.6618,1099998386270,401911,yoitscharlie,12,0,0,1584,0.366547,7.3309,ok,1584,0.366547,7.3309,ok,2500,1425,Common,false,false,false
5165,14.6458,1099998385823,401910,yoitscharlie,11,0,0,1585,0.366146,7.3229,ok,1585,0.366146,7.3229,ok,2500,1399,Common,false,false,false
5166,14.6458,1099998386271,401911,yoitscharlie,12,0,0,1585,0.366146,7.3229,ok,1585,0.366146,7.3229,ok,2500,1425,Common,false,false,false
5167,14.6298,1099998385824,401910,yoitscharlie,11,0,0,1586,0.365746,7.3149,ok,1586,0.365746,7.3149,ok,2500,1399,Common,false,false,false
5168,14.6298,1099998386272,401911,yoitscharlie,12,0,0,1586,0.365746,7.3149,ok,1586,0.365746,7.3149,ok,2500,1425,Common,false,false,false
5169,14.6138,1099998385825,401910,yoitscharlie,11,0,0,1587,0.365346,7.3069,ok,1587,0.365346,7.3069,ok,2500,1399,Common,false,false,false
5170,14.6138,1099998386273,401911,yoitscharlie,12,0,0,1587,0.365346,7.3069,ok,1587,0.365346,7.3069,ok,2500,1425,Common,false,false,false
5171,14.5978,1099998385826,401910,yoitscharlie,11,0,0,1588,0.364946,7.2989,ok,1588,0.364946,7.2989,ok,2500,1399,Common,false,false,false
5172,14.5978,1099998386274,401911,yoitscharlie,12,0,0,1588,0.364946,7.2989,ok,1588,0.364946,7.2989,ok,2500,1425,Common,false,false,false
5173,14.5818,1099998385827,401910,yoitscharlie,11,0,0,1589,0.364546,7.2909,ok,1589,0.364546,7.2909,ok,2500,1399,Common,false,false,false
5174,14.5818,1099998386275,401911,yoitscharlie,12,0,0,1589,0.364546,7.2909,ok,1589,0.364546,7.2909,ok,2500,1425,Common,false,false,false
5175,14.5658,1099998385828,401910,yoitscharlie,11,0,0,1590,0.364146,7.2829,ok,1590,0.364146,7.2829,ok,2500,1399,Common,false,false,false
5176,14.5658,1099998386276,401911,yoitscharlie,12,0,0,1590,0.364146,7.2829,ok,1590,0.364146,7.2829,ok,2500,1425,Common,false,false,false
5177,14.5498,1099998385829,401910,yoitscharlie,11,0,0,1591,0.363745,7.2749,ok,1591,0.363745,7.2749,ok,2500,1399,Common,false,false,false
5178,14.5498,1099998386277,401911,yoitscharlie,12,0,0,1591,0.363745,7.2749,ok,1591,0.363745,7.2749,ok,2500,1425,Common,false,false,false
5179,14.5338,1099998385830,401910,yoitscharlie,11,0,0,1592,0.363345,7.2669,ok,1592,0.363345,7.2669,ok,2500,1399,Common,false,false,false
5180,14.5338,1099998386278,401911,yoitscharlie,12,0,0,1592,0.363345,7.2669,ok,1592,0.363345,7.2669,ok,2500,1425,Common,false,false,false
5181,14.5178,1099998385831,401910,yoitscharlie,11,0,0,1593,0.362945,7.2589,ok,1593,0.362945,7.2589,ok,2500,1399,Common,false,false,false
5182,14.5178,1099998386279,401911,yoitscharlie,12,0,0,1593,0.362945,7.2589,ok,1593,0.362945,7.2589,ok,2500,1425,Common,false,false,false
5183,14.5018,1099998385832,401910,yoitscharlie,11,0,0,1594,0.362545,7.2509,ok,1594,0.362545,7.2509,ok,2500,1399,Common,false,false,false
5184,14.5018,1099998386280,401911,yoitscharlie,12,0,0,1594,0.362545,7.2509,ok,1594,0.362545,7.2509,ok,2500,1425,Common,false,false,false
5185,14.4858,1099998385833,401910,yoitscharlie,11,0,0,1595,0.362145,7.2429,ok,1595,0.362145,7.2429,ok,2500,1399,Common,false,false,false
5186,14.4858,1099998386281,401911,yoitscharlie,12,0,0,1595,0.362145,7.2429,ok,1595,0.362145,7.2429,ok,2500,1425,Common,false,false,false
5187,14.4698,1099998385834,401910,yoitscharlie,11,0,0,1596,0.361745,7.2349,ok,1596,0.361745,7.2349,ok,2500,1399,Common,false,false,false
5188,14.4698,1099998386282,401911,yoitscharlie,12,0,0,1596,0.361745,7.2349,ok,1596,0.361745,7.2349,ok,2500,1425,Common,false,false,false
5189,14.4538,1099998385835,401910,yoitscharlie,11,0,0,1597,0.361345,7.2269,ok,1597,0.361345,7.2269,ok,2500,1399,Common,false,false,false
5190,14.4538,1099998386283,401911,yoitscharlie,12,0,0,1597,0.361345,7.2269,ok,1597,0.361345,7.2269,ok,2500,1425,Common,false,false,false
5191,14.4378,1099998385836,401910,yoitscharlie,11,0,0,1598,0.360944,7.2189,ok,1598,0.360944,7.2189,ok,2500,1399,Common,false,false,false
5192,14.4378,1099998386284,401911,yoitscharlie,12,0,0,1598,0.360944,7.2189,ok,1598,0.360944,7.2189,ok,2500,1425,Common,false,false,false
5193,14.4218,1099998385837,401910,yoitscharlie,11,0,0,1599,0.360544,7.2109,ok,1599,0.360544,7.2109,ok,2500,1399,Common,false,false,false
5194,14.4218,1099998386285,401911,yoitscharlie,12,0,0,1599,0.360544,7.2109,ok,1599,0.360544,7.2109,ok,2500,1425,Common,false,false,false
5195,14.4058,1099998385838,401910,yoitscharlie,11,0,0,1600,0.360144,7.2029,ok,1600,0.360144,7.2029,ok,2500,1399,Common,false,false,false
5196,14.4058,1099998386286,401911,yoitscharlie,12,0,0,1600,0.360144,7.2029,ok,1600,0.360144,7.2029,ok,2500,1425,Common,false,false,false
5197,14.3898,1099998385839,401910,yoitscharlie,11,0,0,1601,0.359744,7.1949,ok,1601,0.359744,7.1949,ok,2500,1399,Common,false,false,false
5198,14.3898,1099998386287,401911,yoitscharlie,12,0,0,1601,0.359744,7.1949,ok,1601,0.359744,7.1949,ok,2500,1425,Common,false,false,false
5199,14.3738,1099998385840,401910,yoitscharlie,11,0,0,1602,0.359344,7.1869,ok,1602,0.359344,7.1869,ok,2500,1399,Common,false,false,false
5200,14.3738,1099998386288,401911,yoitscharlie,12,0,0,1602,0.359344,7.1869,ok,1602,0.359344,7.1869,ok,2500,1425,Common,false,false,false
5201,14.3578,1099998385841,401910,yoitscharlie,11,0,0,1603,0.358944,7.1789,ok,1603,0.358944,7.1789,ok,2500,1399,Common,false,false,false
5202,14.3578,1099998386289,401911,yoitscharlie,12,0,0,1603,0.358944,7.1789,ok,1603,0.358944,7.1789,ok,2500,1425,Common,false,false,false
5203,14.3418,1099998385842,401910,yoitscharlie,11,0,0,1604,0.358543,7.1709,ok,1604,0.358543,7.1709,ok,2500,1399,Common,false,false,false
5204,14.3418,1099998386290,401911,yoitscharlie,12,0,0,1604,0.358543,7.1709,ok,1604,0.358543,7.1709,ok,2500,1425,Common,false,false,false
5205,14.3258,1099998385843,401910,yoitscharlie,11,0,0,1605,0.358143,7.1629,ok,1605,0.358143,7.1629,ok,2500,1399,Common,false,false,false
5206,14.3258,1099998386291,401911,yoitscharlie,12,0,0,1605,0.358143,7.1629,ok,1605,0.358143,7.1629,ok,2500,1425,Common,false,false,false
5207,14.3098,1099998385844,401910,yoitscharlie,11,0,0,1606,0.357743,7.1549,ok,1606,0.357743,7.1549,ok,2500,1399,Common,false,false,false
5208,14.3098,1099998386292,401911,yoitscharlie,12,0,0,1606,0.357743,7.1549,ok,1606,0.357743,7.1549,ok,2500,1425,Common,false,false,false
5209,14.2938,1099998385845,401910,yoitscharlie,11,0,0,1607,0.357343,7.1469,ok,1607,0.357343,7.1469,ok,2500,1399,Common,false,false,false
5210,14.2938,1099998386293,401911,yoitscharlie,12,0,0,1607,0.357343,7.1469,ok,1607,0.357343,7.1469,ok,2500,1425,Common,false,false,false
5211,14.2778,1099998385846,401910,yoitscharlie,11,0,0,1608,0.356943,7.1389,ok,1608,0.356943,7.1389,ok,2500,1399,Common,false,false,false
5212,14.2778,1099998386294,401911,yoitscharlie,12,0,0,1608,0.356943,7.1389,ok,1608,0.356943,7.1389,ok,2500,1425,Common,false,false,false
5213,14.2618,1099998385847,401910,yoitscharlie,11,0,0,1609,0.356543,7.1309,ok,1609,0.356543,7.1309,ok,2500,1399,Common,false,false,false
5214,14.2618,1099998386295,401911,yoitscharlie,12,0,0,1609,0.356543,7.1309,ok,1609,0.356543,7.1309,ok,2500,1425,Common,false,false,false
5215,14.2456,1099998385848,401910,yoitscharlie,11,0,0,1610,0.356142,7.1228,ok,1610,0.356142,7.1228,ok,2500,1399,Common,false,false,false
5216,14.2456,1099998386296,401911,yoitscharlie,12,0,0,1610,0.356142,7.1228,ok,1610,0.356142,7.1228,ok,2500,1425,Common,false,false,false
5217,14.2296,1099998385849,401910,yoitscharlie,11,0,0,1611,0.355742,7.1148,ok,1611,0.355742,7.1148,ok,2500,1399,Common,false,false,false
5218,14.2296,1099998386297,401911,yoitscharlie,12,0,0,1611,0.355742,7.1148,ok,1611,0.355742,7.1148,ok,2500,1425,Common,false,false,false
5219,14.2136,1099998385850,401910,yoitscharlie,11,0,0,1612,0.355342,7.1068,ok,1612,0.355342,7.1068,ok,2500,1399,Common,false,false,false
5220,14.2136,1099998386298,401911,yoitscharlie,12,0,0,1612,0.355342,7.1068,ok,1612,0.355342,7.1068,ok,2500,1425,Common,false,false,false
5221,14.1976,1099998385851,401910,yoitscharlie,11,0,0,1613,0.354942,7.0988,ok,1613,0.354942,7.0988,ok,2500,1399,Common,false,false,false
5222,14.1976,1099998386299,401911,yoitscharlie,12,0,0,1613,0.354942,7.0988,ok,1613,0.354942,7.0988,ok,2500,1425,Common,false,false,false
5223,14.1816,1099998385852,401910,yoitscharlie,11,0,0,1614,0.354542,7.0908,ok,1614,0.354542,7.0908,ok,2500,1399,Common,false,false,false
5224,14.1816,1099998386300,401911,yoitscharlie,12,0,0,1614,0.354542,7.0908,ok,1614,0.354542,7.0908,ok,2500,1425,Common,false,false,false
5225,14.1656,1099998385853,401910,yoitscharlie,11,0,0,1615,0.354142,7.0828,ok,1615,0.354142,7.0828,ok,2500,1399,Common,false,false,false
5226,14.1656,1099998386301,401911,yoitscharlie,12,0,0,1615,0.354142,7.0828,ok,1615,0.354142,7.0828,ok,2500,1425,Common,false,false,false
5227,14.1496,1099998385854,401910,yoitscharlie,11,0,0,1616,0.353741,7.0748,ok,1616,0.353741,7.0748,ok,2500,1399,Common,false,false,false
5228,14.1496,1099998386302,401911,yoitscharlie,12,0,0,1616,0.353741,7.0748,ok,1616,0.353741,7.0748,ok,2500,1425,Common,false,false,false
5229,14.1336,1099998385855,401910,yoitscharlie,11,0,0,1617,0.353341,7.0668,ok,1617,0.353341,7.0668,ok,2500,1399,Common,false,false,false
5230,14.1336,1099998386303,401911,yoitscharlie,12,0,0,1617,0.353341,7.0668,ok,1617,0.353341,7.0668,ok,2500,1425,Common,false,false,false
5231,14.1176,1099998385856,401910,yoitscharlie,11,0,0,1618,0.352941,7.0588,ok,1618,0.352941,7.0588,ok,2500,1399,Common,false,false,false
5232,14.1176,1099998386304,401911,yoitscharlie,12,0,0,1618,0.352941,7.0588,ok,1618,0.352941,7.0588,ok,2500,1425,Common,false,false,false
5233,14.1016,1099998385857,401910,yoitscharlie,11,0,0,1619,0.352541,7.0508,ok,1619,0.352541,7.0508,ok,2500,1399,Common,false,false,false
5234,14.1016,1099998386305,401911,yoitscharlie,12,0,0,1619,0.352541,7.0508,ok,1619,0.352541,7.0508,ok,2500,1425,Common,false,false,false
5235,14.0856,1099998385858,401910,yoitscharlie,11,0,0,1620,0.352141,7.0428,ok,1620,0.352141,7.0428,ok,2500,1399,Common,false,false,false
5236,14.0856,1099998386306,401911,yoitscharlie,12,0,0,1620,0.352141,7.0428,ok,1620,0.352141,7.0428,ok,2500,1425,Common,false,false,false
5237,14.0696,1099998385859,401910,yoitscharlie,11,0,0,1621,0.351741,7.0348,ok,1621,0.351741,7.0348,ok,2500,1399,Common,false,false,false
5238,14.0696,1099998386307,401911,yoitscharlie,12,0,0,1621,0.351741,7.0348,ok,1621,0.351741,7.0348,ok,2500,1425,Common,false,false,false
5239,14.0536,1099998385860,401910,yoitscharlie,11,0,0,1622,0.351341,7.0268,ok,1622,0.351341,7.0268,ok,2500,1399,Common,false,false,false
5240,14.0536,1099998386308,401911,yoitscharlie,12,0,0,1622,0.351341,7.0268,ok,1622,0.351341,7.0268,ok,2500,1425,Common,false,false,false
5241,14.0376,1099998385861,401910,yoitscharlie,11,0,0,1623,0.35094,7.0188,ok,1623,0.35094,7.0188,ok,2500,1399,Common,false,false,false
5242,14.0376,1099998386309,401911,yoitscharlie,12,0,0,1623,0.35094,7.0188,ok,1623,0.35094,7.0188,ok,2500,1425,Common,false,false,false
5243,14.0216,1099998385862,401910,yoitscharlie,11,0,0,1624,0.35054,7.0108,ok,1624,0.35054,7.0108,ok,2500,1399,Common,false,false,false
5244,14.0216,1099998386310,401911,yoitscharlie,12,0,0,1624,0.35054,7.0108,ok,1624,0.35054,7.0108,ok,2500,1425,Common,false,false,false
5245,14.0056,1099998385863,401910,yoitscharlie,11,0,0,1625,0.35014,7.0028,ok,1625,0.35014,7.0028,ok,2500,1399,Common,false,false,false
5246,14.0056,1099998386311,401911,yoitscharlie,12,0,0,1625,0.35014,7.0028,ok,1625,0.35014,7.0028,ok,2500,1425,Common,false,false,false
5247,13.9896,1099998386082,401910,yoitscharlie,11,0,0,1626,0.34974,6.9948,ok,1626,0.34974,6.9948,ok,2500,1399,Common,false,false,false
5248,13.9896,1099998505940,401911,yoitscharlie,12,0,0,1626,0.34974,6.9948,ok,1626,0.34974,6.9948,ok,2500,1425,Common,false,false,false
5249,13.9736,1099998386083,401910,yoitscharlie,11,0,0,1627,0.34934,6.9868,ok,1627,0.34934,6.9868,ok,2500,1399,Common,false,false,false
5250,13.9736,1099998505941,401911,yoitscharlie,12,0,0,1627,0.34934,6.9868,ok,1627,0.34934,6.9868,ok,2500,1425,Common,false,false,false
5251,13.9576,1099998386084,401910,yoitscharlie,11,0,0,1628,0.34894,6.9788,ok,1628,0.34894,6.9788,ok,2500,1399,Common,false,false,false
5252,13.9576,1099998505942,401911,yoitscharlie,12,0,0,1628,0.34894,6.9788,ok,1628,0.34894,6.9788,ok,2500,1425,Common,false,false,false
5253,13.9416,1099998386085,401910,yoitscharlie,11,0,0,1629,0.348539,6.9708,ok,1629,0.348539,6.9708,ok,2500,1399,Common,false,false,false
5254,13.9416,1099998505943,401911,yoitscharlie,12,0,0,1629,0.348539,6.9708,ok,1629,0.348539,6.9708,ok,2500,1425,Common,false,false,false
5255,13.9256,1099998386086,401910,yoitscharlie,11,0,0,1630,0.348139,6.9628,ok,1630,0.348139,6.9628,ok,2500,1399,Common,false,false,false
5256,13.9256,1099998505944,401911,yoitscharlie,12,0,0,1630,0.348139,6.9628,ok,1630,0.348139,6.9628,ok,2500,1425,Common,false,false,false
5257,13.9096,1099998386087,401910,yoitscharlie,11,0,0,1631,0.347739,6.9548,ok,1631,0.347739,6.9548,ok,2500,1399,Common,false,false,false
5258,13.9096,1099998505945,401911,yoitscharlie,12,0,0,1631,0.347739,6.9548,ok,1631,0.347739,6.9548,ok,2500,1425,Common,false,false,false
5259,13.8936,1099998386088,401910,yoitscharlie,11,0,0,1632,0.347339,6.9468,ok,1632,0.347339,6.9468,ok,2500,1399,Common,false,false,false
5260,13.8936,1099998505946,401911,yoitscharlie,12,0,0,1632,0.347339,6.9468,ok,1632,0.347339,6.9468,ok,2500,1425,Common,false,false,false
5261,13.8776,1099998386089,401910,yoitscharlie,11,0,0,1633,0.346939,6.9388,ok,1633,0.346939,6.9388,ok,2500,1399,Common,false,false,false
5262,13.8776,1099998505947,401911,yoitscharlie,12,0,0,1633,0.346939,6.9388,ok,1633,0.346939,6.9388,ok,2500,1425,Common,false,false,false
5263,13.8616,1099998386090,401910,yoitscharlie,11,0,0,1634,0.346539,6.9308,ok,1634,0.346539,6.9308,ok,2500,1399,Common,false,false,false
5264,13.8616,1099998505948,401911,yoitscharlie,12,0,0,1634,0.346539,6.9308,ok,1634,0.346539,6.9308,ok,2500,1425,Common,false,false,false
5265,13.8456,1099998386091,401910,yoitscharlie,11,0,0,1635,0.346138,6.9228,ok,1635,0.346138,6.9228,ok,2500,1399,Common,false,false,false
5266,13.8456,1099998505949,401911,yoitscharlie,12,0,0,1635,0.346138,6.9228,ok,1635,0.346138,6.9228,ok,2500,1425,Common,false,false,false
5267,13.8296,1099998386092,401910,yoitscharlie,11,0,0,1636,0.345738,6.9148,ok,1636,0.345738,6.9148,ok,2500,1399,Common,false,false,false
5268,13.8296,1099998505950,401911,yoitscharlie,12,0,0,1636,0.345738,6.9148,ok,1636,0.345738,6.9148,ok,2500,1425,Common,false,false,false
5269,13.8136,1099998386093,401910,yoitscharlie,11,0,0,1637,0.345338,6.9068,ok,1637,0.345338,6.9068,ok,2500,1399,Common,false,false,false
5270,13.8136,1099998505951,401911,yoitscharlie,12,0,0,1637,0.345338,6.9068,ok,1637,0.345338,6.9068,ok,2500,1425,Common,false,false,false
5271,13.7976,1099998386094,401910,yoitscharlie,11,0,0,1638,0.344938,6.8988,ok,1638,0.344938,6.8988,ok,2500,1399,Common,false,false,false
5272,13.7976,1099998505952,401911,yoitscharlie,12,0,0,1638,0.344938,6.8988,ok,1638,0.344938,6.8988,ok,2500,1425,Common,false,false,false
5273,13.7816,1099998386095,401910,yoitscharlie,11,0,0,1639,0.344538,6.8908,ok,1639,0.344538,6.8908,ok,2500,1399,Common,false,false,false
5274,13.7816,1099998505953,401911,yoitscharlie,12,0,0,1639,0.344538,6.8908,ok,1639,0.344538,6.8908,ok,2500,1425,Common,false,false,false
5275,13.7656,1099998386096,401910,yoitscharlie,11,0,0,1640,0.344138,6.8828,ok,1640,0.344138,6.8828,ok,2500,1399,Common,false,false,false
5276,13.7656,1099998505954,401911,yoitscharlie,12,0,0,1640,0.344138,6.8828,ok,1640,0.344138,6.8828,ok,2500,1425,Common,false,false,false
5277,13.7494,1099998386097,401910,yoitscharlie,11,0,0,1641,0.343737,6.8747,ok,1641,0.343737,6.8747,ok,2500,1399,Common,false,false,false
5278,13.7494,1099998505955,401911,yoitscharlie,12,0,0,1641,0.343737,6.8747,ok,1641,0.343737,6.8747,ok,2500,1425,Common,false,false,false
5279,13.7334,1099998386098,401910,yoitscharlie,11,0,0,1642,0.343337,6.8667,ok,1642,0.343337,6.8667,ok,2500,1399,Common,false,false,false
5280,13.7334,1099998505956,401911,yoitscharlie,12,0,0,1642,0.343337,6.8667,ok,1642,0.343337,6.8667,ok,2500,1425,Common,false,false,false
5281,13.7174,1099998386099,401910,yoitscharlie,11,0,0,1643,0.342937,6.8587,ok,1643,0.342937,6.8587,ok,2500,1399,Common,false,false,false
5282,13.7174,1099998505957,401911,yoitscharlie,12,0,0,1643,0.342937,6.8587,ok,1643,0.342937,6.8587,ok,2500,1425,Common,false,false,false
5283,13.7014,1099998386100,401910,yoitscharlie,11,0,0,1644,0.342537,6.8507,ok,1644,0.342537,6.8507,ok,2500,1399,Common,false,false,false
5284,13.7014,1099998505958,401911,yoitscharlie,12,0,0,1644,0.342537,6.8507,ok,1644,0.342537,6.8507,ok,2500,1425,Common,false,false,false
5285,13.6854,1099998386101,401910,yoitscharlie,11,0,0,1645,0.342137,6.8427,ok,1645,0.342137,6.8427,ok,2500,1399,Common,false,false,false
5286,13.6854,1099998505959,401911,yoitscharlie,12,0,0,1645,0.342137,6.8427,ok,1645,0.342137,6.8427,ok,2500,1425,Common,false,false,false
5287,13.6694,1099998386102,401910,yoitscharlie,11,0,0,1646,0.341737,6.8347,ok,1646,0.341737,6.8347,ok,2500,1399,Common,false,false,false
5288,13.6694,1099998505960,401911,yoitscharlie,12,0,0,1646,0.341737,6.8347,ok,1646,0.341737,6.8347,ok,2500,1425,Common,false,false,false
5289,13.6534,1099998386103,401910,yoitscharlie,11,0,0,1647,0.341337,6.8267,ok,1647,0.341337,6.8267,ok,2500,1399,Common,false,false,false
5290,13.6534,1099998505961,401911,yoitscharlie,12,0,0,1647,0.341337,6.8267,ok,1647,0.341337,6.8267,ok,2500,1425,Common,false,false,false
5291,13.6374,1099998386104,401910,yoitscharlie,11,0,0,1648,0.340936,6.8187,ok,1648,0.340936,6.8187,ok,2500,1399,Common,false,false,false
5292,13.6374,1099998505962,401911,yoitscharlie,12,0,0,1648,0.340936,6.8187,ok,1648,0.340936,6.8187,ok,2500,1425,Common,false,false,false
5293,13.6214,1099998386105,401910,yoitscharlie,11,0,0,1649,0.340536,6.8107,ok,1649,0.340536,6.8107,ok,2500,1399,Common,false,false,false
5294,13.6214,1099998505963,401911,yoitscharlie,12,0,0,1649,0.340536,6.8107,ok,1649,0.340536,6.8107,ok,2500,1425,Common,false,false,false
5295,13.6054,1099998386106,401910,yoitscharlie,11,0,0,1650,0.340136,6.8027,ok,1650,0.340136,6.8027,ok,2500,1399,Common,false,false,false
5296,13.6054,1099998505964,401911,yoitscharlie,12,0,0,1650,0.340136,6.8027,ok,1650,0.340136,6.8027,ok,2500,1425,Common,false,false,false
5297,13.5894,1099998386107,401910,yoitscharlie,11,0,0,1651,0.339736,6.7947,ok,1651,0.339736,6.7947,ok,2500,1399,Common,false,false,false
5298,13.5894,1099998505965,401911,yoitscharlie,12,0,0,1651,0.339736,6.7947,ok,1651,0.339736,6.7947,ok,2500,1425,Common,false,false,false
5299,13.5734,1099998386108,401910,yoitscharlie,11,0,0,1652,0.339336,6.7867,ok,1652,0.339336,6.7867,ok,2500,1399,Common,false,false,false
5300,13.5734,1099998505966,401911,yoitscharlie,12,0,0,1652,0.339336,6.7867,ok,1652,0.339336,6.7867,ok,2500,1425,Common,false,false,false
5301,13.5574,1099998386109,401910,yoitscharlie,11,0,0,1653,0.338936,6.7787,ok,1653,0.338936,6.7787,ok,2500,1399,Common,false,false,false
5302,13.5574,1099998505967,401911,yoitscharlie,12,0,0,1653,0.338936,6.7787,ok,1653,0.338936,6.7787,ok,2500,1425,Common,false,false,false
5303,13.5414,1099998386110,401910,yoitscharlie,11,0,0,1654,0.338535,6.7707,ok,1654,0.338535,6.7707,ok,2500,1399,Common,false,false,false
5304,13.5414,1099998505968,401911,yoitscharlie,12,0,0,1654,0.338535,6.7707,ok,1654,0.338535,6.7707,ok,2500,1425,Common,false,false,false
5305,13.5254,1099998386111,401910,yoitscharlie,11,0,0,1655,0.338135,6.7627,ok,1655,0.338135,6.7627,ok,2500,1399,Common,false,false,false
5306,13.5254,1099998505969,401911,yoitscharlie,12,0,0,1655,0.338135,6.7627,ok,1655,0.338135,6.7627,ok,2500,1425,Common,false,false,false
5307,13.5094,1099998386112,401910,yoitscharlie,11,0,0,1656,0.337735,6.7547,ok,1656,0.337735,6.7547,ok,2500,1399,Common,false,false,false
5308,13.5094,1099998505970,401911,yoitscharlie,12,0,0,1656,0.337735,6.7547,ok,1656,0.337735,6.7547,ok,2500,1425,Common,false,false,false
5309,13.4934,1099998386113,401910,yoitscharlie,11,0,0,1657,0.337335,6.7467,ok,1657,0.337335,6.7467,ok,2500,1399,Common,false,false,false
5310,13.4934,1099998505971,401911,yoitscharlie,12,0,0,1657,0.337335,6.7467,ok,1657,0.337335,6.7467,ok,2500,1425,Common,false,false,false
5311,13.4774,1099998386114,401910,yoitscharlie,11,0,0,1658,0.336935,6.7387,ok,1658,0.336935,6.7387,ok,2500,1399,Common,false,false,false
5312,13.4774,1099998505972,401911,yoitscharlie,12,0,0,1658,0.336935,6.7387,ok,1658,0.336935,6.7387,ok,2500,1425,Common,false,false,false
5313,13.4614,1099998386115,401910,yoitscharlie,11,0,0,1659,0.336535,6.7307,ok,1659,0.336535,6.7307,ok,2500,1399,Common,false,false,false
5314,13.4614,1099998505973,401911,yoitscharlie,12,0,0,1659,0.336535,6.7307,ok,1659,0.336535,6.7307,ok,2500,1425,Common,false,false,false
5315,13.4454,1099998386116,401910,yoitscharlie,11,0,0,1660,0.336134,6.7227,ok,1660,0.336134,6.7227,ok,2500,1399,Common,false,false,false
5316,13.4454,1099998505974,401911,yoitscharlie,12,0,0,1660,0.336134,6.7227,ok,1660,0.336134,6.7227,ok,2500,1425,Common,false,false,false
5317,13.4294,1099998386117,401910,yoitscharlie,11,0,0,1661,0.335734,6.7147,ok,1661,0.335734,6.7147,ok,2500,1399,Common,false,false,false
5318,13.4294,1099998505975,401911,yoitscharlie,12,0,0,1661,0.335734,6.7147,ok,1661,0.335734,6.7147,ok,2500,1425,Common,false,false,false
5319,13.4134,1099998386118,401910,yoitscharlie,11,0,0,1662,0.335334,6.7067,ok,1662,0.335334,6.7067,ok,2500,1399,Common,false,false,false
5320,13.4134,1099998505976,401911,yoitscharlie,12,0,0,1662,0.335334,6.7067,ok,1662,0.335334,6.7067,ok,2500,1425,Common,false,false,false
5321,13.3974,1099998386119,401910,yoitscharlie,11,0,0,1663,0.334934,6.6987,ok,1663,0.334934,6.6987,ok,2500,1399,Common,false,false,false
5322,13.3974,1099998505977,401911,yoitscharlie,12,0,0,1663,0.334934,6.6987,ok,1663,0.334934,6.6987,ok,2500,1425,Common,false,false,false
5323,13.3814,1099998386120,401910,yoitscharlie,11,0,0,1664,0.334534,6.6907,ok,1664,0.334534,6.6907,ok,2500,1399,Common,false,false,false
5324,13.3814,1099998505978,401911,yoitscharlie,12,0,0,1664,0.334534,6.6907,ok,1664,0.334534,6.6907,ok,2500,1425,Common,false,false,false
5325,13.3654,1099998386121,401910,yoitscharlie,11,0,0,1665,0.334134,6.6827,ok,1665,0.334134,6.6827,ok,2500,1399,Common,false,false,false
5326,13.3654,1099998505979,401911,yoitscharlie,12,0,0,1665,0.334134,6.6827,ok,1665,0.334134,6.6827,ok,2500,1425,Common,false,false,false
5327,13.3494,1099998386122,401910,yoitscharlie,11,0,0,1666,0.333733,6.6747,ok,1666,0.333733,6.6747,ok,2500,1399,Common,false,false,false
5328,13.3494,1099998505980,401911,yoitscharlie,12,0,0,1666,0.333733,6.6747,ok,1666,0.333733,6.6747,ok,2500,1425,Common,false,false,false
5329,13.3334,1099998386123,401910,yoitscharlie,11,0,0,1667,0.333333,6.6667,ok,1667,0.333333,6.6667,ok,2500,1399,Common,false,false,false
5330,13.3334,1099998505981,401911,yoitscharlie,12,0,0,1667,0.333333,6.6667,ok,1667,0.333333,6.6667,ok,2500,1425,Common,false,false,false
5331,13.3174,1099998386124,401910,yoitscharlie,11,0,0,1668,0.332933,6.6587,ok,1668,0.332933,6.6587,ok,2500,1399,Common,false,false,false
5332,13.3174,1099998505982,401911,yoitscharlie,12,0,0,1668,0.332933,6.6587,ok,1668,0.332933,6.6587,ok,2500,1425,Common,false,false,false
5333,13.3014,1099998386125,401910,yoitscharlie,11,0,0,1669,0.332533,6.6507,ok,1669,0.332533,6.6507,ok,2500,1399,Common,false,false,false
5334,13.3014,1099998505983,401911,yoitscharlie,12,0,0,1669,0.332533,6.6507,ok,1669,0.332533,6.6507,ok,2500,1425,Common,false,false,false
5335,13.2854,1099998386126,401910,yoitscharlie,11,0,0,1670,0.332133,6.6427,ok,1670,0.332133,6.6427,ok,2500,1399,Common,false,false,false
5336,13.2854,1099998505984,401911,yoitscharlie,12,0,0,1670,0.332133,6.6427,ok,1670,0.332133,6.6427,ok,2500,1425,Common,false,false,false
5337,13.2694,1099998386127,401910,yoitscharlie,11,0,0,1671,0.331733,6.6347,ok,1671,0.331733,6.6347,ok,2500,1399,Common,false,false,false
5338,13.2694,1099998505985,401911,yoitscharlie,12,0,0,1671,0.331733,6.6347,ok,1671,0.331733,6.6347,ok,2500,1425,Common,false,false,false
5339,13.2534,1099998386128,401910,yoitscharlie,11,0,0,1672,0.331333,6.6267,ok,1672,0.331333,6.6267,ok,2500,1399,Common,false,false,false
5340,13.2534,1099998505986,401911,yoitscharlie,12,0,0,1672,0.331333,6.6267,ok,1672,0.331333,6.6267,ok,2500,1425,Common,false,false,false
5341,13.2372,1099998386129,401910,yoitscharlie,11,0,0,1673,0.330932,6.6186,ok,1673,0.330932,6.6186,ok,2500,1399,Common,false,false,false
5342,13.2372,1099998505987,401911,yoitscharlie,12,0,0,1673,0.330932,6.6186,ok,1673,0.330932,6.6186,ok,2500,1425,Common,false,false,false
5343,13.2212,1099998386130,401910,yoitscharlie,11,0,0,1674,0.330532,6.6106,ok,1674,0.330532,6.6106,ok,2500,1399,Common,false,false,false
5344,13.2212,1099998505988,401911,yoitscharlie,12,0,0,1674,0.330532,6.6106,ok,1674,0.330532,6.6106,ok,2500,1425,Common,false,false,false
5345,13.2052,1099998386131,401910,yoitscharlie,11,0,0,1675,0.330132,6.6026,ok,1675,0.330132,6.6026,ok,2500,1399,Common,false,false,false
5346,13.2052,1099998505989,401911,yoitscharlie,12,0,0,1675,0.330132,6.6026,ok,1675,0.330132,6.6026,ok,2500,1425,Common,false,false,false
5347,13.1892,1099998386134,401910,yoitscharlie,11,0,0,1676,0.329732,6.5946,ok,1676,0.329732,6.5946,ok,2500,1399,Common,false,false,false
5348,13.1892,1099998505994,401911,yoitscharlie,12,0,0,1676,0.329732,6.5946,ok,1676,0.329732,6.5946,ok,2500,1425,Common,false,false,false
5349,13.1732,1099998386135,401910,yoitscharlie,11,0,0,1677,0.329332,6.5866,ok,1677,0.329332,6.5866,ok,2500,1399,Common,false,false,false
5350,13.1732,1099998505995,401911,yoitscharlie,12,0,0,1677,0.329332,6.5866,ok,1677,0.329332,6.5866,ok,2500,1425,Common,false,false,false
5351,13.1572,1099998386136,401910,yoitscharlie,11,0,0,1678,0.328932,6.5786,ok,1678,0.328932,6.5786,ok,2500,1399,Common,false,false,false
5352,13.1572,1099998505996,401911,yoitscharlie,12,0,0,1678,0.328932,6.5786,ok,1678,0.328932,6.5786,ok,2500,1425,Common,false,false,false
5353,13.1412,1099998386137,401910,yoitscharlie,11,0,0,1679,0.328531,6.5706,ok,1679,0.328531,6.5706,ok,2500,1399,Common,false,false,false
5354,13.1412,1099998505997,401911,yoitscharlie,12,0,0,1679,0.328531,6.5706,ok,1679,0.328531,6.5706,ok,2500,1425,Common,false,false,false
5355,13.1252,1099998386138,401910,yoitscharlie,11,0,0,1680,0.328131,6.5626,ok,1680,0.328131,6.5626,ok,2500,1399,Common,false,false,false
5356,13.1252,1099998505998,401911,yoitscharlie,12,0,0,1680,0.328131,6.5626,ok,1680,0.328131,6.5626,ok,2500,1425,Common,false,false,false
5357,13.1092,1099998386139,401910,yoitscharlie,11,0,0,1681,0.327731,6.5546,ok,1681,0.327731,6.5546,ok,2500,1399,Common,false,false,false
5358,13.1092,1099998505999,401911,yoitscharlie,12,0,0,1681,0.327731,6.5546,ok,1681,0.327731,6.5546,ok,2500,1425,Common,false,false,false
5359,13.0932,1099998386140,401910,yoitscharlie,11,0,0,1682,0.327331,6.5466,ok,1682,0.327331,6.5466,ok,2500,1399,Common,false,false,false
5360,13.0932,1099998506000,401911,yoitscharlie,12,0,0,1682,0.327331,6.5466,ok,1682,0.327331,6.5466,ok,2500,1425,Common,false,false,false
5361,13.0772,1099998386141,401910,yoitscharlie,11,0,0,1683,0.326931,6.5386,ok,1683,0.326931,6.5386,ok,2500,1399,Common,false,false,false
5362,13.0772,1099998506001,401911,yoitscharlie,12,0,0,1683,0.326931,6.5386,ok,1683,0.326931,6.5386,ok,2500,1425,Common,false,false,false
5363,13.0612,1099998386142,401910,yoitscharlie,11,0,0,1684,0.326531,6.5306,ok,1684,0.326531,6.5306,ok,2500,1399,Common,false,false,false
5364,13.0612,1099998506002,401911,yoitscharlie,12,0,0,1684,0.326531,6.5306,ok,1684,0.326531,6.5306,ok,2500,1425,Common,false,false,false
5365,13.0452,1099998386143,401910,yoitscharlie,11,0,0,1685,0.32613,6.5226,ok,1685,0.32613,6.5226,ok,2500,1399,Common,false,false,false
5366,13.0452,1099998506003,401911,yoitscharlie,12,0,0,1685,0.32613,6.5226,ok,1685,0.32613,6.5226,ok,2500,1425,Common,false,false,false
5367,13.0292,1099998386144,401910,yoitscharlie,11,0,0,1686,0.32573,6.5146,ok,1686,0.32573,6.5146,ok,2500,1399,Common,false,false,false
5368,13.0292,1099998506004,401911,yoitscharlie,12,0,0,1686,0.32573,6.5146,ok,1686,0.32573,6.5146,ok,2500,1425,Common,false,false,false
5369,13.0132,1099998386145,401910,yoitscharlie,11,0,0,1687,0.32533,6.5066,ok,1687,0.32533,6.5066,ok,2500,1399,Common,false,false,false
5370,13.0132,1099998506005,401911,yoitscharlie,12,0,0,1687,0.32533,6.5066,ok,1687,0.32533,6.5066,ok,2500,1425,Common,false,false,false
5371,12.9972,1099998386146,401910,yoitscharlie,11,0,0,1688,0.32493,6.4986,ok,1688,0.32493,6.4986,ok,2500,1399,Common,false,false,false
5372,12.9972,1099998506006,401911,yoitscharlie,12,0,0,1688,0.32493,6.4986,ok,1688,0.32493,6.4986,ok,2500,1425,Common,false,false,false
5373,12.9812,1099998386147,401910,yoitscharlie,11,0,0,1689,0.32453,6.4906,ok,1689,0.32453,6.4906,ok,2500,1399,Common,false,false,false
5374,12.9812,1099998506007,401911,yoitscharlie,12,0,0,1689,0.32453,6.4906,ok,1689,0.32453,6.4906,ok,2500,1425,Common,false,false,false
5375,12.9652,1099998386148,401910,yoitscharlie,11,0,0,1690,0.32413,6.4826,ok,1690,0.32413,6.4826,ok,2500,1399,Common,false,false,false
5376,12.9652,1099998506008,401911,yoitscharlie,12,0,0,1690,0.32413,6.4826,ok,1690,0.32413,6.4826,ok,2500,1425,Common,false,false,false
5377,12.9492,1099998386149,401910,yoitscharlie,11,0,0,1691,0.323729,6.4746,ok,1691,0.323729,6.4746,ok,2500,1399,Common,false,false,false
5378,12.9492,1099998506009,401911,yoitscharlie,12,0,0,1691,0.323729,6.4746,ok,1691,0.323729,6.4746,ok,2500,1425,Common,false,false,false
5379,12.9332,1099998386150,401910,yoitscharlie,11,0,0,1692,0.323329,6.4666,ok,1692,0.323329,6.4666,ok,2500,1399,Common,false,false,false
5380,12.9332,1099998506010,401911,yoitscharlie,12,0,0,1692,0.323329,6.4666,ok,1692,0.323329,6.4666,ok,2500,1425,Common,false,false,false
5381,12.9172,1099998386151,401910,yoitscharlie,11,0,0,1693,0.322929,6.4586,ok,1693,0.322929,6.4586,ok,2500,1399,Common,false,false,false
5382,12.9172,1099998506011,401911,yoitscharlie,12,0,0,1693,0.322929,6.4586,ok,1693,0.322929,6.4586,ok,2500,1425,Common,false,false,false
5383,12.9012,1099998386152,401910,yoitscharlie,11,0,0,1694,0.322529,6.4506,ok,1694,0.322529,6.4506,ok,2500,1399,Common,false,false,false
5384,12.9012,1099998506012,401911,yoitscharlie,12,0,0,1694,0.322529,6.4506,ok,1694,0.322529,6.4506,ok,2500,1425,Common,false,false,false
5385,12.8852,1099998386153,401910,yoitscharlie,11,0,0,1695,0.322129,6.4426,ok,1695,0.322129,6.4426,ok,2500,1399,Common,false,false,false
5386,12.8852,1099998506013,401911,yoitscharlie,12,0,0,1695,0.322129,6.4426,ok,1695,0.322129,6.4426,ok,2500,1425,Common,false,false,false
5387,12.8692,1099998386154,401910,yoitscharlie,11,0,0,1696,0.321729,6.4346,ok,1696,0.321729,6.4346,ok,2500,1399,Common,false,false,false
5388,12.8692,1099998506014,401911,yoitscharlie,12,0,0,1696,0.321729,6.4346,ok,1696,0.321729,6.4346,ok,2500,1425,Common,false,false,false
5389,12.8532,1099998386155,401910,yoitscharlie,11,0,0,1697,0.321329,6.4266,ok,1697,0.321329,6.4266,ok,2500,1399,Common,false,false,false
5390,12.8532,1099998506015,401911,yoitscharlie,12,0,0,1697,0.321329,6.4266,ok,1697,0.321329,6.4266,ok,2500,1425,Common,false,false,false
5391,12.8372,1099998386156,401910,yoitscharlie,11,0,0,1698,0.320928,6.4186,ok,1698,0.320928,6.4186,ok,2500,1399,Common,false,false,false
5392,12.8372,1099998506016,401911,yoitscharlie,12,0,0,1698,0.320928,6.4186,ok,1698,0.320928,6.4186,ok,2500,1425,Common,false,false,false
5393,12.8212,1099998386157,401910,yoitscharlie,11,0,0,1699,0.320528,6.4106,ok,1699,0.320528,6.4106,ok,2500,1399,Common,false,false,false
5394,12.8212,1099998506017,401911,yoitscharlie,12,0,0,1699,0.320528,6.4106,ok,1699,0.320528,6.4106,ok,2500,1425,Common,false,false,false
5395,12.8052,1099998386158,401910,yoitscharlie,11,0,0,1700,0.320128,6.4026,ok,1700,0.320128,6.4026,ok,2500,1399,Common,false,false,false
5396,12.8052,1099998506018,401911,yoitscharlie,12,0,0,1700,0.320128,6.4026,ok,1700,0.320128,6.4026,ok,2500,1425,Common,false,false,false
5397,12.7892,1099998386159,401910,yoitscharlie,11,0,0,1701,0.319728,6.3946,ok,1701,0.319728,6.3946,ok,2500,1399,Common,false,false,false
5398,12.7892,1099998506019,401911,yoitscharlie,12,0,0,1701,0.319728,6.3946,ok,1701,0.319728,6.3946,ok,2500,1425,Common,false,false,false
5399,12.7732,1099998386160,401910,yoitscharlie,11,0,0,1702,0.319328,6.3866,ok,1702,0.319328,6.3866,ok,2500,1399,Common,false,false,false
5400,12.7732,1099998506020,401911,yoitscharlie,12,0,0,1702,0.319328,6.3866,ok,1702,0.319328,6.3866,ok,2500,1425,Common,false,false,false
5401,12.7572,1099998386161,401910,yoitscharlie,11,0,0,1703,0.318928,6.3786,ok,1703,0.318928,6.3786,ok,2500,1399,Common,false,false,false
5402,12.7572,1099998506021,401911,yoitscharlie,12,0,0,1703,0.318928,6.3786,ok,1703,0.318928,6.3786,ok,2500,1425,Common,false,false,false
5403,12.741,1099998386162,401910,yoitscharlie,11,0,0,1704,0.318527,6.3705,ok,1704,0.318527,6.3705,ok,2500,1399,Common,false,false,false
5404,12.741,1099998506022,401911,yoitscharlie,12,0,0,1704,0.318527,6.3705,ok,1704,0.318527,6.3705,ok,2500,1425,Common,false,false,false
5405,12.725,1099998386163,401910,yoitscharlie,11,0,0,1705,0.318127,6.3625,ok,1705,0.318127,6.3625,ok,2500,1399,Common,false,false,false
5406,12.725,1099998506023,401911,yoitscharlie,12,0,0,1705,0.318127,6.3625,ok,1705,0.318127,6.3625,ok,2500,1425,Common,false,false,false
5407,12.709,1099998386164,401910,yoitscharlie,11,0,0,1706,0.317727,6.3545,ok,1706,0.317727,6.3545,ok,2500,1399,Common,false,false,false
5408,12.709,1099998506024,401911,yoitscharlie,12,0,0,1706,0.317727,6.3545,ok,1706,0.317727,6.3545,ok,2500,1425,Common,false,false,false
5409,12.693,1099998386165,401910,yoitscharlie,11,0,0,1707,0.317327,6.3465,ok,1707,0.317327,6.3465,ok,2500,1399,Common,false,false,false
5410,12.693,1099998506025,401911,yoitscharlie,12,0,0,1707,0.317327,6.3465,ok,1707,0.317327,6.3465,ok,2500,1425,Common,false,false,false
5411,12.677,1099998386166,401910,yoitscharlie,11,0,0,1708,0.316927,6.3385,ok,1708,0.316927,6.3385,ok,2500,1399,Common,false,false,false
5412,12.677,1099998506026,401911,yoitscharlie,12,0,0,1708,0.316927,6.3385,ok,1708,0.316927,6.3385,ok,2500,1425,Common,false,false,false
5413,12.661,1099998386167,401910,yoitscharlie,11,0,0,1709,0.316527,6.3305,ok,1709,0.316527,6.3305,ok,2500,1399,Common,false,false,false
5414,12.661,1099998506027,401911,yoitscharlie,12,0,0,1709,0.316527,6.3305,ok,1709,0.316527,6.3305,ok,2500,1425,Common,false,false,false
5415,12.645,1099998386168,401910,yoitscharlie,11,0,0,1710,0.316126,6.3225,ok,1710,0.316126,6.3225,ok,2500,1399,Common,false,false,false
5416,12.645,1099998506028,401911,yoitscharlie,12,0,0,1710,0.316126,6.3225,ok,1710,0.316126,6.3225,ok,2500,1425,Common,false,false,false
5417,12.629,1099998386169,401910,yoitscharlie,11,0,0,1711,0.315726,6.3145,ok,1711,0.315726,6.3145,ok,2500,1399,Common,false,false,false
5418,12.629,1099998506029,401911,yoitscharlie,12,0,0,1711,0.315726,6.3145,ok,1711,0.315726,6.3145,ok,2500,1425,Common,false,false,false
5419,12.613,1099998386170,401910,yoitscharlie,11,0,0,1712,0.315326,6.3065,ok,1712,0.315326,6.3065,ok,2500,1399,Common,false,false,false
5420,12.613,1099998506030,401911,yoitscharlie,12,0,0,1712,0.315326,6.3065,ok,1712,0.315326,6.3065,ok,2500,1425,Common,false,false,false
5421,12.597,1099998386171,401910,yoitscharlie,11,0,0,1713,0.314926,6.2985,ok,1713,0.314926,6.2985,ok,2500,1399,Common,false,false,false
5422,12.597,1099998506031,401911,yoitscharlie,12,0,0,1713,0.314926,6.2985,ok,1713,0.314926,6.2985,ok,2500,1425,Common,false,false,false
5423,12.581,1099998386172,401910,yoitscharlie,11,0,0,1714,0.314526,6.2905,ok,1714,0.314526,6.2905,ok,2500,1399,Common,false,false,false
5424,12.581,1099998506032,401911,yoitscharlie,12,0,0,1714,0.314526,6.2905,ok,1714,0.314526,6.2905,ok,2500,1425,Common,false,false,false
5425,12.565,1099998386173,401910,yoitscharlie,11,0,0,1715,0.314126,6.2825,ok,1715,0.314126,6.2825,ok,2500,1399,Common,false,false,false
5426,12.565,1099998506033,401911,yoitscharlie,12,0,0,1715,0.314126,6.2825,ok,1715,0.314126,6.2825,ok,2500,1425,Common,false,false,false
5427,12.549,1099998386174,401910,yoitscharlie,11,0,0,1716,0.313725,6.2745,ok,1716,0.313725,6.2745,ok,2500,1399,Common,false,false,false
5428,12.549,1099998506034,401911,yoitscharlie,12,0,0,1716,0.313725,6.2745,ok,1716,0.313725,6.2745,ok,2500,1425,Common,false,false,false
5429,12.533,1099998386175,401910,yoitscharlie,11,0,0,1717,0.313325,6.2665,ok,1717,0.313325,6.2665,ok,2500,1399,Common,false,false,false
5430,12.533,1099998506035,401911,yoitscharlie,12,0,0,1717,0.313325,6.2665,ok,1717,0.313325,6.2665,ok,2500,1425,Common,false,false,false
5431,12.517,1099998386176,401910,yoitscharlie,11,0,0,1718,0.312925,6.2585,ok,1718,0.312925,6.2585,ok,2500,1399,Common,false,false,false
5432,12.517,1099998506036,401911,yoitscharlie,12,0,0,1718,0.312925,6.2585,ok,1718,0.312925,6.2585,ok,2500,1425,Common,false,false,false
5433,12.501,1099998386177,401910,yoitscharlie,11,0,0,1719,0.312525,6.2505,ok,1719,0.312525,6.2505,ok,2500,1399,Common,false,false,false
5434,12.501,1099998506037,401911,yoitscharlie,12,0,0,1719,0.312525,6.2505,ok,1719,0.312525,6.2505,ok,2500,1425,Common,false,false,false
5435,12.485,1099998386178,401910,yoitscharlie,11,0,0,1720,0.312125,6.2425,ok,1720,0.312125,6.2425,ok,2500,1399,Common,false,false,false
5436,12.485,1099998506038,401911,yoitscharlie,12,0,0,1720,0.312125,6.2425,ok,1720,0.312125,6.2425,ok,2500,1425,Common,false,false,false
5437,12.469,1099998386179,401910,yoitscharlie,11,0,0,1721,0.311725,6.2345,ok,1721,0.311725,6.2345,ok,2500,1399,Common,false,false,false
5438,12.469,1099998506039,401911,yoitscharlie,12,0,0,1721,0.311725,6.2345,ok,1721,0.311725,6.2345,ok,2500,1425,Common,false,false,false
5439,12.453,1099998386180,401910,yoitscharlie,11,0,0,1722,0.311325,6.2265,ok,1722,0.311325,6.2265,ok,2500,1399,Common,false,false,false
5440,12.453,1099998506040,401911,yoitscharlie,12,0,0,1722,0.311325,6.2265,ok,1722,0.311325,6.2265,ok,2500,1425,Common,false,false,false
5441,12.437,1099998386181,401910,yoitscharlie,11,0,0,1723,0.310924,6.2185,ok,1723,0.310924,6.2185,ok,2500,1399,Common,false,false,false
5442,12.437,1099998506041,401911,yoitscharlie,12,0,0,1723,0.310924,6.2185,ok,1723,0.310924,6.2185,ok,2500,1425,Common,false,false,false
5443,12.421,1099998386182,401910,yoitscharlie,11,0,0,1724,0.310524,6.2105,ok,1724,0.310524,6.2105,ok,2500,1399,Common,false,false,false
5444,12.421,1099998506042,401911,yoitscharlie,12,0,0,1724,0.310524,6.2105,ok,1724,0.310524,6.2105,ok,2500,1425,Common,false,false,false
5445,12.405,1099998386183,401910,yoitscharlie,11,0,0,1725,0.310124,6.2025,ok,1725,0.310124,6.2025,ok,2500,1399,Common,false,false,false
5446,12.405,1099998506043,401911,yoitscharlie,12,0,0,1725,0.310124,6.2025,ok,1725,0.310124,6.2025,ok,2500,1425,Common,false,false,false
5447,12.389,1099998386185,401910,yoitscharlie,11,0,0,1726,0.309724,6.1945,ok,1726,0.309724,6.1945,ok,2500,1399,Common,false,false,false
5448,12.389,1099998506066,401911,yoitscharlie,12,0,0,1726,0.309724,6.1945,ok,1726,0.309724,6.1945,ok,2500,1425,Common,false,false,false
5449,12.373,1099998386186,401910,yoitscharlie,11,0,0,1727,0.309324,6.1865,ok,1727,0.309324,6.1865,ok,2500,1399,Common,false,false,false
5450,12.373,1099998506067,401911,yoitscharlie,12,0,0,1727,0.309324,6.1865,ok,1727,0.309324,6.1865,ok,2500,1425,Common,false,false,false
5451,12.357,1099998386187,401910,yoitscharlie,11,0,0,1728,0.308924,6.1785,ok,1728,0.308924,6.1785,ok,2500,1399,Common,false,false,false
5452,12.357,1099998506068,401911,yoitscharlie,12,0,0,1728,0.308924,6.1785,ok,1728,0.308924,6.1785,ok,2500,1425,Common,false,false,false
5453,12.341,1099998386188,401910,yoitscharlie,11,0,0,1729,0.308523,6.1705,ok,1729,0.308523,6.1705,ok,2500,1399,Common,false,false,false
5454,12.341,1099998506069,401911,yoitscharlie,12,0,0,1729,0.308523,6.1705,ok,1729,0.308523,6.1705,ok,2500,1425,Common,false,false,false
5455,12.325,1099998386189,401910,yoitscharlie,11,0,0,1730,0.308123,6.1625,ok,1730,0.308123,6.1625,ok,2500,1399,Common,false,false,false
5456,12.325,1099998506070,401911,yoitscharlie,12,0,0,1730,0.308123,6.1625,ok,1730,0.308123,6.1625,ok,2500,1425,Common,false,false,false
5457,12.309,1099998386190,401910,yoitscharlie,11,0,0,1731,0.307723,6.1545,ok,1731,0.307723,6.1545,ok,2500,1399,Common,false,false,false
5458,12.309,1099998506071,401911,yoitscharlie,12,0,0,1731,0.307723,6.1545,ok,1731,0.307723,6.1545,ok,2500,1425,Common,false,false,false
5459,12.293,1099998386191,401910,yoitscharlie,11,0,0,1732,0.307323,6.1465,ok,1732,0.307323,6.1465,ok,2500,1399,Common,false,false,false
5460,12.293,1099998506072,401911,yoitscharlie,12,0,0,1732,0.307323,6.1465,ok,1732,0.307323,6.1465,ok,2500,1425,Common,false,false,false
5461,12.277,1099998386192,401910,yoitscharlie,11,0,0,1733,0.306923,6.1385,ok,1733,0.306923,6.1385,ok,2500,1399,Common,false,false,false
5462,12.277,1099998506073,401911,yoitscharlie,12,0,0,1733,0.306923,6.1385,ok,1733,0.306923,6.1385,ok,2500,1425,Common,false,false,false
5463,12.261,1099998386193,401910,yoitscharlie,11,0,0,1734,0.306523,6.1305,ok,1734,0.306523,6.1305,ok,2500,1399,Common,false,false,false
5464,12.261,1099998506074,401911,yoitscharlie,12,0,0,1734,0.306523,6.1305,ok,1734,0.306523,6.1305,ok,2500,1425,Common,false,false,false
5465,12.2448,1099998386194,401910,yoitscharlie,11,0,0,1735,0.306122,6.1224,ok,1735,0.306122,6.1224,ok,2500,1399,Common,false,false,false
5466,12.2448,1099998506075,401911,yoitscharlie,12,0,0,1735,0.306122,6.1224,ok,1735,0.306122,6.1224,ok,2500,1425,Common,false,false,false
5467,12.2288,1099998386195,401910,yoitscharlie,11,0,0,1736,0.305722,6.1144,ok,1736,0.305722,6.1144,ok,2500,1399,Common,false,false,false
5468,12.2288,1099998506076,401911,yoitscharlie,12,0,0,1736,0.305722,6.1144,ok,1736,0.305722,6.1144,ok,2500,1425,Common,false,false,false
5469,12.2128,1099998386196,401910,yoitscharlie,11,0,0,1737,0.305322,6.1064,ok,1737,0.305322,6.1064,ok,2500,1399,Common,false,false,false
5470,12.2128,1099998506077,401911,yoitscharlie,12,0,0,1737,0.305322,6.1064,ok,1737,0.305322,6.1064,ok,2500,1425,Common,false,false,false
5471,12.1968,1099998386197,401910,yoitscharlie,11,0,0,1738,0.304922,6.0984,ok,1738,0.304922,6.0984,ok,2500,1399,Common,false,false,false
5472,12.1968,1099998506078,401911,yoitscharlie,12,0,0,1738,0.304922,6.0984,ok,1738,0.304922,6.0984,ok,2500,1425,Common,false,false,false
5473,12.1808,1099998386198,401910,yoitscharlie,11,0,0,1739,0.304522,6.0904,ok,1739,0.304522,6.0904,ok,2500,1399,Common,false,false,false
5474,12.1808,1099998506079,401911,yoitscharlie,12,0,0,1739,0.304522,6.0904,ok,1739,0.304522,6.0904,ok,2500,1425,Common,false,false,false
5475,12.1648,1099998386199,401910,yoitscharlie,11,0,0,1740,0.304122,6.0824,ok,1740,0.304122,6.0824,ok,2500,1399,Common,false,false,false
5476,12.1648,1099998506080,401911,yoitscharlie,12,0,0,1740,0.304122,6.0824,ok,1740,0.304122,6.0824,ok,2500,1425,Common,false,false,false
5477,12.1488,1099998386200,401910,yoitscharlie,11,0,0,1741,0.303721,6.0744,ok,1741,0.303721,6.0744,ok,2500,1399,Common,false,false,false
5478,12.1488,1099998506081,401911,yoitscharlie,12,0,0,1741,0.303721,6.0744,ok,1741,0.303721,6.0744,ok,2500,1425,Common,false,false,false
5479,12.1328,1099998386201,401910,yoitscharlie,11,0,0,1742,0.303321,6.0664,ok,1742,0.303321,6.0664,ok,2500,1399,Common,false,false,false
5480,12.1328,1099998506082,401911,yoitscharlie,12,0,0,1742,0.303321,6.0664,ok,1742,0.303321,6.0664,ok,2500,1425,Common,false,false,false
5481,12.1168,1099998386202,401910,yoitscharlie,11,0,0,1743,0.302921,6.0584,ok,1743,0.302921,6.0584,ok,2500,1399,Common,false,false,false
5482,12.1168,1099998506083,401911,yoitscharlie,12,0,0,1743,0.302921,6.0584,ok,1743,0.302921,6.0584,ok,2500,1425,Common,false,false,false
5483,12.1008,1099998386203,401910,yoitscharlie,11,0,0,1744,0.302521,6.0504,ok,1744,0.302521,6.0504,ok,2500,1399,Common,false,false,false
5484,12.1008,1099998506084,401911,yoitscharlie,12,0,0,1744,0.302521,6.0504,ok,1744,0.302521,6.0504,ok,2500,1425,Common,false,false,false
5485,12.0848,1099998386204,401910,yoitscharlie,11,0,0,1745,0.302121,6.0424,ok,1745,0.302121,6.0424,ok,2500,1399,Common,false,false,false
5486,12.0848,1099998506085,401911,yoitscharlie,12,0,0,1745,0.302121,6.0424,ok,1745,0.302121,6.0424,ok,2500,1425,Common,false,false,false
5487,12.0688,1099998386205,401910,yoitscharlie,11,0,0,1746,0.301721,6.0344,ok,1746,0.301721,6.0344,ok,2500,1399,Common,false,false,false
5488,12.0688,1099998506086,401911,yoitscharlie,12,0,0,1746,0.301721,6.0344,ok,1746,0.301721,6.0344,ok,2500,1425,Common,false,false,false
5489,12.0528,1099998386206,401910,yoitscharlie,11,0,0,1747,0.301321,6.0264,ok,1747,0.301321,6.0264,ok,2500,1399,Common,false,false,false
5490,12.0528,1099998506087,401911,yoitscharlie,12,0,0,1747,0.301321,6.0264,ok,1747,0.301321,6.0264,ok,2500,1425,Common,false,false,false
5491,12.0368,1099998386207,401910,yoitscharlie,11,0,0,1748,0.30092,6.0184,ok,1748,0.30092,6.0184,ok,2500,1399,Common,false,false,false
5492,12.0368,1099998506088,401911,yoitscharlie,12,0,0,1748,0.30092,6.0184,ok,1748,0.30092,6.0184,ok,2500,1425,Common,false,false,false
5493,12.0208,1099998386208,401910,yoitscharlie,11,0,0,1749,0.30052,6.0104,ok,1749,0.30052,6.0104,ok,2500,1399,Common,false,false,false
5494,12.0208,1099998506089,401911,yoitscharlie,12,0,0,1749,0.30052,6.0104,ok,1749,0.30052,6.0104,ok,2500,1425,Common,false,false,false
5495,12.0048,1099998386209,401910,yoitscharlie,11,0,0,1750,0.30012,6.0024,ok,1750,0.30012,6.0024,ok,2500,1399,Common,false,false,false
5496,12.0048,1099998506090,401911,yoitscharlie,12,0,0,1750,0.30012,6.0024,ok,1750,0.30012,6.0024,ok,2500,1425,Common,false,false,false
5497,11.9888,1099998386210,401910,yoitscharlie,11,0,0,1751,0.29972,5.9944,ok,1751,0.29972,5.9944,ok,2500,1399,Common,false,false,false
5498,11.9888,1099998506091,401911,yoitscharlie,12,0,0,1751,0.29972,5.9944,ok,1751,0.29972,5.9944,ok,2500,1425,Common,false,false,false
5499,11.9728,1099998386211,401910,yoitscharlie,11,0,0,1752,0.29932,5.9864,ok,1752,0.29932,5.9864,ok,2500,1399,Common,false,false,false
5500,11.9728,1099998506092,401911,yoitscharlie,12,0,0,1752,0.29932,5.9864,ok,1752,0.29932,5.9864,ok,2500,1425,Common,false,false,false
5501,11.9568,1099998386212,401910,yoitscharlie,11,0,0,1753,0.29892,5.9784,ok,1753,0.29892,5.9784,ok,2500,1399,Common,false,false,false
5502,11.9568,1099998506093,401911,yoitscharlie,12,0,0,1753,0.29892,5.9784,ok,1753,0.29892,5.9784,ok,2500,1425,Common,false,false,false
5503,11.9408,1099998386213,401910,yoitscharlie,11,0,0,1754,0.298519,5.9704,ok,1754,0.298519,5.9704,ok,2500,1399,Common,false,false,false
5504,11.9408,1099998506094,401911,yoitscharlie,12,0,0,1754,0.298519,5.9704,ok,1754,0.298519,5.9704,ok,2500,1425,Common,false,false,false
5505,11.9248,1099998386214,401910,yoitscharlie,11,0,0,1755,0.298119,5.9624,ok,1755,0.298119,5.9624,ok,2500,1399,Common,false,false,false
5506,11.9248,1099998506095,401911,yoitscharlie,12,0,0,1755,0.298119,5.9624,ok,1755,0.298119,5.9624,ok,2500,1425,Common,false,false,false
5507,11.9088,1099998386215,401910,yoitscharlie,11,0,0,1756,0.297719,5.9544,ok,1756,0.297719,5.9544,ok,2500,1399,Common,false,false,false
5508,11.9088,1099998506096,401911,yoitscharlie,12,0,0,1756,0.297719,5.9544,ok,1756,0.297719,5.9544,ok,2500,1425,Common,false,false,false
5509,11.8928,1099998386216,401910,yoitscharlie,11,0,0,1757,0.297319,5.9464,ok,1757,0.297319,5.9464,ok,2500,1399,Common,false,false,false
5510,11.8928,1099998506097,401911,yoitscharlie,12,0,0,1757,0.297319,5.9464,ok,1757,0.297319,5.9464,ok,2500,1425,Common,false,false,false
5511,11.8768,1099998386217,401910,yoitscharlie,11,0,0,1758,0.296919,5.9384,ok,1758,0.296919,5.9384,ok,2500,1399,Common,false,false,false
5512,11.8768,1099998506098,401911,yoitscharlie,12,0,0,1758,0.296919,5.9384,ok,1758,0.296919,5.9384,ok,2500,1425,Common,false,false,false
5513,11.8608,1099998386218,401910,yoitscharlie,11,0,0,1759,0.296519,5.9304,ok,1759,0.296519,5.9304,ok,2500,1399,Common,false,false,false
5514,11.8608,1099998506099,401911,yoitscharlie,12,0,0,1759,0.296519,5.9304,ok,1759,0.296519,5.9304,ok,2500,1425,Common,false,false,false
5515,11.8448,1099998386219,401910,yoitscharlie,11,0,0,1760,0.296118,5.9224,ok,1760,0.296118,5.9224,ok,2500,1399,Common,false,false,false
5516,11.8448,1099998506100,401911,yoitscharlie,12,0,0,1760,0.296118,5.9224,ok,1760,0.296118,5.9224,ok,2500,1425,Common,false,false,false
5517,11.8288,1099998386220,401910,yoitscharlie,11,0,0,1761,0.295718,5.9144,ok,1761,0.295718,5.9144,ok,2500,1399,Common,false,false,false
5518,11.8288,1099998506101,401911,yoitscharlie,12,0,0,1761,0.295718,5.9144,ok,1761,0.295718,5.9144,ok,2500,1425,Common,false,false,false
5519,11.8128,1099998386221,401910,yoitscharlie,11,0,0,1762,0.295318,5.9064,ok,1762,0.295318,5.9064,ok,2500,1399,Common,false,false,false
5520,11.8128,1099998506102,401911,yoitscharlie,12,0,0,1762,0.295318,5.9064,ok,1762,0.295318,5.9064,ok,2500,1425,Common,false,false,false
5521,11.7968,1099998386222,401910,yoitscharlie,11,0,0,1763,0.294918,5.8984,ok,1763,0.294918,5.8984,ok,2500,1399,Common,false,false,false
5522,11.7968,1099998506103,401911,yoitscharlie,12,0,0,1763,0.294918,5.8984,ok,1763,0.294918,5.8984,ok,2500,1425,Common,false,false,false
5523,11.7808,1099998386223,401910,yoitscharlie,11,0,0,1764,0.294518,5.8904,ok,1764,0.294518,5.8904,ok,2500,1399,Common,false,false,false
5524,11.7808,1099998506104,401911,yoitscharlie,12,0,0,1764,0.294518,5.8904,ok,1764,0.294518,5.8904,ok,2500,1425,Common,false,false,false
5525,11.7648,1099998386224,401910,yoitscharlie,11,0,0,1765,0.294118,5.8824,ok,1765,0.294118,5.8824,ok,2500,1399,Common,false,false,false
5526,11.7648,1099998506105,401911,yoitscharlie,12,0,0,1765,0.294118,5.8824,ok,1765,0.294118,5.8824,ok,2500,1425,Common,false,false,false
5527,11.7486,1099998386225,401910,yoitscharlie,11,0,0,1766,0.293717,5.8743,ok,1766,0.293717,5.8743,ok,2500,1399,Common,false,false,false
5528,11.7486,1099998506106,401911,yoitscharlie,12,0,0,1766,0.293717,5.8743,ok,1766,0.293717,5.8743,ok,2500,1425,Common,false,false,false
5529,11.7326,1099998386226,401910,yoitscharlie,11,0,0,1767,0.293317,5.8663,ok,1767,0.293317,5.8663,ok,2500,1399,Common,false,false,false
5530,11.7326,1099998506107,401911,yoitscharlie,12,0,0,1767,0.293317,5.8663,ok,1767,0.293317,5.8663,ok,2500,1425,Common,false,false,false
5531,11.7166,1099998386227,401910,yoitscharlie,11,0,0,1768,0.292917,5.8583,ok,1768,0.292917,5.8583,ok,2500,1399,Common,false,false,false
5532,11.7166,1099998506108,401911,yoitscharlie,12,0,0,1768,0.292917,5.8583,ok,1768,0.292917,5.8583,ok,2500,1425,Common,false,false,false
5533,11.7006,1099998386228,401910,yoitscharlie,11,0,0,1769,0.292517,5.8503,ok,1769,0.292517,5.8503,ok,2500,1399,Common,false,false,false
5534,11.7006,1099998506109,401911,yoitscharlie,12,0,0,1769,0.292517,5.8503,ok,1769,0.292517,5.8503,ok,2500,1425,Common,false,false,false
5535,11.6846,1099998386229,401910,yoitscharlie,11,0,0,1770,0.292117,5.8423,ok,1770,0.292117,5.8423,ok,2500,1399,Common,false,false,false
5536,11.6846,1099998506110,401911,yoitscharlie,12,0,0,1770,0.292117,5.8423,ok,1770,0.292117,5.8423,ok,2500,1425,Common,false,false,false
5537,11.6686,1099998386230,401910,yoitscharlie,11,0,0,1771,0.291717,5.8343,ok,1771,0.291717,5.8343,ok,2500,1399,Common,false,false,false
5538,11.6686,1099998506111,401911,yoitscharlie,12,0,0,1771,0.291717,5.8343,ok,1771,0.291717,5.8343,ok,2500,1425,Common,false,false,false
5539,11.6526,1099998386231,401910,yoitscharlie,11,0,0,1772,0.291317,5.8263,ok,1772,0.291317,5.8263,ok,2500,1399,Common,false,false,false
5540,11.6526,1099998506112,401911,yoitscharlie,12,0,0,1772,0.291317,5.8263,ok,1772,0.291317,5.8263,ok,2500,1425,Common,false,false,false
5541,11.6366,1099998386232,401910,yoitscharlie,11,0,0,1773,0.290916,5.8183,ok,1773,0.290916,5.8183,ok,2500,1399,Common,false,false,false
5542,11.6366,1099998506113,401911,yoitscharlie,12,0,0,1773,0.290916,5.8183,ok,1773,0.290916,5.8183,ok,2500,1425,Common,false,false,false
5543,11.6206,1099998386233,401910,yoitscharlie,11,0,0,1774,0.290516,5.8103,ok,1774,0.290516,5.8103,ok,2500,1399,Common,false,false,false
5544,11.6206,1099998506114,401911,yoitscharlie,12,0,0,1774,0.290516,5.8103,ok,1774,0.290516,5.8103,ok,2500,1425,Common,false,false,false
5545,11.6046,1099998386234,401910,yoitscharlie,11,0,0,1775,0.290116,5.8023,ok,1775,0.290116,5.8023,ok,2500,1399,Common,false,false,false
5546,11.6046,1099998506115,401911,yoitscharlie,12,0,0,1775,0.290116,5.8023,ok,1775,0.290116,5.8023,ok,2500,1425,Common,false,false,false
5547,11.5886,1099998386329,401910,yoitscharlie,11,0,0,1776,0.289716,5.7943,ok,1776,0.289716,5.7943,ok,2500,1399,Common,false,false,false
5548,11.5886,1099998506123,401911,yoitscharlie,12,0,0,1776,0.289716,5.7943,ok,1776,0.289716,5.7943,ok,2500,1425,Common,false,false,false
5549,11.5726,1099998386330,401910,yoitscharlie,11,0,0,1777,0.289316,5.7863,ok,1777,0.289316,5.7863,ok,2500,1399,Common,false,false,false
5550,11.5726,1099998506124,401911,yoitscharlie,12,0,0,1777,0.289316,5.7863,ok,1777,0.289316,5.7863,ok,2500,1425,Common,false,false,false
5551,11.5566,1099998386331,401910,yoitscharlie,11,0,0,1778,0.288916,5.7783,ok,1778,0.288916,5.7783,ok,2500,1399,Common,false,false,false
5552,11.5566,1099998506125,401911,yoitscharlie,12,0,0,1778,0.288916,5.7783,ok,1778,0.288916,5.7783,ok,2500,1425,Common,false,false,false
5553,11.5406,1099998386332,401910,yoitscharlie,11,0,0,1779,0.288515,5.7703,ok,1779,0.288515,5.7703,ok,2500,1399,Common,false,false,false
5554,11.5406,1099998506126,401911,yoitscharlie,12,0,0,1779,0.288515,5.7703,ok,1779,0.288515,5.7703,ok,2500,1425,Common,false,false,false
5555,11.5246,1099998386333,401910,yoitscharlie,11,0,0,1780,0.288115,5.7623,ok,1780,0.288115,5.7623,ok,2500,1399,Common,false,false,false
5556,11.5246,1099998506127,401911,yoitscharlie,12,0,0,1780,0.288115,5.7623,ok,1780,0.288115,5.7623,ok,2500,1425,Common,false,false,false
5557,11.5086,1099998386334,401910,yoitscharlie,11,0,0,1781,0.287715,5.7543,ok,1781,0.287715,5.7543,ok,2500,1399,Common,false,false,false
5558,11.5086,1099998506128,401911,yoitscharlie,12,0,0,1781,0.287715,5.7543,ok,1781,0.287715,5.7543,ok,2500,1425,Common,false,false,false
5559,11.4926,1099998386335,401910,yoitscharlie,11,0,0,1782,0.287315,5.7463,ok,1782,0.287315,5.7463,ok,2500,1399,Common,false,false,false
5560,11.4926,1099998506129,401911,yoitscharlie,12,0,0,1782,0.287315,5.7463,ok,1782,0.287315,5.7463,ok,2500,1425,Common,false,false,false
5561,11.4766,1099998386336,401910,yoitscharlie,11,0,0,1783,0.286915,5.7383,ok,1783,0.286915,5.7383,ok,2500,1399,Common,false,false,false
5562,11.4766,1099998506130,401911,yoitscharlie,12,0,0,1783,0.286915,5.7383,ok,1783,0.286915,5.7383,ok,2500,1425,Common,false,false,false
5563,11.4606,1099998386337,401910,yoitscharlie,11,0,0,1784,0.286515,5.7303,ok,1784,0.286515,5.7303,ok,2500,1399,Common,false,false,false
5564,11.4606,1099998506131,401911,yoitscharlie,12,0,0,1784,0.286515,5.7303,ok,1784,0.286515,5.7303,ok,2500,1425,Common,false,false,false
5565,11.4446,1099998386338,401910,yoitscharlie,11,0,0,1785,0.286114,5.7223,ok,1785,0.286114,5.7223,ok,2500,1399,Common,false,false,false
5566,11.4446,1099998506132,401911,yoitscharlie,12,0,0,1785,0.286114,5.7223,ok,1785,0.286114,5.7223,ok,2500,1425,Common,false,false,false
5567,11.4286,1099998386339,401910,yoitscharlie,11,0,0,1786,0.285714,5.7143,ok,1786,0.285714,5.7143,ok,2500,1399,Common,false,false,false
5568,11.4286,1099998506133,401911,yoitscharlie,12,0,0,1786,0.285714,5.7143,ok,1786,0.285714,5.7143,ok,2500,1425,Common,false,false,false
5569,11.4126,1099998386340,401910,yoitscharlie,11,0,0,1787,0.285314,5.7063,ok,1787,0.285314,5.7063,ok,2500,1399,Common,false,false,false
5570,11.4126,1099998506134,401911,yoitscharlie,12,0,0,1787,0.285314,5.7063,ok,1787,0.285314,5.7063,ok,2500,1425,Common,false,false,false
5571,11.3966,1099998386341,401910,yoitscharlie,11,0,0,1788,0.284914,5.6983,ok,1788,0.284914,5.6983,ok,2500,1399,Common,false,false,false
5572,11.3966,1099998506135,401911,yoitscharlie,12,0,0,1788,0.284914,5.6983,ok,1788,0.284914,5.6983,ok,2500,1425,Common,false,false,false
5573,11.3806,1099998386342,401910,yoitscharlie,11,0,0,1789,0.284514,5.6903,ok,1789,0.284514,5.6903,ok,2500,1399,Common,false,false,false
5574,11.3806,1099998506136,401911,yoitscharlie,12,0,0,1789,0.284514,5.6903,ok,1789,0.284514,5.6903,ok,2500,1425,Common,false,false,false
5575,11.3646,1099998386343,401910,yoitscharlie,11,0,0,1790,0.284114,5.6823,ok,1790,0.284114,5.6823,ok,2500,1399,Common,false,false,false
5576,11.3646,1099998506137,401911,yoitscharlie,12,0,0,1790,0.284114,5.6823,ok,1790,0.284114,5.6823,ok,2500,1425,Common,false,false,false
5577,11.3486,1099998386344,401910,yoitscharlie,11,0,0,1791,0.283713,5.6743,ok,1791,0.283713,5.6743,ok,2500,1399,Common,false,false,false
5578,11.3486,1099998506138,401911,yoitscharlie,12,0,0,1791,0.283713,5.6743,ok,1791,0.283713,5.6743,ok,2500,1425,Common,false,false,false
5579,11.3326,1099998386345,401910,yoitscharlie,11,0,0,1792,0.283313,5.6663,ok,1792,0.283313,5.6663,ok,2500,1399,Common,false,false,false
5580,11.3326,1099998506139,401911,yoitscharlie,12,0,0,1792,0.283313,5.6663,ok,1792,0.283313,5.6663,ok,2500,1425,Common,false,false,false
5581,11.3166,1099998386346,401910,yoitscharlie,11,0,0,1793,0.282913,5.6583,ok,1793,0.282913,5.6583,ok,2500,1399,Common,false,false,false
5582,11.3166,1099998506140,401911,yoitscharlie,12,0,0,1793,0.282913,5.6583,ok,1793,0.282913,5.6583,ok,2500,1425,Common,false,false,false
5583,11.3006,1099998386347,401910,yoitscharlie,11,0,0,1794,0.282513,5.6503,ok,1794,0.282513,5.6503,ok,2500,1399,Common,false,false,false
5584,11.3006,1099998506141,401911,yoitscharlie,12,0,0,1794,0.282513,5.6503,ok,1794,0.282513,5.6503,ok,2500,1425,Common,false,false,false
5585,11.2846,1099998386348,401910,yoitscharlie,11,0,0,1795,0.282113,5.6423,ok,1795,0.282113,5.6423,ok,2500,1399,Common,false,false,false
5586,11.2846,1099998506142,401911,yoitscharlie,12,0,0,1795,0.282113,5.6423,ok,1795,0.282113,5.6423,ok,2500,1425,Common,false,false,false
5587,11.2686,1099998386349,401910,yoitscharlie,11,0,0,1796,0.281713,5.6343,ok,1796,0.281713,5.6343,ok,2500,1399,Common,false,false,false
5588,11.2686,1099998506143,401911,yoitscharlie,12,0,0,1796,0.281713,5.6343,ok,1796,0.281713,5.6343,ok,2500,1425,Common,false,false,false
5589,11.2526,1099998386350,401910,yoitscharlie,11,0,0,1797,0.281313,5.6263,ok,1797,0.281313,5.6263,ok,2500,1399,Common,false,false,false
5590,11.2526,1099998506144,401911,yoitscharlie,12,0,0,1797,0.281313,5.6263,ok,1797,0.281313,5.6263,ok,2500,1425,Common,false,false,false
5591,11.2364,1099998386351,401910,yoitscharlie,11,0,0,1798,0.280912,5.6182,ok,1798,0.280912,5.6182,ok,2500,1399,Common,false,false,false
5592,11.2364,1099998506145,401911,yoitscharlie,12,0,0,1798,0.280912,5.6182,ok,1798,0.280912,5.6182,ok,2500,1425,Common,false,false,false
5593,11.2204,1099998386352,401910,yoitscharlie,11,0,0,1799,0.280512,5.6102,ok,1799,0.280512,5.6102,ok,2500,1399,Common,false,false,false
5594,11.2204,1099998506146,401911,yoitscharlie,12,0,0,1799,0.280512,5.6102,ok,1799,0.280512,5.6102,ok,2500,1425,Common,false,false,false
5595,11.2044,1099998386353,401910,yoitscharlie,11,0,0,1800,0.280112,5.6022,ok,1800,0.280112,5.6022,ok,2500,1399,Common,false,false,false
5596,11.2044,1099998506147,401911,yoitscharlie,12,0,0,1800,0.280112,5.6022,ok,1800,0.280112,5.6022,ok,2500,1425,Common,false,false,false
5597,11.1884,1099998386354,401910,yoitscharlie,11,0,0,1801,0.279712,5.5942,ok,1801,0.279712,5.5942,ok,2500,1399,Common,false,false,false
5598,11.1884,1099998506148,401911,yoitscharlie,12,0,0,1801,0.279712,5.5942,ok,1801,0.279712,5.5942,ok,2500,1425,Common,false,false,false
5599,11.1724,1099998386355,401910,yoitscharlie,11,0,0,1802,0.279312,5.5862,ok,1802,0.279312,5.5862,ok,2500,1399,Common,false,false,false
5600,11.1724,1099998506149,401911,yoitscharlie,12,0,0,1802,0.279312,5.5862,ok,1802,0.279312,5.5862,ok,2500,1425,Common,false,false,false
5601,11.1564,1099998386356,401910,yoitscharlie,11,0,0,1803,0.278912,5.5782,ok,1803,0.278912,5.5782,ok,2500,1399,Common,false,false,false
5602,11.1564,1099998506150,401911,yoitscharlie,12,0,0,1803,0.278912,5.5782,ok,1803,0.278912,5.5782,ok,2500,1425,Common,false,false,false
5603,11.1404,1099998386357,401910,yoitscharlie,11,0,0,1804,0.278511,5.5702,ok,1804,0.278511,5.5702,ok,2500,1399,Common,false,false,false
5604,11.1404,1099998506151,401911,yoitscharlie,12,0,0,1804,0.278511,5.5702,ok,1804,0.278511,5.5702,ok,2500,1425,Common,false,false,false
5605,11.1244,1099998386358,401910,yoitscharlie,11,0,0,1805,0.278111,5.5622,ok,1805,0.278111,5.5622,ok,2500,1399,Common,false,false,false
5606,11.1244,1099998506152,401911,yoitscharlie,12,0,0,1805,0.278111,5.5622,ok,1805,0.278111,5.5622,ok,2500,1425,Common,false,false,false
5607,11.1084,1099998386359,401910,yoitscharlie,11,0,0,1806,0.277711,5.5542,ok,1806,0.277711,5.5542,ok,2500,1399,Common,false,false,false
5608,11.1084,1099998506153,401911,yoitscharlie,12,0,0,1806,0.277711,5.5542,ok,1806,0.277711,5.5542,ok,2500,1425,Common,false,false,false
5609,11.0924,1099998386360,401910,yoitscharlie,11,0,0,1807,0.277311,5.5462,ok,1807,0.277311,5.5462,ok,2500,1399,Common,false,false,false
5610,11.0924,1099998506154,401911,yoitscharlie,12,0,0,1807,0.277311,5.5462,ok,1807,0.277311,5.5462,ok,2500,1425,Common,false,false,false
5611,11.0764,1099998386361,401910,yoitscharlie,11,0,0,1808,0.276911,5.5382,ok,1808,0.276911,5.5382,ok,2500,1399,Common,false,false,false
5612,11.0764,1099998506155,401911,yoitscharlie,12,0,0,1808,0.276911,5.5382,ok,1808,0.276911,5.5382,ok,2500,1425,Common,false,false,false
5613,11.0604,1099998386362,401910,yoitscharlie,11,0,0,1809,0.276511,5.5302,ok,1809,0.276511,5.5302,ok,2500,1399,Common,false,false,false
5614,11.0604,1099998506156,401911,yoitscharlie,12,0,0,1809,0.276511,5.5302,ok,1809,0.276511,5.5302,ok,2500,1425,Common,false,false,false
5615,11.0444,1099998386363,401910,yoitscharlie,11,0,0,1810,0.27611,5.5222,ok,1810,0.27611,5.5222,ok,2500,1399,Common,false,false,false
5616,11.0444,1099998506157,401911,yoitscharlie,12,0,0,1810,0.27611,5.5222,ok,1810,0.27611,5.5222,ok,2500,1425,Common,false,false,false
5617,11.0284,1099998386364,401910,yoitscharlie,11,0,0,1811,0.27571,5.5142,ok,1811,0.27571,5.5142,ok,2500,1399,Common,false,false,false
5618,11.0284,1099998506158,401911,yoitscharlie,12,0,0,1811,0.27571,5.5142,ok,1811,0.27571,5.5142,ok,2500,1425,Common,false,false,false
5619,11.0124,1099998386365,401910,yoitscharlie,11,0,0,1812,0.27531,5.5062,ok,1812,0.27531,5.5062,ok,2500,1399,Common,false,false,false
5620,11.0124,1099998506159,401911,yoitscharlie,12,0,0,1812,0.27531,5.5062,ok,1812,0.27531,5.5062,ok,2500,1425,Common,false,false,false
5621,10.9964,1099998386366,401910,yoitscharlie,11,0,0,1813,0.27491,5.4982,ok,1813,0.27491,5.4982,ok,2500,1399,Common,false,false,false
5622,10.9964,1099998506160,401911,yoitscharlie,12,0,0,1813,0.27491,5.4982,ok,1813,0.27491,5.4982,ok,2500,1425,Common,false,false,false
5623,10.9804,1099998386367,401910,yoitscharlie,11,0,0,1814,0.27451,5.4902,ok,1814,0.27451,5.4902,ok,2500,1399,Common,false,false,false
5624,10.9804,1099998506161,401911,yoitscharlie,12,0,0,1814,0.27451,5.4902,ok,1814,0.27451,5.4902,ok,2500,1425,Common,false,false,false
5625,10.9644,1099998386368,401910,yoitscharlie,11,0,0,1815,0.27411,5.4822,ok,1815,0.27411,5.4822,ok,2500,1399,Common,false,false,false
5626,10.9644,1099998506162,401911,yoitscharlie,12,0,0,1815,0.27411,5.4822,ok,1815,0.27411,5.4822,ok,2500,1425,Common,false,false,false
5627,10.9484,1099998386369,401910,yoitscharlie,11,0,0,1816,0.273709,5.4742,ok,1816,0.273709,5.4742,ok,2500,1399,Common,false,false,false
5628,10.9484,1099998506163,401911,yoitscharlie,12,0,0,1816,0.273709,5.4742,ok,1816,0.273709,5.4742,ok,2500,1425,Common,false,false,false
5629,10.9324,1099998386370,401910,yoitscharlie,11,0,0,1817,0.273309,5.4662,ok,1817,0.273309,5.4662,ok,2500,1399,Common,false,false,false
5630,10.9324,1099998506164,401911,yoitscharlie,12,0,0,1817,0.273309,5.4662,ok,1817,0.273309,5.4662,ok,2500,1425,Common,false,false,false
5631,10.9164,1099998386371,401910,yoitscharlie,11,0,0,1818,0.272909,5.4582,ok,1818,0.272909,5.4582,ok,2500,1399,Common,false,false,false
5632,10.9164,1099998506165,401911,yoitscharlie,12,0,0,1818,0.272909,5.4582,ok,1818,0.272909,5.4582,ok,2500,1425,Common,false,false,false
5633,10.9004,1099998386372,401910,yoitscharlie,11,0,0,1819,0.272509,5.4502,ok,1819,0.272509,5.4502,ok,2500,1399,Common,false,false,false
5634,10.9004,1099998506166,401911,yoitscharlie,12,0,0,1819,0.272509,5.4502,ok,1819,0.272509,5.4502,ok,2500,1425,Common,false,false,false
5635,10.8844,1099998386373,401910,yoitscharlie,11,0,0,1820,0.272109,5.4422,ok,1820,0.272109,5.4422,ok,2500,1399,Common,false,false,false
5636,10.8844,1099998506167,401911,yoitscharlie,12,0,0,1820,0.272109,5.4422,ok,1820,0.272109,5.4422,ok,2500,1425,Common,false,false,false
5637,10.8684,1099998386374,401910,yoitscharlie,11,0,0,1821,0.271709,5.4342,ok,1821,0.271709,5.4342,ok,2500,1399,Common,false,false,false
5638,10.8684,1099998506168,401911,yoitscharlie,12,0,0,1821,0.271709,5.4342,ok,1821,0.271709,5.4342,ok,2500,1425,Common,false,false,false
5639,10.8524,1099998386375,401910,yoitscharlie,11,0,0,1822,0.271309,5.4262,ok,1822,0.271309,5.4262,ok,2500,1399,Common,false,false,false
5640,10.8524,1099998506169,401911,yoitscharlie,12,0,0,1822,0.271309,5.4262,ok,1822,0.271309,5.4262,ok,2500,1425,Common,false,false,false
5641,10.8364,1099998386376,401910,yoitscharlie,11,0,0,1823,0.270908,5.4182,ok,1823,0.270908,5.4182,ok,2500,1399,Common,false,false,false
5642,10.8364,1099998506170,401911,yoitscharlie,12,0,0,1823,0.270908,5.4182,ok,1823,0.270908,5.4182,ok,2500,1425,Common,false,false,false
5643,10.8204,1099998386377,401910,yoitscharlie,11,0,0,1824,0.270508,5.4102,ok,1824,0.270508,5.4102,ok,2500,1399,Common,false,false,false
5644,10.8204,1099998506171,401911,yoitscharlie,12,0,0,1824,0.270508,5.4102,ok,1824,0.270508,5.4102,ok,2500,1425,Common,false,false,false
5645,10.8044,1099998386378,401910,yoitscharlie,11,0,0,1825,0.270108,5.4022,ok,1825,0.270108,5.4022,ok,2500,1399,Common,false,false,false
5646,10.8044,1099998506172,401911,yoitscharlie,12,0,0,1825,0.270108,5.4022,ok,1825,0.270108,5.4022,ok,2500,1425,Common,false,false,false
5647,10.7884,1099998386389,401910,yoitscharlie,11,0,0,1826,0.269708,5.3942,ok,1826,0.269708,5.3942,ok,2500,1399,Common,false,false,false
5648,10.7884,1099998506429,401911,yoitscharlie,12,0,0,1826,0.269708,5.3942,ok,1826,0.269708,5.3942,ok,2500,1425,Common,false,false,false
5649,10.7724,1099998386390,401910,yoitscharlie,11,0,0,1827,0.269308,5.3862,ok,1827,0.269308,5.3862,ok,2500,1399,Common,false,false,false
5650,10.7724,1099998506430,401911,yoitscharlie,12,0,0,1827,0.269308,5.3862,ok,1827,0.269308,5.3862,ok,2500,1425,Common,false,false,false
5651,10.7564,1099998386391,401910,yoitscharlie,11,0,0,1828,0.268908,5.3782,ok,1828,0.268908,5.3782,ok,2500,1399,Common,false,false,false
5652,10.7564,1099998506431,401911,yoitscharlie,12,0,0,1828,0.268908,5.3782,ok,1828,0.268908,5.3782,ok,2500,1425,Common,false,false,false
5653,10.7402,1099998386392,401910,yoitscharlie,11,0,0,1829,0.268507,5.3701,ok,1829,0.268507,5.3701,ok,2500,1399,Common,false,false,false
5654,10.7402,1099998506432,401911,yoitscharlie,12,0,0,1829,0.268507,5.3701,ok,1829,0.268507,5.3701,ok,2500,1425,Common,false,false,false
5655,10.7242,1099998386393,401910,yoitscharlie,11,0,0,1830,0.268107,5.3621,ok,1830,0.268107,5.3621,ok,2500,1399,Common,false,false,false
5656,10.7242,1099998506433,401911,yoitscharlie,12,0,0,1830,0.268107,5.3621,ok,1830,0.268107,5.3621,ok,2500,1425,Common,false,false,false
5657,10.7082,1099998386394,401910,yoitscharlie,11,0,0,1831,0.267707,5.3541,ok,1831,0.267707,5.3541,ok,2500,1399,Common,false,false,false
5658,10.7082,1099998506434,401911,yoitscharlie,12,0,0,1831,0.267707,5.3541,ok,1831,0.267707,5.3541,ok,2500,1425,Common,false,false,false
5659,10.6922,1099998386395,401910,yoitscharlie,11,0,0,1832,0.267307,5.3461,ok,1832,0.267307,5.3461,ok,2500,1399,Common,false,false,false
5660,10.6922,1099998506435,401911,yoitscharlie,12,0,0,1832,0.267307,5.3461,ok,1832,0.267307,5.3461,ok,2500,1425,Common,false,false,false
5661,10.6762,1099998386396,401910,yoitscharlie,11,0,0,1833,0.266907,5.3381,ok,1833,0.266907,5.3381,ok,2500,1399,Common,false,false,false
5662,10.6762,1099998506436,401911,yoitscharlie,12,0,0,1833,0.266907,5.3381,ok,1833,0.266907,5.3381,ok,2500,1425,Common,false,false,false
5663,10.6602,1099998386397,401910,yoitscharlie,11,0,0,1834,0.266507,5.3301,ok,1834,0.266507,5.3301,ok,2500,1399,Common,false,false,false
5664,10.6602,1099998506437,401911,yoitscharlie,12,0,0,1834,0.266507,5.3301,ok,1834,0.266507,5.3301,ok,2500,1425,Common,false,false,false
5665,10.6442,1099998386398,401910,yoitscharlie,11,0,0,1835,0.266106,5.3221,ok,1835,0.266106,5.3221,ok,2500,1399,Common,false,false,false
5666,10.6442,1099998506438,401911,yoitscharlie,12,0,0,1835,0.266106,5.3221,ok,1835,0.266106,5.3221,ok,2500,1425,Common,false,false,false
5667,10.6282,1099998386399,401910,yoitscharlie,11,0,0,1836,0.265706,5.3141,ok,1836,0.265706,5.3141,ok,2500,1399,Common,false,false,false
5668,10.6282,1099998506439,401911,yoitscharlie,12,0,0,1836,0.265706,5.3141,ok,1836,0.265706,5.3141,ok,2500,1425,Common,false,false,false
5669,10.6122,1099998386400,401910,yoitscharlie,11,0,0,1837,0.265306,5.3061,ok,1837,0.265306,5.3061,ok,2500,1399,Common,false,false,false
5670,10.6122,1099998506440,401911,yoitscharlie,12,0,0,1837,0.265306,5.3061,ok,1837,0.265306,5.3061,ok,2500,1425,Common,false,false,false
5671,10.5962,1099998386401,401910,yoitscharlie,11,0,0,1838,0.264906,5.2981,ok,1838,0.264906,5.2981,ok,2500,1399,Common,false,false,false
5672,10.5962,1099998506441,401911,yoitscharlie,12,0,0,1838,0.264906,5.2981,ok,1838,0.264906,5.2981,ok,2500,1425,Common,false,false,false
5673,10.5802,1099998386402,401910,yoitscharlie,11,0,0,1839,0.264506,5.2901,ok,1839,0.264506,5.2901,ok,2500,1399,Common,false,false,false
5674,10.5802,1099998506442,401911,yoitscharlie,12,0,0,1839,0.264506,5.2901,ok,1839,0.264506,5.2901,ok,2500,1425,Common,false,false,false
5675,10.5642,1099998386403,401910,yoitscharlie,11,0,0,1840,0.264106,5.2821,ok,1840,0.264106,5.2821,ok,2500,1399,Common,false,false,false
5676,10.5642,1099998506443,401911,yoitscharlie,12,0,0,1840,0.264106,5.2821,ok,1840,0.264106,5.2821,ok,2500,1425,Common,false,false,false
5677,10.5482,1099998386404,401910,yoitscharlie,11,0,0,1841,0.263705,5.2741,ok,1841,0.263705,5.2741,ok,2500,1399,Common,false,false,false
5678,10.5482,1099998506444,401911,yoitscharlie,12,0,0,1841,0.263705,5.2741,ok,1841,0.263705,5.2741,ok,2500,1425,Common,false,false,false
5679,10.5322,1099998386405,401910,yoitscharlie,11,0,0,1842,0.263305,5.2661,ok,1842,0.263305,5.2661,ok,2500,1399,Common,false,false,false
5680,10.5322,1099998506445,401911,yoitscharlie,12,0,0,1842,0.263305,5.2661,ok,1842,0.263305,5.2661,ok,2500,1425,Common,false,false,false
5681,10.5162,1099998386406,401910,yoitscharlie,11,0,0,1843,0.262905,5.2581,ok,1843,0.262905,5.2581,ok,2500,1399,Common,false,false,false
5682,10.5162,1099998506446,401911,yoitscharlie,12,0,0,1843,0.262905,5.2581,ok,1843,0.262905,5.2581,ok,2500,1425,Common,false,false,false
5683,10.5002,1099998386407,401910,yoitscharlie,11,0,0,1844,0.262505,5.2501,ok,1844,0.262505,5.2501,ok,2500,1399,Common,false,false,false
5684,10.5002,1099998506447,401911,yoitscharlie,12,0,0,1844,0.262505,5.2501,ok,1844,0.262505,5.2501,ok,2500,1425,Common,false,false,false
5685,10.4842,1099998386408,401910,yoitscharlie,11,0,0,1845,0.262105,5.2421,ok,1845,0.262105,5.2421,ok,2500,1399,Common,false,false,false
5686,10.4842,1099998506448,401911,yoitscharlie,12,0,0,1845,0.262105,5.2421,ok,1845,0.262105,5.2421,ok,2500,1425,Common,false,false,false
5687,10.4682,1099998386409,401910,yoitscharlie,11,0,0,1846,0.261705,5.2341,ok,1846,0.261705,5.2341,ok,2500,1399,Common,false,false,false
5688,10.4682,1099998506449,401911,yoitscharlie,12,0,0,1846,0.261705,5.2341,ok,1846,0.261705,5.2341,ok,2500,1425,Common,false,false,false
5689,10.4522,1099998386410,401910,yoitscharlie,11,0,0,1847,0.261305,5.2261,ok,1847,0.261305,5.2261,ok,2500,1399,Common,false,false,false
5690,10.4522,1099998506450,401911,yoitscharlie,12,0,0,1847,0.261305,5.2261,ok,1847,0.261305,5.2261,ok,2500,1425,Common,false,false,false
5691,10.4362,1099998386411,401910,yoitscharlie,11,0,0,1848,0.260904,5.2181,ok,1848,0.260904,5.2181,ok,2500,1399,Common,false,false,false
5692,10.4362,1099998506451,401911,yoitscharlie,12,0,0,1848,0.260904,5.2181,ok,1848,0.260904,5.2181,ok,2500,1425,Common,false,false,false
5693,10.4202,1099998386412,401910,yoitscharlie,11,0,0,1849,0.260504,5.2101,ok,1849,0.260504,5.2101,ok,2500,1399,Common,false,false,false
5694,10.4202,1099998506452,401911,yoitscharlie,12,0,0,1849,0.260504,5.2101,ok,1849,0.260504,5.2101,ok,2500,1425,Common,false,false,false
5695,10.4042,1099998386413,401910,yoitscharlie,11,0,0,1850,0.260104,5.2021,ok,1850,0.260104,5.2021,ok,2500,1399,Common,false,false,false
5696,10.4042,1099998506453,401911,yoitscharlie,12,0,0,1850,0.260104,5.2021,ok,1850,0.260104,5.2021,ok,2500,1425,Common,false,false,false
5697,10.3882,1099998386414,401910,yoitscharlie,11,0,0,1851,0.259704,5.1941,ok,1851,0.259704,5.1941,ok,2500,1399,Common,false,false,false
5698,10.3882,1099998506454,401911,yoitscharlie,12,0,0,1851,0.259704,5.1941,ok,1851,0.259704,5.1941,ok,2500,1425,Common,false,false,false
5699,10.3722,1099998386415,401910,yoitscharlie,11,0,0,1852,0.259304,5.1861,ok,1852,0.259304,5.1861,ok,2500,1399,Common,false,false,false
5700,10.3722,1099998506455,401911,yoitscharlie,12,0,0,1852,0.259304,5.1861,ok,1852,0.259304,5.1861,ok,2500,1425,Common,false,false,false
5701,10.3562,1099998386416,401910,yoitscharlie,11,0,0,1853,0.258904,5.1781,ok,1853,0.258904,5.1781,ok,2500,1399,Common,false,false,false
5702,10.3562,1099998506456,401911,yoitscharlie,12,0,0,1853,0.258904,5.1781,ok,1853,0.258904,5.1781,ok,2500,1425,Common,false,false,false
5703,10.3402,1099998386417,401910,yoitscharlie,11,0,0,1854,0.258503,5.1701,ok,1854,0.258503,5.1701,ok,2500,1399,Common,false,false,false
5704,10.3402,1099998506457,401911,yoitscharlie,12,0,0,1854,0.258503,5.1701,ok,1854,0.258503,5.1701,ok,2500,1425,Common,false,false,false
5705,10.3242,1099998386418,401910,yoitscharlie,11,0,0,1855,0.258103,5.1621,ok,1855,0.258103,5.1621,ok,2500,1399,Common,false,false,false
5706,10.3242,1099998506458,401911,yoitscharlie,12,0,0,1855,0.258103,5.1621,ok,1855,0.258103,5.1621,ok,2500,1425,Common,false,false,false
5707,10.3082,1099998386419,401910,yoitscharlie,11,0,0,1856,0.257703,5.1541,ok,1856,0.257703,5.1541,ok,2500,1399,Common,false,false,false
5708,10.3082,1099998506459,401911,yoitscharlie,12,0,0,1856,0.257703,5.1541,ok,1856,0.257703,5.1541,ok,2500,1425,Common,false,false,false
5709,10.2922,1099998386420,401910,yoitscharlie,11,0,0,1857,0.257303,5.1461,ok,1857,0.257303,5.1461,ok,2500,1399,Common,false,false,false
5710,10.2922,1099998506460,401911,yoitscharlie,12,0,0,1857,0.257303,5.1461,ok,1857,0.257303,5.1461,ok,2500,1425,Common,false,false,false
5711,10.2762,1099998386421,401910,yoitscharlie,11,0,0,1858,0.256903,5.1381,ok,1858,0.256903,5.1381,ok,2500,1399,Common,false,false,false
5712,10.2762,1099998506461,401911,yoitscharlie,12,0,0,1858,0.256903,5.1381,ok,1858,0.256903,5.1381,ok,2500,1425,Common,false,false,false
5713,10.2602,1099998386422,401910,yoitscharlie,11,0,0,1859,0.256503,5.1301,ok,1859,0.256503,5.1301,ok,2500,1399,Common,false,false,false
5714,10.2602,1099998506462,401911,yoitscharlie,12,0,0,1859,0.256503,5.1301,ok,1859,0.256503,5.1301,ok,2500,1425,Common,false,false,false
5715,10.244,1099998386423,401910,yoitscharlie,11,0,0,1860,0.256102,5.122,ok,1860,0.256102,5.122,ok,2500,1399,Common,false,false,false
5716,10.244,1099998506463,401911,yoitscharlie,12,0,0,1860,0.256102,5.122,ok,1860,0.256102,5.122,ok,2500,1425,Common,false,false,false
5717,10.228,1099998386424,401910,yoitscharlie,11,0,0,1861,0.255702,5.114,ok,1861,0.255702,5.114,ok,2500,1399,Common,false,false,false
5718,10.228,1099998506464,401911,yoitscharlie,12,0,0,1861,0.255702,5.114,ok,1861,0.255702,5.114,ok,2500,1425,Common,false,false,false
5719,10.212,1099998386425,401910,yoitscharlie,11,0,0,1862,0.255302,5.106,ok,1862,0.255302,5.106,ok,2500,1399,Common,false,false,false
5720,10.212,1099998506465,401911,yoitscharlie,12,0,0,1862,0.255302,5.106,ok,1862,0.255302,5.106,ok,2500,1425,Common,false,false,false
5721,10.196,1099998386426,401910,yoitscharlie,11,0,0,1863,0.254902,5.098,ok,1863,0.254902,5.098,ok,2500,1399,Common,false,false,false
5722,10.196,1099998506466,401911,yoitscharlie,12,0,0,1863,0.254902,5.098,ok,1863,0.254902,5.098,ok,2500,1425,Common,false,false,false
5723,10.18,1099998386427,401910,yoitscharlie,11,0,0,1864,0.254502,5.09,ok,1864,0.254502,5.09,ok,2500,1399,Common,false,false,false
5724,10.18,1099998506467,401911,yoitscharlie,12,0,0,1864,0.254502,5.09,ok,1864,0.254502,5.09,ok,2500,1425,Common,false,false,false
5725,10.164,1099998386428,401910,yoitscharlie,11,0,0,1865,0.254102,5.082,ok,1865,0.254102,5.082,ok,2500,1399,Common,false,false,false
5726,10.164,1099998506468,401911,yoitscharlie,12,0,0,1865,0.254102,5.082,ok,1865,0.254102,5.082,ok,2500,1425,Common,false,false,false
5727,10.148,1099998386429,401910,yoitscharlie,11,0,0,1866,0.253701,5.074,ok,1866,0.253701,5.074,ok,2500,1399,Common,false,false,false
5728,10.148,1099998506469,401911,yoitscharlie,12,0,0,1866,0.253701,5.074,ok,1866,0.253701,5.074,ok,2500,1425,Common,false,false,false
5729,10.132,1099998386430,401910,yoitscharlie,11,0,0,1867,0.253301,5.066,ok,1867,0.253301,5.066,ok,2500,1399,Common,false,false,false
5730,10.132,1099998506470,401911,yoitscharlie,12,0,0,1867,0.253301,5.066,ok,1867,0.253301,5.066,ok,2500,1425,Common,false,false,false
5731,10.116,1099998386431,401910,yoitscharlie,11,0,0,1868,0.252901,5.058,ok,1868,0.252901,5.058,ok,2500,1399,Common,false,false,false
5732,10.116,1099998506471,401911,yoitscharlie,12,0,0,1868,0.252901,5.058,ok,1868,0.252901,5.058,ok,2500,1425,Common,false,false,false
5733,10.1,1099998386432,401910,yoitscharlie,11,0,0,1869,0.252501,5.05,ok,1869,0.252501,5.05,ok,2500,1399,Common,false,false,false
5734,10.1,1099998506472,401911,yoitscharlie,12,0,0,1869,0.252501,5.05,ok,1869,0.252501,5.05,ok,2500,1425,Common,false,false,false
5735,10.084,1099998386433,401910,yoitscharlie,11,0,0,1870,0.252101,5.042,ok,1870,0.252101,5.042,ok,2500,1399,Common,false,false,false
5736,10.084,1099998506473,401911,yoitscharlie,12,0,0,1870,0.252101,5.042,ok,1870,0.252101,5.042,ok,2500,1425,Common,false,false,false
5737,10.068,1099998386434,401910,yoitscharlie,11,0,0,1871,0.251701,5.034,ok,1871,0.251701,5.034,ok,2500,1399,Common,false,false,false
5738,10.068,1099998506474,401911,yoitscharlie,12,0,0,1871,0.251701,5.034,ok,1871,0.251701,5.034,ok,2500,1425,Common,false,false,false
5739,10.052,1099998386435,401910,yoitscharlie,11,0,0,1872,0.251301,5.026,ok,1872,0.251301,5.026,ok,2500,1399,Common,false,false,false
5740,10.052,1099998506475,401911,yoitscharlie,12,0,0,1872,0.251301,5.026,ok,1872,0.251301,5.026,ok,2500,1425,Common,false,false,false
5741,10.036,1099998386436,401910,yoitscharlie,11,0,0,1873,0.2509,5.018,ok,1873,0.2509,5.018,ok,2500,1399,Common,false,false,false
5742,10.036,1099998506476,401911,yoitscharlie,12,0,0,1873,0.2509,5.018,ok,1873,0.2509,5.018,ok,2500,1425,Common,false,false,false
5743,10.02,1099998386437,401910,yoitscharlie,11,0,0,1874,0.2505,5.01,ok,1874,0.2505,5.01,ok,2500,1399,Common,false,false,false
5744,10.02,1099998506477,401911,yoitscharlie,12,0,0,1874,0.2505,5.01,ok,1874,0.2505,5.01,ok,2500,1425,Common,false,false,false
5745,10.004,1099998386438,401910,yoitscharlie,11,0,0,1875,0.2501,5.002,ok,1875,0.2501,5.002,ok,2500,1399,Common,false,false,false
5746,10.004,1099998506478,401911,yoitscharlie,12,0,0,1875,0.2501,5.002,ok,1875,0.2501,5.002,ok,2500,1425,Common,false,false,false
5747,9.988,1099998506480,401911,yoitscharlie,12,0,0,1876,0.2497,4.994,ok,1876,0.2497,4.994,ok,2500,1425,Common,false,false,false
5748,9.988,1099998506544,401910,yoitscharlie,11,0,0,1876,0.2497,4.994,ok,1876,0.2497,4.994,ok,2500,1399,Common,false,false,false
5749,9.972,1099998506481,401911,yoitscharlie,12,0,0,1877,0.2493,4.986,ok,1877,0.2493,4.986,ok,2500,1425,Common,false,false,false
5750,9.972,1099998506545,401910,yoitscharlie,11,0,0,1877,0.2493,4.986,ok,1877,0.2493,4.986,ok,2500,1399,Common,false,false,false
5751,9.956,1099998506482,401911,yoitscharlie,12,0,0,1878,0.2489,4.978,ok,1878,0.2489,4.978,ok,2500,1425,Common,false,false,false
5752,9.956,1099998506546,401910,yoitscharlie,11,0,0,1878,0.2489,4.978,ok,1878,0.2489,4.978,ok,2500,1399,Common,false,false,false
5753,9.94,1099998506483,401911,yoitscharlie,12,0,0,1879,0.248499,4.97,ok,1879,0.248499,4.97,ok,2500,1425,Common,false,false,false
5754,9.94,1099998506547,401910,yoitscharlie,11,0,0,1879,0.248499,4.97,ok,1879,0.248499,4.97,ok,2500,1399,Common,false,false,false
5755,9.924,1099998506484,401911,yoitscharlie,12,0,0,1880,0.248099,4.962,ok,1880,0.248099,4.962,ok,2500,1425,Common,false,false,false
5756,9.924,1099998506548,401910,yoitscharlie,11,0,0,1880,0.248099,4.962,ok,1880,0.248099,4.962,ok,2500,1399,Common,false,false,false
5757,9.908,1099998506485,401911,yoitscharlie,12,0,0,1881,0.247699,4.954,ok,1881,0.247699,4.954,ok,2500,1425,Common,false,false,false
5758,9.908,1099998506549,401910,yoitscharlie,11,0,0,1881,0.247699,4.954,ok,1881,0.247699,4.954,ok,2500,1399,Common,false,false,false
5759,9.892,1099998506486,401911,yoitscharlie,12,0,0,1882,0.247299,4.946,ok,1882,0.247299,4.946,ok,2500,1425,Common,false,false,false
5760,9.892,1099998506550,401910,yoitscharlie,11,0,0,1882,0.247299,4.946,ok,1882,0.247299,4.946,ok,2500,1399,Common,false,false,false
5761,9.876,1099998506487,401911,yoitscharlie,12,0,0,1883,0.246899,4.938,ok,1883,0.246899,4.938,ok,2500,1425,Common,false,false,false
5762,9.876,1099998506551,401910,yoitscharlie,11,0,0,1883,0.246899,4.938,ok,1883,0.246899,4.938,ok,2500,1399,Common,false,false,false
5763,9.86,1099998506488,401911,yoitscharlie,12,0,0,1884,0.246499,4.93,ok,1884,0.246499,4.93,ok,2500,1425,Common,false,false,false
5764,9.86,1099998506552,401910,yoitscharlie,11,0,0,1884,0.246499,4.93,ok,1884,0.246499,4.93,ok,2500,1399,Common,false,false,false
5765,9.844,1099998506489,401911,yoitscharlie,12,0,0,1885,0.246098,4.922,ok,1885,0.246098,4.922,ok,2500,1425,Common,false,false,false
5766,9.844,1099998506553,401910,yoitscharlie,11,0,0,1885,0.246098,4.922,ok,1885,0.246098,4.922,ok,2500,1399,Common,false,false,false
5767,9.828,1099998506490,401911,yoitscharlie,12,0,0,1886,0.245698,4.914,ok,1886,0.245698,4.914,ok,2500,1425,Common,false,false,false
5768,9.828,1099998506554,401910,yoitscharlie,11,0,0,1886,0.245698,4.914,ok,1886,0.245698,4.914,ok,2500,1399,Common,false,false,false
5769,9.812,1099998506491,401911,yoitscharlie,12,0,0,1887,0.245298,4.906,ok,1887,0.245298,4.906,ok,2500,1425,Common,false,false,false
5770,9.812,1099998506555,401910,yoitscharlie,11,0,0,1887,0.245298,4.906,ok,1887,0.245298,4.906,ok,2500,1399,Common,false,false,false
5771,9.796,1099998506492,401911,yoitscharlie,12,0,0,1888,0.244898,4.898,ok,1888,0.244898,4.898,ok,2500,1425,Common,false,false,false
5772,9.796,1099998506556,401910,yoitscharlie,11,0,0,1888,0.244898,4.898,ok,1888,0.244898,4.898,ok,2500,1399,Common,false,false,false
5773,9.78,1099998506493,401911,yoitscharlie,12,0,0,1889,0.244498,4.89,ok,1889,0.244498,4.89,ok,2500,1425,Common,false,false,false
5774,9.78,1099998506557,401910,yoitscharlie,11,0,0,1889,0.244498,4.89,ok,1889,0.244498,4.89,ok,2500,1399,Common,false,false,false
5775,9.764,1099998506494,401911,yoitscharlie,12,0,0,1890,0.244098,4.882,ok,1890,0.244098,4.882,ok,2500,1425,Common,false,false,false
5776,9.764,1099998506558,401910,yoitscharlie,11,0,0,1890,0.244098,4.882,ok,1890,0.244098,4.882,ok,2500,1399,Common,false,false,false
5777,9.7478,1099998506495,401911,yoitscharlie,12,0,0,1891,0.243697,4.8739,ok,1891,0.243697,4.8739,ok,2500,1425,Common,false,false,false
5778,9.7478,1099998506559,401910,yoitscharlie,11,0,0,1891,0.243697,4.8739,ok,1891,0.243697,4.8739,ok,2500,1399,Common,false,false,false
5779,9.7318,1099998506496,401911,yoitscharlie,12,0,0,1892,0.243297,4.8659,ok,1892,0.243297,4.8659,ok,2500,1425,Common,false,false,false
5780,9.7318,1099998506560,401910,yoitscharlie,11,0,0,1892,0.243297,4.8659,ok,1892,0.243297,4.8659,ok,2500,1399,Common,false,false,false
5781,9.7158,1099998506497,401911,yoitscharlie,12,0,0,1893,0.242897,4.8579,ok,1893,0.242897,4.8579,ok,2500,1425,Common,false,false,false
5782,9.7158,1099998506561,401910,yoitscharlie,11,0,0,1893,0.242897,4.8579,ok,1893,0.242897,4.8579,ok,2500,1399,Common,false,false,false
5783,9.6998,1099998506498,401911,yoitscharlie,12,0,0,1894,0.242497,4.8499,ok,1894,0.242497,4.8499,ok,2500,1425,Common,false,false,false
5784,9.6998,1099998506562,401910,yoitscharlie,11,0,0,1894,0.242497,4.8499,ok,1894,0.242497,4.8499,ok,2500,1399,Common,false,false,false
5785,9.6838,1099998506499,401911,yoitscharlie,12,0,0,1895,0.242097,4.8419,ok,1895,0.242097,4.8419,ok,2500,1425,Common,false,false,false
5786,9.6838,1099998506563,401910,yoitscharlie,11,0,0,1895,0.242097,4.8419,ok,1895,0.242097,4.8419,ok,2500,1399,Common,false,false,false
5787,9.6678,1099998506500,401911,yoitscharlie,12,0,0,1896,0.241697,4.8339,ok,1896,0.241697,4.8339,ok,2500,1425,Common,false,false,false
5788,9.6678,1099998506564,401910,yoitscharlie,11,0,0,1896,0.241697,4.8339,ok,1896,0.241697,4.8339,ok,2500,1399,Common,false,false,false
5789,9.6518,1099998506501,401911,yoitscharlie,12,0,0,1897,0.241297,4.8259,ok,1897,0.241297,4.8259,ok,2500,1425,Common,false,false,false
5790,9.6518,1099998506565,401910,yoitscharlie,11,0,0,1897,0.241297,4.8259,ok,1897,0.241297,4.8259,ok,2500,1399,Common,false,false,false
5791,9.6358,1099998506502,401911,yoitscharlie,12,0,0,1898,0.240896,4.8179,ok,1898,0.240896,4.8179,ok,2500,1425,Common,false,false,false
5792,9.6358,1099998506566,401910,yoitscharlie,11,0,0,1898,0.240896,4.8179,ok,1898,0.240896,4.8179,ok,2500,1399,Common,false,false,false
5793,9.6198,1099998506503,401911,yoitscharlie,12,0,0,1899,0.240496,4.8099,ok,1899,0.240496,4.8099,ok,2500,1425,Common,false,false,false
5794,9.6198,1099998506567,401910,yoitscharlie,11,0,0,1899,0.240496,4.8099,ok,1899,0.240496,4.8099,ok,2500,1399,Common,false,false,false
5795,9.6038,1099998506504,401911,yoitscharlie,12,0,0,1900,0.240096,4.8019,ok,1900,0.240096,4.8019,ok,2500,1425,Common,false,false,false
5796,9.6038,1099998506568,401910,yoitscharlie,11,0,0,1900,0.240096,4.8019,ok,1900,0.240096,4.8019,ok,2500,1399,Common,false,false,false
5797,9.5878,1099998506505,401911,yoitscharlie,12,0,0,1901,0.239696,4.7939,ok,1901,0.239696,4.7939,ok,2500,1425,Common,false,false,false
5798,9.5878,1099998506635,401910,yoitscharlie,11,0,0,1901,0.239696,4.7939,ok,1901,0.239696,4.7939,ok,2500,1399,Common,false,false,false
5799,9.5718,1099998506506,401911,yoitscharlie,12,0,0,1902,0.239296,4.7859,ok,1902,0.239296,4.7859,ok,2500,1425,Common,false,false,false
5800,9.5718,1099998506636,401910,yoitscharlie,11,0,0,1902,0.239296,4.7859,ok,1902,0.239296,4.7859,ok,2500,1399,Common,false,false,false
5801,9.5558,1099998506507,401911,yoitscharlie,12,0,0,1903,0.238896,4.7779,ok,1903,0.238896,4.7779,ok,2500,1425,Common,false,false,false
5802,9.5558,1099998506637,401910,yoitscharlie,11,0,0,1903,0.238896,4.7779,ok,1903,0.238896,4.7779,ok,2500,1399,Common,false,false,false
5803,9.5398,1099998506508,401911,yoitscharlie,12,0,0,1904,0.238495,4.7699,ok,1904,0.238495,4.7699,ok,2500,1425,Common,false,false,false
5804,9.5398,1099998506638,401910,yoitscharlie,11,0,0,1904,0.238495,4.7699,ok,1904,0.238495,4.7699,ok,2500,1399,Common,false,false,false
5805,9.5238,1099998506509,401911,yoitscharlie,12,0,0,1905,0.238095,4.7619,ok,1905,0.238095,4.7619,ok,2500,1425,Common,false,false,false
5806,9.5238,1099998506639,401910,yoitscharlie,11,0,0,1905,0.238095,4.7619,ok,1905,0.238095,4.7619,ok,2500,1399,Common,false,false,false
5807,9.5078,1099998506510,401911,yoitscharlie,12,0,0,1906,0.237695,4.7539,ok,1906,0.237695,4.7539,ok,2500,1425,Common,false,false,false
5808,9.5078,1099998506640,401910,yoitscharlie,11,0,0,1906,0.237695,4.7539,ok,1906,0.237695,4.7539,ok,2500,1399,Common,false,false,false
5809,9.4918,1099998506511,401911,yoitscharlie,12,0,0,1907,0.237295,4.7459,ok,1907,0.237295,4.7459,ok,2500,1425,Common,false,false,false
5810,9.4918,1099998506641,401910,yoitscharlie,11,0,0,1907,0.237295,4.7459,ok,1907,0.237295,4.7459,ok,2500,1399,Common,false,false,false
5811,9.4758,1099998506512,401911,yoitscharlie,12,0,0,1908,0.236895,4.7379,ok,1908,0.236895,4.7379,ok,2500,1425,Common,false,false,false
5812,9.4758,1099998506642,401910,yoitscharlie,11,0,0,1908,0.236895,4.7379,ok,1908,0.236895,4.7379,ok,2500,1399,Common,false,false,false
5813,9.4598,1099998506513,401911,yoitscharlie,12,0,0,1909,0.236495,4.7299,ok,1909,0.236495,4.7299,ok,2500,1425,Common,false,false,false
5814,9.4598,1099998506643,401910,yoitscharlie,11,0,0,1909,0.236495,4.7299,ok,1909,0.236495,4.7299,ok,2500,1399,Common,false,false,false
5815,9.4438,1099998506514,401911,yoitscharlie,12,0,0,1910,0.236094,4.7219,ok,1910,0.236094,4.7219,ok,2500,1425,Common,false,false,false
5816,9.4438,1099998506644,401910,yoitscharlie,11,0,0,1910,0.236094,4.7219,ok,1910,0.236094,4.7219,ok,2500,1399,Common,false,false,false
5817,9.4278,1099998506515,401911,yoitscharlie,12,0,0,1911,0.235694,4.7139,ok,1911,0.235694,4.7139,ok,2500,1425,Common,false,false,false
5818,9.4278,1099998506645,401910,yoitscharlie,11,0,0,1911,0.235694,4.7139,ok,1911,0.235694,4.7139,ok,2500,1399,Common,false,false,false
5819,9.4118,1099998506516,401911,yoitscharlie,12,0,0,1912,0.235294,4.7059,ok,1912,0.235294,4.7059,ok,2500,1425,Common,false,false,false
5820,9.4118,1099998506646,401910,yoitscharlie,11,0,0,1912,0.235294,4.7059,ok,1912,0.235294,4.7059,ok,2500,1399,Common,false,false,false
5821,9.3958,1099998506517,401911,yoitscharlie,12,0,0,1913,0.234894,4.6979,ok,1913,0.234894,4.6979,ok,2500,1425,Common,false,false,false
5822,9.3958,1099998506647,401910,yoitscharlie,11,0,0,1913,0.234894,4.6979,ok,1913,0.234894,4.6979,ok,2500,1399,Common,false,false,false
5823,9.3798,1099998506518,401911,yoitscharlie,12,0,0,1914,0.234494,4.6899,ok,1914,0.234494,4.6899,ok,2500,1425,Common,false,false,false
5824,9.3798,1099998506648,401910,yoitscharlie,11,0,0,1914,0.234494,4.6899,ok,1914,0.234494,4.6899,ok,2500,1399,Common,false,false,false
5825,9.3638,1099998506519,401911,yoitscharlie,12,0,0,1915,0.234094,4.6819,ok,1915,0.234094,4.6819,ok,2500,1425,Common,false,false,false
5826,9.3638,1099998506649,401910,yoitscharlie,11,0,0,1915,0.234094,4.6819,ok,1915,0.234094,4.6819,ok,2500,1399,Common,false,false,false
5827,9.3478,1099998506520,401911,yoitscharlie,12,0,0,1916,0.233693,4.6739,ok,1916,0.233693,4.6739,ok,2500,1425,Common,false,false,false
5828,9.3478,1099998506650,401910,yoitscharlie,11,0,0,1916,0.233693,4.6739,ok,1916,0.233693,4.6739,ok,2500,1399,Common,false,false,false
5829,9.3318,1099998506521,401911,yoitscharlie,12,0,0,1917,0.233293,4.6659,ok,1917,0.233293,4.6659,ok,2500,1425,Common,false,false,false
5830,9.3318,1099998506651,401910,yoitscharlie,11,0,0,1917,0.233293,4.6659,ok,1917,0.233293,4.6659,ok,2500,1399,Common,false,false,false
5831,9.3158,1099998506522,401911,yoitscharlie,12,0,0,1918,0.232893,4.6579,ok,1918,0.232893,4.6579,ok,2500,1425,Common,false,false,false
5832,9.3158,1099998506652,401910,yoitscharlie,11,0,0,1918,0.232893,4.6579,ok,1918,0.232893,4.6579,ok,2500,1399,Common,false,false,false
5833,9.2998,1099998506523,401911,yoitscharlie,12,0,0,1919,0.232493,4.6499,ok,1919,0.232493,4.6499,ok,2500,1425,Common,false,false,false
5834,9.2998,1099998506653,401910,yoitscharlie,11,0,0,1919,0.232493,4.6499,ok,1919,0.232493,4.6499,ok,2500,1399,Common,false,false,false
5835,9.2838,1099998506524,401911,yoitscharlie,12,0,0,1920,0.232093,4.6419,ok,1920,0.232093,4.6419,ok,2500,1425,Common,false,false,false
5836,9.2838,1099998506654,401910,yoitscharlie,11,0,0,1920,0.232093,4.6419,ok,1920,0.232093,4.6419,ok,2500,1399,Common,false,false,false
5837,9.2678,1099998506525,401911,yoitscharlie,12,0,0,1921,0.231693,4.6339,ok,1921,0.231693,4.6339,ok,2500,1425,Common,false,false,false
5838,9.2678,1099998506655,401910,yoitscharlie,11,0,0,1921,0.231693,4.6339,ok,1921,0.231693,4.6339,ok,2500,1399,Common,false,false,false
5839,9.2518,1099998506526,401911,yoitscharlie,12,0,0,1922,0.231293,4.6259,ok,1922,0.231293,4.6259,ok,2500,1425,Common,false,false,false
5840,9.2518,1099998506656,401910,yoitscharlie,11,0,0,1922,0.231293,4.6259,ok,1922,0.231293,4.6259,ok,2500,1399,Common,false,false,false
5841,9.2356,1099998506527,401911,yoitscharlie,12,0,0,1923,0.230892,4.6178,ok,1923,0.230892,4.6178,ok,2500,1425,Common,false,false,false
5842,9.2356,1099998506657,401910,yoitscharlie,11,0,0,1923,0.230892,4.6178,ok,1923,0.230892,4.6178,ok,2500,1399,Common,false,false,false
5843,9.2196,1099998506528,401911,yoitscharlie,12,0,0,1924,0.230492,4.6098,ok,1924,0.230492,4.6098,ok,2500,1425,Common,false,false,false
5844,9.2196,1099998506658,401910,yoitscharlie,11,0,0,1924,0.230492,4.6098,ok,1924,0.230492,4.6098,ok,2500,1399,Common,false,false,false
5845,9.2036,1099998506529,401911,yoitscharlie,12,0,0,1925,0.230092,4.6018,ok,1925,0.230092,4.6018,ok,2500,1425,Common,false,false,false
5846,9.2036,1099998506659,401910,yoitscharlie,11,0,0,1925,0.230092,4.6018,ok,1925,0.230092,4.6018,ok,2500,1399,Common,false,false,false
5847,9.1876,1099998506575,401911,yoitscharlie,12,0,0,1926,0.229692,4.5938,ok,1926,0.229692,4.5938,ok,2500,1425,Common,false,false,false
5848,9.1876,1099998506660,401910,yoitscharlie,11,0,0,1926,0.229692,4.5938,ok,1926,0.229692,4.5938,ok,2500,1399,Common,false,false,false
5849,9.1716,1099998506576,401911,yoitscharlie,12,0,0,1927,0.229292,4.5858,ok,1927,0.229292,4.5858,ok,2500,1425,Common,false,false,false
5850,9.1716,1099998506661,401910,yoitscharlie,11,0,0,1927,0.229292,4.5858,ok,1927,0.229292,4.5858,ok,2500,1399,Common,false,false,false
5851,9.1556,1099998506577,401911,yoitscharlie,12,0,0,1928,0.228892,4.5778,ok,1928,0.228892,4.5778,ok,2500,1425,Common,false,false,false
5852,9.1556,1099998506662,401910,yoitscharlie,11,0,0,1928,0.228892,4.5778,ok,1928,0.228892,4.5778,ok,2500,1399,Common,false,false,false
5853,9.1396,1099998506578,401911,yoitscharlie,12,0,0,1929,0.228491,4.5698,ok,1929,0.228491,4.5698,ok,2500,1425,Common,false,false,false
5854,9.1396,1099998506663,401910,yoitscharlie,11,0,0,1929,0.228491,4.5698,ok,1929,0.228491,4.5698,ok,2500,1399,Common,false,false,false
5855,9.1236,1099998506579,401911,yoitscharlie,12,0,0,1930,0.228091,4.5618,ok,1930,0.228091,4.5618,ok,2500,1425,Common,false,false,false
5856,9.1236,1099998506664,401910,yoitscharlie,11,0,0,1930,0.228091,4.5618,ok,1930,0.228091,4.5618,ok,2500,1399,Common,false,false,false
5857,9.1076,1099998506580,401911,yoitscharlie,12,0,0,1931,0.227691,4.5538,ok,1931,0.227691,4.5538,ok,2500,1425,Common,false,false,false
5858,9.1076,1099998506665,401910,yoitscharlie,11,0,0,1931,0.227691,4.5538,ok,1931,0.227691,4.5538,ok,2500,1399,Common,false,false,false
5859,9.0916,1099998506581,401911,yoitscharlie,12,0,0,1932,0.227291,4.5458,ok,1932,0.227291,4.5458,ok,2500,1425,Common,false,false,false
5860,9.0916,1099998506666,401910,yoitscharlie,11,0,0,1932,0.227291,4.5458,ok,1932,0.227291,4.5458,ok,2500,1399,Common,false,false,false
5861,9.0756,1099998506582,401911,yoitscharlie,12,0,0,1933,0.226891,4.5378,ok,1933,0.226891,4.5378,ok,2500,1425,Common,false,false,false
5862,9.0756,1099998506667,401910,yoitscharlie,11,0,0,1933,0.226891,4.5378,ok,1933,0.226891,4.5378,ok,2500,1399,Common,false,false,false
5863,9.0596,1099998506583,401911,yoitscharlie,12,0,0,1934,0.226491,4.5298,ok,1934,0.226491,4.5298,ok,2500,1425,Common,false,false,false
5864,9.0596,1099998506668,401910,yoitscharlie,11,0,0,1934,0.226491,4.5298,ok,1934,0.226491,4.5298,ok,2500,1399,Common,false,false,false
5865,9.0436,1099998506584,401911,yoitscharlie,12,0,0,1935,0.22609,4.5218,ok,1935,0.22609,4.5218,ok,2500,1425,Common,false,false,false
5866,9.0436,1099998506669,401910,yoitscharlie,11,0,0,1935,0.22609,4.5218,ok,1935,0.22609,4.5218,ok,2500,1399,Common,false,false,false
5867,9.0276,1099998506585,401911,yoitscharlie,12,0,0,1936,0.22569,4.5138,ok,1936,0.22569,4.5138,ok,2500,1425,Common,false,false,false
5868,9.0276,1099998506670,401910,yoitscharlie,11,0,0,1936,0.22569,4.5138,ok,1936,0.22569,4.5138,ok,2500,1399,Common,false,false,false
5869,9.0116,1099998506586,401911,yoitscharlie,12,0,0,1937,0.22529,4.5058,ok,1937,0.22529,4.5058,ok,2500,1425,Common,false,false,false
5870,9.0116,1099998506671,401910,yoitscharlie,11,0,0,1937,0.22529,4.5058,ok,1937,0.22529,4.5058,ok,2500,1399,Common,false,false,false
5871,8.9956,1099998506587,401911,yoitscharlie,12,0,0,1938,0.22489,4.4978,ok,1938,0.22489,4.4978,ok,2500,1425,Common,false,false,false
5872,8.9956,1099998506672,401910,yoitscharlie,11,0,0,1938,0.22489,4.4978,ok,1938,0.22489,4.4978,ok,2500,1399,Common,false,false,false
5873,8.9796,1099998506588,401911,yoitscharlie,12,0,0,1939,0.22449,4.4898,ok,1939,0.22449,4.4898,ok,2500,1425,Common,false,false,false
5874,8.9796,1099998506673,401910,yoitscharlie,11,0,0,1939,0.22449,4.4898,ok,1939,0.22449,4.4898,ok,2500,1399,Common,false,false,false
5875,8.9636,1099998506589,401911,yoitscharlie,12,0,0,1940,0.22409,4.4818,ok,1940,0.22409,4.4818,ok,2500,1425,Common,false,false,false
5876,8.9636,1099998506674,401910,yoitscharlie,11,0,0,1940,0.22409,4.4818,ok,1940,0.22409,4.4818,ok,2500,1399,Common,false,false,false
5877,8.9476,1099998506590,401911,yoitscharlie,12,0,0,1941,0.223689,4.4738,ok,1941,0.223689,4.4738,ok,2500,1425,Common,false,false,false
5878,8.9476,1099998506675,401910,yoitscharlie,11,0,0,1941,0.223689,4.4738,ok,1941,0.223689,4.4738,ok,2500,1399,Common,false,false,false
5879,8.9316,1099998506591,401911,yoitscharlie,12,0,0,1942,0.223289,4.4658,ok,1942,0.223289,4.4658,ok,2500,1425,Common,false,false,false
5880,8.9316,1099998506676,401910,yoitscharlie,11,0,0,1942,0.223289,4.4658,ok,1942,0.223289,4.4658,ok,2500,1399,Common,false,false,false
5881,8.9156,1099998506592,401911,yoitscharlie,12,0,0,1943,0.222889,4.4578,ok,1943,0.222889,4.4578,ok,2500,1425,Common,false,false,false
5882,8.9156,1099998506677,401910,yoitscharlie,11,0,0,1943,0.222889,4.4578,ok,1943,0.222889,4.4578,ok,2500,1399,Common,false,false,false
5883,8.8996,1099998506593,401911,yoitscharlie,12,0,0,1944,0.222489,4.4498,ok,1944,0.222489,4.4498,ok,2500,1425,Common,false,false,false
5884,8.8996,1099998506678,401910,yoitscharlie,11,0,0,1944,0.222489,4.4498,ok,1944,0.222489,4.4498,ok,2500,1399,Common,false,false,false
5885,8.8836,1099998506594,401911,yoitscharlie,12,0,0,1945,0.222089,4.4418,ok,1945,0.222089,4.4418,ok,2500,1425,Common,false,false,false
5886,8.8836,1099998506679,401910,yoitscharlie,11,0,0,1945,0.222089,4.4418,ok,1945,0.222089,4.4418,ok,2500,1399,Common,false,false,false
5887,8.8676,1099998506595,401911,yoitscharlie,12,0,0,1946,0.221689,4.4338,ok,1946,0.221689,4.4338,ok,2500,1425,Common,false,false,false
5888,8.8676,1099998506680,401910,yoitscharlie,11,0,0,1946,0.221689,4.4338,ok,1946,0.221689,4.4338,ok,2500,1399,Common,false,false,false
5889,8.8516,1099998506596,401911,yoitscharlie,12,0,0,1947,0.221289,4.4258,ok,1947,0.221289,4.4258,ok,2500,1425,Common,false,false,false
5890,8.8516,1099998506681,401910,yoitscharlie,11,0,0,1947,0.221289,4.4258,ok,1947,0.221289,4.4258,ok,2500,1399,Common,false,false,false
5891,8.8356,1099998506597,401911,yoitscharlie,12,0,0,1948,0.220888,4.4178,ok,1948,0.220888,4.4178,ok,2500,1425,Common,false,false,false
5892,8.8356,1099998506682,401910,yoitscharlie,11,0,0,1948,0.220888,4.4178,ok,1948,0.220888,4.4178,ok,2500,1399,Common,false,false,false
5893,8.8196,1099998506598,401911,yoitscharlie,12,0,0,1949,0.220488,4.4098,ok,1949,0.220488,4.4098,ok,2500,1425,Common,false,false,false
5894,8.8196,1099998506683,401910,yoitscharlie,11,0,0,1949,0.220488,4.4098,ok,1949,0.220488,4.4098,ok,2500,1399,Common,false,false,false
5895,8.8036,1099998506599,401911,yoitscharlie,12,0,0,1950,0.220088,4.4018,ok,1950,0.220088,4.4018,ok,2500,1425,Common,false,false,false
5896,8.8036,1099998506684,401910,yoitscharlie,11,0,0,1950,0.220088,4.4018,ok,1950,0.220088,4.4018,ok,2500,1399,Common,false,false,false
5897,8.7876,1099998506762,401910,yoitscharlie,11,0,0,1951,0.219688,4.3938,ok,1951,0.219688,4.3938,ok,2500,1399,Common,false,false,false
5898,8.7876,1099998506814,401911,yoitscharlie,12,0,0,1951,0.219688,4.3938,ok,1951,0.219688,4.3938,ok,2500,1425,Common,false,false,false
5899,8.7716,1099998506763,401910,yoitscharlie,11,0,0,1952,0.219288,4.3858,ok,1952,0.219288,4.3858,ok,2500,1399,Common,false,false,false
5900,8.7716,1099998506815,401911,yoitscharlie,12,0,0,1952,0.219288,4.3858,ok,1952,0.219288,4.3858,ok,2500,1425,Common,false,false,false
5901,8.7556,1099998506764,401910,yoitscharlie,11,0,0,1953,0.218888,4.3778,ok,1953,0.218888,4.3778,ok,2500,1399,Common,false,false,false
5902,8.7556,1099998506816,401911,yoitscharlie,12,0,0,1953,0.218888,4.3778,ok,1953,0.218888,4.3778,ok,2500,1425,Common,false,false,false
5903,8.7394,1099998506765,401910,yoitscharlie,11,0,0,1954,0.218487,4.3697,ok,1954,0.218487,4.3697,ok,2500,1399,Common,false,false,false
5904,8.7394,1099998506817,401911,yoitscharlie,12,0,0,1954,0.218487,4.3697,ok,1954,0.218487,4.3697,ok,2500,1425,Common,false,false,false
5905,8.7234,1099998506766,401910,yoitscharlie,11,0,0,1955,0.218087,4.3617,ok,1955,0.218087,4.3617,ok,2500,1399,Common,false,false,false
5906,8.7234,1099998506818,401911,yoitscharlie,12,0,0,1955,0.218087,4.3617,ok,1955,0.218087,4.3617,ok,2500,1425,Common,false,false,false
5907,8.7074,1099998506767,401910,yoitscharlie,11,0,0,1956,0.217687,4.3537,ok,1956,0.217687,4.3537,ok,2500,1399,Common,false,false,false
5908,8.7074,1099998506819,401911,yoitscharlie,12,0,0,1956,0.217687,4.3537,ok,1956,0.217687,4.3537,ok,2500,1425,Common,false,false,false
5909,8.6914,1099998506768,401910,yoitscharlie,11,0,0,1957,0.217287,4.3457,ok,1957,0.217287,4.3457,ok,2500,1399,Common,false,false,false
5910,8.6914,1099998506820,401911,yoitscharlie,12,0,0,1957,0.217287,4.3457,ok,1957,0.217287,4.3457,ok,2500,1425,Common,false,false,false
5911,8.6754,1099998506769,401910,yoitscharlie,11,0,0,1958,0.216887,4.3377,ok,1958,0.216887,4.3377,ok,2500,1399,Common,false,false,false
5912,8.6754,1099998506821,401911,yoitscharlie,12,0,0,1958,0.216887,4.3377,ok,1958,0.216887,4.3377,ok,2500,1425,Common,false,false,false
5913,8.6594,1099998506770,401910,yoitscharlie,11,0,0,1959,0.216487,4.3297,ok,1959,0.216487,4.3297,ok,2500,1399,Common,false,false,false
5914,8.6594,1099998506822,401911,yoitscharlie,12,0,0,1959,0.216487,4.3297,ok,1959,0.216487,4.3297,ok,2500,1425,Common,false,false,false
5915,8.6434,1099998506771,401910,yoitscharlie,11,0,0,1960,0.216086,4.3217,ok,1960,0.216086,4.3217,ok,2500,1399,Common,false,false,false
5916,8.6434,1099998506823,401911,yoitscharlie,12,0,0,1960,0.216086,4.3217,ok,1960,0.216086,4.3217,ok,2500,1425,Common,false,false,false
5917,8.6274,1099998506772,401910,yoitscharlie,11,0,0,1961,0.215686,4.3137,ok,1961,0.215686,4.3137,ok,2500,1399,Common,false,false,false
5918,8.6274,1099998506824,401911,yoitscharlie,12,0,0,1961,0.215686,4.3137,ok,1961,0.215686,4.3137,ok,2500,1425,Common,false,false,false
5919,8.6114,1099998506773,401910,yoitscharlie,11,0,0,1962,0.215286,4.3057,ok,1962,0.215286,4.3057,ok,2500,1399,Common,false,false,false
5920,8.6114,1099998506825,401911,yoitscharlie,12,0,0,1962,0.215286,4.3057,ok,1962,0.215286,4.3057,ok,2500,1425,Common,false,false,false
5921,8.5954,1099998506774,401910,yoitscharlie,11,0,0,1963,0.214886,4.2977,ok,1963,0.214886,4.2977,ok,2500,1399,Common,false,false,false
5922,8.5954,1099998506826,401911,yoitscharlie,12,0,0,1963,0.214886,4.2977,ok,1963,0.214886,4.2977,ok,2500,1425,Common,false,false,false
5923,8.5794,1099998506775,401910,yoitscharlie,11,0,0,1964,0.214486,4.2897,ok,1964,0.214486,4.2897,ok,2500,1399,Common,false,false,false
5924,8.5794,1099998506827,401911,yoitscharlie,12,0,0,1964,0.214486,4.2897,ok,1964,0.214486,4.2897,ok,2500,1425,Common,false,false,false
5925,8.5634,1099998506776,401910,yoitscharlie,11,0,0,1965,0.214086,4.2817,ok,1965,0.214086,4.2817,ok,2500,1399,Common,false,false,false
5926,8.5634,1099998506828,401911,yoitscharlie,12,0,0,1965,0.214086,4.2817,ok,1965,0.214086,4.2817,ok,2500,1425,Common,false,false,false
5927,8.5474,1099998506777,401910,yoitscharlie,11,0,0,1966,0.213685,4.2737,ok,1966,0.213685,4.2737,ok,2500,1399,Common,false,false,false
5928,8.5474,1099998506829,401911,yoitscharlie,12,0,0,1966,0.213685,4.2737,ok,1966,0.213685,4.2737,ok,2500,1425,Common,false,false,false
5929,8.5314,1099998506778,401910,yoitscharlie,11,0,0,1967,0.213285,4.2657,ok,1967,0.213285,4.2657,ok,2500,1399,Common,false,false,false
5930,8.5314,1099998506830,401911,yoitscharlie,12,0,0,1967,0.213285,4.2657,ok,1967,0.213285,4.2657,ok,2500,1425,Common,false,false,false
5931,8.5154,1099998506779,401910,yoitscharlie,11,0,0,1968,0.212885,4.2577,ok,1968,0.212885,4.2577,ok,2500,1399,Common,false,false,false
5932,8.5154,1099998506831,401911,yoitscharlie,12,0,0,1968,0.212885,4.2577,ok,1968,0.212885,4.2577,ok,2500,1425,Common,false,false,false
5933,8.4994,1099998506780,401910,yoitscharlie,11,0,0,1969,0.212485,4.2497,ok,1969,0.212485,4.2497,ok,2500,1399,Common,false,false,false
5934,8.4994,1099998506832,401911,yoitscharlie,12,0,0,1969,0.212485,4.2497,ok,1969,0.212485,4.2497,ok,2500,1425,Common,false,false,false
5935,8.4834,1099998506781,401910,yoitscharlie,11,0,0,1970,0.212085,4.2417,ok,1970,0.212085,4.2417,ok,2500,1399,Common,false,false,false
5936,8.4834,1099998506833,401911,yoitscharlie,12,0,0,1970,0.212085,4.2417,ok,1970,0.212085,4.2417,ok,2500,1425,Common,false,false,false
5937,8.4674,1099998506782,401910,yoitscharlie,11,0,0,1971,0.211685,4.2337,ok,1971,0.211685,4.2337,ok,2500,1399,Common,false,false,false
5938,8.4674,1099998506834,401911,yoitscharlie,12,0,0,1971,0.211685,4.2337,ok,1971,0.211685,4.2337,ok,2500,1425,Common,false,false,false
5939,8.4514,1099998506783,401910,yoitscharlie,11,0,0,1972,0.211285,4.2257,ok,1972,0.211285,4.2257,ok,2500,1399,Common,false,false,false
5940,8.4514,1099998506835,401911,yoitscharlie,12,0,0,1972,0.211285,4.2257,ok,1972,0.211285,4.2257,ok,2500,1425,Common,false,false,false
5941,8.4354,1099998506784,401910,yoitscharlie,11,0,0,1973,0.210884,4.2177,ok,1973,0.210884,4.2177,ok,2500,1399,Common,false,false,false
5942,8.4354,1099998506836,401911,yoitscharlie,12,0,0,1973,0.210884,4.2177,ok,1973,0.210884,4.2177,ok,2500,1425,Common,false,false,false
5943,8.4194,1099998506785,401910,yoitscharlie,11,0,0,1974,0.210484,4.2097,ok,1974,0.210484,4.2097,ok,2500,1399,Common,false,false,false
5944,8.4194,1099998506837,401911,yoitscharlie,12,0,0,1974,0.210484,4.2097,ok,1974,0.210484,4.2097,ok,2500,1425,Common,false,false,false
5945,8.4034,1099998506786,401910,yoitscharlie,11,0,0,1975,0.210084,4.2017,ok,1975,0.210084,4.2017,ok,2500,1399,Common,false,false,false
5946,8.4034,1099998506838,401911,yoitscharlie,12,0,0,1975,0.210084,4.2017,ok,1975,0.210084,4.2017,ok,2500,1425,Common,false,false,false
5947,8.3874,1099998506787,401910,yoitscharlie,11,0,0,1976,0.209684,4.1937,ok,1976,0.209684,4.1937,ok,2500,1399,Common,false,false,false
5948,8.3874,1099998506839,401911,yoitscharlie,12,0,0,1976,0.209684,4.1937,ok,1976,0.209684,4.1937,ok,2500,1425,Common,false,false,false
5949,8.3714,1099998506788,401910,yoitscharlie,11,0,0,1977,0.209284,4.1857,ok,1977,0.209284,4.1857,ok,2500,1399,Common,false,false,false
5950,8.3714,1099998506840,401911,yoitscharlie,12,0,0,1977,0.209284,4.1857,ok,1977,0.209284,4.1857,ok,2500,1425,Common,false,false,false
5951,8.3554,1099998506789,401910,yoitscharlie,11,0,0,1978,0.208884,4.1777,ok,1978,0.208884,4.1777,ok,2500,1399,Common,false,false,false
5952,8.3554,1099998506841,401911,yoitscharlie,12,0,0,1978,0.208884,4.1777,ok,1978,0.208884,4.1777,ok,2500,1425,Common,false,false,false
5953,8.3394,1099998506790,401910,yoitscharlie,11,0,0,1979,0.208483,4.1697,ok,1979,0.208483,4.1697,ok,2500,1399,Common,false,false,false
5954,8.3394,1099998506842,401911,yoitscharlie,12,0,0,1979,0.208483,4.1697,ok,1979,0.208483,4.1697,ok,2500,1425,Common,false,false,false
5955,8.3234,1099998506791,401910,yoitscharlie,11,0,0,1980,0.208083,4.1617,ok,1980,0.208083,4.1617,ok,2500,1399,Common,false,false,false
5956,8.3234,1099998506843,401911,yoitscharlie,12,0,0,1980,0.208083,4.1617,ok,1980,0.208083,4.1617,ok,2500,1425,Common,false,false,false
5957,8.3074,1099998506792,401910,yoitscharlie,11,0,0,1981,0.207683,4.1537,ok,1981,0.207683,4.1537,ok,2500,1399,Common,false,false,false
5958,8.3074,1099998506844,401911,yoitscharlie,12,0,0,1981,0.207683,4.1537,ok,1981,0.207683,4.1537,ok,2500,1425,Common,false,false,false
5959,8.2914,1099998506793,401910,yoitscharlie,11,0,0,1982,0.207283,4.1457,ok,1982,0.207283,4.1457,ok,2500,1399,Common,false,false,false
5960,8.2914,1099998506845,401911,yoitscharlie,12,0,0,1982,0.207283,4.1457,ok,1982,0.207283,4.1457,ok,2500,1425,Common,false,false,false
5961,8.2754,1099998506794,401910,yoitscharlie,11,0,0,1983,0.206883,4.1377,ok,1983,0.206883,4.1377,ok,2500,1399,Common,false,false,false
5962,8.2754,1099998506846,401911,yoitscharlie,12,0,0,1983,0.206883,4.1377,ok,1983,0.206883,4.1377,ok,2500,1425,Common,false,false,false
5963,8.2594,1099998506795,401910,yoitscharlie,11,0,0,1984,0.206483,4.1297,ok,1984,0.206483,4.1297,ok,2500,1399,Common,false,false,false
5964,8.2594,1099998506847,401911,yoitscharlie,12,0,0,1984,0.206483,4.1297,ok,1984,0.206483,4.1297,ok,2500,1425,Common,false,false,false
5965,8.2432,1099998506796,401910,yoitscharlie,11,0,0,1985,0.206082,4.1216,ok,1985,0.206082,4.1216,ok,2500,1399,Common,false,false,false
5966,8.2432,1099998506848,401911,yoitscharlie,12,0,0,1985,0.206082,4.1216,ok,1985,0.206082,4.1216,ok,2500,1425,Common,false,false,false
5967,8.2272,1099998506797,401910,yoitscharlie,11,0,0,1986,0.205682,4.1136,ok,1986,0.205682,4.1136,ok,2500,1399,Common,false,false,false
5968,8.2272,1099998506849,401911,yoitscharlie,12,0,0,1986,0.205682,4.1136,ok,1986,0.205682,4.1136,ok,2500,1425,Common,false,false,false
5969,8.2112,1099998506798,401910,yoitscharlie,11,0,0,1987,0.205282,4.1056,ok,1987,0.205282,4.1056,ok,2500,1399,Common,false,false,false
5970,8.2112,1099998506850,401911,yoitscharlie,12,0,0,1987,0.205282,4.1056,ok,1987,0.205282,4.1056,ok,2500,1425,Common,false,false,false
5971,8.1952,1099998506799,401910,yoitscharlie,11,0,0,1988,0.204882,4.0976,ok,1988,0.204882,4.0976,ok,2500,1399,Common,false,false,false
5972,8.1952,1099998506851,401911,yoitscharlie,12,0,0,1988,0.204882,4.0976,ok,1988,0.204882,4.0976,ok,2500,1425,Common,false,false,false
5973,8.1792,1099998506800,401910,yoitscharlie,11,0,0,1989,0.204482,4.0896,ok,1989,0.204482,4.0896,ok,2500,1399,Common,false,false,false
5974,8.1792,1099998506852,401911,yoitscharlie,12,0,0,1989,0.204482,4.0896,ok,1989,0.204482,4.0896,ok,2500,1425,Common,false,false,false
5975,8.1632,1099998506801,401910,yoitscharlie,11,0,0,1990,0.204082,4.0816,ok,1990,0.204082,4.0816,ok,2500,1399,Common,false,false,false
5976,8.1632,1099998506853,401911,yoitscharlie,12,0,0,1990,0.204082,4.0816,ok,1990,0.204082,4.0816,ok,2500,1425,Common,false,false,false
5977,8.1472,1099998506802,401910,yoitscharlie,11,0,0,1991,0.203681,4.0736,ok,1991,0.203681,4.0736,ok,2500,1399,Common,false,false,false
5978,8.1472,1099998506854,401911,yoitscharlie,12,0,0,1991,0.203681,4.0736,ok,1991,0.203681,4.0736,ok,2500,1425,Common,false,false,false
5979,8.1312,1099998506803,401910,yoitscharlie,11,0,0,1992,0.203281,4.0656,ok,1992,0.203281,4.0656,ok,2500,1399,Common,false,false,false
5980,8.1312,1099998506855,401911,yoitscharlie,12,0,0,1992,0.203281,4.0656,ok,1992,0.203281,4.0656,ok,2500,1425,Common,false,false,false
5981,8.1152,1099998506804,401910,yoitscharlie,11,0,0,1993,0.202881,4.0576,ok,1993,0.202881,4.0576,ok,2500,1399,Common,false,false,false
5982,8.1152,1099998506856,401911,yoitscharlie,12,0,0,1993,0.202881,4.0576,ok,1993,0.202881,4.0576,ok,2500,1425,Common,false,false,false
5983,8.0992,1099998506805,401910,yoitscharlie,11,0,0,1994,0.202481,4.0496,ok,1994,0.202481,4.0496,ok,2500,1399,Common,false,false,false
5984,8.0992,1099998506857,401911,yoitscharlie,12,0,0,1994,0.202481,4.0496,ok,1994,0.202481,4.0496,ok,2500,1425,Common,false,false,false
5985,8.0832,1099998506806,401910,yoitscharlie,11,0,0,1995,0.202081,4.0416,ok,1995,0.202081,4.0416,ok,2500,1399,Common,false,false,false
5986,8.0832,1099998506858,401911,yoitscharlie,12,0,0,1995,0.202081,4.0416,ok,1995,0.202081,4.0416,ok,2500,1425,Common,false,false,false
5987,8.0672,1099998506807,401910,yoitscharlie,11,0,0,1996,0.201681,4.0336,ok,1996,0.201681,4.0336,ok,2500,1399,Common,false,false,false
5988,8.0672,1099998506859,401911,yoitscharlie,12,0,0,1996,0.201681,4.0336,ok,1996,0.201681,4.0336,ok,2500,1425,Common,false,false,false
5989,8.0512,1099998506808,401910,yoitscharlie,11,0,0,1997,0.201281,4.0256,ok,1997,0.201281,4.0256,ok,2500,1399,Common,false,false,false
5990,8.0512,1099998506860,401911,yoitscharlie,12,0,0,1997,0.201281,4.0256,ok,1997,0.201281,4.0256,ok,2500,1425,Common,false,false,false
5991,8.0352,1099998506809,401910,yoitscharlie,11,0,0,1998,0.20088,4.0176,ok,1998,0.20088,4.0176,ok,2500,1399,Common,false,false,false
5992,8.0352,1099998506861,401911,yoitscharlie,12,0,0,1998,0.20088,4.0176,ok,1998,0.20088,4.0176,ok,2500,1425,Common,false,false,false
5993,8.0192,1099998506810,401910,yoitscharlie,11,0,0,1999,0.20048,4.0096,ok,1999,0.20048,4.0096,ok,2500,1399,Common,false,false,false
5994,8.0192,1099998506862,401911,yoitscharlie,12,0,0,1999,0.20048,4.0096,ok,1999,0.20048,4.0096,ok,2500,1425,Common,false,false,false
5995,8.0032,1099998506811,401910,yoitscharlie,11,0,0,2000,0.20008,4.0016,ok,2000,0.20008,4.0016,ok,2500,1399,Common,false,false,false
5996,8.0032,1099998506863,401911,yoitscharlie,12,0,0,2000,0.20008,4.0016,ok,2000,0.20008,4.0016,ok,2500,1425,Common,false,false,false
5997,7.9872,1099998546328,401910,yoitscharlie,11,0,0,2001,0.19968,3.9936,ok,2001,0.19968,3.9936,ok,2500,1399,Common,false,false,false
5998,7.9872,1099998548873,401911,yoitscharlie,12,0,0,2001,0.19968,3.9936,ok,2001,0.19968,3.9936,ok,2500,1425,Common,false,false,false
5999,7.9712,1099998546329,401910,yoitscharlie,11,0,0,2002,0.19928,3.9856,ok,2002,0.19928,3.9856,ok,2500,1399,Common,false,false,false
6000,7.9712,1099998548874,401911,yoitscharlie,12,0,0,2002,0.19928,3.9856,ok,2002,0.19928,3.9856,ok,2500,1425,Common,false,false,false
6001,7.9552,1099998546330,401910,yoitscharlie,11,0,0,2003,0.19888,3.9776,ok,2003,0.19888,3.9776,ok,2500,1399,Common,false,false,false
6002,7.9552,1099998548875,401911,yoitscharlie,12,0,0,2003,0.19888,3.9776,ok,2003,0.19888,3.9776,ok,2500,1425,Common,false,false,false
6003,7.9392,1099998546331,401910,yoitscharlie,11,0,0,2004,0.198479,3.9696,ok,2004,0.198479,3.9696,ok,2500,1399,Common,false,false,false
6004,7.9392,1099998548876,401911,yoitscharlie,12,0,0,2004,0.198479,3.9696,ok,2004,0.198479,3.9696,ok,2500,1425,Common,false,false,false
6005,7.9232,1099998546332,401910,yoitscharlie,11,0,0,2005,0.198079,3.9616,ok,2005,0.198079,3.9616,ok,2500,1399,Common,false,false,false
6006,7.9232,1099998548877,401911,yoitscharlie,12,0,0,2005,0.198079,3.9616,ok,2005,0.198079,3.9616,ok,2500,1425,Common,false,false,false
6007,7.9072,1099998546333,401910,yoitscharlie,11,0,0,2006,0.197679,3.9536,ok,2006,0.197679,3.9536,ok,2500,1399,Common,false,false,false
6008,7.9072,1099998548878,401911,yoitscharlie,12,0,0,2006,0.197679,3.9536,ok,2006,0.197679,3.9536,ok,2500,1425,Common,false,false,false
6009,7.8912,1099998546334,401910,yoitscharlie,11,0,0,2007,0.197279,3.9456,ok,2007,0.197279,3.9456,ok,2500,1399,Common,false,false,false
6010,7.8912,1099998548879,401911,yoitscharlie,12,0,0,2007,0.197279,3.9456,ok,2007,0.197279,3.9456,ok,2500,1425,Common,false,false,false
6011,7.8752,1099998546335,401910,yoitscharlie,11,0,0,2008,0.196879,3.9376,ok,2008,0.196879,3.9376,ok,2500,1399,Common,false,false,false
6012,7.8752,1099998548880,401911,yoitscharlie,12,0,0,2008,0.196879,3.9376,ok,2008,0.196879,3.9376,ok,2500,1425,Common,false,false,false
6013,7.8592,1099998546336,401910,yoitscharlie,11,0,0,2009,0.196479,3.9296,ok,2009,0.196479,3.9296,ok,2500,1399,Common,false,false,false
6014,7.8592,1099998548881,401911,yoitscharlie,12,0,0,2009,0.196479,3.9296,ok,2009,0.196479,3.9296,ok,2500,1425,Common,false,false,false
6015,7.8432,1099998546337,401910,yoitscharlie,11,0,0,2010,0.196078,3.9216,ok,2010,0.196078,3.9216,ok,2500,1399,Common,false,false,false
6016,7.8432,1099998548882,401911,yoitscharlie,12,0,0,2010,0.196078,3.9216,ok,2010,0.196078,3.9216,ok,2500,1425,Common,false,false,false
6017,7.8272,1099998546338,401910,yoitscharlie,11,0,0,2011,0.195678,3.9136,ok,2011,0.195678,3.9136,ok,2500,1399,Common,false,false,false
6018,7.8272,1099998548883,401911,yoitscharlie,12,0,0,2011,0.195678,3.9136,ok,2011,0.195678,3.9136,ok,2500,1425,Common,false,false,false
6019,7.8112,1099998546339,401910,yoitscharlie,11,0,0,2012,0.195278,3.9056,ok,2012,0.195278,3.9056,ok,2500,1399,Common,false,false,false
6020,7.8112,1099998548884,401911,yoitscharlie,12,0,0,2012,0.195278,3.9056,ok,2012,0.195278,3.9056,ok,2500,1425,Common,false,false,false
6021,7.7952,1099998546340,401910,yoitscharlie,11,0,0,2013,0.194878,3.8976,ok,2013,0.194878,3.8976,ok,2500,1399,Common,false,false,false
6022,7.7952,1099998548885,401911,yoitscharlie,12,0,0,2013,0.194878,3.8976,ok,2013,0.194878,3.8976,ok,2500,1425,Common,false,false,false
6023,7.7792,1099998546341,401910,yoitscharlie,11,0,0,2014,0.194478,3.8896,ok,2014,0.194478,3.8896,ok,2500,1399,Common,false,false,false
6024,7.7792,1099998548886,401911,yoitscharlie,12,0,0,2014,0.194478,3.8896,ok,2014,0.194478,3.8896,ok,2500,1425,Common,false,false,false
6025,7.7632,1099998546342,401910,yoitscharlie,11,0,0,2015,0.194078,3.8816,ok,2015,0.194078,3.8816,ok,2500,1399,Common,false,false,false
6026,7.7632,1099998548887,401911,yoitscharlie,12,0,0,2015,0.194078,3.8816,ok,2015,0.194078,3.8816,ok,2500,1425,Common,false,false,false
6027,7.747,1099998546343,401910,yoitscharlie,11,0,0,2016,0.193677,3.8735,ok,2016,0.193677,3.8735,ok,2500,1399,Common,false,false,false
6028,7.747,1099998548888,401911,yoitscharlie,12,0,0,2016,0.193677,3.8735,ok,2016,0.193677,3.8735,ok,2500,1425,Common,false,false,false
6029,7.731,1099998546344,401910,yoitscharlie,11,0,0,2017,0.193277,3.8655,ok,2017,0.193277,3.8655,ok,2500,1399,Common,false,false,false
6030,7.731,1099998548889,401911,yoitscharlie,12,0,0,2017,0.193277,3.8655,ok,2017,0.193277,3.8655,ok,2500,1425,Common,false,false,false
6031,7.715,1099998546345,401910,yoitscharlie,11,0,0,2018,0.192877,3.8575,ok,2018,0.192877,3.8575,ok,2500,1399,Common,false,false,false
6032,7.715,1099998548890,401911,yoitscharlie,12,0,0,2018,0.192877,3.8575,ok,2018,0.192877,3.8575,ok,2500,1425,Common,false,false,false
6033,7.699,1099998546346,401910,yoitscharlie,11,0,0,2019,0.192477,3.8495,ok,2019,0.192477,3.8495,ok,2500,1399,Common,false,false,false
6034,7.699,1099998548891,401911,yoitscharlie,12,0,0,2019,0.192477,3.8495,ok,2019,0.192477,3.8495,ok,2500,1425,Common,false,false,false
6035,7.683,1099998546347,401910,yoitscharlie,11,0,0,2020,0.192077,3.8415,ok,2020,0.192077,3.8415,ok,2500,1399,Common,false,false,false
6036,7.683,1099998548892,401911,yoitscharlie,12,0,0,2020,0.192077,3.8415,ok,2020,0.192077,3.8415,ok,2500,1425,Common,false,false,false
6037,7.667,1099998546348,401910,yoitscharlie,11,0,0,2021,0.191677,3.8335,ok,2021,0.191677,3.8335,ok,2500,1399,Common,false,false,false
6038,7.667,1099998548893,401911,yoitscharlie,12,0,0,2021,0.191677,3.8335,ok,2021,0.191677,3.8335,ok,2500,1425,Common,false,false,false
6039,7.651,1099998546349,401910,yoitscharlie,11,0,0,2022,0.191277,3.8255,ok,2022,0.191277,3.8255,ok,2500,1399,Common,false,false,false
6040,7.651,1099998548894,401911,yoitscharlie,12,0,0,2022,0.191277,3.8255,ok,2022,0.191277,3.8255,ok,2500,1425,Common,false,false,false
6041,7.635,1099998546350,401910,yoitscharlie,11,0,0,2023,0.190876,3.8175,ok,2023,0.190876,3.8175,ok,2500,1399,Common,false,false,false
6042,7.635,1099998548895,401911,yoitscharlie,12,0,0,2023,0.190876,3.8175,ok,2023,0.190876,3.8175,ok,2500,1425,Common,false,false,false
6043,7.619,1099998546351,401910,yoitscharlie,11,0,0,2024,0.190476,3.8095,ok,2024,0.190476,3.8095,ok,2500,1399,Common,false,false,false
6044,7.619,1099998548896,401911,yoitscharlie,12,0,0,2024,0.190476,3.8095,ok,2024,0.190476,3.8095,ok,2500,1425,Common,false,false,false
6045,7.603,1099998546352,401910,yoitscharlie,11,0,0,2025,0.190076,3.8015,ok,2025,0.190076,3.8015,ok,2500,1399,Common,false,false,false
6046,7.603,1099998548897,401911,yoitscharlie,12,0,0,2025,0.190076,3.8015,ok,2025,0.190076,3.8015,ok,2500,1425,Common,false,false,false
6047,7.587,1099998546353,401910,yoitscharlie,11,0,0,2026,0.189676,3.7935,ok,2026,0.189676,3.7935,ok,2500,1399,Common,false,false,false
6048,7.587,1099998548898,401911,yoitscharlie,12,0,0,2026,0.189676,3.7935,ok,2026,0.189676,3.7935,ok,2500,1425,Common,false,false,false
6049,7.571,1099998546354,401910,yoitscharlie,11,0,0,2027,0.189276,3.7855,ok,2027,0.189276,3.7855,ok,2500,1399,Common,false,false,false
6050,7.571,1099998548899,401911,yoitscharlie,12,0,0,2027,0.189276,3.7855,ok,2027,0.189276,3.7855,ok,2500,1425,Common,false,false,false
6051,7.555,1099998546355,401910,yoitscharlie,11,0,0,2028,0.188876,3.7775,ok,2028,0.188876,3.7775,ok,2500,1399,Common,false,false,false
6052,7.555,1099998548900,401911,yoitscharlie,12,0,0,2028,0.188876,3.7775,ok,2028,0.188876,3.7775,ok,2500,1425,Common,false,false,false
6053,7.539,1099998546356,401910,yoitscharlie,11,0,0,2029,0.188475,3.7695,ok,2029,0.188475,3.7695,ok,2500,1399,Common,false,false,false
6054,7.539,1099998548901,401911,yoitscharlie,12,0,0,2029,0.188475,3.7695,ok,2029,0.188475,3.7695,ok,2500,1425,Common,false,false,false
6055,7.523,1099998546357,401910,yoitscharlie,11,0,0,2030,0.188075,3.7615,ok,2030,0.188075,3.7615,ok,2500,1399,Common,false,false,false
6056,7.523,1099998548902,401911,yoitscharlie,12,0,0,2030,0.188075,3.7615,ok,2030,0.188075,3.7615,ok,2500,1425,Common,false,false,false
6057,7.507,1099998546358,401910,yoitscharlie,11,0,0,2031,0.187675,3.7535,ok,2031,0.187675,3.7535,ok,2500,1399,Common,false,false,false
6058,7.507,1099998548903,401911,yoitscharlie,12,0,0,2031,0.187675,3.7535,ok,2031,0.187675,3.7535,ok,2500,1425,Common,false,false,false
6059,7.491,1099998546359,401910,yoitscharlie,11,0,0,2032,0.187275,3.7455,ok,2032,0.187275,3.7455,ok,2500,1399,Common,false,false,false
6060,7.491,1099998548904,401911,yoitscharlie,12,0,0,2032,0.187275,3.7455,ok,2032,0.187275,3.7455,ok,2500,1425,Common,false,false,false
6061,7.475,1099998546360,401910,yoitscharlie,11,0,0,2033,0.186875,3.7375,ok,2033,0.186875,3.7375,ok,2500,1399,Common,false,false,false
6062,7.475,1099998548905,401911,yoitscharlie,12,0,0,2033,0.186875,3.7375,ok,2033,0.186875,3.7375,ok,2500,1425,Common,false,false,false
6063,7.459,1099998546361,401910,yoitscharlie,11,0,0,2034,0.186475,3.7295,ok,2034,0.186475,3.7295,ok,2500,1399,Common,false,false,false
6064,7.459,1099998548906,401911,yoitscharlie,12,0,0,2034,0.186475,3.7295,ok,2034,0.186475,3.7295,ok,2500,1425,Common,false,false,false
6065,7.443,1099998546362,401910,yoitscharlie,11,0,0,2035,0.186074,3.7215,ok,2035,0.186074,3.7215,ok,2500,1399,Common,false,false,false
6066,7.443,1099998548907,401911,yoitscharlie,12,0,0,2035,0.186074,3.7215,ok,2035,0.186074,3.7215,ok,2500,1425,Common,false,false,false
6067,7.427,1099998546363,401910,yoitscharlie,11,0,0,2036,0.185674,3.7135,ok,2036,0.185674,3.7135,ok,2500,1399,Common,false,false,false
6068,7.427,1099998548908,401911,yoitscharlie,12,0,0,2036,0.185674,3.7135,ok,2036,0.185674,3.7135,ok,2500,1425,Common,false,false,false
6069,7.411,1099998546364,401910,yoitscharlie,11,0,0,2037,0.185274,3.7055,ok,2037,0.185274,3.7055,ok,2500,1399,Common,false,false,false
6070,7.411,1099998548909,401911,yoitscharlie,12,0,0,2037,0.185274,3.7055,ok,2037,0.185274,3.7055,ok,2500,1425,Common,false,false,false
6071,7.395,1099998546365,401910,yoitscharlie,11,0,0,2038,0.184874,3.6975,ok,2038,0.184874,3.6975,ok,2500,1399,Common,false,false,false
6072,7.395,1099998548910,401911,yoitscharlie,12,0,0,2038,0.184874,3.6975,ok,2038,0.184874,3.6975,ok,2500,1425,Common,false,false,false
6073,7.379,1099998546366,401910,yoitscharlie,11,0,0,2039,0.184474,3.6895,ok,2039,0.184474,3.6895,ok,2500,1399,Common,false,false,false
6074,7.379,1099998548911,401911,yoitscharlie,12,0,0,2039,0.184474,3.6895,ok,2039,0.184474,3.6895,ok,2500,1425,Common,false,false,false
6075,7.363,1099998546367,401910,yoitscharlie,11,0,0,2040,0.184074,3.6815,ok,2040,0.184074,3.6815,ok,2500,1399,Common,false,false,false
6076,7.363,1099998548912,401911,yoitscharlie,12,0,0,2040,0.184074,3.6815,ok,2040,0.184074,3.6815,ok,2500,1425,Common,false,false,false
6077,7.347,1099998546368,401910,yoitscharlie,11,0,0,2041,0.183673,3.6735,ok,2041,0.183673,3.6735,ok,2500,1399,Common,false,false,false
6078,7.347,1099998548913,401911,yoitscharlie,12,0,0,2041,0.183673,3.6735,ok,2041,0.183673,3.6735,ok,2500,1425,Common,false,false,false
6079,7.331,1099998546369,401910,yoitscharlie,11,0,0,2042,0.183273,3.6655,ok,2042,0.183273,3.6655,ok,2500,1399,Common,false,false,false
6080,7.331,1099998548914,401911,yoitscharlie,12,0,0,2042,0.183273,3.6655,ok,2042,0.183273,3.6655,ok,2500,1425,Common,false,false,false
6081,7.315,1099998546370,401910,yoitscharlie,11,0,0,2043,0.182873,3.6575,ok,2043,0.182873,3.6575,ok,2500,1399,Common,false,false,false
6082,7.315,1099998548915,401911,yoitscharlie,12,0,0,2043,0.182873,3.6575,ok,2043,0.182873,3.6575,ok,2500,1425,Common,false,false,false
6083,7.299,1099998546371,401910,yoitscharlie,11,0,0,2044,0.182473,3.6495,ok,2044,0.182473,3.6495,ok,2500,1399,Common,false,false,false
6084,7.299,1099998548916,401911,yoitscharlie,12,0,0,2044,0.182473,3.6495,ok,2044,0.182473,3.6495,ok,2500,1425,Common,false,false,false
6085,7.283,1099998546372,401910,yoitscharlie,11,0,0,2045,0.182073,3.6415,ok,2045,0.182073,3.6415,ok,2500,1399,Common,false,false,false
6086,7.283,1099998548917,401911,yoitscharlie,12,0,0,2045,0.182073,3.6415,ok,2045,0.182073,3.6415,ok,2500,1425,Common,false,false,false
6087,7.267,1099998546373,401910,yoitscharlie,11,0,0,2046,0.181673,3.6335,ok,2046,0.181673,3.6335,ok,2500,1399,Common,false,false,false
6088,7.267,1099998548918,401911,yoitscharlie,12,0,0,2046,0.181673,3.6335,ok,2046,0.181673,3.6335,ok,2500,1425,Common,false,false,false
6089,7.251,1099998546374,401910,yoitscharlie,11,0,0,2047,0.181273,3.6255,ok,2047,0.181273,3.6255,ok,2500,1399,Common,false,false,false
6090,7.251,1099998548919,401911,yoitscharlie,12,0,0,2047,0.181273,3.6255,ok,2047,0.181273,3.6255,ok,2500,1425,Common,false,false,false
6091,7.2348,1099998546375,401910,yoitscharlie,11,0,0,2048,0.180872,3.6174,ok,2048,0.180872,3.6174,ok,2500,1399,Common,false,false,false
6092,7.2348,1099998548920,401911,yoitscharlie,12,0,0,2048,0.180872,3.6174,ok,2048,0.180872,3.6174,ok,2500,1425,Common,false,false,false
6093,7.2188,1099998546376,401910,yoitscharlie,11,0,0,2049,0.180472,3.6094,ok,2049,0.180472,3.6094,ok,2500,1399,Common,false,false,false
6094,7.2188,1099998548921,401911,yoitscharlie,12,0,0,2049,0.180472,3.6094,ok,2049,0.180472,3.6094,ok,2500,1425,Common,false,false,false
6095,7.2028,1099998546377,401910,yoitscharlie,11,0,0,2050,0.180072,3.6014,ok,2050,0.180072,3.6014,ok,2500,1399,Common,false,false,false
6096,7.2028,1099998548922,401911,yoitscharlie,12,0,0,2050,0.180072,3.6014,ok,2050,0.180072,3.6014,ok,2500,1425,Common,false,false,false
6097,7.1868,1099998546379,401910,yoitscharlie,11,0,0,2051,0.179672,3.5934,ok,2051,0.179672,3.5934,ok,2500,1399,Common,false,false,false
6098,7.1868,1099998548923,401911,yoitscharlie,12,0,0,2051,0.179672,3.5934,ok,2051,0.179672,3.5934,ok,2500,1425,Common,false,false,false
6099,7.1708,1099998546380,401910,yoitscharlie,11,0,0,2052,0.179272,3.5854,ok,2052,0.179272,3.5854,ok,2500,1399,Common,false,false,false
6100,7.1708,1099998548924,401911,yoitscharlie,12,0,0,2052,0.179272,3.5854,ok,2052,0.179272,3.5854,ok,2500,1425,Common,false,false,false
6101,7.1548,1099998546381,401910,yoitscharlie,11,0,0,2053,0.178872,3.5774,ok,2053,0.178872,3.5774,ok,2500,1399,Common,false,false,false
6102,7.1548,1099998548925,401911,yoitscharlie,12,0,0,2053,0.178872,3.5774,ok,2053,0.178872,3.5774,ok,2500,1425,Common,false,false,false
6103,7.1388,1099998546382,401910,yoitscharlie,11,0,0,2054,0.178471,3.5694,ok,2054,0.178471,3.5694,ok,2500,1399,Common,false,false,false
6104,7.1388,1099998548926,401911,yoitscharlie,12,0,0,2054,0.178471,3.5694,ok,2054,0.178471,3.5694,ok,2500,1425,Common,false,false,false
6105,7.1228,1099998546383,401910,yoitscharlie,11,0,0,2055,0.178071,3.5614,ok,2055,0.178071,3.5614,ok,2500,1399,Common,false,false,false
6106,7.1228,1099998548927,401911,yoitscharlie,12,0,0,2055,0.178071,3.5614,ok,2055,0.178071,3.5614,ok,2500,1425,Common,false,false,false
6107,7.1068,1099998546384,401910,yoitscharlie,11,0,0,2056,0.177671,3.5534,ok,2056,0.177671,3.5534,ok,2500,1399,Common,false,false,false
6108,7.1068,1099998548928,401911,yoitscharlie,12,0,0,2056,0.177671,3.5534,ok,2056,0.177671,3.5534,ok,2500,1425,Common,false,false,false
6109,7.0908,1099998546385,401910,yoitscharlie,11,0,0,2057,0.177271,3.5454,ok,2057,0.177271,3.5454,ok,2500,1399,Common,false,false,false
6110,7.0908,1099998548929,401911,yoitscharlie,12,0,0,2057,0.177271,3.5454,ok,2057,0.177271,3.5454,ok,2500,1425,Common,false,false,false
6111,7.0748,1099998546386,401910,yoitscharlie,11,0,0,2058,0.176871,3.5374,ok,2058,0.176871,3.5374,ok,2500,1399,Common,false,false,false
6112,7.0748,1099998548930,401911,yoitscharlie,12,0,0,2058,0.176871,3.5374,ok,2058,0.176871,3.5374,ok,2500,1425,Common,false,false,false
6113,7.0588,1099998546387,401910,yoitscharlie,11,0,0,2059,0.176471,3.5294,ok,2059,0.176471,3.5294,ok,2500,1399,Common,false,false,false
6114,7.0588,1099998548931,401911,yoitscharlie,12,0,0,2059,0.176471,3.5294,ok,2059,0.176471,3.5294,ok,2500,1425,Common,false,false,false
6115,7.0428,1099998546388,401910,yoitscharlie,11,0,0,2060,0.17607,3.5214,ok,2060,0.17607,3.5214,ok,2500,1399,Common,false,false,false
6116,7.0428,1099998548932,401911,yoitscharlie,12,0,0,2060,0.17607,3.5214,ok,2060,0.17607,3.5214,ok,2500,1425,Common,false,false,false
6117,7.0268,1099998546389,401910,yoitscharlie,11,0,0,2061,0.17567,3.5134,ok,2061,0.17567,3.5134,ok,2500,1399,Common,false,false,false
6118,7.0268,1099998548933,401911,yoitscharlie,12,0,0,2061,0.17567,3.5134,ok,2061,0.17567,3.5134,ok,2500,1425,Common,false,false,false
6119,7.0108,1099998546390,401910,yoitscharlie,11,0,0,2062,0.17527,3.5054,ok,2062,0.17527,3.5054,ok,2500,1399,Common,false,false,false
6120,7.0108,1099998548934,401911,yoitscharlie,12,0,0,2062,0.17527,3.5054,ok,2062,0.17527,3.5054,ok,2500,1425,Common,false,false,false
6121,6.9948,1099998546391,401910,yoitscharlie,11,0,0,2063,0.17487,3.4974,ok,2063,0.17487,3.4974,ok,2500,1399,Common,false,false,false
6122,6.9948,1099998548935,401911,yoitscharlie,12,0,0,2063,0.17487,3.4974,ok,2063,0.17487,3.4974,ok,2500,1425,Common,false,false,false
6123,6.9788,1099998546392,401910,yoitscharlie,11,0,0,2064,0.17447,3.4894,ok,2064,0.17447,3.4894,ok,2500,1399,Common,false,false,false
6124,6.9788,1099998548936,401911,yoitscharlie,12,0,0,2064,0.17447,3.4894,ok,2064,0.17447,3.4894,ok,2500,1425,Common,false,false,false
6125,6.9628,1099998546393,401910,yoitscharlie,11,0,0,2065,0.17407,3.4814,ok,2065,0.17407,3.4814,ok,2500,1399,Common,false,false,false
6126,6.9628,1099998548937,401911,yoitscharlie,12,0,0,2065,0.17407,3.4814,ok,2065,0.17407,3.4814,ok,2500,1425,Common,false,false,false
6127,6.9468,1099998546394,401910,yoitscharlie,11,0,0,2066,0.173669,3.4734,ok,2066,0.173669,3.4734,ok,2500,1399,Common,false,false,false
6128,6.9468,1099998548938,401911,yoitscharlie,12,0,0,2066,0.173669,3.4734,ok,2066,0.173669,3.4734,ok,2500,1425,Common,false,false,false
6129,6.9308,1099998546395,401910,yoitscharlie,11,0,0,2067,0.173269,3.4654,ok,2067,0.173269,3.4654,ok,2500,1399,Common,false,false,false
6130,6.9308,1099998548939,401911,yoitscharlie,12,0,0,2067,0.173269,3.4654,ok,2067,0.173269,3.4654,ok,2500,1425,Common,false,false,false
6131,6.9148,1099998546396,401910,yoitscharlie,11,0,0,2068,0.172869,3.4574,ok,2068,0.172869,3.4574,ok,2500,1399,Common,false,false,false
6132,6.9148,1099998548940,401911,yoitscharlie,12,0,0,2068,0.172869,3.4574,ok,2068,0.172869,3.4574,ok,2500,1425,Common,false,false,false
6133,6.8988,1099998546397,401910,yoitscharlie,11,0,0,2069,0.172469,3.4494,ok,2069,0.172469,3.4494,ok,2500,1399,Common,false,false,false
6134,6.8988,1099998548941,401911,yoitscharlie,12,0,0,2069,0.172469,3.4494,ok,2069,0.172469,3.4494,ok,2500,1425,Common,false,false,false
6135,6.8828,1099998546398,401910,yoitscharlie,11,0,0,2070,0.172069,3.4414,ok,2070,0.172069,3.4414,ok,2500,1399,Common,false,false,false
6136,6.8828,1099998548942,401911,yoitscharlie,12,0,0,2070,0.172069,3.4414,ok,2070,0.172069,3.4414,ok,2500,1425,Common,false,false,false
6137,6.8668,1099998546399,401910,yoitscharlie,11,0,0,2071,0.171669,3.4334,ok,2071,0.171669,3.4334,ok,2500,1399,Common,false,false,false
6138,6.8668,1099998548943,401911,yoitscharlie,12,0,0,2071,0.171669,3.4334,ok,2071,0.171669,3.4334,ok,2500,1425,Common,false,false,false
6139,6.8508,1099998546400,401910,yoitscharlie,11,0,0,2072,0.171269,3.4254,ok,2072,0.171269,3.4254,ok,2500,1399,Common,false,false,false
6140,6.8508,1099998548944,401911,yoitscharlie,12,0,0,2072,0.171269,3.4254,ok,2072,0.171269,3.4254,ok,2500,1425,Common,false,false,false
6141,6.8348,1099998546401,401910,yoitscharlie,11,0,0,2073,0.170868,3.4174,ok,2073,0.170868,3.4174,ok,2500,1399,Common,false,false,false
6142,6.8348,1099998548945,401911,yoitscharlie,12,0,0,2073,0.170868,3.4174,ok,2073,0.170868,3.4174,ok,2500,1425,Common,false,false,false
6143,6.8188,1099998546402,401910,yoitscharlie,11,0,0,2074,0.170468,3.4094,ok,2074,0.170468,3.4094,ok,2500,1399,Common,false,false,false
6144,6.8188,1099998548946,401911,yoitscharlie,12,0,0,2074,0.170468,3.4094,ok,2074,0.170468,3.4094,ok,2500,1425,Common,false,false,false
6145,6.8028,1099998546403,401910,yoitscharlie,11,0,0,2075,0.170068,3.4014,ok,2075,0.170068,3.4014,ok,2500,1399,Common,false,false,false
6146,6.8028,1099998548947,401911,yoitscharlie,12,0,0,2075,0.170068,3.4014,ok,2075,0.170068,3.4014,ok,2500,1425,Common,false,false,false
6147,6.7868,1099998546404,401910,yoitscharlie,11,0,0,2076,0.169668,3.3934,ok,2076,0.169668,3.3934,ok,2500,1399,Common,false,false,false
6148,6.7868,1099998548948,401911,yoitscharlie,12,0,0,2076,0.169668,3.3934,ok,2076,0.169668,3.3934,ok,2500,1425,Common,false,false,false
6149,6.7708,1099998546405,401910,yoitscharlie,11,0,0,2077,0.169268,3.3854,ok,2077,0.169268,3.3854,ok,2500,1399,Common,false,false,false
6150,6.7708,1099998548949,401911,yoitscharlie,12,0,0,2077,0.169268,3.3854,ok,2077,0.169268,3.3854,ok,2500,1425,Common,false,false,false
6151,6.7548,1099998546406,401910,yoitscharlie,11,0,0,2078,0.168868,3.3774,ok,2078,0.168868,3.3774,ok,2500,1399,Common,false,false,false
6152,6.7548,1099998548950,401911,yoitscharlie,12,0,0,2078,0.168868,3.3774,ok,2078,0.168868,3.3774,ok,2500,1425,Common,false,false,false
6153,6.7386,1099998546407,401910,yoitscharlie,11,0,0,2079,0.168467,3.3693,ok,2079,0.168467,3.3693,ok,2500,1399,Common,false,false,false
6154,6.7386,1099998548951,401911,yoitscharlie,12,0,0,2079,0.168467,3.3693,ok,2079,0.168467,3.3693,ok,2500,1425,Common,false,false,false
6155,6.7226,1099998546408,401910,yoitscharlie,11,0,0,2080,0.168067,3.3613,ok,2080,0.168067,3.3613,ok,2500,1399,Common,false,false,false
6156,6.7226,1099998548952,401911,yoitscharlie,12,0,0,2080,0.168067,3.3613,ok,2080,0.168067,3.3613,ok,2500,1425,Common,false,false,false
6157,6.7066,1099998546409,401910,yoitscharlie,11,0,0,2081,0.167667,3.3533,ok,2081,0.167667,3.3533,ok,2500,1399,Common,false,false,false
6158,6.7066,1099998548953,401911,yoitscharlie,12,0,0,2081,0.167667,3.3533,ok,2081,0.167667,3.3533,ok,2500,1425,Common,false,false,false
6159,6.6906,1099998546410,401910,yoitscharlie,11,0,0,2082,0.167267,3.3453,ok,2082,0.167267,3.3453,ok,2500,1399,Common,false,false,false
6160,6.6906,1099998548954,401911,yoitscharlie,12,0,0,2082,0.167267,3.3453,ok,2082,0.167267,3.3453,ok,2500,1425,Common,false,false,false
6161,6.6746,1099998546411,401910,yoitscharlie,11,0,0,2083,0.166867,3.3373,ok,2083,0.166867,3.3373,ok,2500,1399,Common,false,false,false
6162,6.6746,1099998548955,401911,yoitscharlie,12,0,0,2083,0.166867,3.3373,ok,2083,0.166867,3.3373,ok,2500,1425,Common,false,false,false
6163,6.6586,1099998546412,401910,yoitscharlie,11,0,0,2084,0.166467,3.3293,ok,2084,0.166467,3.3293,ok,2500,1399,Common,false,false,false
6164,6.6586,1099998548956,401911,yoitscharlie,12,0,0,2084,0.166467,3.3293,ok,2084,0.166467,3.3293,ok,2500,1425,Common,false,false,false
6165,6.6426,1099998546413,401910,yoitscharlie,11,0,0,2085,0.166066,3.3213,ok,2085,0.166066,3.3213,ok,2500,1399,Common,false,false,false
6166,6.6426,1099998548957,401911,yoitscharlie,12,0,0,2085,0.166066,3.3213,ok,2085,0.166066,3.3213,ok,2500,1425,Common,false,false,false
6167,6.6266,1099998546414,401910,yoitscharlie,11,0,0,2086,0.165666,3.3133,ok,2086,0.165666,3.3133,ok,2500,1399,Common,false,false,false
6168,6.6266,1099998548958,401911,yoitscharlie,12,0,0,2086,0.165666,3.3133,ok,2086,0.165666,3.3133,ok,2500,1425,Common,false,false,false
6169,6.6106,1099998546415,401910,yoitscharlie,11,0,0,2087,0.165266,3.3053,ok,2087,0.165266,3.3053,ok,2500,1399,Common,false,false,false
6170,6.6106,1099998548959,401911,yoitscharlie,12,0,0,2087,0.165266,3.3053,ok,2087,0.165266,3.3053,ok,2500,1425,Common,false,false,false
6171,6.5946,1099998546416,401910,yoitscharlie,11,0,0,2088,0.164866,3.2973,ok,2088,0.164866,3.2973,ok,2500,1399,Common,false,false,false
6172,6.5946,1099998548960,401911,yoitscharlie,12,0,0,2088,0.164866,3.2973,ok,2088,0.164866,3.2973,ok,2500,1425,Common,false,false,false
6173,6.5786,1099998546417,401910,yoitscharlie,11,0,0,2089,0.164466,3.2893,ok,2089,0.164466,3.2893,ok,2500,1399,Common,false,false,false
6174,6.5786,1099998548961,401911,yoitscharlie,12,0,0,2089,0.164466,3.2893,ok,2089,0.164466,3.2893,ok,2500,1425,Common,false,false,false
6175,6.5626,1099998546418,401910,yoitscharlie,11,0,0,2090,0.164066,3.2813,ok,2090,0.164066,3.2813,ok,2500,1399,Common,false,false,false
6176,6.5626,1099998548962,401911,yoitscharlie,12,0,0,2090,0.164066,3.2813,ok,2090,0.164066,3.2813,ok,2500,1425,Common,false,false,false
6177,6.5466,1099998546419,401910,yoitscharlie,11,0,0,2091,0.163665,3.2733,ok,2091,0.163665,3.2733,ok,2500,1399,Common,false,false,false
6178,6.5466,1099998548963,401911,yoitscharlie,12,0,0,2091,0.163665,3.2733,ok,2091,0.163665,3.2733,ok,2500,1425,Common,false,false,false
6179,6.5306,1099998546420,401910,yoitscharlie,11,0,0,2092,0.163265,3.2653,ok,2092,0.163265,3.2653,ok,2500,1399,Common,false,false,false
6180,6.5306,1099998548964,401911,yoitscharlie,12,0,0,2092,0.163265,3.2653,ok,2092,0.163265,3.2653,ok,2500,1425,Common,false,false,false
6181,6.5146,1099998546421,401910,yoitscharlie,11,0,0,2093,0.162865,3.2573,ok,2093,0.162865,3.2573,ok,2500,1399,Common,false,false,false
6182,6.5146,1099998548965,401911,yoitscharlie,12,0,0,2093,0.162865,3.2573,ok,2093,0.162865,3.2573,ok,2500,1425,Common,false,false,false
6183,6.4986,1099998546422,401910,yoitscharlie,11,0,0,2094,0.162465,3.2493,ok,2094,0.162465,3.2493,ok,2500,1399,Common,false,false,false
6184,6.4986,1099998548966,401911,yoitscharlie,12,0,0,2094,0.162465,3.2493,ok,2094,0.162465,3.2493,ok,2500,1425,Common,false,false,false
6185,6.4826,1099998546423,401910,yoitscharlie,11,0,0,2095,0.162065,3.2413,ok,2095,0.162065,3.2413,ok,2500,1399,Common,false,false,false
6186,6.4826,1099998548967,401911,yoitscharlie,12,0,0,2095,0.162065,3.2413,ok,2095,0.162065,3.2413,ok,2500,1425,Common,false,false,false
6187,6.4666,1099998546424,401910,yoitscharlie,11,0,0,2096,0.161665,3.2333,ok,2096,0.161665,3.2333,ok,2500,1399,Common,false,false,false
6188,6.4666,1099998548968,401911,yoitscharlie,12,0,0,2096,0.161665,3.2333,ok,2096,0.161665,3.2333,ok,2500,1425,Common,false,false,false
6189,6.4506,1099998546425,401910,yoitscharlie,11,0,0,2097,0.161265,3.2253,ok,2097,0.161265,3.2253,ok,2500,1399,Common,false,false,false
6190,6.4506,1099998548969,401911,yoitscharlie,12,0,0,2097,0.161265,3.2253,ok,2097,0.161265,3.2253,ok,2500,1425,Common,false,false,false
6191,6.4346,1099998546426,401910,yoitscharlie,11,0,0,2098,0.160864,3.2173,ok,2098,0.160864,3.2173,ok,2500,1399,Common,false,false,false
6192,6.4346,1099998548970,401911,yoitscharlie,12,0,0,2098,0.160864,3.2173,ok,2098,0.160864,3.2173,ok,2500,1425,Common,false,false,false
6193,6.4186,1099998546427,401910,yoitscharlie,11,0,0,2099,0.160464,3.2093,ok,2099,0.160464,3.2093,ok,2500,1399,Common,false,false,false
6194,6.4186,1099998548971,401911,yoitscharlie,12,0,0,2099,0.160464,3.2093,ok,2099,0.160464,3.2093,ok,2500,1425,Common,false,false,false
6195,6.4026,1099998546428,401910,yoitscharlie,11,0,0,2100,0.160064,3.2013,ok,2100,0.160064,3.2013,ok,2500,1399,Common,false,false,false
6196,6.4026,1099998548972,401911,yoitscharlie,12,0,0,2100,0.160064,3.2013,ok,2100,0.160064,3.2013,ok,2500,1425,Common,false,false,false
6197,6.3866,1099998547170,401910,yoitscharlie,11,0,0,2101,0.159664,3.1933,ok,2101,0.159664,3.1933,ok,2500,1399,Common,false,false,false
6198,6.3866,1099998548986,401911,yoitscharlie,12,0,0,2101,0.159664,3.1933,ok,2101,0.159664,3.1933,ok,2500,1425,Common,false,false,false
6199,6.3706,1099998547171,401910,yoitscharlie,11,0,0,2102,0.159264,3.1853,ok,2102,0.159264,3.1853,ok,2500,1399,Common,false,false,false
6200,6.3706,1099998548987,401911,yoitscharlie,12,0,0,2102,0.159264,3.1853,ok,2102,0.159264,3.1853,ok,2500,1425,Common,false,false,false
6201,6.3546,1099998547172,401910,yoitscharlie,11,0,0,2103,0.158864,3.1773,ok,2103,0.158864,3.1773,ok,2500,1399,Common,false,false,false
6202,6.3546,1099998548988,401911,yoitscharlie,12,0,0,2103,0.158864,3.1773,ok,2103,0.158864,3.1773,ok,2500,1425,Common,false,false,false
6203,6.3386,1099998547173,401910,yoitscharlie,11,0,0,2104,0.158463,3.1693,ok,2104,0.158463,3.1693,ok,2500,1399,Common,false,false,false
6204,6.3386,1099998548989,401911,yoitscharlie,12,0,0,2104,0.158463,3.1693,ok,2104,0.158463,3.1693,ok,2500,1425,Common,false,false,false
6205,6.3226,1099998547174,401910,yoitscharlie,11,0,0,2105,0.158063,3.1613,ok,2105,0.158063,3.1613,ok,2500,1399,Common,false,false,false
6206,6.3226,1099998548990,401911,yoitscharlie,12,0,0,2105,0.158063,3.1613,ok,2105,0.158063,3.1613,ok,2500,1425,Common,false,false,false
6207,6.3066,1099998547175,401910,yoitscharlie,11,0,0,2106,0.157663,3.1533,ok,2106,0.157663,3.1533,ok,2500,1399,Common,false,false,false
6208,6.3066,1099998548991,401911,yoitscharlie,12,0,0,2106,0.157663,3.1533,ok,2106,0.157663,3.1533,ok,2500,1425,Common,false,false,false
6209,6.2906,1099998547176,401910,yoitscharlie,11,0,0,2107,0.157263,3.1453,ok,2107,0.157263,3.1453,ok,2500,1399,Common,false,false,false
6210,6.2906,1099998548992,401911,yoitscharlie,12,0,0,2107,0.157263,3.1453,ok,2107,0.157263,3.1453,ok,2500,1425,Common,false,false,false
6211,6.2746,1099998547177,401910,yoitscharlie,11,0,0,2108,0.156863,3.1373,ok,2108,0.156863,3.1373,ok,2500,1399,Common,false,false,false
6212,6.2746,1099998548993,401911,yoitscharlie,12,0,0,2108,0.156863,3.1373,ok,2108,0.156863,3.1373,ok,2500,1425,Common,false,false,false
6213,6.2586,1099998547178,401910,yoitscharlie,11,0,0,2109,0.156463,3.1293,ok,2109,0.156463,3.1293,ok,2500,1399,Common,false,false,false
6214,6.2586,1099998548994,401911,yoitscharlie,12,0,0,2109,0.156463,3.1293,ok,2109,0.156463,3.1293,ok,2500,1425,Common,false,false,false
6215,6.2424,1099998547179,401910,yoitscharlie,11,0,0,2110,0.156062,3.1212,ok,2110,0.156062,3.1212,ok,2500,1399,Common,false,false,false
6216,6.2424,1099998548995,401911,yoitscharlie,12,0,0,2110,0.156062,3.1212,ok,2110,0.156062,3.1212,ok,2500,1425,Common,false,false,false
6217,6.2264,1099998547180,401910,yoitscharlie,11,0,0,2111,0.155662,3.1132,ok,2111,0.155662,3.1132,ok,2500,1399,Common,false,false,false
6218,6.2264,1099998548996,401911,yoitscharlie,12,0,0,2111,0.155662,3.1132,ok,2111,0.155662,3.1132,ok,2500,1425,Common,false,false,false
6219,6.2104,1099998547181,401910,yoitscharlie,11,0,0,2112,0.155262,3.1052,ok,2112,0.155262,3.1052,ok,2500,1399,Common,false,false,false
6220,6.2104,1099998548997,401911,yoitscharlie,12,0,0,2112,0.155262,3.1052,ok,2112,0.155262,3.1052,ok,2500,1425,Common,false,false,false
6221,6.1944,1099998547182,401910,yoitscharlie,11,0,0,2113,0.154862,3.0972,ok,2113,0.154862,3.0972,ok,2500,1399,Common,false,false,false
6222,6.1944,1099998548998,401911,yoitscharlie,12,0,0,2113,0.154862,3.0972,ok,2113,0.154862,3.0972,ok,2500,1425,Common,false,false,false
6223,6.1784,1099998547183,401910,yoitscharlie,11,0,0,2114,0.154462,3.0892,ok,2114,0.154462,3.0892,ok,2500,1399,Common,false,false,false
6224,6.1784,1099998548999,401911,yoitscharlie,12,0,0,2114,0.154462,3.0892,ok,2114,0.154462,3.0892,ok,2500,1425,Common,false,false,false
6225,6.1624,1099998547184,401910,yoitscharlie,11,0,0,2115,0.154062,3.0812,ok,2115,0.154062,3.0812,ok,2500,1399,Common,false,false,false
6226,6.1624,1099998549000,401911,yoitscharlie,12,0,0,2115,0.154062,3.0812,ok,2115,0.154062,3.0812,ok,2500,1425,Common,false,false,false
6227,6.1464,1099998547185,401910,yoitscharlie,11,0,0,2116,0.153661,3.0732,ok,2116,0.153661,3.0732,ok,2500,1399,Common,false,false,false
6228,6.1464,1099998549001,401911,yoitscharlie,12,0,0,2116,0.153661,3.0732,ok,2116,0.153661,3.0732,ok,2500,1425,Common,false,false,false
6229,6.1304,1099998547186,401910,yoitscharlie,11,0,0,2117,0.153261,3.0652,ok,2117,0.153261,3.0652,ok,2500,1399,Common,false,false,false
6230,6.1304,1099998549002,401911,yoitscharlie,12,0,0,2117,0.153261,3.0652,ok,2117,0.153261,3.0652,ok,2500,1425,Common,false,false,false
6231,6.1144,1099998547187,401910,yoitscharlie,11,0,0,2118,0.152861,3.0572,ok,2118,0.152861,3.0572,ok,2500,1399,Common,false,false,false
6232,6.1144,1099998549003,401911,yoitscharlie,12,0,0,2118,0.152861,3.0572,ok,2118,0.152861,3.0572,ok,2500,1425,Common,false,false,false
6233,6.0984,1099998547188,401910,yoitscharlie,11,0,0,2119,0.152461,3.0492,ok,2119,0.152461,3.0492,ok,2500,1399,Common,false,false,false
6234,6.0984,1099998549004,401911,yoitscharlie,12,0,0,2119,0.152461,3.0492,ok,2119,0.152461,3.0492,ok,2500,1425,Common,false,false,false
6235,6.0824,1099998547189,401910,yoitscharlie,11,0,0,2120,0.152061,3.0412,ok,2120,0.152061,3.0412,ok,2500,1399,Common,false,false,false
6236,6.0824,1099998549005,401911,yoitscharlie,12,0,0,2120,0.152061,3.0412,ok,2120,0.152061,3.0412,ok,2500,1425,Common,false,false,false
6237,6.0664,1099998547190,401910,yoitscharlie,11,0,0,2121,0.151661,3.0332,ok,2121,0.151661,3.0332,ok,2500,1399,Common,false,false,false
6238,6.0664,1099998549006,401911,yoitscharlie,12,0,0,2121,0.151661,3.0332,ok,2121,0.151661,3.0332,ok,2500,1425,Common,false,false,false
6239,6.0504,1099998547191,401910,yoitscharlie,11,0,0,2122,0.151261,3.0252,ok,2122,0.151261,3.0252,ok,2500,1399,Common,false,false,false
6240,6.0504,1099998549007,401911,yoitscharlie,12,0,0,2122,0.151261,3.0252,ok,2122,0.151261,3.0252,ok,2500,1425,Common,false,false,false
6241,6.0344,1099998547192,401910,yoitscharlie,11,0,0,2123,0.15086,3.0172,ok,2123,0.15086,3.0172,ok,2500,1399,Common,false,false,false
6242,6.0344,1099998549008,401911,yoitscharlie,12,0,0,2123,0.15086,3.0172,ok,2123,0.15086,3.0172,ok,2500,1425,Common,false,false,false
6243,6.0184,1099998547193,401910,yoitscharlie,11,0,0,2124,0.15046,3.0092,ok,2124,0.15046,3.0092,ok,2500,1399,Common,false,false,false
6244,6.0184,1099998549009,401911,yoitscharlie,12,0,0,2124,0.15046,3.0092,ok,2124,0.15046,3.0092,ok,2500,1425,Common,false,false,false
6245,6.0024,1099998547194,401910,yoitscharlie,11,0,0,2125,0.15006,3.0012,ok,2125,0.15006,3.0012,ok,2500,1399,Common,false,false,false
6246,6.0024,1099998549010,401911,yoitscharlie,12,0,0,2125,0.15006,3.0012,ok,2125,0.15006,3.0012,ok,2500,1425,Common,false,false,false
6247,5.9864,1099998547195,401910,yoitscharlie,11,0,0,2126,0.14966,2.9932,ok,2126,0.14966,2.9932,ok,2500,1399,Common,false,false,false
6248,5.9864,1099998549011,401911,yoitscharlie,12,0,0,2126,0.14966,2.9932,ok,2126,0.14966,2.9932,ok,2500,1425,Common,false,false,false
6249,5.9704,1099998547196,401910,yoitscharlie,11,0,0,2127,0.14926,2.9852,ok,2127,0.14926,2.9852,ok,2500,1399,Common,false,false,false
6250,5.9704,1099998549012,401911,yoitscharlie,12,0,0,2127,0.14926,2.9852,ok,2127,0.14926,2.9852,ok,2500,1425,Common,false,false,false
6251,5.9544,1099998547197,401910,yoitscharlie,11,0,0,2128,0.14886,2.9772,ok,2128,0.14886,2.9772,ok,2500,1399,Common,false,false,false
6252,5.9544,1099998549013,401911,yoitscharlie,12,0,0,2128,0.14886,2.9772,ok,2128,0.14886,2.9772,ok,2500,1425,Common,false,false,false
6253,5.9384,1099998547198,401910,yoitscharlie,11,0,0,2129,0.148459,2.9692,ok,2129,0.148459,2.9692,ok,2500,1399,Common,false,false,false
6254,5.9384,1099998549014,401911,yoitscharlie,12,0,0,2129,0.148459,2.9692,ok,2129,0.148459,2.9692,ok,2500,1425,Common,false,false,false
6255,5.9224,1099998547199,401910,yoitscharlie,11,0,0,2130,0.148059,2.9612,ok,2130,0.148059,2.9612,ok,2500,1399,Common,false,false,false
6256,5.9224,1099998549015,401911,yoitscharlie,12,0,0,2130,0.148059,2.9612,ok,2130,0.148059,2.9612,ok,2500,1425,Common,false,false,false
6257,5.9064,1099998547200,401910,yoitscharlie,11,0,0,2131,0.147659,2.9532,ok,2131,0.147659,2.9532,ok,2500,1399,Common,false,false,false
6258,5.9064,1099998549016,401911,yoitscharlie,12,0,0,2131,0.147659,2.9532,ok,2131,0.147659,2.9532,ok,2500,1425,Common,false,false,false
6259,5.8904,1099998547201,401910,yoitscharlie,11,0,0,2132,0.147259,2.9452,ok,2132,0.147259,2.9452,ok,2500,1399,Common,false,false,false
6260,5.8904,1099998549017,401911,yoitscharlie,12,0,0,2132,0.147259,2.9452,ok,2132,0.147259,2.9452,ok,2500,1425,Common,false,false,false
6261,5.8744,1099998547202,401910,yoitscharlie,11,0,0,2133,0.146859,2.9372,ok,2133,0.146859,2.9372,ok,2500,1399,Common,false,false,false
6262,5.8744,1099998549018,401911,yoitscharlie,12,0,0,2133,0.146859,2.9372,ok,2133,0.146859,2.9372,ok,2500,1425,Common,false,false,false
6263,5.8584,1099998547203,401910,yoitscharlie,11,0,0,2134,0.146459,2.9292,ok,2134,0.146459,2.9292,ok,2500,1399,Common,false,false,false
6264,5.8584,1099998549019,401911,yoitscharlie,12,0,0,2134,0.146459,2.9292,ok,2134,0.146459,2.9292,ok,2500,1425,Common,false,false,false
6265,5.8424,1099998547204,401910,yoitscharlie,11,0,0,2135,0.146058,2.9212,ok,2135,0.146058,2.9212,ok,2500,1399,Common,false,false,false
6266,5.8424,1099998549020,401911,yoitscharlie,12,0,0,2135,0.146058,2.9212,ok,2135,0.146058,2.9212,ok,2500,1425,Common,false,false,false
6267,5.8264,1099998547205,401910,yoitscharlie,11,0,0,2136,0.145658,2.9132,ok,2136,0.145658,2.9132,ok,2500,1399,Common,false,false,false
6268,5.8264,1099998549021,401911,yoitscharlie,12,0,0,2136,0.145658,2.9132,ok,2136,0.145658,2.9132,ok,2500,1425,Common,false,false,false
6269,5.8104,1099998547206,401910,yoitscharlie,11,0,0,2137,0.145258,2.9052,ok,2137,0.145258,2.9052,ok,2500,1399,Common,false,false,false
6270,5.8104,1099998549022,401911,yoitscharlie,12,0,0,2137,0.145258,2.9052,ok,2137,0.145258,2.9052,ok,2500,1425,Common,false,false,false
6271,5.7944,1099998547207,401910,yoitscharlie,11,0,0,2138,0.144858,2.8972,ok,2138,0.144858,2.8972,ok,2500,1399,Common,false,false,false
6272,5.7944,1099998549023,401911,yoitscharlie,12,0,0,2138,0.144858,2.8972,ok,2138,0.144858,2.8972,ok,2500,1425,Common,false,false,false
6273,5.7784,1099998547208,401910,yoitscharlie,11,0,0,2139,0.144458,2.8892,ok,2139,0.144458,2.8892,ok,2500,1399,Common,false,false,false
6274,5.7784,1099998549024,401911,yoitscharlie,12,0,0,2139,0.144458,2.8892,ok,2139,0.144458,2.8892,ok,2500,1425,Common,false,false,false
6275,5.7624,1099998547209,401910,yoitscharlie,11,0,0,2140,0.144058,2.8812,ok,2140,0.144058,2.8812,ok,2500,1399,Common,false,false,false
6276,5.7624,1099998549025,401911,yoitscharlie,12,0,0,2140,0.144058,2.8812,ok,2140,0.144058,2.8812,ok,2500,1425,Common,false,false,false
6277,5.7462,1099998547210,401910,yoitscharlie,11,0,0,2141,0.143657,2.8731,ok,2141,0.143657,2.8731,ok,2500,1399,Common,false,false,false
6278,5.7462,1099998549026,401911,yoitscharlie,12,0,0,2141,0.143657,2.8731,ok,2141,0.143657,2.8731,ok,2500,1425,Common,false,false,false
6279,5.7302,1099998547211,401910,yoitscharlie,11,0,0,2142,0.143257,2.8651,ok,2142,0.143257,2.8651,ok,2500,1399,Common,false,false,false
6280,5.7302,1099998549027,401911,yoitscharlie,12,0,0,2142,0.143257,2.8651,ok,2142,0.143257,2.8651,ok,2500,1425,Common,false,false,false
6281,5.7142,1099998547212,401910,yoitscharlie,11,0,0,2143,0.142857,2.8571,ok,2143,0.142857,2.8571,ok,2500,1399,Common,false,false,false
6282,5.7142,1099998549028,401911,yoitscharlie,12,0,0,2143,0.142857,2.8571,ok,2143,0.142857,2.8571,ok,2500,1425,Common,false,false,false
6283,5.6982,1099998547213,401910,yoitscharlie,11,0,0,2144,0.142457,2.8491,ok,2144,0.142457,2.8491,ok,2500,1399,Common,false,false,false
6284,5.6982,1099998549029,401911,yoitscharlie,12,0,0,2144,0.142457,2.8491,ok,2144,0.142457,2.8491,ok,2500,1425,Common,false,false,false
6285,5.6822,1099998547214,401910,yoitscharlie,11,0,0,2145,0.142057,2.8411,ok,2145,0.142057,2.8411,ok,2500,1399,Common,false,false,false
6286,5.6822,1099998549030,401911,yoitscharlie,12,0,0,2145,0.142057,2.8411,ok,2145,0.142057,2.8411,ok,2500,1425,Common,false,false,false
6287,5.6662,1099998547215,401910,yoitscharlie,11,0,0,2146,0.141657,2.8331,ok,2146,0.141657,2.8331,ok,2500,1399,Common,false,false,false
6288,5.6662,1099998549031,401911,yoitscharlie,12,0,0,2146,0.141657,2.8331,ok,2146,0.141657,2.8331,ok,2500,1425,Common,false,false,false
6289,5.6502,1099998547216,401910,yoitscharlie,11,0,0,2147,0.141257,2.8251,ok,2147,0.141257,2.8251,ok,2500,1399,Common,false,false,false
6290,5.6502,1099998549032,401911,yoitscharlie,12,0,0,2147,0.141257,2.8251,ok,2147,0.141257,2.8251,ok,2500,1425,Common,false,false,false
6291,5.6342,1099998547217,401910,yoitscharlie,11,0,0,2148,0.140856,2.8171,ok,2148,0.140856,2.8171,ok,2500,1399,Common,false,false,false
6292,5.6342,1099998549033,401911,yoitscharlie,12,0,0,2148,0.140856,2.8171,ok,2148,0.140856,2.8171,ok,2500,1425,Common,false,false,false
6293,5.6182,1099998547218,401910,yoitscharlie,11,0,0,2149,0.140456,2.8091,ok,2149,0.140456,2.8091,ok,2500,1399,Common,false,false,false
6294,5.6182,1099998549034,401911,yoitscharlie,12,0,0,2149,0.140456,2.8091,ok,2149,0.140456,2.8091,ok,2500,1425,Common,false,false,false
6295,5.6022,1099998547219,401910,yoitscharlie,11,0,0,2150,0.140056,2.8011,ok,2150,0.140056,2.8011,ok,2500,1399,Common,false,false,false
6296,5.6022,1099998549035,401911,yoitscharlie,12,0,0,2150,0.140056,2.8011,ok,2150,0.140056,2.8011,ok,2500,1425,Common,false,false,false
6297,5.5862,1099998548064,401910,yoitscharlie,11,0,0,2151,0.139656,2.7931,ok,2151,0.139656,2.7931,ok,2500,1399,Common,false,false,false
6298,5.5862,1099998549130,401911,yoitscharlie,12,0,0,2151,0.139656,2.7931,ok,2151,0.139656,2.7931,ok,2500,1425,Common,false,false,false
6299,5.5702,1099998548065,401910,yoitscharlie,11,0,0,2152,0.139256,2.7851,ok,2152,0.139256,2.7851,ok,2500,1399,Common,false,false,false
6300,5.5702,1099998549131,401911,yoitscharlie,12,0,0,2152,0.139256,2.7851,ok,2152,0.139256,2.7851,ok,2500,1425,Common,false,false,false
6301,5.5542,1099998548066,401910,yoitscharlie,11,0,0,2153,0.138856,2.7771,ok,2153,0.138856,2.7771,ok,2500,1399,Common,false,false,false
6302,5.5542,1099998549132,401911,yoitscharlie,12,0,0,2153,0.138856,2.7771,ok,2153,0.138856,2.7771,ok,2500,1425,Common,false,false,false
6303,5.5382,1099998548067,401910,yoitscharlie,11,0,0,2154,0.138455,2.7691,ok,2154,0.138455,2.7691,ok,2500,1399,Common,false,false,false
6304,5.5382,1099998549133,401911,yoitscharlie,12,0,0,2154,0.138455,2.7691,ok,2154,0.138455,2.7691,ok,2500,1425,Common,false,false,false
6305,5.5222,1099998548068,401910,yoitscharlie,11,0,0,2155,0.138055,2.7611,ok,2155,0.138055,2.7611,ok,2500,1399,Common,false,false,false
6306,5.5222,1099998549134,401911,yoitscharlie,12,0,0,2155,0.138055,2.7611,ok,2155,0.138055,2.7611,ok,2500,1425,Common,false,false,false
6307,5.5062,1099998548069,401910,yoitscharlie,11,0,0,2156,0.137655,2.7531,ok,2156,0.137655,2.7531,ok,2500,1399,Common,false,false,false
6308,5.5062,1099998549135,401911,yoitscharlie,12,0,0,2156,0.137655,2.7531,ok,2156,0.137655,2.7531,ok,2500,1425,Common,false,false,false
6309,5.4902,1099998548070,401910,yoitscharlie,11,0,0,2157,0.137255,2.7451,ok,2157,0.137255,2.7451,ok,2500,1399,Common,false,false,false
6310,5.4902,1099998549136,401911,yoitscharlie,12,0,0,2157,0.137255,2.7451,ok,2157,0.137255,2.7451,ok,2500,1425,Common,false,false,false
6311,5.4742,1099998548071,401910,yoitscharlie,11,0,0,2158,0.136855,2.7371,ok,2158,0.136855,2.7371,ok,2500,1399,Common,false,false,false
6312,5.4742,1099998549137,401911,yoitscharlie,12,0,0,2158,0.136855,2.7371,ok,2158,0.136855,2.7371,ok,2500,1425,Common,false,false,false
6313,5.4582,1099998548072,401910,yoitscharlie,11,0,0,2159,0.136455,2.7291,ok,2159,0.136455,2.7291,ok,2500,1399,Common,false,false,false
6314,5.4582,1099998549138,401911,yoitscharlie,12,0,0,2159,0.136455,2.7291,ok,2159,0.136455,2.7291,ok,2500,1425,Common,false,false,false
6315,5.4422,1099998548073,401910,yoitscharlie,11,0,0,2160,0.136054,2.7211,ok,2160,0.136054,2.7211,ok,2500,1399,Common,false,false,false
6316,5.4422,1099998549139,401911,yoitscharlie,12,0,0,2160,0.136054,2.7211,ok,2160,0.136054,2.7211,ok,2500,1425,Common,false,false,false
6317,5.4262,1099998548074,401910,yoitscharlie,11,0,0,2161,0.135654,2.7131,ok,2161,0.135654,2.7131,ok,2500,1399,Common,false,false,false
6318,5.4262,1099998549140,401911,yoitscharlie,12,0,0,2161,0.135654,2.7131,ok,2161,0.135654,2.7131,ok,2500,1425,Common,false,false,false
6319,5.4102,1099998548075,401910,yoitscharlie,11,0,0,2162,0.135254,2.7051,ok,2162,0.135254,2.7051,ok,2500,1399,Common,false,false,false
6320,5.4102,1099998549141,401911,yoitscharlie,12,0,0,2162,0.135254,2.7051,ok,2162,0.135254,2.7051,ok,2500,1425,Common,false,false,false
6321,5.3942,1099998548076,401910,yoitscharlie,11,0,0,2163,0.134854,2.6971,ok,2163,0.134854,2.6971,ok,2500,1399,Common,false,false,false
6322,5.3942,1099998549142,401911,yoitscharlie,12,0,0,2163,0.134854,2.6971,ok,2163,0.134854,2.6971,ok,2500,1425,Common,false,false,false
6323,5.3782,1099998548077,401910,yoitscharlie,11,0,0,2164,0.134454,2.6891,ok,2164,0.134454,2.6891,ok,2500,1399,Common,false,false,false
6324,5.3782,1099998549143,401911,yoitscharlie,12,0,0,2164,0.134454,2.6891,ok,2164,0.134454,2.6891,ok,2500,1425,Common,false,false,false
6325,5.3622,1099998548078,401910,yoitscharlie,11,0,0,2165,0.134054,2.6811,ok,2165,0.134054,2.6811,ok,2500,1399,Common,false,false,false
6326,5.3622,1099998549144,401911,yoitscharlie,12,0,0,2165,0.134054,2.6811,ok,2165,0.134054,2.6811,ok,2500,1425,Common,false,false,false
6327,5.3462,1099998548079,401910,yoitscharlie,11,0,0,2166,0.133653,2.6731,ok,2166,0.133653,2.6731,ok,2500,1399,Common,false,false,false
6328,5.3462,1099998549145,401911,yoitscharlie,12,0,0,2166,0.133653,2.6731,ok,2166,0.133653,2.6731,ok,2500,1425,Common,false,false,false
6329,5.3302,1099998548080,401910,yoitscharlie,11,0,0,2167,0.133253,2.6651,ok,2167,0.133253,2.6651,ok,2500,1399,Common,false,false,false
6330,5.3302,1099998549146,401911,yoitscharlie,12,0,0,2167,0.133253,2.6651,ok,2167,0.133253,2.6651,ok,2500,1425,Common,false,false,false
6331,5.3142,1099998548081,401910,yoitscharlie,11,0,0,2168,0.132853,2.6571,ok,2168,0.132853,2.6571,ok,2500,1399,Common,false,false,false
6332,5.3142,1099998549147,401911,yoitscharlie,12,0,0,2168,0.132853,2.6571,ok,2168,0.132853,2.6571,ok,2500,1425,Common,false,false,false
6333,5.2982,1099998548082,401910,yoitscharlie,11,0,0,2169,0.132453,2.6491,ok,2169,0.132453,2.6491,ok,2500,1399,Common,false,false,false
6334,5.2982,1099998549148,401911,yoitscharlie,12,0,0,2169,0.132453,2.6491,ok,2169,0.132453,2.6491,ok,2500,1425,Common,false,false,false
6335,5.2822,1099998548083,401910,yoitscharlie,11,0,0,2170,0.132053,2.6411,ok,2170,0.132053,2.6411,ok,2500,1399,Common,false,false,false
6336,5.2822,1099998549149,401911,yoitscharlie,12,0,0,2170,0.132053,2.6411,ok,2170,0.132053,2.6411,ok,2500,1425,Common,false,false,false
6337,5.2662,1099998548084,401910,yoitscharlie,11,0,0,2171,0.131653,2.6331,ok,2171,0.131653,2.6331,ok,2500,1399,Common,false,false,false
6338,5.2662,1099998549150,401911,yoitscharlie,12,0,0,2171,0.131653,2.6331,ok,2171,0.131653,2.6331,ok,2500,1425,Common,false,false,false
6339,5.2502,1099998548085,401910,yoitscharlie,11,0,0,2172,0.131253,2.6251,ok,2172,0.131253,2.6251,ok,2500,1399,Common,false,false,false
6340,5.2502,1099998549151,401911,yoitscharlie,12,0,0,2172,0.131253,2.6251,ok,2172,0.131253,2.6251,ok,2500,1425,Common,false,false,false
6341,5.234,1099998548086,401910,yoitscharlie,11,0,0,2173,0.130852,2.617,ok,2173,0.130852,2.617,ok,2500,1399,Common,false,false,false
6342,5.234,1099998549152,401911,yoitscharlie,12,0,0,2173,0.130852,2.617,ok,2173,0.130852,2.617,ok,2500,1425,Common,false,false,false
6343,5.218,1099998548087,401910,yoitscharlie,11,0,0,2174,0.130452,2.609,ok,2174,0.130452,2.609,ok,2500,1399,Common,false,false,false
6344,5.218,1099998549153,401911,yoitscharlie,12,0,0,2174,0.130452,2.609,ok,2174,0.130452,2.609,ok,2500,1425,Common,false,false,false
6345,5.202,1099998548088,401910,yoitscharlie,11,0,0,2175,0.130052,2.601,ok,2175,0.130052,2.601,ok,2500,1399,Common,false,false,false
6346,5.202,1099998549154,401911,yoitscharlie,12,0,0,2175,0.130052,2.601,ok,2175,0.130052,2.601,ok,2500,1425,Common,false,false,false
6347,5.186,1099998548089,401910,yoitscharlie,11,0,0,2176,0.129652,2.593,ok,2176,0.129652,2.593,ok,2500,1399,Common,false,false,false
6348,5.186,1099998549155,401911,yoitscharlie,12,0,0,2176,0.129652,2.593,ok,2176,0.129652,2.593,ok,2500,1425,Common,false,false,false
6349,5.17,1099998548090,401910,yoitscharlie,11,0,0,2177,0.129252,2.585,ok,2177,0.129252,2.585,ok,2500,1399,Common,false,false,false
6350,5.17,1099998549156,401911,yoitscharlie,12,0,0,2177,0.129252,2.585,ok,2177,0.129252,2.585,ok,2500,1425,Common,false,false,false
6351,5.154,1099998548091,401910,yoitscharlie,11,0,0,2178,0.128852,2.577,ok,2178,0.128852,2.577,ok,2500,1399,Common,false,false,false
6352,5.154,1099998549157,401911,yoitscharlie,12,0,0,2178,0.128852,2.577,ok,2178,0.128852,2.577,ok,2500,1425,Common,false,false,false
6353,5.138,1099998548092,401910,yoitscharlie,11,0,0,2179,0.128451,2.569,ok,2179,0.128451,2.569,ok,2500,1399,Common,false,false,false
6354,5.138,1099998549158,401911,yoitscharlie,12,0,0,2179,0.128451,2.569,ok,2179,0.128451,2.569,ok,2500,1425,Common,false,false,false
6355,5.122,1099998548093,401910,yoitscharlie,11,0,0,2180,0.128051,2.561,ok,2180,0.128051,2.561,ok,2500,1399,Common,false,false,false
6356,5.122,1099998549159,401911,yoitscharlie,12,0,0,2180,0.128051,2.561,ok,2180,0.128051,2.561,ok,2500,1425,Common,false,false,false
6357,5.106,1099998548094,401910,yoitscharlie,11,0,0,2181,0.127651,2.553,ok,2181,0.127651,2.553,ok,2500,1399,Common,false,false,false
6358,5.106,1099998549160,401911,yoitscharlie,12,0,0,2181,0.127651,2.553,ok,2181,0.127651,2.553,ok,2500,1425,Common,false,false,false
6359,5.09,1099998548095,401910,yoitscharlie,11,0,0,2182,0.127251,2.545,ok,2182,0.127251,2.545,ok,2500,1399,Common,false,false,false
6360,5.09,1099998549161,401911,yoitscharlie,12,0,0,2182,0.127251,2.545,ok,2182,0.127251,2.545,ok,2500,1425,Common,false,false,false
6361,5.074,1099998548096,401910,yoitscharlie,11,0,0,2183,0.126851,2.537,ok,2183,0.126851,2.537,ok,2500,1399,Common,false,false,false
6362,5.074,1099998549162,401911,yoitscharlie,12,0,0,2183,0.126851,2.537,ok,2183,0.126851,2.537,ok,2500,1425,Common,false,false,false
6363,5.058,1099998548097,401910,yoitscharlie,11,0,0,2184,0.126451,2.529,ok,2184,0.126451,2.529,ok,2500,1399,Common,false,false,false
6364,5.058,1099998549163,401911,yoitscharlie,12,0,0,2184,0.126451,2.529,ok,2184,0.126451,2.529,ok,2500,1425,Common,false,false,false
6365,5.042,1099998548098,401910,yoitscharlie,11,0,0,2185,0.12605,2.521,ok,2185,0.12605,2.521,ok,2500,1399,Common,false,false,false
6366,5.042,1099998549164,401911,yoitscharlie,12,0,0,2185,0.12605,2.521,ok,2185,0.12605,2.521,ok,2500,1425,Common,false,false,false
6367,5.026,1099998548099,401910,yoitscharlie,11,0,0,2186,0.12565,2.513,ok,2186,0.12565,2.513,ok,2500,1399,Common,false,false,false
6368,5.026,1099998549165,401911,yoitscharlie,12,0,0,2186,0.12565,2.513,ok,2186,0.12565,2.513,ok,2500,1425,Common,false,false,false
6369,5.01,1099998548100,401910,yoitscharlie,11,0,0,2187,0.12525,2.505,ok,2187,0.12525,2.505,ok,2500,1399,Common,false,false,false
6370,5.01,1099998549166,401911,yoitscharlie,12,0,0,2187,0.12525,2.505,ok,2187,0.12525,2.505,ok,2500,1425,Common,false,false,false
6371,4.994,1099998548101,401910,yoitscharlie,11,0,0,2188,0.12485,2.497,ok,2188,0.12485,2.497,ok,2500,1399,Common,false,false,false
6372,4.994,1099998549167,401911,yoitscharlie,12,0,0,2188,0.12485,2.497,ok,2188,0.12485,2.497,ok,2500,1425,Common,false,false,false
6373,4.978,1099998548102,401910,yoitscharlie,11,0,0,2189,0.12445,2.489,ok,2189,0.12445,2.489,ok,2500,1399,Common,false,false,false
6374,4.978,1099998549168,401911,yoitscharlie,12,0,0,2189,0.12445,2.489,ok,2189,0.12445,2.489,ok,2500,1425,Common,false,false,false
6375,4.962,1099998548103,401910,yoitscharlie,11,0,0,2190,0.12405,2.481,ok,2190,0.12405,2.481,ok,2500,1399,Common,false,false,false
6376,4.962,1099998549169,401911,yoitscharlie,12,0,0,2190,0.12405,2.481,ok,2190,0.12405,2.481,ok,2500,1425,Common,false,false,false
6377,4.946,1099998548104,401910,yoitscharlie,11,0,0,2191,0.123649,2.473,ok,2191,0.123649,2.473,ok,2500,1399,Common,false,false,false
6378,4.946,1099998549170,401911,yoitscharlie,12,0,0,2191,0.123649,2.473,ok,2191,0.123649,2.473,ok,2500,1425,Common,false,false,false
6379,4.93,1099998548105,401910,yoitscharlie,11,0,0,2192,0.123249,2.465,ok,2192,0.123249,2.465,ok,2500,1399,Common,false,false,false
6380,4.93,1099998549171,401911,yoitscharlie,12,0,0,2192,0.123249,2.465,ok,2192,0.123249,2.465,ok,2500,1425,Common,false,false,false
6381,4.914,1099998548106,401910,yoitscharlie,11,0,0,2193,0.122849,2.457,ok,2193,0.122849,2.457,ok,2500,1399,Common,false,false,false
6382,4.914,1099998549172,401911,yoitscharlie,12,0,0,2193,0.122849,2.457,ok,2193,0.122849,2.457,ok,2500,1425,Common,false,false,false
6383,4.898,1099998548107,401910,yoitscharlie,11,0,0,2194,0.122449,2.449,ok,2194,0.122449,2.449,ok,2500,1399,Common,false,false,false
6384,4.898,1099998549173,401911,yoitscharlie,12,0,0,2194,0.122449,2.449,ok,2194,0.122449,2.449,ok,2500,1425,Common,false,false,false
6385,4.882,1099998548108,401910,yoitscharlie,11,0,0,2195,0.122049,2.441,ok,2195,0.122049,2.441,ok,2500,1399,Common,false,false,false
6386,4.882,1099998549174,401911,yoitscharlie,12,0,0,2195,0.122049,2.441,ok,2195,0.122049,2.441,ok,2500,1425,Common,false,false,false
6387,4.866,1099998548109,401910,yoitscharlie,11,0,0,2196,0.121649,2.433,ok,2196,0.121649,2.433,ok,2500,1399,Common,false,false,false
6388,4.866,1099998549175,401911,yoitscharlie,12,0,0,2196,0.121649,2.433,ok,2196,0.121649,2.433,ok,2500,1425,Common,false,false,false
6389,4.85,1099998548110,401910,yoitscharlie,11,0,0,2197,0.121248,2.425,ok,2197,0.121248,2.425,ok,2500,1399,Common,false,false,false
6390,4.85,1099998549176,401911,yoitscharlie,12,0,0,2197,0.121248,2.425,ok,2197,0.121248,2.425,ok,2500,1425,Common,false,false,false
6391,4.834,1099998548111,401910,yoitscharlie,11,0,0,2198,0.120848,2.417,ok,2198,0.120848,2.417,ok,2500,1399,Common,false,false,false
6392,4.834,1099998549177,401911,yoitscharlie,12,0,0,2198,0.120848,2.417,ok,2198,0.120848,2.417,ok,2500,1425,Common,false,false,false
6393,4.818,1099998548112,401910,yoitscharlie,11,0,0,2199,0.120448,2.409,ok,2199,0.120448,2.409,ok,2500,1399,Common,false,false,false
6394,4.818,1099998549178,401911,yoitscharlie,12,0,0,2199,0.120448,2.409,ok,2199,0.120448,2.409,ok,2500,1425,Common,false,false,false
6395,4.802,1099998548113,401910,yoitscharlie,11,0,0,2200,0.120048,2.401,ok,2200,0.120048,2.401,ok,2500,1399,Common,false,false,false
6396,4.802,1099998549179,401911,yoitscharlie,12,0,0,2200,0.120048,2.401,ok,2200,0.120048,2.401,ok,2500,1425,Common,false,false,false
6397,4.786,1099998548524,401910,yoitscharlie,11,0,0,2201,0.119648,2.393,ok,2201,0.119648,2.393,ok,2500,1399,Common,false,false,false
6398,4.786,1099998549191,401911,yoitscharlie,12,0,0,2201,0.119648,2.393,ok,2201,0.119648,2.393,ok,2500,1425,Common,false,false,false
6399,4.77,1099998548525,401910,yoitscharlie,11,0,0,2202,0.119248,2.385,ok,2202,0.119248,2.385,ok,2500,1399,Common,false,false,false
6400,4.77,1099998549192,401911,yoitscharlie,12,0,0,2202,0.119248,2.385,ok,2202,0.119248,2.385,ok,2500,1425,Common,false,false,false
6401,4.754,1099998548526,401910,yoitscharlie,11,0,0,2203,0.118848,2.377,ok,2203,0.118848,2.377,ok,2500,1399,Common,false,false,false
6402,4.754,1099998549193,401911,yoitscharlie,12,0,0,2203,0.118848,2.377,ok,2203,0.118848,2.377,ok,2500,1425,Common,false,false,false
6403,4.7378,1099998548527,401910,yoitscharlie,11,0,0,2204,0.118447,2.3689,ok,2204,0.118447,2.3689,ok,2500,1399,Common,false,false,false
6404,4.7378,1099998549194,401911,yoitscharlie,12,0,0,2204,0.118447,2.3689,ok,2204,0.118447,2.3689,ok,2500,1425,Common,false,false,false
6405,4.7218,1099998548528,401910,yoitscharlie,11,0,0,2205,0.118047,2.3609,ok,2205,0.118047,2.3609,ok,2500,1399,Common,false,false,false
6406,4.7218,1099998549195,401911,yoitscharlie,12,0,0,2205,0.118047,2.3609,ok,2205,0.118047,2.3609,ok,2500,1425,Common,false,false,false
6407,4.7058,1099998548529,401910,yoitscharlie,11,0,0,2206,0.117647,2.3529,ok,2206,0.117647,2.3529,ok,2500,1399,Common,false,false,false
6408,4.7058,1099998549196,401911,yoitscharlie,12,0,0,2206,0.117647,2.3529,ok,2206,0.117647,2.3529,ok,2500,1425,Common,false,false,false
6409,4.6898,1099998548530,401910,yoitscharlie,11,0,0,2207,0.117247,2.3449,ok,2207,0.117247,2.3449,ok,2500,1399,Common,false,false,false
6410,4.6898,1099998549197,401911,yoitscharlie,12,0,0,2207,0.117247,2.3449,ok,2207,0.117247,2.3449,ok,2500,1425,Common,false,false,false
6411,4.6738,1099998548531,401910,yoitscharlie,11,0,0,2208,0.116847,2.3369,ok,2208,0.116847,2.3369,ok,2500,1399,Common,false,false,false
6412,4.6738,1099998549198,401911,yoitscharlie,12,0,0,2208,0.116847,2.3369,ok,2208,0.116847,2.3369,ok,2500,1425,Common,false,false,false
6413,4.6578,1099998548532,401910,yoitscharlie,11,0,0,2209,0.116447,2.3289,ok,2209,0.116447,2.3289,ok,2500,1399,Common,false,false,false
6414,4.6578,1099998549199,401911,yoitscharlie,12,0,0,2209,0.116447,2.3289,ok,2209,0.116447,2.3289,ok,2500,1425,Common,false,false,false
6415,4.6418,1099998548533,401910,yoitscharlie,11,0,0,2210,0.116046,2.3209,ok,2210,0.116046,2.3209,ok,2500,1399,Common,false,false,false
6416,4.6418,1099998549200,401911,yoitscharlie,12,0,0,2210,0.116046,2.3209,ok,2210,0.116046,2.3209,ok,2500,1425,Common,false,false,false
6417,4.6258,1099998548534,401910,yoitscharlie,11,0,0,2211,0.115646,2.3129,ok,2211,0.115646,2.3129,ok,2500,1399,Common,false,false,false
6418,4.6258,1099998549201,401911,yoitscharlie,12,0,0,2211,0.115646,2.3129,ok,2211,0.115646,2.3129,ok,2500,1425,Common,false,false,false
6419,4.6098,1099998548535,401910,yoitscharlie,11,0,0,2212,0.115246,2.3049,ok,2212,0.115246,2.3049,ok,2500,1399,Common,false,false,false
6420,4.6098,1099998549202,401911,yoitscharlie,12,0,0,2212,0.115246,2.3049,ok,2212,0.115246,2.3049,ok,2500,1425,Common,false,false,false
6421,4.5938,1099998548536,401910,yoitscharlie,11,0,0,2213,0.114846,2.2969,ok,2213,0.114846,2.2969,ok,2500,1399,Common,false,false,false
6422,4.5938,1099998549203,401911,yoitscharlie,12,0,0,2213,0.114846,2.2969,ok,2213,0.114846,2.2969,ok,2500,1425,Common,false,false,false
6423,4.5778,1099998548537,401910,yoitscharlie,11,0,0,2214,0.114446,2.2889,ok,2214,0.114446,2.2889,ok,2500,1399,Common,false,false,false
6424,4.5778,1099998549204,401911,yoitscharlie,12,0,0,2214,0.114446,2.2889,ok,2214,0.114446,2.2889,ok,2500,1425,Common,false,false,false
6425,4.5618,1099998548538,401910,yoitscharlie,11,0,0,2215,0.114046,2.2809,ok,2215,0.114046,2.2809,ok,2500,1399,Common,false,false,false
6426,4.5618,1099998549205,401911,yoitscharlie,12,0,0,2215,0.114046,2.2809,ok,2215,0.114046,2.2809,ok,2500,1425,Common,false,false,false
6427,4.5458,1099998548539,401910,yoitscharlie,11,0,0,2216,0.113645,2.2729,ok,2216,0.113645,2.2729,ok,2500,1399,Common,false,false,false
6428,4.5458,1099998549206,401911,yoitscharlie,12,0,0,2216,0.113645,2.2729,ok,2216,0.113645,2.2729,ok,2500,1425,Common,false,false,false
6429,4.5298,1099998548540,401910,yoitscharlie,11,0,0,2217,0.113245,2.2649,ok,2217,0.113245,2.2649,ok,2500,1399,Common,false,false,false
6430,4.5298,1099998549207,401911,yoitscharlie,12,0,0,2217,0.113245,2.2649,ok,2217,0.113245,2.2649,ok,2500,1425,Common,false,false,false
6431,4.5138,1099998548541,401910,yoitscharlie,11,0,0,2218,0.112845,2.2569,ok,2218,0.112845,2.2569,ok,2500,1399,Common,false,false,false
6432,4.5138,1099998549208,401911,yoitscharlie,12,0,0,2218,0.112845,2.2569,ok,2218,0.112845,2.2569,ok,2500,1425,Common,false,false,false
6433,4.4978,1099998548542,401910,yoitscharlie,11,0,0,2219,0.112445,2.2489,ok,2219,0.112445,2.2489,ok,2500,1399,Common,false,false,false
6434,4.4978,1099998549209,401911,yoitscharlie,12,0,0,2219,0.112445,2.2489,ok,2219,0.112445,2.2489,ok,2500,1425,Common,false,false,false
6435,4.4818,1099998548543,401910,yoitscharlie,11,0,0,2220,0.112045,2.2409,ok,2220,0.112045,2.2409,ok,2500,1399,Common,false,false,false
6436,4.4818,1099998549210,401911,yoitscharlie,12,0,0,2220,0.112045,2.2409,ok,2220,0.112045,2.2409,ok,2500,1425,Common,false,false,false
6437,4.4658,1099998548544,401910,yoitscharlie,11,0,0,2221,0.111645,2.2329,ok,2221,0.111645,2.2329,ok,2500,1399,Common,false,false,false
6438,4.4658,1099998549211,401911,yoitscharlie,12,0,0,2221,0.111645,2.2329,ok,2221,0.111645,2.2329,ok,2500,1425,Common,false,false,false
6439,4.4498,1099998548545,401910,yoitscharlie,11,0,0,2222,0.111244,2.2249,ok,2222,0.111244,2.2249,ok,2500,1399,Common,false,false,false
6440,4.4498,1099998549212,401911,yoitscharlie,12,0,0,2222,0.111244,2.2249,ok,2222,0.111244,2.2249,ok,2500,1425,Common,false,false,false
6441,4.4338,1099998548546,401910,yoitscharlie,11,0,0,2223,0.110844,2.2169,ok,2223,0.110844,2.2169,ok,2500,1399,Common,false,false,false
6442,4.4338,1099998549213,401911,yoitscharlie,12,0,0,2223,0.110844,2.2169,ok,2223,0.110844,2.2169,ok,2500,1425,Common,false,false,false
6443,4.4178,1099998548547,401910,yoitscharlie,11,0,0,2224,0.110444,2.2089,ok,2224,0.110444,2.2089,ok,2500,1399,Common,false,false,false
6444,4.4178,1099998549214,401911,yoitscharlie,12,0,0,2224,0.110444,2.2089,ok,2224,0.110444,2.2089,ok,2500,1425,Common,false,false,false
6445,4.4018,1099998548548,401910,yoitscharlie,11,0,0,2225,0.110044,2.2009,ok,2225,0.110044,2.2009,ok,2500,1399,Common,false,false,false
6446,4.4018,1099998549215,401911,yoitscharlie,12,0,0,2225,0.110044,2.2009,ok,2225,0.110044,2.2009,ok,2500,1425,Common,false,false,false
6447,4.3858,1099998548549,401910,yoitscharlie,11,0,0,2226,0.109644,2.1929,ok,2226,0.109644,2.1929,ok,2500,1399,Common,false,false,false
6448,4.3858,1099998549216,401911,yoitscharlie,12,0,0,2226,0.109644,2.1929,ok,2226,0.109644,2.1929,ok,2500,1425,Common,false,false,false
6449,4.3698,1099998548550,401910,yoitscharlie,11,0,0,2227,0.109244,2.1849,ok,2227,0.109244,2.1849,ok,2500,1399,Common,false,false,false
6450,4.3698,1099998549217,401911,yoitscharlie,12,0,0,2227,0.109244,2.1849,ok,2227,0.109244,2.1849,ok,2500,1425,Common,false,false,false
6451,4.3538,1099998548551,401910,yoitscharlie,11,0,0,2228,0.108844,2.1769,ok,2228,0.108844,2.1769,ok,2500,1399,Common,false,false,false
6452,4.3538,1099998549218,401911,yoitscharlie,12,0,0,2228,0.108844,2.1769,ok,2228,0.108844,2.1769,ok,2500,1425,Common,false,false,false
6453,4.3378,1099998548552,401910,yoitscharlie,11,0,0,2229,0.108443,2.1689,ok,2229,0.108443,2.1689,ok,2500,1399,Common,false,false,false
6454,4.3378,1099998549219,401911,yoitscharlie,12,0,0,2229,0.108443,2.1689,ok,2229,0.108443,2.1689,ok,2500,1425,Common,false,false,false
6455,4.3218,1099998548553,401910,yoitscharlie,11,0,0,2230,0.108043,2.1609,ok,2230,0.108043,2.1609,ok,2500,1399,Common,false,false,false
6456,4.3218,1099998549220,401911,yoitscharlie,12,0,0,2230,0.108043,2.1609,ok,2230,0.108043,2.1609,ok,2500,1425,Common,false,false,false
6457,4.3058,1099998548554,401910,yoitscharlie,11,0,0,2231,0.107643,2.1529,ok,2231,0.107643,2.1529,ok,2500,1399,Common,false,false,false
6458,4.3058,1099998549221,401911,yoitscharlie,12,0,0,2231,0.107643,2.1529,ok,2231,0.107643,2.1529,ok,2500,1425,Common,false,false,false
6459,4.2898,1099998548555,401910,yoitscharlie,11,0,0,2232,0.107243,2.1449,ok,2232,0.107243,2.1449,ok,2500,1399,Common,false,false,false
6460,4.2898,1099998549222,401911,yoitscharlie,12,0,0,2232,0.107243,2.1449,ok,2232,0.107243,2.1449,ok,2500,1425,Common,false,false,false
6461,4.2738,1099998548556,401910,yoitscharlie,11,0,0,2233,0.106843,2.1369,ok,2233,0.106843,2.1369,ok,2500,1399,Common,false,false,false
6462,4.2738,1099998549223,401911,yoitscharlie,12,0,0,2233,0.106843,2.1369,ok,2233,0.106843,2.1369,ok,2500,1425,Common,false,false,false
6463,4.2578,1099998548557,401910,yoitscharlie,11,0,0,2234,0.106443,2.1289,ok,2234,0.106443,2.1289,ok,2500,1399,Common,false,false,false
6464,4.2578,1099998549224,401911,yoitscharlie,12,0,0,2234,0.106443,2.1289,ok,2234,0.106443,2.1289,ok,2500,1425,Common,false,false,false
6465,4.2416,1099998548558,401910,yoitscharlie,11,0,0,2235,0.106042,2.1208,ok,2235,0.106042,2.1208,ok,2500,1399,Common,false,false,false
6466,4.2416,1099998549225,401911,yoitscharlie,12,0,0,2235,0.106042,2.1208,ok,2235,0.106042,2.1208,ok,2500,1425,Common,false,false,false
6467,4.2256,1099998548559,401910,yoitscharlie,11,0,0,2236,0.105642,2.1128,ok,2236,0.105642,2.1128,ok,2500,1399,Common,false,false,false
6468,4.2256,1099998549226,401911,yoitscharlie,12,0,0,2236,0.105642,2.1128,ok,2236,0.105642,2.1128,ok,2500,1425,Common,false,false,false
6469,4.2096,1099998548560,401910,yoitscharlie,11,0,0,2237,0.105242,2.1048,ok,2237,0.105242,2.1048,ok,2500,1399,Common,false,false,false
6470,4.2096,1099998549227,401911,yoitscharlie,12,0,0,2237,0.105242,2.1048,ok,2237,0.105242,2.1048,ok,2500,1425,Common,false,false,false
6471,4.1936,1099998548561,401910,yoitscharlie,11,0,0,2238,0.104842,2.0968,ok,2238,0.104842,2.0968,ok,2500,1399,Common,false,false,false
6472,4.1936,1099998549228,401911,yoitscharlie,12,0,0,2238,0.104842,2.0968,ok,2238,0.104842,2.0968,ok,2500,1425,Common,false,false,false
6473,4.1776,1099998548562,401910,yoitscharlie,11,0,0,2239,0.104442,2.0888,ok,2239,0.104442,2.0888,ok,2500,1399,Common,false,false,false
6474,4.1776,1099998549229,401911,yoitscharlie,12,0,0,2239,0.104442,2.0888,ok,2239,0.104442,2.0888,ok,2500,1425,Common,false,false,false
6475,4.1616,1099998548563,401910,yoitscharlie,11,0,0,2240,0.104042,2.0808,ok,2240,0.104042,2.0808,ok,2500,1399,Common,false,false,false
6476,4.1616,1099998549230,401911,yoitscharlie,12,0,0,2240,0.104042,2.0808,ok,2240,0.104042,2.0808,ok,2500,1425,Common,false,false,false
6477,4.1456,1099998548564,401910,yoitscharlie,11,0,0,2241,0.103641,2.0728,ok,2241,0.103641,2.0728,ok,2500,1399,Common,false,false,false
6478,4.1456,1099998549231,401911,yoitscharlie,12,0,0,2241,0.103641,2.0728,ok,2241,0.103641,2.0728,ok,2500,1425,Common,false,false,false
6479,4.1296,1099998548565,401910,yoitscharlie,11,0,0,2242,0.103241,2.0648,ok,2242,0.103241,2.0648,ok,2500,1399,Common,false,false,false
6480,4.1296,1099998549232,401911,yoitscharlie,12,0,0,2242,0.103241,2.0648,ok,2242,0.103241,2.0648,ok,2500,1425,Common,false,false,false
6481,4.1136,1099998548566,401910,yoitscharlie,11,0,0,2243,0.102841,2.0568,ok,2243,0.102841,2.0568,ok,2500,1399,Common,false,false,false
6482,4.1136,1099998549233,401911,yoitscharlie,12,0,0,2243,0.102841,2.0568,ok,2243,0.102841,2.0568,ok,2500,1425,Common,false,false,false
6483,4.0976,1099998548567,401910,yoitscharlie,11,0,0,2244,0.102441,2.0488,ok,2244,0.102441,2.0488,ok,2500,1399,Common,false,false,false
6484,4.0976,1099998549234,401911,yoitscharlie,12,0,0,2244,0.102441,2.0488,ok,2244,0.102441,2.0488,ok,2500,1425,Common,false,false,false
6485,4.0816,1099998548568,401910,yoitscharlie,11,0,0,2245,0.102041,2.0408,ok,2245,0.102041,2.0408,ok,2500,1399,Common,false,false,false
6486,4.0816,1099998549235,401911,yoitscharlie,12,0,0,2245,0.102041,2.0408,ok,2245,0.102041,2.0408,ok,2500,1425,Common,false,false,false
6487,4.0656,1099998548569,401910,yoitscharlie,11,0,0,2246,0.101641,2.0328,ok,2246,0.101641,2.0328,ok,2500,1399,Common,false,false,false
6488,4.0656,1099998549236,401911,yoitscharlie,12,0,0,2246,0.101641,2.0328,ok,2246,0.101641,2.0328,ok,2500,1425,Common,false,false,false
6489,4.0496,1099998548570,401910,yoitscharlie,11,0,0,2247,0.10124,2.0248,ok,2247,0.10124,2.0248,ok,2500,1399,Common,false,false,false
6490,4.0496,1099998549237,401911,yoitscharlie,12,0,0,2247,0.10124,2.0248,ok,2247,0.10124,2.0248,ok,2500,1425,Common,false,false,false
6491,4.0336,1099998548571,401910,yoitscharlie,11,0,0,2248,0.10084,2.0168,ok,2248,0.10084,2.0168,ok,2500,1399,Common,false,false,false
6492,4.0336,1099998549238,401911,yoitscharlie,12,0,0,2248,0.10084,2.0168,ok,2248,0.10084,2.0168,ok,2500,1425,Common,false,false,false
6493,4.0176,1099998548572,401910,yoitscharlie,11,0,0,2249,0.10044,2.0088,ok,2249,0.10044,2.0088,ok,2500,1399,Common,false,false,false
6494,4.0176,1099998549239,401911,yoitscharlie,12,0,0,2249,0.10044,2.0088,ok,2249,0.10044,2.0088,ok,2500,1425,Common,false,false,false
6495,4.0016,1099998548573,401910,yoitscharlie,11,0,0,2250,0.10004,2.0008,ok,2250,0.10004,2.0008,ok,2500,1399,Common,false,false,false
6496,4.0016,1099998549240,401911,yoitscharlie,12,0,0,2250,0.10004,2.0008,ok,2250,0.10004,2.0008,ok,2500,1425,Common,false,false,false
6497,3.9856,1099998548604,401910,yoitscharlie,11,0,0,2251,0.09964,1.9928,ok,2251,0.09964,1.9928,ok,2500,1399,Common,false,false,false
6498,3.9856,1099998549246,401911,yoitscharlie,12,0,0,2251,0.09964,1.9928,ok,2251,0.09964,1.9928,ok,2500,1425,Common,false,false,false
6499,3.9696,1099998548605,401910,yoitscharlie,11,0,0,2252,0.09924,1.9848,ok,2252,0.09924,1.9848,ok,2500,1399,Common,false,false,false
6500,3.9696,1099998549247,401911,yoitscharlie,12,0,0,2252,0.09924,1.9848,ok,2252,0.09924,1.9848,ok,2500,1425,Common,false,false,false
6501,3.9536,1099998548606,401910,yoitscharlie,11,0,0,2253,0.09884,1.9768,ok,2253,0.09884,1.9768,ok,2500,1399,Common,false,false,false
6502,3.9536,1099998549248,401911,yoitscharlie,12,0,0,2253,0.09884,1.9768,ok,2253,0.09884,1.9768,ok,2500,1425,Common,false,false,false
6503,3.9376,1099998548607,401910,yoitscharlie,11,0,0,2254,0.098439,1.9688,ok,2254,0.098439,1.9688,ok,2500,1399,Common,false,false,false
6504,3.9376,1099998549249,401911,yoitscharlie,12,0,0,2254,0.098439,1.9688,ok,2254,0.098439,1.9688,ok,2500,1425,Common,false,false,false
6505,3.9216,1099998548608,401910,yoitscharlie,11,0,0,2255,0.098039,1.9608,ok,2255,0.098039,1.9608,ok,2500,1399,Common,false,false,false
6506,3.9216,1099998549250,401911,yoitscharlie,12,0,0,2255,0.098039,1.9608,ok,2255,0.098039,1.9608,ok,2500,1425,Common,false,false,false
6507,3.9056,1099998548609,401910,yoitscharlie,11,0,0,2256,0.097639,1.9528,ok,2256,0.097639,1.9528,ok,2500,1399,Common,false,false,false
6508,3.9056,1099998549251,401911,yoitscharlie,12,0,0,2256,0.097639,1.9528,ok,2256,0.097639,1.9528,ok,2500,1425,Common,false,false,false
6509,3.8896,1099998548610,401910,yoitscharlie,11,0,0,2257,0.097239,1.9448,ok,2257,0.097239,1.9448,ok,2500,1399,Common,false,false,false
6510,3.8896,1099998549252,401911,yoitscharlie,12,0,0,2257,0.097239,1.9448,ok,2257,0.097239,1.9448,ok,2500,1425,Common,false,false,false
6511,3.8736,1099998548611,401910,yoitscharlie,11,0,0,2258,0.096839,1.9368,ok,2258,0.096839,1.9368,ok,2500,1399,Common,false,false,false
6512,3.8736,1099998549253,401911,yoitscharlie,12,0,0,2258,0.096839,1.9368,ok,2258,0.096839,1.9368,ok,2500,1425,Common,false,false,false
6513,3.8576,1099998548612,401910,yoitscharlie,11,0,0,2259,0.096439,1.9288,ok,2259,0.096439,1.9288,ok,2500,1399,Common,false,false,false
6514,3.8576,1099998549254,401911,yoitscharlie,12,0,0,2259,0.096439,1.9288,ok,2259,0.096439,1.9288,ok,2500,1425,Common,false,false,false
6515,3.8416,1099998548613,401910,yoitscharlie,11,0,0,2260,0.096038,1.9208,ok,2260,0.096038,1.9208,ok,2500,1399,Common,false,false,false
6516,3.8416,1099998549255,401911,yoitscharlie,12,0,0,2260,0.096038,1.9208,ok,2260,0.096038,1.9208,ok,2500,1425,Common,false,false,false
6517,3.8256,1099998548614,401910,yoitscharlie,11,0,0,2261,0.095638,1.9128,ok,2261,0.095638,1.9128,ok,2500,1399,Common,false,false,false
6518,3.8256,1099998549256,401911,yoitscharlie,12,0,0,2261,0.095638,1.9128,ok,2261,0.095638,1.9128,ok,2500,1425,Common,false,false,false
6519,3.8096,1099998548615,401910,yoitscharlie,11,0,0,2262,0.095238,1.9048,ok,2262,0.095238,1.9048,ok,2500,1399,Common,false,false,false
6520,3.8096,1099998549257,401911,yoitscharlie,12,0,0,2262,0.095238,1.9048,ok,2262,0.095238,1.9048,ok,2500,1425,Common,false,false,false
6521,3.7936,1099998548616,401910,yoitscharlie,11,0,0,2263,0.094838,1.8968,ok,2263,0.094838,1.8968,ok,2500,1399,Common,false,false,false
6522,3.7936,1099998549258,401911,yoitscharlie,12,0,0,2263,0.094838,1.8968,ok,2263,0.094838,1.8968,ok,2500,1425,Common,false,false,false
6523,3.7776,1099998548617,401910,yoitscharlie,11,0,0,2264,0.094438,1.8888,ok,2264,0.094438,1.8888,ok,2500,1399,Common,false,false,false
6524,3.7776,1099998549259,401911,yoitscharlie,12,0,0,2264,0.094438,1.8888,ok,2264,0.094438,1.8888,ok,2500,1425,Common,false,false,false
6525,3.7616,1099998548618,401910,yoitscharlie,11,0,0,2265,0.094038,1.8808,ok,2265,0.094038,1.8808,ok,2500,1399,Common,false,false,false
6526,3.7616,1099998549260,401911,yoitscharlie,12,0,0,2265,0.094038,1.8808,ok,2265,0.094038,1.8808,ok,2500,1425,Common,false,false,false
6527,3.7454,1099998548619,401910,yoitscharlie,11,0,0,2266,0.093637,1.8727,ok,2266,0.093637,1.8727,ok,2500,1399,Common,false,false,false
6528,3.7454,1099998549261,401911,yoitscharlie,12,0,0,2266,0.093637,1.8727,ok,2266,0.093637,1.8727,ok,2500,1425,Common,false,false,false
6529,3.7294,1099998548620,401910,yoitscharlie,11,0,0,2267,0.093237,1.8647,ok,2267,0.093237,1.8647,ok,2500,1399,Common,false,false,false
6530,3.7294,1099998549262,401911,yoitscharlie,12,0,0,2267,0.093237,1.8647,ok,2267,0.093237,1.8647,ok,2500,1425,Common,false,false,false
6531,3.7134,1099998548621,401910,yoitscharlie,11,0,0,2268,0.092837,1.8567,ok,2268,0.092837,1.8567,ok,2500,1399,Common,false,false,false
6532,3.7134,1099998549263,401911,yoitscharlie,12,0,0,2268,0.092837,1.8567,ok,2268,0.092837,1.8567,ok,2500,1425,Common,false,false,false
6533,3.6974,1099998548622,401910,yoitscharlie,11,0,0,2269,0.092437,1.8487,ok,2269,0.092437,1.8487,ok,2500,1399,Common,false,false,false
6534,3.6974,1099998549264,401911,yoitscharlie,12,0,0,2269,0.092437,1.8487,ok,2269,0.092437,1.8487,ok,2500,1425,Common,false,false,false
6535,3.6814,1099998548623,401910,yoitscharlie,11,0,0,2270,0.092037,1.8407,ok,2270,0.092037,1.8407,ok,2500,1399,Common,false,false,false
6536,3.6814,1099998549265,401911,yoitscharlie,12,0,0,2270,0.092037,1.8407,ok,2270,0.092037,1.8407,ok,2500,1425,Common,false,false,false
6537,3.6654,1099998548624,401910,yoitscharlie,11,0,0,2271,0.091637,1.8327,ok,2271,0.091637,1.8327,ok,2500,1399,Common,false,false,false
6538,3.6654,1099998549266,401911,yoitscharlie,12,0,0,2271,0.091637,1.8327,ok,2271,0.091637,1.8327,ok,2500,1425,Common,false,false,false
6539,3.6494,1099998548625,401910,yoitscharlie,11,0,0,2272,0.091236,1.8247,ok,2272,0.091236,1.8247,ok,2500,1399,Common,false,false,false
6540,3.6494,1099998549267,401911,yoitscharlie,12,0,0,2272,0.091236,1.8247,ok,2272,0.091236,1.8247,ok,2500,1425,Common,false,false,false
6541,3.6334,1099998548626,401910,yoitscharlie,11,0,0,2273,0.090836,1.8167,ok,2273,0.090836,1.8167,ok,2500,1399,Common,false,false,false
6542,3.6334,1099998549268,401911,yoitscharlie,12,0,0,2273,0.090836,1.8167,ok,2273,0.090836,1.8167,ok,2500,1425,Common,false,false,false
6543,3.6174,1099998548627,401910,yoitscharlie,11,0,0,2274,0.090436,1.8087,ok,2274,0.090436,1.8087,ok,2500,1399,Common,false,false,false
6544,3.6174,1099998549269,401911,yoitscharlie,12,0,0,2274,0.090436,1.8087,ok,2274,0.090436,1.8087,ok,2500,1425,Common,false,false,false
6545,3.6014,1099998548628,401910,yoitscharlie,11,0,0,2275,0.090036,1.8007,ok,2275,0.090036,1.8007,ok,2500,1399,Common,false,false,false
6546,3.6014,1099998549270,401911,yoitscharlie,12,0,0,2275,0.090036,1.8007,ok,2275,0.090036,1.8007,ok,2500,1425,Common,false,false,false
6547,3.5854,1099998548629,401910,yoitscharlie,11,0,0,2276,0.089636,1.7927,ok,2276,0.089636,1.7927,ok,2500,1399,Common,false,false,false
6548,3.5854,1099998549271,401911,yoitscharlie,12,0,0,2276,0.089636,1.7927,ok,2276,0.089636,1.7927,ok,2500,1425,Common,false,false,false
6549,3.5694,1099998548630,401910,yoitscharlie,11,0,0,2277,0.089236,1.7847,ok,2277,0.089236,1.7847,ok,2500,1399,Common,false,false,false
6550,3.5694,1099998549272,401911,yoitscharlie,12,0,0,2277,0.089236,1.7847,ok,2277,0.089236,1.7847,ok,2500,1425,Common,false,false,false
6551,3.5534,1099998548631,401910,yoitscharlie,11,0,0,2278,0.088836,1.7767,ok,2278,0.088836,1.7767,ok,2500,1399,Common,false,false,false
6552,3.5534,1099998549273,401911,yoitscharlie,12,0,0,2278,0.088836,1.7767,ok,2278,0.088836,1.7767,ok,2500,1425,Common,false,false,false
6553,3.5374,1099998548632,401910,yoitscharlie,11,0,0,2279,0.088435,1.7687,ok,2279,0.088435,1.7687,ok,2500,1399,Common,false,false,false
6554,3.5374,1099998549274,401911,yoitscharlie,12,0,0,2279,0.088435,1.7687,ok,2279,0.088435,1.7687,ok,2500,1425,Common,false,false,false
6555,3.5214,1099998548633,401910,yoitscharlie,11,0,0,2280,0.088035,1.7607,ok,2280,0.088035,1.7607,ok,2500,1399,Common,false,false,false
6556,3.5214,1099998549275,401911,yoitscharlie,12,0,0,2280,0.088035,1.7607,ok,2280,0.088035,1.7607,ok,2500,1425,Common,false,false,false
6557,3.5054,1099998548634,401910,yoitscharlie,11,0,0,2281,0.087635,1.7527,ok,2281,0.087635,1.7527,ok,2500,1399,Common,false,false,false
6558,3.5054,1099998549276,401911,yoitscharlie,12,0,0,2281,0.087635,1.7527,ok,2281,0.087635,1.7527,ok,2500,1425,Common,false,false,false
6559,3.4894,1099998548635,401910,yoitscharlie,11,0,0,2282,0.087235,1.7447,ok,2282,0.087235,1.7447,ok,2500,1399,Common,false,false,false
6560,3.4894,1099998549277,401911,yoitscharlie,12,0,0,2282,0.087235,1.7447,ok,2282,0.087235,1.7447,ok,2500,1425,Common,false,false,false
6561,3.4734,1099998548636,401910,yoitscharlie,11,0,0,2283,0.086835,1.7367,ok,2283,0.086835,1.7367,ok,2500,1399,Common,false,false,false
6562,3.4734,1099998549278,401911,yoitscharlie,12,0,0,2283,0.086835,1.7367,ok,2283,0.086835,1.7367,ok,2500,1425,Common,false,false,false
6563,3.4574,1099998548637,401910,yoitscharlie,11,0,0,2284,0.086435,1.7287,ok,2284,0.086435,1.7287,ok,2500,1399,Common,false,false,false
6564,3.4574,1099998549279,401911,yoitscharlie,12,0,0,2284,0.086435,1.7287,ok,2284,0.086435,1.7287,ok,2500,1425,Common,false,false,false
6565,3.4414,1099998548638,401910,yoitscharlie,11,0,0,2285,0.086034,1.7207,ok,2285,0.086034,1.7207,ok,2500,1399,Common,false,false,false
6566,3.4414,1099998549280,401911,yoitscharlie,12,0,0,2285,0.086034,1.7207,ok,2285,0.086034,1.7207,ok,2500,1425,Common,false,false,false
6567,3.4254,1099998548639,401910,yoitscharlie,11,0,0,2286,0.085634,1.7127,ok,2286,0.085634,1.7127,ok,2500,1399,Common,false,false,false
6568,3.4254,1099998549281,401911,yoitscharlie,12,0,0,2286,0.085634,1.7127,ok,2286,0.085634,1.7127,ok,2500,1425,Common,false,false,false
6569,3.4094,1099998548640,401910,yoitscharlie,11,0,0,2287,0.085234,1.7047,ok,2287,0.085234,1.7047,ok,2500,1399,Common,false,false,false
6570,3.4094,1099998549282,401911,yoitscharlie,12,0,0,2287,0.085234,1.7047,ok,2287,0.085234,1.7047,ok,2500,1425,Common,false,false,false
6571,3.3934,1099998548641,401910,yoitscharlie,11,0,0,2288,0.084834,1.6967,ok,2288,0.084834,1.6967,ok,2500,1399,Common,false,false,false
6572,3.3934,1099998549283,401911,yoitscharlie,12,0,0,2288,0.084834,1.6967,ok,2288,0.084834,1.6967,ok,2500,1425,Common,false,false,false
6573,3.3774,1099998548642,401910,yoitscharlie,11,0,0,2289,0.084434,1.6887,ok,2289,0.084434,1.6887,ok,2500,1399,Common,false,false,false
6574,3.3774,1099998549284,401911,yoitscharlie,12,0,0,2289,0.084434,1.6887,ok,2289,0.084434,1.6887,ok,2500,1425,Common,false,false,false
6575,3.3614,1099998548643,401910,yoitscharlie,11,0,0,2290,0.084034,1.6807,ok,2290,0.084034,1.6807,ok,2500,1399,Common,false,false,false
6576,3.3614,1099998549285,401911,yoitscharlie,12,0,0,2290,0.084034,1.6807,ok,2290,0.084034,1.6807,ok,2500,1425,Common,false,false,false
6577,3.3454,1099998548644,401910,yoitscharlie,11,0,0,2291,0.083633,1.6727,ok,2291,0.083633,1.6727,ok,2500,1399,Common,false,false,false
6578,3.3454,1099998549286,401911,yoitscharlie,12,0,0,2291,0.083633,1.6727,ok,2291,0.083633,1.6727,ok,2500,1425,Common,false,false,false
6579,3.3294,1099998548645,401910,yoitscharlie,11,0,0,2292,0.083233,1.6647,ok,2292,0.083233,1.6647,ok,2500,1399,Common,false,false,false
6580,3.3294,1099998549287,401911,yoitscharlie,12,0,0,2292,0.083233,1.6647,ok,2292,0.083233,1.6647,ok,2500,1425,Common,false,false,false
6581,3.3134,1099998548646,401910,yoitscharlie,11,0,0,2293,0.082833,1.6567,ok,2293,0.082833,1.6567,ok,2500,1399,Common,false,false,false
6582,3.3134,1099998549288,401911,yoitscharlie,12,0,0,2293,0.082833,1.6567,ok,2293,0.082833,1.6567,ok,2500,1425,Common,false,false,false
6583,3.2974,1099998548647,401910,yoitscharlie,11,0,0,2294,0.082433,1.6487,ok,2294,0.082433,1.6487,ok,2500,1399,Common,false,false,false
6584,3.2974,1099998549289,401911,yoitscharlie,12,0,0,2294,0.082433,1.6487,ok,2294,0.082433,1.6487,ok,2500,1425,Common,false,false,false
6585,3.2814,1099998548648,401910,yoitscharlie,11,0,0,2295,0.082033,1.6407,ok,2295,0.082033,1.6407,ok,2500,1399,Common,false,false,false
6586,3.2814,1099998549290,401911,yoitscharlie,12,0,0,2295,0.082033,1.6407,ok,2295,0.082033,1.6407,ok,2500,1425,Common,false,false,false
6587,3.2654,1099998548649,401910,yoitscharlie,11,0,0,2296,0.081633,1.6327,ok,2296,0.081633,1.6327,ok,2500,1399,Common,false,false,false
6588,3.2654,1099998549291,401911,yoitscharlie,12,0,0,2296,0.081633,1.6327,ok,2296,0.081633,1.6327,ok,2500,1425,Common,false,false,false
6589,3.2492,1099998548650,401910,yoitscharlie,11,0,0,2297,0.081232,1.6246,ok,2297,0.081232,1.6246,ok,2500,1399,Common,false,false,false
6590,3.2492,1099998549292,401911,yoitscharlie,12,0,0,2297,0.081232,1.6246,ok,2297,0.081232,1.6246,ok,2500,1425,Common,false,false,false
6591,3.2332,1099998548651,401910,yoitscharlie,11,0,0,2298,0.080832,1.6166,ok,2298,0.080832,1.6166,ok,2500,1399,Common,false,false,false
6592,3.2332,1099998549293,401911,yoitscharlie,12,0,0,2298,0.080832,1.6166,ok,2298,0.080832,1.6166,ok,2500,1425,Common,false,false,false
6593,3.2172,1099998548652,401910,yoitscharlie,11,0,0,2299,0.080432,1.6086,ok,2299,0.080432,1.6086,ok,2500,1399,Common,false,false,false
6594,3.2172,1099998549294,401911,yoitscharlie,12,0,0,2299,0.080432,1.6086,ok,2299,0.080432,1.6086,ok,2500,1425,Common,false,false,false
6595,3.2012,1099998548653,401910,yoitscharlie,11,0,0,2300,0.080032,1.6006,ok,2300,0.080032,1.6006,ok,2500,1399,Common,false,false,false
6596,3.2012,1099998549295,401911,yoitscharlie,12,0,0,2300,0.080032,1.6006,ok,2300,0.080032,1.6006,ok,2500,1425,Common,false,false,false
6597,3.1852,1099998548667,401910,yoitscharlie,11,0,0,2301,0.079632,1.5926,ok,2301,0.079632,1.5926,ok,2500,1399,Common,false,false,false
6598,3.1852,1099998549303,401911,yoitscharlie,12,0,0,2301,0.079632,1.5926,ok,2301,0.079632,1.5926,ok,2500,1425,Common,false,false,false
6599,3.1692,1099998548668,401910,yoitscharlie,11,0,0,2302,0.079232,1.5846,ok,2302,0.079232,1.5846,ok,2500,1399,Common,false,false,false
6600,3.1692,1099998549304,401911,yoitscharlie,12,0,0,2302,0.079232,1.5846,ok,2302,0.079232,1.5846,ok,2500,1425,Common,false,false,false
6601,3.1532,1099998548669,401910,yoitscharlie,11,0,0,2303,0.078832,1.5766,ok,2303,0.078832,1.5766,ok,2500,1399,Common,false,false,false
6602,3.1532,1099998549305,401911,yoitscharlie,12,0,0,2303,0.078832,1.5766,ok,2303,0.078832,1.5766,ok,2500,1425,Common,false,false,false
6603,3.1372,1099998548670,401910,yoitscharlie,11,0,0,2304,0.078431,1.5686,ok,2304,0.078431,1.5686,ok,2500,1399,Common,false,false,false
6604,3.1372,1099998549306,401911,yoitscharlie,12,0,0,2304,0.078431,1.5686,ok,2304,0.078431,1.5686,ok,2500,1425,Common,false,false,false
6605,3.1212,1099998548671,401910,yoitscharlie,11,0,0,2305,0.078031,1.5606,ok,2305,0.078031,1.5606,ok,2500,1399,Common,false,false,false
6606,3.1212,1099998549307,401911,yoitscharlie,12,0,0,2305,0.078031,1.5606,ok,2305,0.078031,1.5606,ok,2500,1425,Common,false,false,false
6607,3.1052,1099998548672,401910,yoitscharlie,11,0,0,2306,0.077631,1.5526,ok,2306,0.077631,1.5526,ok,2500,1399,Common,false,false,false
6608,3.1052,1099998549308,401911,yoitscharlie,12,0,0,2306,0.077631,1.5526,ok,2306,0.077631,1.5526,ok,2500,1425,Common,false,false,false
6609,3.0892,1099998548673,401910,yoitscharlie,11,0,0,2307,0.077231,1.5446,ok,2307,0.077231,1.5446,ok,2500,1399,Common,false,false,false
6610,3.0892,1099998549309,401911,yoitscharlie,12,0,0,2307,0.077231,1.5446,ok,2307,0.077231,1.5446,ok,2500,1425,Common,false,false,false
6611,3.0732,1099998548674,401910,yoitscharlie,11,0,0,2308,0.076831,1.5366,ok,2308,0.076831,1.5366,ok,2500,1399,Common,false,false,false
6612,3.0732,1099998549310,401911,yoitscharlie,12,0,0,2308,0.076831,1.5366,ok,2308,0.076831,1.5366,ok,2500,1425,Common,false,false,false
6613,3.0572,1099998548675,401910,yoitscharlie,11,0,0,2309,0.076431,1.5286,ok,2309,0.076431,1.5286,ok,2500,1399,Common,false,false,false
6614,3.0572,1099998549311,401911,yoitscharlie,12,0,0,2309,0.076431,1.5286,ok,2309,0.076431,1.5286,ok,2500,1425,Common,false,false,false
6615,3.0412,1099998548676,401910,yoitscharlie,11,0,0,2310,0.07603,1.5206,ok,2310,0.07603,1.5206,ok,2500,1399,Common,false,false,false
6616,3.0412,1099998549312,401911,yoitscharlie,12,0,0,2310,0.07603,1.5206,ok,2310,0.07603,1.5206,ok,2500,1425,Common,false,false,false
6617,3.0252,1099998548677,401910,yoitscharlie,11,0,0,2311,0.07563,1.5126,ok,2311,0.07563,1.5126,ok,2500,1399,Common,false,false,false
6618,3.0252,1099998549313,401911,yoitscharlie,12,0,0,2311,0.07563,1.5126,ok,2311,0.07563,1.5126,ok,2500,1425,Common,false,false,false
6619,3.0092,1099998548678,401910,yoitscharlie,11,0,0,2312,0.07523,1.5046,ok,2312,0.07523,1.5046,ok,2500,1399,Common,false,false,false
6620,3.0092,1099998549314,401911,yoitscharlie,12,0,0,2312,0.07523,1.5046,ok,2312,0.07523,1.5046,ok,2500,1425,Common,false,false,false
6621,2.9932,1099998548679,401910,yoitscharlie,11,0,0,2313,0.07483,1.4966,ok,2313,0.07483,1.4966,ok,2500,1399,Common,false,false,false
6622,2.9932,1099998549315,401911,yoitscharlie,12,0,0,2313,0.07483,1.4966,ok,2313,0.07483,1.4966,ok,2500,1425,Common,false,false,false
6623,2.9772,1099998548680,401910,yoitscharlie,11,0,0,2314,0.07443,1.4886,ok,2314,0.07443,1.4886,ok,2500,1399,Common,false,false,false
6624,2.9772,1099998549316,401911,yoitscharlie,12,0,0,2314,0.07443,1.4886,ok,2314,0.07443,1.4886,ok,2500,1425,Common,false,false,false
6625,2.9612,1099998548681,401910,yoitscharlie,11,0,0,2315,0.07403,1.4806,ok,2315,0.07403,1.4806,ok,2500,1399,Common,false,false,false
6626,2.9612,1099998549317,401911,yoitscharlie,12,0,0,2315,0.07403,1.4806,ok,2315,0.07403,1.4806,ok,2500,1425,Common,false,false,false
6627,2.9452,1099998548682,401910,yoitscharlie,11,0,0,2316,0.073629,1.4726,ok,2316,0.073629,1.4726,ok,2500,1399,Common,false,false,false
6628,2.9452,1099998549318,401911,yoitscharlie,12,0,0,2316,0.073629,1.4726,ok,2316,0.073629,1.4726,ok,2500,1425,Common,false,false,false
6629,2.9292,1099998548683,401910,yoitscharlie,11,0,0,2317,0.073229,1.4646,ok,2317,0.073229,1.4646,ok,2500,1399,Common,false,false,false
6630,2.9292,1099998549319,401911,yoitscharlie,12,0,0,2317,0.073229,1.4646,ok,2317,0.073229,1.4646,ok,2500,1425,Common,false,false,false
6631,2.9132,1099998548684,401910,yoitscharlie,11,0,0,2318,0.072829,1.4566,ok,2318,0.072829,1.4566,ok,2500,1399,Common,false,false,false
6632,2.9132,1099998549320,401911,yoitscharlie,12,0,0,2318,0.072829,1.4566,ok,2318,0.072829,1.4566,ok,2500,1425,Common,false,false,false
6633,2.8972,1099998548685,401910,yoitscharlie,11,0,0,2319,0.072429,1.4486,ok,2319,0.072429,1.4486,ok,2500,1399,Common,false,false,false
6634,2.8972,1099998549321,401911,yoitscharlie,12,0,0,2319,0.072429,1.4486,ok,2319,0.072429,1.4486,ok,2500,1425,Common,false,false,false
6635,2.8812,1099998548686,401910,yoitscharlie,11,0,0,2320,0.072029,1.4406,ok,2320,0.072029,1.4406,ok,2500,1399,Common,false,false,false
6636,2.8812,1099998549322,401911,yoitscharlie,12,0,0,2320,0.072029,1.4406,ok,2320,0.072029,1.4406,ok,2500,1425,Common,false,false,false
6637,2.8652,1099998548687,401910,yoitscharlie,11,0,0,2321,0.071629,1.4326,ok,2321,0.071629,1.4326,ok,2500,1399,Common,false,false,false
6638,2.8652,1099998549323,401911,yoitscharlie,12,0,0,2321,0.071629,1.4326,ok,2321,0.071629,1.4326,ok,2500,1425,Common,false,false,false
6639,2.8492,1099998548688,401910,yoitscharlie,11,0,0,2322,0.071228,1.4246,ok,2322,0.071228,1.4246,ok,2500,1399,Common,false,false,false
6640,2.8492,1099998549324,401911,yoitscharlie,12,0,0,2322,0.071228,1.4246,ok,2322,0.071228,1.4246,ok,2500,1425,Common,false,false,false
6641,2.8332,1099998548689,401910,yoitscharlie,11,0,0,2323,0.070828,1.4166,ok,2323,0.070828,1.4166,ok,2500,1399,Common,false,false,false
6642,2.8332,1099998549325,401911,yoitscharlie,12,0,0,2323,0.070828,1.4166,ok,2323,0.070828,1.4166,ok,2500,1425,Common,false,false,false
6643,2.8172,1099998548690,401910,yoitscharlie,11,0,0,2324,0.070428,1.4086,ok,2324,0.070428,1.4086,ok,2500,1399,Common,false,false,false
6644,2.8172,1099998549326,401911,yoitscharlie,12,0,0,2324,0.070428,1.4086,ok,2324,0.070428,1.4086,ok,2500,1425,Common,false,false,false
6645,2.8012,1099998548691,401910,yoitscharlie,11,0,0,2325,0.070028,1.4006,ok,2325,0.070028,1.4006,ok,2500,1399,Common,false,false,false
6646,2.8012,1099998549327,401911,yoitscharlie,12,0,0,2325,0.070028,1.4006,ok,2325,0.070028,1.4006,ok,2500,1425,Common,false,false,false
6647,2.7852,1099998548692,401910,yoitscharlie,11,0,0,2326,0.069628,1.3926,ok,2326,0.069628,1.3926,ok,2500,1399,Common,false,false,false
6648,2.7852,1099998549328,401911,yoitscharlie,12,0,0,2326,0.069628,1.3926,ok,2326,0.069628,1.3926,ok,2500,1425,Common,false,false,false
6649,2.7692,1099998548693,401910,yoitscharlie,11,0,0,2327,0.069228,1.3846,ok,2327,0.069228,1.3846,ok,2500,1399,Common,false,false,false
6650,2.7692,1099998549329,401911,yoitscharlie,12,0,0,2327,0.069228,1.3846,ok,2327,0.069228,1.3846,ok,2500,1425,Common,false,false,false
6651,2.7532,1099998548694,401910,yoitscharlie,11,0,0,2328,0.068828,1.3766,ok,2328,0.068828,1.3766,ok,2500,1399,Common,false,false,false
6652,2.7532,1099998549330,401911,yoitscharlie,12,0,0,2328,0.068828,1.3766,ok,2328,0.068828,1.3766,ok,2500,1425,Common,false,false,false
6653,2.737,1099998548695,401910,yoitscharlie,11,0,0,2329,0.068427,1.3685,ok,2329,0.068427,1.3685,ok,2500,1399,Common,false,false,false
6654,2.737,1099998549331,401911,yoitscharlie,12,0,0,2329,0.068427,1.3685,ok,2329,0.068427,1.3685,ok,2500,1425,Common,false,false,false
6655,2.721,1099998548696,401910,yoitscharlie,11,0,0,2330,0.068027,1.3605,ok,2330,0.068027,1.3605,ok,2500,1399,Common,false,false,false
6656,2.721,1099998549332,401911,yoitscharlie,12,0,0,2330,0.068027,1.3605,ok,2330,0.068027,1.3605,ok,2500,1425,Common,false,false,false
6657,2.705,1099998548697,401910,yoitscharlie,11,0,0,2331,0.067627,1.3525,ok,2331,0.067627,1.3525,ok,2500,1399,Common,false,false,false
6658,2.705,1099998549333,401911,yoitscharlie,12,0,0,2331,0.067627,1.3525,ok,2331,0.067627,1.3525,ok,2500,1425,Common,false,false,false
6659,2.689,1099998548698,401910,yoitscharlie,11,0,0,2332,0.067227,1.3445,ok,2332,0.067227,1.3445,ok,2500,1399,Common,false,false,false
6660,2.689,1099998549334,401911,yoitscharlie,12,0,0,2332,0.067227,1.3445,ok,2332,0.067227,1.3445,ok,2500,1425,Common,false,false,false
6661,2.673,1099998548699,401910,yoitscharlie,11,0,0,2333,0.066827,1.3365,ok,2333,0.066827,1.3365,ok,2500,1399,Common,false,false,false
6662,2.673,1099998549335,401911,yoitscharlie,12,0,0,2333,0.066827,1.3365,ok,2333,0.066827,1.3365,ok,2500,1425,Common,false,false,false
6663,2.657,1099998548700,401910,yoitscharlie,11,0,0,2334,0.066427,1.3285,ok,2334,0.066427,1.3285,ok,2500,1399,Common,false,false,false
6664,2.657,1099998549336,401911,yoitscharlie,12,0,0,2334,0.066427,1.3285,ok,2334,0.066427,1.3285,ok,2500,1425,Common,false,false,false
6665,2.641,1099998548701,401910,yoitscharlie,11,0,0,2335,0.066026,1.3205,ok,2335,0.066026,1.3205,ok,2500,1399,Common,false,false,false
6666,2.641,1099998549337,401911,yoitscharlie,12,0,0,2335,0.066026,1.3205,ok,2335,0.066026,1.3205,ok,2500,1425,Common,false,false,false
6667,2.625,1099998548702,401910,yoitscharlie,11,0,0,2336,0.065626,1.3125,ok,2336,0.065626,1.3125,ok,2500,1399,Common,false,false,false
6668,2.625,1099998549338,401911,yoitscharlie,12,0,0,2336,0.065626,1.3125,ok,2336,0.065626,1.3125,ok,2500,1425,Common,false,false,false
6669,2.609,1099998548703,401910,yoitscharlie,11,0,0,2337,0.065226,1.3045,ok,2337,0.065226,1.3045,ok,2500,1399,Common,false,false,false
6670,2.609,1099998549339,401911,yoitscharlie,12,0,0,2337,0.065226,1.3045,ok,2337,0.065226,1.3045,ok,2500,1425,Common,false,false,false
6671,2.593,1099998548704,401910,yoitscharlie,11,0,0,2338,0.064826,1.2965,ok,2338,0.064826,1.2965,ok,2500,1399,Common,false,false,false
6672,2.593,1099998549340,401911,yoitscharlie,12,0,0,2338,0.064826,1.2965,ok,2338,0.064826,1.2965,ok,2500,1425,Common,false,false,false
6673,2.577,1099998548705,401910,yoitscharlie,11,0,0,2339,0.064426,1.2885,ok,2339,0.064426,1.2885,ok,2500,1399,Common,false,false,false
6674,2.577,1099998549341,401911,yoitscharlie,12,0,0,2339,0.064426,1.2885,ok,2339,0.064426,1.2885,ok,2500,1425,Common,false,false,false
6675,2.561,1099998548706,401910,yoitscharlie,11,0,0,2340,0.064026,1.2805,ok,2340,0.064026,1.2805,ok,2500,1399,Common,false,false,false
6676,2.561,1099998549342,401911,yoitscharlie,12,0,0,2340,0.064026,1.2805,ok,2340,0.064026,1.2805,ok,2500,1425,Common,false,false,false
6677,2.545,1099998548707,401910,yoitscharlie,11,0,0,2341,0.063625,1.2725,ok,2341,0.063625,1.2725,ok,2500,1399,Common,false,false,false
6678,2.545,1099998549343,401911,yoitscharlie,12,0,0,2341,0.063625,1.2725,ok,2341,0.063625,1.2725,ok,2500,1425,Common,false,false,false
6679,2.529,1099998548708,401910,yoitscharlie,11,0,0,2342,0.063225,1.2645,ok,2342,0.063225,1.2645,ok,2500,1399,Common,false,false,false
6680,2.529,1099998549344,401911,yoitscharlie,12,0,0,2342,0.063225,1.2645,ok,2342,0.063225,1.2645,ok,2500,1425,Common,false,false,false
6681,2.513,1099998548709,401910,yoitscharlie,11,0,0,2343,0.062825,1.2565,ok,2343,0.062825,1.2565,ok,2500,1399,Common,false,false,false
6682,2.513,1099998549345,401911,yoitscharlie,12,0,0,2343,0.062825,1.2565,ok,2343,0.062825,1.2565,ok,2500,1425,Common,false,false,false
6683,2.497,1099998548710,401910,yoitscharlie,11,0,0,2344,0.062425,1.2485,ok,2344,0.062425,1.2485,ok,2500,1399,Common,false,false,false
6684,2.497,1099998549346,401911,yoitscharlie,12,0,0,2344,0.062425,1.2485,ok,2344,0.062425,1.2485,ok,2500,1425,Common,false,false,false
6685,2.481,1099998548711,401910,yoitscharlie,11,0,0,2345,0.062025,1.2405,ok,2345,0.062025,1.2405,ok,2500,1399,Common,false,false,false
6686,2.481,1099998549347,401911,yoitscharlie,12,0,0,2345,0.062025,1.2405,ok,2345,0.062025,1.2405,ok,2500,1425,Common,false,false,false
6687,2.465,1099998548712,401910,yoitscharlie,11,0,0,2346,0.061625,1.2325,ok,2346,0.061625,1.2325,ok,2500,1399,Common,false,false,false
6688,2.465,1099998549348,401911,yoitscharlie,12,0,0,2346,0.061625,1.2325,ok,2346,0.061625,1.2325,ok,2500,1425,Common,false,false,false
6689,2.449,1099998548713,401910,yoitscharlie,11,0,0,2347,0.061224,1.2245,ok,2347,0.061224,1.2245,ok,2500,1399,Common,false,false,false
6690,2.449,1099998549349,401911,yoitscharlie,12,0,0,2347,0.061224,1.2245,ok,2347,0.061224,1.2245,ok,2500,1425,Common,false,false,false
6691,2.433,1099998548714,401910,yoitscharlie,11,0,0,2348,0.060824,1.2165,ok,2348,0.060824,1.2165,ok,2500,1399,Common,false,false,false
6692,2.433,1099998549350,401911,yoitscharlie,12,0,0,2348,0.060824,1.2165,ok,2348,0.060824,1.2165,ok,2500,1425,Common,false,false,false
6693,2.417,1099998548715,401910,yoitscharlie,11,0,0,2349,0.060424,1.2085,ok,2349,0.060424,1.2085,ok,2500,1399,Common,false,false,false
6694,2.417,1099998549351,401911,yoitscharlie,12,0,0,2349,0.060424,1.2085,ok,2349,0.060424,1.2085,ok,2500,1425,Common,false,false,false
6695,2.401,1099998548716,401910,yoitscharlie,11,0,0,2350,0.060024,1.2005,ok,2350,0.060024,1.2005,ok,2500,1399,Common,false,false,false
6696,2.401,1099998549352,401911,yoitscharlie,12,0,0,2350,0.060024,1.2005,ok,2350,0.060024,1.2005,ok,2500,1425,Common,false,false,false
6697,2.385,1099998548717,401910,yoitscharlie,11,0,0,2351,0.059624,1.1925,ok,2351,0.059624,1.1925,ok,2500,1399,Common,false,false,false
6698,2.385,1099998549358,401911,yoitscharlie,12,0,0,2351,0.059624,1.1925,ok,2351,0.059624,1.1925,ok,2500,1425,Common,false,false,false
6699,2.369,1099998548718,401910,yoitscharlie,11,0,0,2352,0.059224,1.1845,ok,2352,0.059224,1.1845,ok,2500,1399,Common,false,false,false
6700,2.369,1099998549359,401911,yoitscharlie,12,0,0,2352,0.059224,1.1845,ok,2352,0.059224,1.1845,ok,2500,1425,Common,false,false,false
6701,2.353,1099998548719,401910,yoitscharlie,11,0,0,2353,0.058824,1.1765,ok,2353,0.058824,1.1765,ok,2500,1399,Common,false,false,false
6702,2.353,1099998549360,401911,yoitscharlie,12,0,0,2353,0.058824,1.1765,ok,2353,0.058824,1.1765,ok,2500,1425,Common,false,false,false
6703,2.337,1099998548720,401910,yoitscharlie,11,0,0,2354,0.058423,1.1685,ok,2354,0.058423,1.1685,ok,2500,1399,Common,false,false,false
6704,2.337,1099998549361,401911,yoitscharlie,12,0,0,2354,0.058423,1.1685,ok,2354,0.058423,1.1685,ok,2500,1425,Common,false,false,false
6705,2.321,1099998548721,401910,yoitscharlie,11,0,0,2355,0.058023,1.1605,ok,2355,0.058023,1.1605,ok,2500,1399,Common,false,false,false
6706,2.321,1099998549362,401911,yoitscharlie,12,0,0,2355,0.058023,1.1605,ok,2355,0.058023,1.1605,ok,2500,1425,Common,false,false,false
6707,2.305,1099998548722,401910,yoitscharlie,11,0,0,2356,0.057623,1.1525,ok,2356,0.057623,1.1525,ok,2500,1399,Common,false,false,false
6708,2.305,1099998549363,401911,yoitscharlie,12,0,0,2356,0.057623,1.1525,ok,2356,0.057623,1.1525,ok,2500,1425,Common,false,false,false
6709,2.289,1099998548723,401910,yoitscharlie,11,0,0,2357,0.057223,1.1445,ok,2357,0.057223,1.1445,ok,2500,1399,Common,false,false,false
6710,2.289,1099998549364,401911,yoitscharlie,12,0,0,2357,0.057223,1.1445,ok,2357,0.057223,1.1445,ok,2500,1425,Common,false,false,false
6711,2.273,1099998548724,401910,yoitscharlie,11,0,0,2358,0.056823,1.1365,ok,2358,0.056823,1.1365,ok,2500,1399,Common,false,false,false
6712,2.273,1099998549365,401911,yoitscharlie,12,0,0,2358,0.056823,1.1365,ok,2358,0.056823,1.1365,ok,2500,1425,Common,false,false,false
6713,2.257,1099998548725,401910,yoitscharlie,11,0,0,2359,0.056423,1.1285,ok,2359,0.056423,1.1285,ok,2500,1399,Common,false,false,false
6714,2.257,1099998549366,401911,yoitscharlie,12,0,0,2359,0.056423,1.1285,ok,2359,0.056423,1.1285,ok,2500,1425,Common,false,false,false
6715,2.2408,1099998548726,401910,yoitscharlie,11,0,0,2360,0.056022,1.1204,ok,2360,0.056022,1.1204,ok,2500,1399,Common,false,false,false
6716,2.2408,1099998549367,401911,yoitscharlie,12,0,0,2360,0.056022,1.1204,ok,2360,0.056022,1.1204,ok,2500,1425,Common,false,false,false
6717,2.2248,1099998548727,401910,yoitscharlie,11,0,0,2361,0.055622,1.1124,ok,2361,0.055622,1.1124,ok,2500,1399,Common,false,false,false
6718,2.2248,1099998549368,401911,yoitscharlie,12,0,0,2361,0.055622,1.1124,ok,2361,0.055622,1.1124,ok,2500,1425,Common,false,false,false
6719,2.2088,1099998548728,401910,yoitscharlie,11,0,0,2362,0.055222,1.1044,ok,2362,0.055222,1.1044,ok,2500,1399,Common,false,false,false
6720,2.2088,1099998549369,401911,yoitscharlie,12,0,0,2362,0.055222,1.1044,ok,2362,0.055222,1.1044,ok,2500,1425,Common,false,false,false
6721,2.1928,1099998548729,401910,yoitscharlie,11,0,0,2363,0.054822,1.0964,ok,2363,0.054822,1.0964,ok,2500,1399,Common,false,false,false
6722,2.1928,1099998549370,401911,yoitscharlie,12,0,0,2363,0.054822,1.0964,ok,2363,0.054822,1.0964,ok,2500,1425,Common,false,false,false
6723,2.1768,1099998548730,401910,yoitscharlie,11,0,0,2364,0.054422,1.0884,ok,2364,0.054422,1.0884,ok,2500,1399,Common,false,false,false
6724,2.1768,1099998549371,401911,yoitscharlie,12,0,0,2364,0.054422,1.0884,ok,2364,0.054422,1.0884,ok,2500,1425,Common,false,false,false
6725,2.1608,1099998548731,401910,yoitscharlie,11,0,0,2365,0.054022,1.0804,ok,2365,0.054022,1.0804,ok,2500,1399,Common,false,false,false
6726,2.1608,1099998549372,401911,yoitscharlie,12,0,0,2365,0.054022,1.0804,ok,2365,0.054022,1.0804,ok,2500,1425,Common,false,false,false
6727,2.1448,1099998548732,401910,yoitscharlie,11,0,0,2366,0.053621,1.0724,ok,2366,0.053621,1.0724,ok,2500,1399,Common,false,false,false
6728,2.1448,1099998549373,401911,yoitscharlie,12,0,0,2366,0.053621,1.0724,ok,2366,0.053621,1.0724,ok,2500,1425,Common,false,false,false
6729,2.1288,1099998548733,401910,yoitscharlie,11,0,0,2367,0.053221,1.0644,ok,2367,0.053221,1.0644,ok,2500,1399,Common,false,false,false
6730,2.1288,1099998549374,401911,yoitscharlie,12,0,0,2367,0.053221,1.0644,ok,2367,0.053221,1.0644,ok,2500,1425,Common,false,false,false
6731,2.1128,1099998548734,401910,yoitscharlie,11,0,0,2368,0.052821,1.0564,ok,2368,0.052821,1.0564,ok,2500,1399,Common,false,false,false
6732,2.1128,1099998549375,401911,yoitscharlie,12,0,0,2368,0.052821,1.0564,ok,2368,0.052821,1.0564,ok,2500,1425,Common,false,false,false
6733,2.0968,1099998548735,401910,yoitscharlie,11,0,0,2369,0.052421,1.0484,ok,2369,0.052421,1.0484,ok,2500,1399,Common,false,false,false
6734,2.0968,1099998549376,401911,yoitscharlie,12,0,0,2369,0.052421,1.0484,ok,2369,0.052421,1.0484,ok,2500,1425,Common,false,false,false
6735,2.0808,1099998548736,401910,yoitscharlie,11,0,0,2370,0.052021,1.0404,ok,2370,0.052021,1.0404,ok,2500,1399,Common,false,false,false
6736,2.0808,1099998549377,401911,yoitscharlie,12,0,0,2370,0.052021,1.0404,ok,2370,0.052021,1.0404,ok,2500,1425,Common,false,false,false
6737,2.0648,1099998548737,401910,yoitscharlie,11,0,0,2371,0.051621,1.0324,ok,2371,0.051621,1.0324,ok,2500,1399,Common,false,false,false
6738,2.0648,1099998549378,401911,yoitscharlie,12,0,0,2371,0.051621,1.0324,ok,2371,0.051621,1.0324,ok,2500,1425,Common,false,false,false
6739,2.0488,1099998548738,401910,yoitscharlie,11,0,0,2372,0.05122,1.0244,ok,2372,0.05122,1.0244,ok,2500,1399,Common,false,false,false
6740,2.0488,1099998549379,401911,yoitscharlie,12,0,0,2372,0.05122,1.0244,ok,2372,0.05122,1.0244,ok,2500,1425,Common,false,false,false
6741,2.0328,1099998548739,401910,yoitscharlie,11,0,0,2373,0.05082,1.0164,ok,2373,0.05082,1.0164,ok,2500,1399,Common,false,false,false
6742,2.0328,1099998549380,401911,yoitscharlie,12,0,0,2373,0.05082,1.0164,ok,2373,0.05082,1.0164,ok,2500,1425,Common,false,false,false
6743,2.0168,1099998548740,401910,yoitscharlie,11,0,0,2374,0.05042,1.0084,ok,2374,0.05042,1.0084,ok,2500,1399,Common,false,false,false
6744,2.0168,1099998549381,401911,yoitscharlie,12,0,0,2374,0.05042,1.0084,ok,2374,0.05042,1.0084,ok,2500,1425,Common,false,false,false
6745,2.0008,1099998548741,401910,yoitscharlie,11,0,0,2375,0.05002,1.0004,ok,2375,0.05002,1.0004,ok,2500,1399,Common,false,false,false
6746,2.0008,1099998549382,401911,yoitscharlie,12,0,0,2375,0.05002,1.0004,ok,2375,0.05002,1.0004,ok,2500,1425,Common,false,false,false
6747,1.9848,1099998548742,401910,yoitscharlie,11,0,0,2376,0.04962,0.9924,ok,2376,0.04962,0.9924,ok,2500,1399,Common,false,false,false
6748,1.9848,1099998549383,401911,yoitscharlie,12,0,0,2376,0.04962,0.9924,ok,2376,0.04962,0.9924,ok,2500,1425,Common,false,false,false
6749,1.9688,1099998548743,401910,yoitscharlie,11,0,0,2377,0.04922,0.9844,ok,2377,0.04922,0.9844,ok,2500,1399,Common,false,false,false
6750,1.9688,1099998549384,401911,yoitscharlie,12,0,0,2377,0.04922,0.9844,ok,2377,0.04922,0.9844,ok,2500,1425,Common,false,false,false
6751,1.9528,1099998548744,401910,yoitscharlie,11,0,0,2378,0.04882,0.9764,ok,2378,0.04882,0.9764,ok,2500,1399,Common,false,false,false
6752,1.9528,1099998549385,401911,yoitscharlie,12,0,0,2378,0.04882,0.9764,ok,2378,0.04882,0.9764,ok,2500,1425,Common,false,false,false
6753,1.9368,1099998548745,401910,yoitscharlie,11,0,0,2379,0.048419,0.9684,ok,2379,0.048419,0.9684,ok,2500,1399,Common,false,false,false
6754,1.9368,1099998549386,401911,yoitscharlie,12,0,0,2379,0.048419,0.9684,ok,2379,0.048419,0.9684,ok,2500,1425,Common,false,false,false
6755,1.9208,1099998548746,401910,yoitscharlie,11,0,0,2380,0.048019,0.9604,ok,2380,0.048019,0.9604,ok,2500,1399,Common,false,false,false
6756,1.9208,1099998549387,401911,yoitscharlie,12,0,0,2380,0.048019,0.9604,ok,2380,0.048019,0.9604,ok,2500,1425,Common,false,false,false
6757,1.9048,1099998548747,401910,yoitscharlie,11,0,0,2381,0.047619,0.9524,ok,2381,0.047619,0.9524,ok,2500,1399,Common,false,false,false
6758,1.9048,1099998549388,401911,yoitscharlie,12,0,0,2381,0.047619,0.9524,ok,2381,0.047619,0.9524,ok,2500,1425,Common,false,false,false
6759,1.8888,1099998548748,401910,yoitscharlie,11,0,0,2382,0.047219,0.9444,ok,2382,0.047219,0.9444,ok,2500,1399,Common,false,false,false
6760,1.8888,1099998549389,401911,yoitscharlie,12,0,0,2382,0.047219,0.9444,ok,2382,0.047219,0.9444,ok,2500,1425,Common,false,false,false
6761,1.8728,1099998548749,401910,yoitscharlie,11,0,0,2383,0.046819,0.9364,ok,2383,0.046819,0.9364,ok,2500,1399,Common,false,false,false
6762,1.8728,1099998549390,401911,yoitscharlie,12,0,0,2383,0.046819,0.9364,ok,2383,0.046819,0.9364,ok,2500,1425,Common,false,false,false
6763,1.8568,1099998548750,401910,yoitscharlie,11,0,0,2384,0.046419,0.9284,ok,2384,0.046419,0.9284,ok,2500,1399,Common,false,false,false
6764,1.8568,1099998549391,401911,yoitscharlie,12,0,0,2384,0.046419,0.9284,ok,2384,0.046419,0.9284,ok,2500,1425,Common,false,false,false
6765,1.8408,1099998548751,401910,yoitscharlie,11,0,0,2385,0.046018,0.9204,ok,2385,0.046018,0.9204,ok,2500,1399,Common,false,false,false
6766,1.8408,1099998549392,401911,yoitscharlie,12,0,0,2385,0.046018,0.9204,ok,2385,0.046018,0.9204,ok,2500,1425,Common,false,false,false
6767,1.8248,1099998548752,401910,yoitscharlie,11,0,0,2386,0.045618,0.9124,ok,2386,0.045618,0.9124,ok,2500,1399,Common,false,false,false
6768,1.8248,1099998549393,401911,yoitscharlie,12,0,0,2386,0.045618,0.9124,ok,2386,0.045618,0.9124,ok,2500,1425,Common,false,false,false
6769,1.8088,1099998548753,401910,yoitscharlie,11,0,0,2387,0.045218,0.9044,ok,2387,0.045218,0.9044,ok,2500,1399,Common,false,false,false
6770,1.8088,1099998549394,401911,yoitscharlie,12,0,0,2387,0.045218,0.9044,ok,2387,0.045218,0.9044,ok,2500,1425,Common,false,false,false
6771,1.7928,1099998548754,401910,yoitscharlie,11,0,0,2388,0.044818,0.8964,ok,2388,0.044818,0.8964,ok,2500,1399,Common,false,false,false
6772,1.7928,1099998549395,401911,yoitscharlie,12,0,0,2388,0.044818,0.8964,ok,2388,0.044818,0.8964,ok,2500,1425,Common,false,false,false
6773,1.7768,1099998548755,401910,yoitscharlie,11,0,0,2389,0.044418,0.8884,ok,2389,0.044418,0.8884,ok,2500,1399,Common,false,false,false
6774,1.7768,1099998549396,401911,yoitscharlie,12,0,0,2389,0.044418,0.8884,ok,2389,0.044418,0.8884,ok,2500,1425,Common,false,false,false
6775,1.7608,1099998548756,401910,yoitscharlie,11,0,0,2390,0.044018,0.8804,ok,2390,0.044018,0.8804,ok,2500,1399,Common,false,false,false
6776,1.7608,1099998549397,401911,yoitscharlie,12,0,0,2390,0.044018,0.8804,ok,2390,0.044018,0.8804,ok,2500,1425,Common,false,false,false
6777,1.7446,1099998548757,401910,yoitscharlie,11,0,0,2391,0.043617,0.8723,ok,2391,0.043617,0.8723,ok,2500,1399,Common,false,false,false
6778,1.7446,1099998549398,401911,yoitscharlie,12,0,0,2391,0.043617,0.8723,ok,2391,0.043617,0.8723,ok,2500,1425,Common,false,false,false
6779,1.7286,1099998548758,401910,yoitscharlie,11,0,0,2392,0.043217,0.8643,ok,2392,0.043217,0.8643,ok,2500,1399,Common,false,false,false
6780,1.7286,1099998549399,401911,yoitscharlie,12,0,0,2392,0.043217,0.8643,ok,2392,0.043217,0.8643,ok,2500,1425,Common,false,false,false
6781,1.7126,1099998548759,401910,yoitscharlie,11,0,0,2393,0.042817,0.8563,ok,2393,0.042817,0.8563,ok,2500,1399,Common,false,false,false
6782,1.7126,1099998549400,401911,yoitscharlie,12,0,0,2393,0.042817,0.8563,ok,2393,0.042817,0.8563,ok,2500,1425,Common,false,false,false
6783,1.6966,1099998548760,401910,yoitscharlie,11,0,0,2394,0.042417,0.8483,ok,2394,0.042417,0.8483,ok,2500,1399,Common,false,false,false
6784,1.6966,1099998549401,401911,yoitscharlie,12,0,0,2394,0.042417,0.8483,ok,2394,0.042417,0.8483,ok,2500,1425,Common,false,false,false
6785,1.6806,1099998548761,401910,yoitscharlie,11,0,0,2395,0.042017,0.8403,ok,2395,0.042017,0.8403,ok,2500,1399,Common,false,false,false
6786,1.6806,1099998549402,401911,yoitscharlie,12,0,0,2395,0.042017,0.8403,ok,2395,0.042017,0.8403,ok,2500,1425,Common,false,false,false
6787,1.6646,1099998548762,401910,yoitscharlie,11,0,0,2396,0.041617,0.8323,ok,2396,0.041617,0.8323,ok,2500,1399,Common,false,false,false
6788,1.6646,1099998549403,401911,yoitscharlie,12,0,0,2396,0.041617,0.8323,ok,2396,0.041617,0.8323,ok,2500,1425,Common,false,false,false
6789,1.6486,1099998548763,401910,yoitscharlie,11,0,0,2397,0.041216,0.8243,ok,2397,0.041216,0.8243,ok,2500,1399,Common,false,false,false
6790,1.6486,1099998549404,401911,yoitscharlie,12,0,0,2397,0.041216,0.8243,ok,2397,0.041216,0.8243,ok,2500,1425,Common,false,false,false
6791,1.6326,1099998548764,401910,yoitscharlie,11,0,0,2398,0.040816,0.8163,ok,2398,0.040816,0.8163,ok,2500,1399,Common,false,false,false
6792,1.6326,1099998549405,401911,yoitscharlie,12,0,0,2398,0.040816,0.8163,ok,2398,0.040816,0.8163,ok,2500,1425,Common,false,false,false
6793,1.6166,1099998548765,401910,yoitscharlie,11,0,0,2399,0.040416,0.8083,ok,2399,0.040416,0.8083,ok,2500,1399,Common,false,false,false
6794,1.6166,1099998549406,401911,yoitscharlie,12,0,0,2399,0.040416,0.8083,ok,2399,0.040416,0.8083,ok,2500,1425,Common,false,false,false
6795,1.6006,1099998548766,401910,yoitscharlie,11,0,0,2400,0.040016,0.8003,ok,2400,0.040016,0.8003,ok,2500,1399,Common,false,false,false
6796,1.6006,1099998549407,401911,yoitscharlie,12,0,0,2400,0.040016,0.8003,ok,2400,0.040016,0.8003,ok,2500,1425,Common,false,false,false
6797,1.5846,1099998548767,401910,yoitscharlie,11,0,0,2401,0.039616,0.7923,ok,2401,0.039616,0.7923,ok,2500,1399,Common,false,false,false
6798,1.5846,1099998549418,401911,yoitscharlie,12,0,0,2401,0.039616,0.7923,ok,2401,0.039616,0.7923,ok,2500,1425,Common,false,false,false
6799,1.5686,1099998548768,401910,yoitscharlie,11,0,0,2402,0.039216,0.7843,ok,2402,0.039216,0.7843,ok,2500,1399,Common,false,false,false
6800,1.5686,1099998549419,401911,yoitscharlie,12,0,0,2402,0.039216,0.7843,ok,2402,0.039216,0.7843,ok,2500,1425,Common,false,false,false
6801,1.5526,1099998548769,401910,yoitscharlie,11,0,0,2403,0.038816,0.7763,ok,2403,0.038816,0.7763,ok,2500,1399,Common,false,false,false
6802,1.5526,1099998549420,401911,yoitscharlie,12,0,0,2403,0.038816,0.7763,ok,2403,0.038816,0.7763,ok,2500,1425,Common,false,false,false
6803,1.5366,1099998548770,401910,yoitscharlie,11,0,0,2404,0.038415,0.7683,ok,2404,0.038415,0.7683,ok,2500,1399,Common,false,false,false
6804,1.5366,1099998549421,401911,yoitscharlie,12,0,0,2404,0.038415,0.7683,ok,2404,0.038415,0.7683,ok,2500,1425,Common,false,false,false
6805,1.5206,1099998548771,401910,yoitscharlie,11,0,0,2405,0.038015,0.7603,ok,2405,0.038015,0.7603,ok,2500,1399,Common,false,false,false
6806,1.5206,1099998549422,401911,yoitscharlie,12,0,0,2405,0.038015,0.7603,ok,2405,0.038015,0.7603,ok,2500,1425,Common,false,false,false
6807,1.5046,1099998548772,401910,yoitscharlie,11,0,0,2406,0.037615,0.7523,ok,2406,0.037615,0.7523,ok,2500,1399,Common,false,false,false
6808,1.5046,1099998549423,401911,yoitscharlie,12,0,0,2406,0.037615,0.7523,ok,2406,0.037615,0.7523,ok,2500,1425,Common,false,false,false
6809,1.4886,1099998548773,401910,yoitscharlie,11,0,0,2407,0.037215,0.7443,ok,2407,0.037215,0.7443,ok,2500,1399,Common,false,false,false
6810,1.4886,1099998549424,401911,yoitscharlie,12,0,0,2407,0.037215,0.7443,ok,2407,0.037215,0.7443,ok,2500,1425,Common,false,false,false
6811,1.4726,1099998548774,401910,yoitscharlie,11,0,0,2408,0.036815,0.7363,ok,2408,0.036815,0.7363,ok,2500,1399,Common,false,false,false
6812,1.4726,1099998549425,401911,yoitscharlie,12,0,0,2408,0.036815,0.7363,ok,2408,0.036815,0.7363,ok,2500,1425,Common,false,false,false
6813,1.4566,1099998548775,401910,yoitscharlie,11,0,0,2409,0.036415,0.7283,ok,2409,0.036415,0.7283,ok,2500,1399,Common,false,false,false
6814,1.4566,1099998549426,401911,yoitscharlie,12,0,0,2409,0.036415,0.7283,ok,2409,0.036415,0.7283,ok,2500,1425,Common,false,false,false
6815,1.4406,1099998548776,401910,yoitscharlie,11,0,0,2410,0.036014,0.7203,ok,2410,0.036014,0.7203,ok,2500,1399,Common,false,false,false
6816,1.4406,1099998549427,401911,yoitscharlie,12,0,0,2410,0.036014,0.7203,ok,2410,0.036014,0.7203,ok,2500,1425,Common,false,false,false
6817,1.4246,1099998548777,401910,yoitscharlie,11,0,0,2411,0.035614,0.7123,ok,2411,0.035614,0.7123,ok,2500,1399,Common,false,false,false
6818,1.4246,1099998549428,401911,yoitscharlie,12,0,0,2411,0.035614,0.7123,ok,2411,0.035614,0.7123,ok,2500,1425,Common,false,false,false
6819,1.4086,1099998548778,401910,yoitscharlie,11,0,0,2412,0.035214,0.7043,ok,2412,0.035214,0.7043,ok,2500,1399,Common,false,false,false
6820,1.4086,1099998549429,401911,yoitscharlie,12,0,0,2412,0.035214,0.7043,ok,2412,0.035214,0.7043,ok,2500,1425,Common,false,false,false
6821,1.3926,1099998548779,401910,yoitscharlie,11,0,0,2413,0.034814,0.6963,ok,2413,0.034814,0.6963,ok,2500,1399,Common,false,false,false
6822,1.3926,1099998549430,401911,yoitscharlie,12,0,0,2413,0.034814,0.6963,ok,2413,0.034814,0.6963,ok,2500,1425,Common,false,false,false
6823,1.3766,1099998548780,401910,yoitscharlie,11,0,0,2414,0.034414,0.6883,ok,2414,0.034414,0.6883,ok,2500,1399,Common,false,false,false
6824,1.3766,1099998549431,401911,yoitscharlie,12,0,0,2414,0.034414,0.6883,ok,2414,0.034414,0.6883,ok,2500,1425,Common,false,false,false
6825,1.3606,1099998548781,401910,yoitscharlie,11,0,0,2415,0.034014,0.6803,ok,2415,0.034014,0.6803,ok,2500,1399,Common,false,false,false
6826,1.3606,1099998549432,401911,yoitscharlie,12,0,0,2415,0.034014,0.6803,ok,2415,0.034014,0.6803,ok,2500,1425,Common,false,false,false
6827,1.3446,1099998548782,401910,yoitscharlie,11,0,0,2416,0.033613,0.6723,ok,2416,0.033613,0.6723,ok,2500,1399,Common,false,false,false
6828,1.3446,1099998549433,401911,yoitscharlie,12,0,0,2416,0.033613,0.6723,ok,2416,0.033613,0.6723,ok,2500,1425,Common,false,false,false
6829,1.3286,1099998548783,401910,yoitscharlie,11,0,0,2417,0.033213,0.6643,ok,2417,0.033213,0.6643,ok,2500,1399,Common,false,false,false
6830,1.3286,1099998549434,401911,yoitscharlie,12,0,0,2417,0.033213,0.6643,ok,2417,0.033213,0.6643,ok,2500,1425,Common,false,false,false
6831,1.3126,1099998548784,401910,yoitscharlie,11,0,0,2418,0.032813,0.6563,ok,2418,0.032813,0.6563,ok,2500,1399,Common,false,false,false
6832,1.3126,1099998549435,401911,yoitscharlie,12,0,0,2418,0.032813,0.6563,ok,2418,0.032813,0.6563,ok,2500,1425,Common,false,false,false
6833,1.2966,1099998548785,401910,yoitscharlie,11,0,0,2419,0.032413,0.6483,ok,2419,0.032413,0.6483,ok,2500,1399,Common,false,false,false
6834,1.2966,1099998549436,401911,yoitscharlie,12,0,0,2419,0.032413,0.6483,ok,2419,0.032413,0.6483,ok,2500,1425,Common,false,false,false
6835,1.2806,1099998548786,401910,yoitscharlie,11,0,0,2420,0.032013,0.6403,ok,2420,0.032013,0.6403,ok,2500,1399,Common,false,false,false
6836,1.2806,1099998549437,401911,yoitscharlie,12,0,0,2420,0.032013,0.6403,ok,2420,0.032013,0.6403,ok,2500,1425,Common,false,false,false
6837,1.2646,1099998548787,401910,yoitscharlie,11,0,0,2421,0.031613,0.6323,ok,2421,0.031613,0.6323,ok,2500,1399,Common,false,false,false
6838,1.2646,1099998549438,401911,yoitscharlie,12,0,0,2421,0.031613,0.6323,ok,2421,0.031613,0.6323,ok,2500,1425,Common,false,false,false
6839,1.2484,1099998548788,401910,yoitscharlie,11,0,0,2422,0.031212,0.6242,ok,2422,0.031212,0.6242,ok,2500,1399,Common,false,false,false
6840,1.2484,1099998549439,401911,yoitscharlie,12,0,0,2422,0.031212,0.6242,ok,2422,0.031212,0.6242,ok,2500,1425,Common,false,false,false
6841,1.2324,1099998548789,401910,yoitscharlie,11,0,0,2423,0.030812,0.6162,ok,2423,0.030812,0.6162,ok,2500,1399,Common,false,false,false
6842,1.2324,1099998549440,401911,yoitscharlie,12,0,0,2423,0.030812,0.6162,ok,2423,0.030812,0.6162,ok,2500,1425,Common,false,false,false
6843,1.2164,1099998548790,401910,yoitscharlie,11,0,0,2424,0.030412,0.6082,ok,2424,0.030412,0.6082,ok,2500,1399,Common,false,false,false
6844,1.2164,1099998549441,401911,yoitscharlie,12,0,0,2424,0.030412,0.6082,ok,2424,0.030412,0.6082,ok,2500,1425,Common,false,false,false
6845,1.2004,1099998548791,401910,yoitscharlie,11,0,0,2425,0.030012,0.6002,ok,2425,0.030012,0.6002,ok,2500,1399,Common,false,false,false
6846,1.2004,1099998549442,401911,yoitscharlie,12,0,0,2425,0.030012,0.6002,ok,2425,0.030012,0.6002,ok,2500,1425,Common,false,false,false
6847,1.1844,1099998548792,401910,yoitscharlie,11,0,0,2426,0.029612,0.5922,ok,2426,0.029612,0.5922,ok,2500,1399,Common,false,false,false
6848,1.1844,1099998549443,401911,yoitscharlie,12,0,0,2426,0.029612,0.5922,ok,2426,0.029612,0.5922,ok,2500,1425,Common,false,false,false
6849,1.1684,1099998548793,401910,yoitscharlie,11,0,0,2427,0.029212,0.5842,ok,2427,0.029212,0.5842,ok,2500,1399,Common,false,false,false
6850,1.1684,1099998549444,401911,yoitscharlie,12,0,0,2427,0.029212,0.5842,ok,2427,0.029212,0.5842,ok,2500,1425,Common,false,false,false
6851,1.1524,1099998548794,401910,yoitscharlie,11,0,0,2428,0.028812,0.5762,ok,2428,0.028812,0.5762,ok,2500,1399,Common,false,false,false
6852,1.1524,1099998549445,401911,yoitscharlie,12,0,0,2428,0.028812,0.5762,ok,2428,0.028812,0.5762,ok,2500,1425,Common,false,false,false
6853,1.1364,1099998548795,401910,yoitscharlie,11,0,0,2429,0.028411,0.5682,ok,2429,0.028411,0.5682,ok,2500,1399,Common,false,false,false
6854,1.1364,1099998549446,401911,yoitscharlie,12,0,0,2429,0.028411,0.5682,ok,2429,0.028411,0.5682,ok,2500,1425,Common,false,false,false
6855,1.1204,1099998548796,401910,yoitscharlie,11,0,0,2430,0.028011,0.5602,ok,2430,0.028011,0.5602,ok,2500,1399,Common,false,false,false
6856,1.1204,1099998549447,401911,yoitscharlie,12,0,0,2430,0.028011,0.5602,ok,2430,0.028011,0.5602,ok,2500,1425,Common,false,false,false
6857,1.1044,1099998548797,401910,yoitscharlie,11,0,0,2431,0.027611,0.5522,ok,2431,0.027611,0.5522,ok,2500,1399,Common,false,false,false
6858,1.1044,1099998549448,401911,yoitscharlie,12,0,0,2431,0.027611,0.5522,ok,2431,0.027611,0.5522,ok,2500,1425,Common,false,false,false
6859,1.0884,1099998548798,401910,yoitscharlie,11,0,0,2432,0.027211,0.5442,ok,2432,0.027211,0.5442,ok,2500,1399,Common,false,false,false
6860,1.0884,1099998549449,401911,yoitscharlie,12,0,0,2432,0.027211,0.5442,ok,2432,0.027211,0.5442,ok,2500,1425,Common,false,false,false
6861,1.0724,1099998548799,401910,yoitscharlie,11,0,0,2433,0.026811,0.5362,ok,2433,0.026811,0.5362,ok,2500,1399,Common,false,false,false
6862,1.0724,1099998549450,401911,yoitscharlie,12,0,0,2433,0.026811,0.5362,ok,2433,0.026811,0.5362,ok,2500,1425,Common,false,false,false
6863,1.0564,1099998548800,401910,yoitscharlie,11,0,0,2434,0.026411,0.5282,ok,2434,0.026411,0.5282,ok,2500,1399,Common,false,false,false
6864,1.0564,1099998549451,401911,yoitscharlie,12,0,0,2434,0.026411,0.5282,ok,2434,0.026411,0.5282,ok,2500,1425,Common,false,false,false
6865,1.0404,1099998548801,401910,yoitscharlie,11,0,0,2435,0.02601,0.5202,ok,2435,0.02601,0.5202,ok,2500,1399,Common,false,false,false
6866,1.0404,1099998549452,401911,yoitscharlie,12,0,0,2435,0.02601,0.5202,ok,2435,0.02601,0.5202,ok,2500,1425,Common,false,false,false
6867,1.0244,1099998548802,401910,yoitscharlie,11,0,0,2436,0.02561,0.5122,ok,2436,0.02561,0.5122,ok,2500,1399,Common,false,false,false
6868,1.0244,1099998549453,401911,yoitscharlie,12,0,0,2436,0.02561,0.5122,ok,2436,0.02561,0.5122,ok,2500,1425,Common,false,false,false
6869,1.0084,1099998548803,401910,yoitscharlie,11,0,0,2437,0.02521,0.5042,ok,2437,0.02521,0.5042,ok,2500,1399,Common,false,false,false
6870,1.0084,1099998549454,401911,yoitscharlie,12,0,0,2437,0.02521,0.5042,ok,2437,0.02521,0.5042,ok,2500,1425,Common,false,false,false
6871,0.9924,1099998548804,401910,yoitscharlie,11,0,0,2438,0.02481,0.4962,ok,2438,0.02481,0.4962,ok,2500,1399,Common,false,false,false
6872,0.9924,1099998549455,401911,yoitscharlie,12,0,0,2438,0.02481,0.4962,ok,2438,0.02481,0.4962,ok,2500,1425,Common,false,false,false
6873,0.9764,1099998548805,401910,yoitscharlie,11,0,0,2439,0.02441,0.4882,ok,2439,0.02441,0.4882,ok,2500,1399,Common,false,false,false
6874,0.9764,1099998549456,401911,yoitscharlie,12,0,0,2439,0.02441,0.4882,ok,2439,0.02441,0.4882,ok,2500,1425,Common,false,false,false
6875,0.9604,1099998548806,401910,yoitscharlie,11,0,0,2440,0.02401,0.4802,ok,2440,0.02401,0.4802,ok,2500,1399,Common,false,false,false
6876,0.9604,1099998549457,401911,yoitscharlie,12,0,0,2440,0.02401,0.4802,ok,2440,0.02401,0.4802,ok,2500,1425,Common,false,false,false
6877,0.9444,1099998548807,401910,yoitscharlie,11,0,0,2441,0.023609,0.4722,ok,2441,0.023609,0.4722,ok,2500,1399,Common,false,false,false
6878,0.9444,1099998549458,401911,yoitscharlie,12,0,0,2441,0.023609,0.4722,ok,2441,0.023609,0.4722,ok,2500,1425,Common,false,false,false
6879,0.9284,1099998548808,401910,yoitscharlie,11,0,0,2442,0.023209,0.4642,ok,2442,0.023209,0.4642,ok,2500,1399,Common,false,false,false
6880,0.9284,1099998549459,401911,yoitscharlie,12,0,0,2442,0.023209,0.4642,ok,2442,0.023209,0.4642,ok,2500,1425,Common,false,false,false
6881,0.9124,1099998548809,401910,yoitscharlie,11,0,0,2443,0.022809,0.4562,ok,2443,0.022809,0.4562,ok,2500,1399,Common,false,false,false
6882,0.9124,1099998549460,401911,yoitscharlie,12,0,0,2443,0.022809,0.4562,ok,2443,0.022809,0.4562,ok,2500,1425,Common,false,false,false
6883,0.8964,1099998548810,401910,yoitscharlie,11,0,0,2444,0.022409,0.4482,ok,2444,0.022409,0.4482,ok,2500,1399,Common,false,false,false
6884,0.8964,1099998549461,401911,yoitscharlie,12,0,0,2444,0.022409,0.4482,ok,2444,0.022409,0.4482,ok,2500,1425,Common,false,false,false
6885,0.8804,1099998548811,401910,yoitscharlie,11,0,0,2445,0.022009,0.4402,ok,2445,0.022009,0.4402,ok,2500,1399,Common,false,false,false
6886,0.8804,1099998549462,401911,yoitscharlie,12,0,0,2445,0.022009,0.4402,ok,2445,0.022009,0.4402,ok,2500,1425,Common,false,false,false
6887,0.8644,1099998548812,401910,yoitscharlie,11,0,0,2446,0.021609,0.4322,ok,2446,0.021609,0.4322,ok,2500,1399,Common,false,false,false
6888,0.8644,1099998549463,401911,yoitscharlie,12,0,0,2446,0.021609,0.4322,ok,2446,0.021609,0.4322,ok,2500,1425,Common,false,false,false
6889,0.8484,1099998548813,401910,yoitscharlie,11,0,0,2447,0.021208,0.4242,ok,2447,0.021208,0.4242,ok,2500,1399,Common,false,false,false
6890,0.8484,1099998549464,401911,yoitscharlie,12,0,0,2447,0.021208,0.4242,ok,2447,0.021208,0.4242,ok,2500,1425,Common,false,false,false
6891,0.8324,1099998548814,401910,yoitscharlie,11,0,0,2448,0.020808,0.4162,ok,2448,0.020808,0.4162,ok,2500,1399,Common,false,false,false
6892,0.8324,1099998549465,401911,yoitscharlie,12,0,0,2448,0.020808,0.4162,ok,2448,0.020808,0.4162,ok,2500,1425,Common,false,false,false
6893,0.8164,1099998548815,401910,yoitscharlie,11,0,0,2449,0.020408,0.4082,ok,2449,0.020408,0.4082,ok,2500,1399,Common,false,false,false
6894,0.8164,1099998549466,401911,yoitscharlie,12,0,0,2449,0.020408,0.4082,ok,2449,0.020408,0.4082,ok,2500,1425,Common,false,false,false
6895,0.8004,1099998548816,401910,yoitscharlie,11,0,0,2450,0.020008,0.4002,ok,2450,0.020008,0.4002,ok,2500,1399,Common,false,false,false
6896,0.8004,1099998549467,401911,yoitscharlie,12,0,0,2450,0.020008,0.4002,ok,2450,0.020008,0.4002,ok,2500,1425,Common,false,false,false
6897,0.7844,1099998548818,401910,yoitscharlie,11,0,0,2451,0.019608,0.3922,ok,2451,0.019608,0.3922,ok,2500,1399,Common,false,false,false
6898,0.7844,1099998549473,401911,yoitscharlie,12,0,0,2451,0.019608,0.3922,ok,2451,0.019608,0.3922,ok,2500,1425,Common,false,false,false
6899,0.7684,1099998548819,401910,yoitscharlie,11,0,0,2452,0.019208,0.3842,ok,2452,0.019208,0.3842,ok,2500,1399,Common,false,false,false
6900,0.7684,1099998549474,401911,yoitscharlie,12,0,0,2452,0.019208,0.3842,ok,2452,0.019208,0.3842,ok,2500,1425,Common,false,false,false
6901,0.7524,1099998548820,401910,yoitscharlie,11,0,0,2453,0.018808,0.3762,ok,2453,0.018808,0.3762,ok,2500,1399,Common,false,false,false
6902,0.7524,1099998549475,401911,yoitscharlie,12,0,0,2453,0.018808,0.3762,ok,2453,0.018808,0.3762,ok,2500,1425,Common,false,false,false
6903,0.7362,1099998548821,401910,yoitscharlie,11,0,0,2454,0.018407,0.3681,ok,2454,0.018407,0.3681,ok,2500,1399,Common,false,false,false
6904,0.7362,1099998549476,401911,yoitscharlie,12,0,0,2454,0.018407,0.3681,ok,2454,0.018407,0.3681,ok,2500,1425,Common,false,false,false
6905,0.7202,1099998548822,401910,yoitscharlie,11,0,0,2455,0.018007,0.3601,ok,2455,0.018007,0.3601,ok,2500,1399,Common,false,false,false
6906,0.7202,1099998549477,401911,yoitscharlie,12,0,0,2455,0.018007,0.3601,ok,2455,0.018007,0.3601,ok,2500,1425,Common,false,false,false
6907,0.7042,1099998548823,401910,yoitscharlie,11,0,0,2456,0.017607,0.3521,ok,2456,0.017607,0.3521,ok,2500,1399,Common,false,false,false
6908,0.7042,1099998549478,401911,yoitscharlie,12,0,0,2456,0.017607,0.3521,ok,2456,0.017607,0.3521,ok,2500,1425,Common,false,false,false
6909,0.6882,1099998548824,401910,yoitscharlie,11,0,0,2457,0.017207,0.3441,ok,2457,0.017207,0.3441,ok,2500,1399,Common,false,false,false
6910,0.6882,1099998549479,401911,yoitscharlie,12,0,0,2457,0.017207,0.3441,ok,2457,0.017207,0.3441,ok,2500,1425,Common,false,false,false
6911,0.6722,1099998548825,401910,yoitscharlie,11,0,0,2458,0.016807,0.3361,ok,2458,0.016807,0.3361,ok,2500,1399,Common,false,false,false
6912,0.6722,1099998549480,401911,yoitscharlie,12,0,0,2458,0.016807,0.3361,ok,2458,0.016807,0.3361,ok,2500,1425,Common,false,false,false
6913,0.6562,1099998548826,401910,yoitscharlie,11,0,0,2459,0.016407,0.3281,ok,2459,0.016407,0.3281,ok,2500,1399,Common,false,false,false
6914,0.6562,1099998549481,401911,yoitscharlie,12,0,0,2459,0.016407,0.3281,ok,2459,0.016407,0.3281,ok,2500,1425,Common,false,false,false
6915,0.6402,1099998548827,401910,yoitscharlie,11,0,0,2460,0.016006,0.3201,ok,2460,0.016006,0.3201,ok,2500,1399,Common,false,false,false
6916,0.6402,1099998549482,401911,yoitscharlie,12,0,0,2460,0.016006,0.3201,ok,2460,0.016006,0.3201,ok,2500,1425,Common,false,false,false
6917,0.6242,1099998548828,401910,yoitscharlie,11,0,0,2461,0.015606,0.3121,ok,2461,0.015606,0.3121,ok,2500,1399,Common,false,false,false
6918,0.6242,1099998549483,401911,yoitscharlie,12,0,0,2461,0.015606,0.3121,ok,2461,0.015606,0.3121,ok,2500,1425,Common,false,false,false
6919,0.6082,1099998548829,401910,yoitscharlie,11,0,0,2462,0.015206,0.3041,ok,2462,0.015206,0.3041,ok,2500,1399,Common,false,false,false
6920,0.6082,1099998549484,401911,yoitscharlie,12,0,0,2462,0.015206,0.3041,ok,2462,0.015206,0.3041,ok,2500,1425,Common,false,false,false
6921,0.5922,1099998548830,401910,yoitscharlie,11,0,0,2463,0.014806,0.2961,ok,2463,0.014806,0.2961,ok,2500,1399,Common,false,false,false
6922,0.5922,1099998549485,401911,yoitscharlie,12,0,0,2463,0.014806,0.2961,ok,2463,0.014806,0.2961,ok,2500,1425,Common,false,false,false
6923,0.5762,1099998548831,401910,yoitscharlie,11,0,0,2464,0.014406,0.2881,ok,2464,0.014406,0.2881,ok,2500,1399,Common,false,false,false
6924,0.5762,1099998549486,401911,yoitscharlie,12,0,0,2464,0.014406,0.2881,ok,2464,0.014406,0.2881,ok,2500,1425,Common,false,false,false
6925,0.5602,1099998548832,401910,yoitscharlie,11,0,0,2465,0.014006,0.2801,ok,2465,0.014006,0.2801,ok,2500,1399,Common,false,false,false
6926,0.5602,1099998549487,401911,yoitscharlie,12,0,0,2465,0.014006,0.2801,ok,2465,0.014006,0.2801,ok,2500,1425,Common,false,false,false
6927,0.5442,1099998548833,401910,yoitscharlie,11,0,0,2466,0.013605,0.2721,ok,2466,0.013605,0.2721,ok,2500,1399,Common,false,false,false
6928,0.5442,1099998549488,401911,yoitscharlie,12,0,0,2466,0.013605,0.2721,ok,2466,0.013605,0.2721,ok,2500,1425,Common,false,false,false
6929,0.5282,1099998548834,401910,yoitscharlie,11,0,0,2467,0.013205,0.2641,ok,2467,0.013205,0.2641,ok,2500,1399,Common,false,false,false
6930,0.5282,1099998549489,401911,yoitscharlie,12,0,0,2467,0.013205,0.2641,ok,2467,0.013205,0.2641,ok,2500,1425,Common,false,false,false
6931,0.5122,1099998548835,401910,yoitscharlie,11,0,0,2468,0.012805,0.2561,ok,2468,0.012805,0.2561,ok,2500,1399,Common,false,false,false
6932,0.5122,1099998549490,401911,yoitscharlie,12,0,0,2468,0.012805,0.2561,ok,2468,0.012805,0.2561,ok,2500,1425,Common,false,false,false
6933,0.4962,1099998548836,401910,yoitscharlie,11,0,0,2469,0.012405,0.2481,ok,2469,0.012405,0.2481,ok,2500,1399,Common,false,false,false
6934,0.4962,1099998549491,401911,yoitscharlie,12,0,0,2469,0.012405,0.2481,ok,2469,0.012405,0.2481,ok,2500,1425,Common,false,false,false
6935,0.4802,1099998548837,401910,yoitscharlie,11,0,0,2470,0.012005,0.2401,ok,2470,0.012005,0.2401,ok,2500,1399,Common,false,false,false
6936,0.4802,1099998549492,401911,yoitscharlie,12,0,0,2470,0.012005,0.2401,ok,2470,0.012005,0.2401,ok,2500,1425,Common,false,false,false
6937,0.4642,1099998548838,401910,yoitscharlie,11,0,0,2471,0.011605,0.2321,ok,2471,0.011605,0.2321,ok,2500,1399,Common,false,false,false
6938,0.4642,1099998549493,401911,yoitscharlie,12,0,0,2471,0.011605,0.2321,ok,2471,0.011605,0.2321,ok,2500,1425,Common,false,false,false
6939,0.4482,1099998548839,401910,yoitscharlie,11,0,0,2472,0.011204,0.2241,ok,2472,0.011204,0.2241,ok,2500,1399,Common,false,false,false
6940,0.4482,1099998549494,401911,yoitscharlie,12,0,0,2472,0.011204,0.2241,ok,2472,0.011204,0.2241,ok,2500,1425,Common,false,false,false
6941,0.4322,1099998548840,401910,yoitscharlie,11,0,0,2473,0.010804,0.2161,ok,2473,0.010804,0.2161,ok,2500,1399,Common,false,false,false
6942,0.4322,1099998549495,401911,yoitscharlie,12,0,0,2473,0.010804,0.2161,ok,2473,0.010804,0.2161,ok,2500,1425,Common,false,false,false
6943,0.4162,1099998548841,401910,yoitscharlie,11,0,0,2474,0.010404,0.2081,ok,2474,0.010404,0.2081,ok,2500,1399,Common,false,false,false
6944,0.4162,1099998549496,401911,yoitscharlie,12,0,0,2474,0.010404,0.2081,ok,2474,0.010404,0.2081,ok,2500,1425,Common,false,false,false
6945,0.4002,1099998548842,401910,yoitscharlie,11,0,0,2475,0.010004,0.2001,ok,2475,0.010004,0.2001,ok,2500,1399,Common,false,false,false
6946,0.4002,1099998549497,401911,yoitscharlie,12,0,0,2475,0.010004,0.2001,ok,2475,0.010004,0.2001,ok,2500,1425,Common,false,false,false
6947,0.3842,1099998548843,401910,yoitscharlie,11,0,0,2476,0.009604,0.1921,ok,2476,0.009604,0.1921,ok,2500,1399,Common,false,false,false
6948,0.3842,1099998549498,401911,yoitscharlie,12,0,0,2476,0.009604,0.1921,ok,2476,0.009604,0.1921,ok,2500,1425,Common,false,false,false
6949,0.3682,1099998548844,401910,yoitscharlie,11,0,0,2477,0.009204,0.1841,ok,2477,0.009204,0.1841,ok,2500,1399,Common,false,false,false
6950,0.3682,1099998549499,401911,yoitscharlie,12,0,0,2477,0.009204,0.1841,ok,2477,0.009204,0.1841,ok,2500,1425,Common,false,false,false
6951,0.3522,1099998548845,401910,yoitscharlie,11,0,0,2478,0.008804,0.1761,ok,2478,0.008804,0.1761,ok,2500,1399,Common,false,false,false
6952,0.3522,1099998549500,401911,yoitscharlie,12,0,0,2478,0.008804,0.1761,ok,2478,0.008804,0.1761,ok,2500,1425,Common,false,false,false
6953,0.3362,1099998548846,401910,yoitscharlie,11,0,0,2479,0.008403,0.1681,ok,2479,0.008403,0.1681,ok,2500,1399,Common,false,false,false
6954,0.3362,1099998549501,401911,yoitscharlie,12,0,0,2479,0.008403,0.1681,ok,2479,0.008403,0.1681,ok,2500,1425,Common,false,false,false
6955,0.3202,1099998548847,401910,yoitscharlie,11,0,0,2480,0.008003,0.1601,ok,2480,0.008003,0.1601,ok,2500,1399,Common,false,false,false
6956,0.3202,1099998549502,401911,yoitscharlie,12,0,0,2480,0.008003,0.1601,ok,2480,0.008003,0.1601,ok,2500,1425,Common,false,false,false
6957,0.3042,1099998548848,401910,yoitscharlie,11,0,0,2481,0.007603,0.1521,ok,2481,0.007603,0.1521,ok,2500,1399,Common,false,false,false
6958,0.3042,1099998549503,401911,yoitscharlie,12,0,0,2481,0.007603,0.1521,ok,2481,0.007603,0.1521,ok,2500,1425,Common,false,false,false
6959,0.2882,1099998548849,401910,yoitscharlie,11,0,0,2482,0.007203,0.1441,ok,2482,0.007203,0.1441,ok,2500,1399,Common,false,false,false
6960,0.2882,1099998549504,401911,yoitscharlie,12,0,0,2482,0.007203,0.1441,ok,2482,0.007203,0.1441,ok,2500,1425,Common,false,false,false
6961,0.2722,1099998548850,401910,yoitscharlie,11,0,0,2483,0.006803,0.1361,ok,2483,0.006803,0.1361,ok,2500,1399,Common,false,false,false
6962,0.2722,1099998549505,401911,yoitscharlie,12,0,0,2483,0.006803,0.1361,ok,2483,0.006803,0.1361,ok,2500,1425,Common,false,false,false
6963,0.2562,1099998548851,401910,yoitscharlie,11,0,0,2484,0.006403,0.1281,ok,2484,0.006403,0.1281,ok,2500,1399,Common,false,false,false
6964,0.2562,1099998549506,401911,yoitscharlie,12,0,0,2484,0.006403,0.1281,ok,2484,0.006403,0.1281,ok,2500,1425,Common,false,false,false
6965,0.24,1099998548852,401910,yoitscharlie,11,0,0,2485,0.006002,0.12,ok,2485,0.006002,0.12,ok,2500,1399,Common,false,false,false
6966,0.24,1099998549507,401911,yoitscharlie,12,0,0,2485,0.006002,0.12,ok,2485,0.006002,0.12,ok,2500,1425,Common,false,false,false
6967,0.224,1099998548853,401910,yoitscharlie,11,0,0,2486,0.005602,0.112,ok,2486,0.005602,0.112,ok,2500,1399,Common,false,false,false
6968,0.224,1099998549508,401911,yoitscharlie,12,0,0,2486,0.005602,0.112,ok,2486,0.005602,0.112,ok,2500,1425,Common,false,false,false
6969,0.208,1099998548854,401910,yoitscharlie,11,0,0,2487,0.005202,0.104,ok,2487,0.005202,0.104,ok,2500,1399,Common,false,false,false
6970,0.208,1099998549509,401911,yoitscharlie,12,0,0,2487,0.005202,0.104,ok,2487,0.005202,0.104,ok,2500,1425,Common,false,false,false
6971,0.192,1099998548855,401910,yoitscharlie,11,0,0,2488,0.004802,0.096,ok,2488,0.004802,0.096,ok,2500,1399,Common,false,false,false
6972,0.192,1099998549510,401911,yoitscharlie,12,0,0,2488,0.004802,0.096,ok,2488,0.004802,0.096,ok,2500,1425,Common,false,false,false
6973,0.176,1099998548856,401910,yoitscharlie,11,0,0,2489,0.004402,0.088,ok,2489,0.004402,0.088,ok,2500,1399,Common,false,false,false
6974,0.176,1099998549511,401911,yoitscharlie,12,0,0,2489,0.004402,0.088,ok,2489,0.004402,0.088,ok,2500,1425,Common,false,false,false
6975,0.16,1099998548857,401910,yoitscharlie,11,0,0,2490,0.004002,0.08,ok,2490,0.004002,0.08,ok,2500,1399,Common,false,false,false
6976,0.16,1099998549512,401911,yoitscharlie,12,0,0,2490,0.004002,0.08,ok,2490,0.004002,0.08,ok,2500,1425,Common,false,false,false
6977,0.144,1099998548858,401910,yoitscharlie,11,0,0,2491,0.003601,0.072,ok,2491,0.003601,0.072,ok,2500,1399,Common,false,false,false
6978,0.144,1099998549513,401911,yoitscharlie,12,0,0,2491,0.003601,0.072,ok,2491,0.003601,0.072,ok,2500,1425,Common,false,false,false
6979,0.128,1099998548859,401910,yoitscharlie,11,0,0,2492,0.003201,0.064,ok,2492,0.003201,0.064,ok,2500,1399,Common,false,false,false
6980,0.128,1099998549514,401911,yoitscharlie,12,0,0,2492,0.003201,0.064,ok,2492,0.003201,0.064,ok,2500,1425,Common,false,false,false
6981,0.112,1099998548860,401910,yoitscharlie,11,0,0,2493,0.002801,0.056,ok,2493,0.002801,0.056,ok,2500,1399,Common,false,false,false
6982,0.112,1099998549515,401911,yoitscharlie,12,0,0,2493,0.002801,0.056,ok,2493,0.002801,0.056,ok,2500,1425,Common,false,false,false
6983,0.096,1099998548861,401910,yoitscharlie,11,0,0,2494,0.002401,0.048,ok,2494,0.002401,0.048,ok,2500,1399,Common,false,false,false
6984,0.096,1099998549516,401911,yoitscharlie,12,0,0,2494,0.002401,0.048,ok,2494,0.002401,0.048,ok,2500,1425,Common,false,false,false
6985,0.08,1099998548862,401910,yoitscharlie,11,0,0,2495,0.002001,0.04,ok,2495,0.002001,0.04,ok,2500,1399,Common,false,false,false
6986,0.08,1099998549517,401911,yoitscharlie,12,0,0,2495,0.002001,0.04,ok,2495,0.002001,0.04,ok,2500,1425,Common,false,false,false
6987,0.064,1099998548863,401910,yoitscharlie,11,0,0,2496,0.001601,0.032,ok,2496,0.001601,0.032,ok,2500,1399,Common,false,false,false
6988,0.064,1099998549518,401911,yoitscharlie,12,0,0,2496,0.001601,0.032,ok,2496,0.001601,0.032,ok,2500,1425,Common,false,false,false
6989,0.048,1099998548864,401910,yoitscharlie,11,0,0,2497,0.0012,0.024,ok,2497,0.0012,0.024,ok,2500,1399,Common,false,false,false
6990,0.048,1099998549519,401911,yoitscharlie,12,0,0,2497,0.0012,0.024,ok,2497,0.0012,0.024,ok,2500,1425,Common,false,false,false
6991,0.032,1099998548865,401910,yoitscharlie,11,0,0,2498,0.0008,0.016,ok,2498,0.0008,0.016,ok,2500,1399,Common,false,false,false
6992,0.032,1099998549520,401911,yoitscharlie,12,0,0,2498,0.0008,0.016,ok,2498,0.0008,0.016,ok,2500,1425,Common,false,false,false
6993,0.016,1099998548866,401910,yoitscharlie,11,0,0,2499,0.0004,0.008,ok,2499,0.0004,0.008,ok,2500,1399,Common,false,false,false
6994,0.016,1099998549521,401911,yoitscharlie,12,0,0,2499,0.0004,0.008,ok,2499,0.0004,0.008,ok,2500,1425,Common,false,false,false
6995,0,1099998548867,401910,yoitscharlie,11,0,0,2500,0,0,ok,2500,0,0,ok,2500,1399,Common,false,false,false
6996,0,1099998549522,401911,yoitscharlie,12,0,0,2500,0,0,ok,2500,0,0,ok,2500,1425,Common,false,false,false
