asset_rank,asset_final_score,asset_id,template_id,original_mint_number,surviving_mint_rank,template_final_score
1,96.7839,1099595898015,401767,1,1,94.6399
2,96.6939,1099595902155,401779,1,1,94.4899
3,96.5477,1099595905079,401786,1,1,94.2461
4,95.3355,1099595905080,401786,2,2,94.2461
5,94.6939,1099595902156,401779,2,2,94.4899
6,94.1235,1099595905081,401786,3,3,94.2461
7,93.4505,1099595898016,401767,2,2,94.6399
8,92.9113,1099595905082,401786,4,4,94.2461
9,92.6939,1099595902157,401779,3,3,94.4899
10,91.6993,1099595905083,401786,5,5,94.2461
11,90.6939,1099595902158,401779,4,4,94.4899
12,90.4871,1099595905084,401786,6,6,94.2461
13,90.1173,1099595898017,401767,3,3,94.6399
14,89.2749,1099595905085,401786,7,7,94.2461
15,88.6939,1099595902159,401779,5,5,94.4899
16,88.0629,1099595905086,401786,8,8,94.2461
17,86.8507,1099595905087,401786,9,9,94.2461
18,86.7839,1099595898018,401767,4,4,94.6399
19,86.6939,1099595902160,401779,6,6,94.4899
20,85.6387,1099595905088,401786,10,10,94.2461
21,84.6939,1099595902161,401779,7,7,94.4899
22,84.4265,1099595905089,401786,11,11,94.2461
23,84.3923,1099675841570,458168,1,1,73.9872
24,84.0098,1099667784750,453934,1,1,73.3496
25,83.6515,1099675855334,458168,2,2,73.9872
26,83.5552,1099667784751,453934,2,2,73.3496
27,83.4505,1099595898019,401767,5,5,94.6399
28,83.3909,1099659329449,449935,1,1,72.3181
29,83.2143,1099595905090,401786,12,12,94.2461
30,83.1111,1099659329450,449935,2,2,72.3181
31,83.1008,1099667784752,453934,3,3,73.3496
32,82.9109,1099675862694,458168,3,3,73.9872
33,82.8315,1099659329451,449935,3,3,72.3181
34,82.6939,1099595902162,401779,8,8,94.4899
35,82.6462,1099667784753,453934,4,4,73.3496
36,82.5517,1099659329452,449935,4,4,72.3181
37,82.3893,1099651222519,445272,1,1,70.6489
38,82.2721,1099659329453,449935,5,5,72.3181
39,82.2169,1099651222520,445272,2,2,70.6489
40,82.1916,1099667784754,453934,5,5,73.3496
41,82.1701,1099675865586,458168,4,4,73.9872
42,82.0445,1099651222521,445272,3,3,70.6489
43,82.0023,1099595905091,401786,13,13,94.2461
44,81.9923,1099659329454,449935,6,6,72.3181
45,81.8721,1099651222522,445272,4,4,70.6489
46,81.737,1099667784755,453934,6,6,73.3496
47,81.7125,1099659329455,449935,7,7,72.3181
48,81.6997,1099651222523,445272,5,5,70.6489
49,81.5273,1099651222524,445272,6,6,70.6489
50,81.4329,1099659329456,449935,8,8,72.3181
51,81.4293,1099675898853,458168,5,5,73.9872
52,81.3549,1099651222525,445272,7,7,70.6489
53,81.2826,1099667784756,453934,7,7,73.3496
54,81.1825,1099651222526,445272,8,8,70.6489
55,81.1531,1099659329457,449935,9,9,72.3181
56,81.0099,1099651222527,445272,9,9,70.6489
57,80.8735,1099659329458,449935,10,10,72.3181
58,80.8375,1099651222528,445272,10,10,70.6489
59,80.828,1099667784757,453934,8,8,73.3496
60,80.7901,1099809598845,401786,14,14,94.2461
61,80.7689,1099642207718,441677,1,1,67.9482
62,80.6939,1099595902163,401779,9,9,94.4899
63,80.6885,1099675899743,458168,6,6,73.9872
64,80.6651,1099651222529,445272,11,11,70.6489
65,80.6625,1099642207719,441677,2,2,67.9482
66,80.5937,1099659329459,449935,11,11,72.3181
67,80.5561,1099642207720,441677,3,3,67.9482
68,80.4927,1099651222530,445272,12,12,70.6489
69,80.4497,1099642207721,441677,4,4,67.9482
70,80.3734,1099667784758,453934,9,9,73.3496
71,80.3433,1099642207722,441677,5,5,67.9482
72,80.3203,1099651222531,445272,13,13,70.6489
73,80.3139,1099659329460,449935,12,12,72.3181
74,80.2851,1099636300489,438904,1,1,67.1418
75,80.2369,1099642207723,441677,6,6,67.9482
76,80.1897,1099636300490,438904,2,2,67.1418
77,80.1479,1099651222532,445272,14,14,70.6489
78,80.1307,1099642207724,441677,7,7,67.9482
79,80.1173,1099595898020,401767,6,6,94.6399
80,80.0941,1099636300491,438904,3,3,67.1418
81,80.0343,1099659329461,449935,13,13,72.3181
82,80.0243,1099642207725,441677,8,8,67.9482
83,79.9987,1099636300492,438904,4,4,67.1418
84,79.9755,1099651222533,445272,15,15,70.6489
85,79.9479,1099676157338,458168,7,7,73.9872
86,79.9188,1099667784759,453934,10,10,73.3496
87,79.9179,1099642207726,441677,9,9,67.9482
88,79.9033,1099636300493,438904,5,5,67.1418
89,79.8115,1099642207727,441677,10,10,67.9482
90,79.8077,1099636300494,438904,6,6,67.1418
91,79.8031,1099651222534,445272,16,16,70.6489
92,79.7545,1099659329462,449935,14,14,72.3181
93,79.7123,1099636300495,438904,7,7,67.1418
94,79.7051,1099642207728,441677,11,11,67.9482
95,79.6307,1099651222535,445272,17,17,70.6489
96,79.6169,1099636300496,438904,8,8,67.1418
97,79.5987,1099642207729,441677,12,12,67.9482
98,79.5781,1099809648396,401786,15,15,94.2461
99,79.5213,1099636300497,438904,9,9,67.1418
100,79.4923,1099642207730,441677,13,13,67.9482
101,79.4749,1099659329463,449935,15,15,72.3181
102,79.4644,1099667784760,453934,11,11,73.3496
103,79.4583,1099651222536,445272,18,18,70.6489
104,79.4259,1099636300498,438904,10,10,67.1418
105,79.3859,1099642207731,441677,14,14,67.9482
106,79.3305,1099636300499,438904,11,11,67.1418
107,79.2859,1099651222537,445272,19,19,70.6489
108,79.2795,1099642207732,441677,15,15,67.9482
109,79.2349,1099636300500,438904,12,12,67.1418
110,79.2071,1099676190597,458168,8,8,73.9872
111,79.1951,1099659329464,449935,16,16,72.3181
112,79.1731,1099642207733,441677,16,16,67.9482
113,79.1395,1099636300501,438904,13,13,67.1418
114,79.1135,1099651222538,445272,20,20,70.6489
115,79.0667,1099642207734,441677,17,17,67.9482
116,79.0441,1099636300502,438904,14,14,67.1418
117,79.0098,1099667784761,453934,12,12,73.3496
118,78.9603,1099642207735,441677,18,18,67.9482
119,78.9485,1099636300503,438904,15,15,67.1418
120,78.9411,1099651222539,445272,21,21,70.6489
121,78.9153,1099659329465,449935,17,17,72.3181
122,78.8541,1099642207736,441677,19,19,67.9482
123,78.8531,1099636300504,438904,16,16,67.1418
124,78.7687,1099651222540,445272,22,22,70.6489
125,78.7577,1099636300505,438904,17,17,67.1418
126,78.7477,1099642207737,441677,20,20,67.9482
127,78.6939,1099595902164,401779,10,10,94.4899
128,78.6621,1099636300506,438904,18,18,67.1418
129,78.6413,1099642207738,441677,21,21,67.9482
130,78.6357,1099659329466,449935,18,18,72.3181
131,78.5961,1099651222541,445272,23,23,70.6489
132,78.5667,1099636300507,438904,19,19,67.1418
133,78.5552,1099667784762,453934,13,13,73.3496
134,78.5349,1099642207739,441677,22,22,67.9482
135,78.4713,1099636300508,438904,20,20,67.1418
136,78.4663,1099676860884,458168,9,9,73.9872
137,78.4285,1099642207740,441677,23,23,67.9482
138,78.4237,1099651222542,445272,24,24,70.6489
139,78.3757,1099636300509,438904,21,21,67.1418
140,78.3659,1099809649275,401786,16,16,94.2461
141,78.3559,1099659329467,449935,19,19,72.3181
142,78.3221,1099642207741,441677,24,24,67.9482
143,78.2803,1099636300510,438904,22,22,67.1418
144,78.2513,1099651222543,445272,25,25,70.6489
145,78.2157,1099642207742,441677,25,25,67.9482
146,78.1849,1099636300511,438904,23,23,67.1418
147,78.147,1099629283848,435457,1,1,63.5784
148,78.1093,1099642207743,441677,26,26,67.9482
149,78.1008,1099667784763,453934,14,14,73.3496
150,78.0893,1099636300512,438904,24,24,67.1418
151,78.0814,1099629283849,435457,2,2,63.5784
152,78.0789,1099651222544,445272,26,26,70.6489
153,78.0763,1099659329468,449935,20,20,72.3181
154,78.0156,1099629283850,435457,3,3,63.5784
155,78.0029,1099642207744,441677,27,27,67.9482
156,77.9939,1099636300513,438904,25,25,67.1418
157,77.95,1099629283851,435457,4,4,63.5784
158,77.9065,1099651222545,445272,27,27,70.6489
159,77.8985,1099636300514,438904,26,26,67.1418
160,77.8965,1099642207745,441677,28,28,67.9482
161,77.8842,1099629283852,435457,5,5,63.5784
162,77.8186,1099629283853,435457,6,6,63.5784
163,77.8029,1099636300515,438904,27,27,67.1418
164,77.7965,1099659329469,449935,21,21,72.3181
165,77.7901,1099642207746,441677,29,29,67.9482
166,77.753,1099629283854,435457,7,7,63.5784
167,77.7341,1099651222546,445272,28,28,70.6489
168,77.7257,1099679218104,458168,10,10,73.9872
169,77.7075,1099636300516,438904,28,28,67.1418
170,77.6872,1099629283855,435457,8,8,63.5784
171,77.6837,1099642207747,441677,30,30,67.9482
172,77.6462,1099667784764,453934,15,15,73.3496
173,77.6216,1099629283856,435457,9,9,63.5784
174,77.6121,1099636300517,438904,29,29,67.1418
175,77.5775,1099642207748,441677,31,31,67.9482
176,77.5617,1099651222547,445272,29,29,70.6489
177,77.5558,1099629283857,435457,10,10,63.5784
178,77.5167,1099659329470,449935,22,22,72.3181
179,77.5167,1099636300518,438904,30,30,67.1418
180,77.4902,1099629283858,435457,11,11,63.5784
181,77.4711,1099642207749,441677,32,32,67.9482
182,77.4246,1099629283859,435457,12,12,63.5784
183,77.4211,1099636300519,438904,31,31,67.1418
184,77.3893,1099651222548,445272,30,30,70.6489
185,77.3647,1099642207750,441677,33,33,67.9482
186,77.3588,1099629283860,435457,13,13,63.5784
187,77.3257,1099636300520,438904,32,32,67.1418
188,77.2932,1099629283861,435457,14,14,63.5784
189,77.2583,1099642207751,441677,34,34,67.9482
190,77.2371,1099659329471,449935,23,23,72.3181
191,77.2303,1099636300521,438904,33,33,67.1418
192,77.2274,1099629283862,435457,15,15,63.5784
193,77.2169,1099651222549,445272,31,31,70.6489
194,77.1916,1099667784765,453934,16,16,73.3496
195,77.1618,1099629283863,435457,16,16,63.5784
196,77.1537,1099825711609,401786,17,17,94.2461
197,77.1519,1099642207752,441677,35,35,67.9482
198,77.1347,1099636300522,438904,34,34,67.1418
199,77.096,1099629283864,435457,17,17,63.5784
200,77.0455,1099642207753,441677,36,36,67.9482
201,77.0445,1099651222550,445272,32,32,70.6489
202,77.0393,1099636300523,438904,35,35,67.1418
203,77.0304,1099629283865,435457,18,18,63.5784
204,76.9849,1099680501631,458168,11,11,73.9872
205,76.9648,1099629283866,435457,19,19,63.5784
206,76.9573,1099659329472,449935,24,24,72.3181
207,76.9439,1099636300524,438904,36,36,67.1418
208,76.9391,1099642207754,441677,37,37,67.9482
209,76.899,1099629283867,435457,20,20,63.5784
210,76.8721,1099651222551,445272,33,33,70.6489
211,76.8483,1099636300525,438904,37,37,67.1418
212,76.8334,1099629283868,435457,21,21,63.5784
213,76.8327,1099642207755,441677,38,38,67.9482
214,76.7839,1099595898021,401767,7,7,94.6399
215,76.7676,1099629283869,435457,22,22,63.5784
216,76.7529,1099636300526,438904,38,38,67.1418
217,76.737,1099667784766,453934,17,17,73.3496
218,76.7263,1099642207756,441677,39,39,67.9482
219,76.702,1099629283870,435457,23,23,63.5784
220,76.6997,1099651222552,445272,34,34,70.6489
221,76.6939,1099595902165,401779,11,11,94.4899
222,76.6777,1099659329473,449935,25,25,72.3181
223,76.6575,1099636300527,438904,39,39,67.1418
224,76.6364,1099629283871,435457,24,24,63.5784
225,76.6199,1099642207757,441677,40,40,67.9482
226,76.5706,1099629283872,435457,25,25,63.5784
227,76.5619,1099636300528,438904,40,40,67.1418
228,76.5273,1099651222553,445272,35,35,70.6489
229,76.5135,1099642207758,441677,41,41,67.9482
230,76.505,1099629283873,435457,26,26,63.5784
231,76.4665,1099636300529,438904,41,41,67.1418
232,76.4392,1099629283874,435457,27,27,63.5784
233,76.4071,1099642207759,441677,42,42,67.9482
234,76.3979,1099659329474,449935,26,26,72.3181
235,76.3736,1099629283875,435457,28,28,63.5784
236,76.3711,1099636300530,438904,42,42,67.1418
237,76.3549,1099651222554,445272,36,36,70.6489
238,76.308,1099629283876,435457,29,29,63.5784
239,76.3009,1099642207760,441677,43,43,67.9482
240,76.2826,1099667784767,453934,18,18,73.3496
241,76.2755,1099636300531,438904,43,43,67.1418
242,76.2441,1099681914569,458168,12,12,73.9872
243,76.2422,1099629283877,435457,30,30,63.5784
244,76.1945,1099642207761,441677,44,44,67.9482
245,76.1825,1099651222555,445272,37,37,70.6489
246,76.1801,1099636300532,438904,44,44,67.1418
247,76.1766,1099629283878,435457,31,31,63.5784
248,76.1181,1099659329475,449935,27,27,72.3181
249,76.1108,1099629283879,435457,32,32,63.5784
250,76.0881,1099642207762,441677,45,45,67.9482
251,76.0847,1099636300533,438904,45,45,67.1418
252,76.0452,1099629283880,435457,33,33,63.5784
253,76.0099,1099651222556,445272,38,38,70.6489
254,75.9891,1099636300534,438904,46,46,67.1418
255,75.9817,1099642207763,441677,46,46,67.9482
256,75.9796,1099629283881,435457,34,34,63.5784
257,75.9417,1099835057291,401786,18,18,94.2461
258,75.9138,1099629283882,435457,35,35,63.5784
259,75.8937,1099636300535,438904,47,47,67.1418
260,75.8753,1099642207764,441677,47,47,67.9482
261,75.8482,1099629283883,435457,36,36,63.5784
262,75.8385,1099659329476,449935,28,28,72.3181
263,75.8375,1099651222557,445272,39,39,70.6489
264,75.828,1099667784768,453934,19,19,73.3496
265,75.7983,1099636300536,438904,48,48,67.1418
266,75.7824,1099629283884,435457,37,37,63.5784
267,75.7689,1099642207765,441677,48,48,67.9482
268,75.7168,1099629283885,435457,38,38,63.5784
269,75.7027,1099636300537,438904,49,49,67.1418
270,75.6651,1099651222558,445272,40,40,70.6489
271,75.6625,1099642207766,441677,49,49,67.9482
272,75.6512,1099629283886,435457,39,39,63.5784
273,75.6073,1099636300538,438904,50,50,67.1418
274,75.5854,1099629283887,435457,40,40,63.5784
275,75.5587,1099659329477,449935,29,29,72.3181
276,75.5561,1099642207767,441677,50,50,67.9482
277,75.5198,1099629283888,435457,41,41,63.5784
278,75.5119,1099636300539,438904,51,51,67.1418
279,75.5035,1099682369055,458168,13,13,73.9872
280,75.4927,1099651222559,445272,41,41,70.6489
281,75.454,1099629283889,435457,42,42,63.5784
282,75.4497,1099642207768,441677,51,51,67.9482
283,75.4163,1099636300540,438904,52,52,67.1418
284,75.3884,1099629283890,435457,43,43,63.5784
285,75.3734,1099667784769,453934,20,20,73.3496
286,75.3433,1099642207769,441677,52,52,67.9482
287,75.3226,1099629283891,435457,44,44,63.5784
288,75.3209,1099636300541,438904,53,53,67.1418
289,75.3203,1099651222560,445272,42,42,70.6489
290,75.2791,1099659329478,449935,30,30,72.3181
291,75.257,1099629283892,435457,45,45,63.5784
292,75.2369,1099642207770,441677,53,53,67.9482
293,75.2255,1099636300542,438904,54,54,67.1418
294,75.1914,1099629283893,435457,46,46,63.5784
295,75.1479,1099651222561,445272,43,43,70.6489
296,75.1307,1099642207771,441677,54,54,67.9482
297,75.1299,1099636300543,438904,55,55,67.1418
298,75.1256,1099629283894,435457,47,47,63.5784
299,75.06,1099629283895,435457,48,48,63.5784
300,75.0345,1099636335020,438904,56,56,67.1418
301,75.0243,1099642207772,441677,55,55,67.9482
302,74.9993,1099659329479,449935,31,31,72.3181
303,74.9942,1099629283896,435457,49,49,63.5784
304,74.9755,1099651222562,445272,44,44,70.6489
305,74.9391,1099636335021,438904,57,57,67.1418
306,74.9286,1099629283897,435457,50,50,63.5784
307,74.9188,1099667784770,453934,21,21,73.3496
308,74.9179,1099643442822,441677,56,56,67.9482
309,74.863,1099629283898,435457,51,51,63.5784
310,74.8435,1099636335022,438904,58,58,67.1418
311,74.8115,1099643443133,441677,57,57,67.9482
312,74.8031,1099651222563,445272,45,45,70.6489
313,74.7972,1099629283899,435457,52,52,63.5784
314,74.7627,1099684504346,458168,14,14,73.9872
315,74.7481,1099636335023,438904,59,59,67.1418
316,74.7316,1099629283900,435457,53,53,63.5784
317,74.7295,1099934276085,401786,19,19,94.2461
318,74.7195,1099659329480,449935,32,32,72.3181
319,74.7051,1099643443337,441677,58,58,67.9482
320,74.6939,1099595902166,401779,12,12,94.4899
321,74.6658,1099629283901,435457,54,54,63.5784
322,74.6527,1099636335024,438904,60,60,67.1418
323,74.6307,1099651222564,445272,46,46,70.6489
324,74.6002,1099629283902,435457,55,55,63.5784
325,74.5987,1099643443501,441677,59,59,67.9482
326,74.5571,1099636335025,438904,61,61,67.1418
327,74.5346,1099629357013,435457,56,56,63.5784
328,74.4923,1099643443566,441677,60,60,67.9482
329,74.4688,1099629357163,435457,57,57,63.5784
330,74.4644,1099667784771,453934,22,22,73.3496
331,74.4617,1099636335026,438904,62,62,67.1418
332,74.4583,1099651222565,445272,47,47,70.6489
333,74.4399,1099659329481,449935,33,33,72.3181
334,74.4032,1099629357273,435457,58,58,63.5784
335,74.3859,1099643443876,441677,61,61,67.9482
336,74.3663,1099636335027,438904,63,63,67.1418
337,74.3374,1099629357355,435457,59,59,63.5784
338,74.2859,1099651222566,445272,48,48,70.6489
339,74.2795,1099643444067,441677,62,62,67.9482
340,74.2718,1099629357381,435457,60,60,63.5784
341,74.2707,1099636335028,438904,64,64,67.1418
342,74.2062,1099629360764,435457,61,61,63.5784
343,74.1753,1099636335029,438904,65,65,67.1418
344,74.1731,1099643446284,441677,63,63,67.9482
345,74.1601,1099659329482,449935,34,34,72.3181
346,74.1404,1099629361062,435457,62,62,63.5784
347,74.1135,1099651222567,445272,49,49,70.6489
348,74.0799,1099636335037,438904,66,66,67.1418
349,74.0748,1099629363792,435457,63,63,63.5784
350,74.0667,1099643446693,441677,64,64,67.9482
351,74.0219,1099698515848,458168,15,15,73.9872
352,74.0098,1099667784772,453934,23,23,73.3496
353,74.009,1099629365032,435457,64,64,63.5784
354,73.9843,1099636335038,438904,67,67,67.1418
355,73.9603,1099643448064,441677,65,65,67.9482
356,73.9434,1099629376939,435457,65,65,63.5784
357,73.9411,1099651222568,445272,50,50,70.6489
358,73.8889,1099636335047,438904,68,68,67.1418
359,73.8805,1099659329483,449935,35,35,72.3181
360,73.8778,1099629377030,435457,66,66,63.5784
361,73.8541,1099643448816,441677,66,66,67.9482
362,73.812,1099629387130,435457,67,67,63.5784
363,73.7935,1099636335048,438904,69,69,67.1418
364,73.7687,1099651222569,445272,51,51,70.6489
365,73.7477,1099643449068,441677,67,67,67.9482
366,73.7464,1099629387195,435457,68,68,63.5784
367,73.6979,1099636335068,438904,70,70,67.1418
368,73.6806,1099629387236,435457,69,69,63.5784
369,73.6413,1099643449216,441677,68,68,67.9482
370,73.615,1099629388337,435457,70,70,63.5784
371,73.6025,1099636335127,438904,71,71,67.1418
372,73.6007,1099659329484,449935,36,36,72.3181
373,73.5961,1099651222570,445272,52,52,70.6489
374,73.5552,1099667784773,453934,24,24,73.3496
375,73.5492,1099629391973,435457,71,71,63.5784
376,73.5349,1099643449224,441677,69,69,67.9482
377,73.5173,1099939338720,401786,20,20,94.2461
378,73.5071,1099636335128,438904,72,72,67.1418
379,73.4836,1099629420276,435457,72,72,63.5784
380,73.4505,1099595898022,401767,8,8,94.6399
381,73.4285,1099643449254,441677,70,70,67.9482
382,73.4237,1099651222571,445272,53,53,70.6489
383,73.418,1099629975191,435457,73,73,63.5784
384,73.4115,1099636335129,438904,73,73,67.1418
385,73.3522,1099630136424,435457,74,74,63.5784
386,73.3221,1099643449275,441677,71,71,67.9482
387,73.3209,1099659329485,449935,37,37,72.3181
388,73.3161,1099636335130,438904,74,74,67.1418
389,73.2866,1099630990535,435457,75,75,63.5784
390,73.2811,1099705187231,458168,16,16,73.9872
391,73.2513,1099651222572,445272,54,54,70.6489
392,73.2208,1099630990710,435457,76,76,63.5784
393,73.2207,1099636335131,438904,75,75,67.1418
394,73.2157,1099643449276,441677,72,72,67.9482
395,73.1552,1099631077871,435457,77,77,63.5784
396,73.1251,1099636335132,438904,76,76,67.1418
397,73.1093,1099643449282,441677,73,73,67.9482
398,73.1008,1099667784774,453934,25,25,73.3496
399,73.0896,1099631833269,435457,78,78,63.5784
400,73.0789,1099651222573,445272,55,55,70.6489
401,73.0413,1099659329486,449935,38,38,72.3181
402,73.0297,1099636335133,438904,77,77,67.1418
403,73.0238,1099638225975,435457,79,79,63.5784
404,73.0029,1099643449292,441677,74,74,67.9482
405,72.9582,1099638225976,435457,80,80,63.5784
406,72.9343,1099636335134,438904,78,78,67.1418
407,72.9065,1099651255283,445272,56,56,70.6489
408,72.8965,1099643449302,441677,75,75,67.9482
409,72.8924,1099638225977,435457,81,81,63.5784
410,72.8387,1099636335135,438904,79,79,67.1418
411,72.8268,1099638225978,435457,82,82,63.5784
412,72.7901,1099643449359,441677,76,76,67.9482
413,72.7615,1099659329487,449935,39,39,72.3181
414,72.7612,1099638225979,435457,83,83,63.5784
415,72.7433,1099636335136,438904,80,80,67.1418
416,72.7341,1099651255369,445272,57,57,70.6489
417,72.6954,1099638225980,435457,84,84,63.5784
418,72.6939,1099595902167,401779,13,13,94.4899
419,72.6837,1099643449376,441677,77,77,67.9482
420,72.6479,1099636335137,438904,81,81,67.1418
421,72.6462,1099667784775,453934,26,26,73.3496
422,72.6298,1099638225981,435457,85,85,63.5784
423,72.5775,1099643449427,441677,78,78,67.9482
424,72.564,1099638225982,435457,86,86,63.5784
425,72.5617,1099651256148,445272,58,58,70.6489
426,72.5525,1099636335138,438904,82,82,67.1418
427,72.5405,1099788221653,458168,17,17,73.9872
428,72.4984,1099638225983,435457,87,87,63.5784
429,72.4819,1099659329488,449935,40,40,72.3181
430,72.4711,1099643450224,441677,79,79,67.9482
431,72.4569,1099636335139,438904,83,83,67.1418
432,72.4328,1099638225984,435457,88,88,63.5784
433,72.3893,1099651263716,445272,59,59,70.6489
434,72.367,1099638225985,435457,89,89,63.5784
435,72.3647,1099643451510,441677,80,80,67.9482
436,72.3615,1099636335140,438904,84,84,67.1418
437,72.3053,1099951264537,401786,21,21,94.2461
438,72.3014,1099638225986,435457,90,90,63.5784
439,72.2661,1099636335141,438904,85,85,67.1418
440,72.2583,1099643452575,441677,81,81,67.9482
441,72.2356,1099638225987,435457,91,91,63.5784
442,72.2169,1099651267098,445272,60,60,70.6489
443,72.2021,1099659329489,449935,41,41,72.3181
444,72.1916,1099667784776,453934,27,27,73.3496
445,72.1705,1099636335142,438904,86,86,67.1418
446,72.17,1099638225988,435457,92,92,63.5784
447,72.1519,1099643460746,441677,82,82,67.9482
448,72.1044,1099638225989,435457,93,93,63.5784
449,72.0751,1099636335143,438904,87,87,67.1418
450,72.0455,1099643464932,441677,83,83,67.9482
451,72.0445,1099651278844,445272,61,61,70.6489
452,72.0386,1099638225990,435457,94,94,63.5784
453,71.9797,1099636335144,438904,88,88,67.1418
454,71.973,1099638225991,435457,95,95,63.5784
455,71.9391,1099643466611,441677,84,84,67.9482
456,71.9223,1099659329490,449935,42,42,72.3181
457,71.9072,1099638225992,435457,96,96,63.5784
458,71.8841,1099636335145,438904,89,89,67.1418
459,71.8721,1099651308691,445272,62,62,70.6489
460,71.8416,1099638225993,435457,97,97,63.5784
461,71.8327,1099643470857,441677,85,85,67.9482
462,71.7997,1099812061084,458168,18,18,73.9872
463,71.7887,1099636335146,438904,90,90,67.1418
464,71.7758,1099638225994,435457,98,98,63.5784
465,71.737,1099667784777,453934,28,28,73.3496
466,71.7263,1099643487423,441677,86,86,67.9482
467,71.7102,1099638225995,435457,99,99,63.5784
468,71.6997,1099651308716,445272,63,63,70.6489
469,71.6933,1099636335170,438904,91,91,67.1418
470,71.6446,1099638225996,435457,100,100,63.5784
471,71.6427,1099659329491,449935,43,43,72.3181
472,71.6199,1099643487663,441677,87,87,67.9482
473,71.5977,1099636335171,438904,92,92,67.1418
474,71.5788,1099638225997,435457,101,101,63.5784
475,71.5273,1099651308925,445272,64,64,70.6489
476,71.5135,1099643487664,441677,88,88,67.9482
477,71.5132,1099638225998,435457,102,102,63.5784
478,71.5023,1099636335172,438904,93,93,67.1418
479,71.4474,1099638225999,435457,103,103,63.5784
480,71.4071,1099643487830,441677,89,89,67.9482
481,71.4069,1099636335173,438904,94,94,67.1418
482,71.3818,1099638226000,435457,104,104,63.5784
483,71.3629,1099659329492,449935,44,44,72.3181
484,71.3549,1099651313211,445272,65,65,70.6489
485,71.3162,1099638226001,435457,105,105,63.5784
486,71.3113,1099636335174,438904,95,95,67.1418
487,71.3009,1099643487860,441677,90,90,67.9482
488,71.2826,1099667784778,453934,29,29,73.3496
489,71.2504,1099638226002,435457,106,106,63.5784
490,71.2159,1099636335175,438904,96,96,67.1418
491,71.1945,1099643489310,441677,91,91,67.9482
492,71.1848,1099638226003,435457,107,107,63.5784
493,71.1825,1099651321325,445272,66,66,70.6489
494,71.1205,1099636335176,438904,97,97,67.1418
495,71.119,1099638226004,435457,108,108,63.5784
496,71.0931,1099997876482,401786,22,22,94.2461
497,71.0881,1099643546959,441677,92,92,67.9482
498,71.0833,1099659329493,449935,45,45,72.3181
499,71.0589,1099812097553,458168,19,19,73.9872
500,71.0534,1099638226005,435457,109,109,63.5784
501,71.0249,1099636335177,438904,98,98,67.1418
502,71.0099,1099651328229,445272,67,67,70.6489
503,70.9878,1099638226006,435457,110,110,63.5784
504,70.9817,1099643565583,441677,93,93,67.9482
505,70.9295,1099636335178,438904,99,99,67.1418
506,70.922,1099638226007,435457,111,111,63.5784
507,70.8753,1099643566124,441677,94,94,67.9482
508,70.8564,1099638226008,435457,112,112,63.5784
509,70.8375,1099651329083,445272,68,68,70.6489
510,70.8341,1099636335179,438904,100,100,67.1418
511,70.828,1099667784779,453934,30,30,73.3496
512,70.8035,1099659329494,449935,46,46,72.3181
513,70.7906,1099638226009,435457,113,113,63.5784
514,70.7689,1099643568596,441677,95,95,67.9482
515,70.7385,1099636335193,438904,101,101,67.1418
516,70.725,1099638226010,435457,114,114,63.5784
517,70.6939,1099809598825,401779,14,14,94.4899
518,70.6651,1099651329150,445272,69,69,70.6489
519,70.6625,1099643581318,441677,96,96,67.9482
520,70.6594,1099638226011,435457,115,115,63.5784
521,70.6431,1099636335194,438904,102,102,67.1418
522,70.5936,1099638226012,435457,116,116,63.5784
523,70.5561,1099643602304,441677,97,97,67.9482
524,70.5477,1099636335205,438904,103,103,67.1418
525,70.528,1099638226013,435457,117,117,63.5784
526,70.5237,1099659329495,449935,47,47,72.3181
527,70.4927,1099651354609,445272,70,70,70.6489
528,70.4622,1099638226014,435457,118,118,63.5784
529,70.4521,1099636335206,438904,104,104,67.1418
530,70.4497,1099643619744,441677,98,98,67.9482
531,70.3966,1099638226015,435457,119,119,63.5784
532,70.3734,1099667784780,453934,31,31,73.3496
533,70.3567,1099636335208,438904,105,105,67.1418
534,70.3433,1099643648442,441677,99,99,67.9482
535,70.331,1099638226016,435457,120,120,63.5784
536,70.3203,1099651359512,445272,71,71,70.6489
537,70.3183,1099812097554,458168,20,20,73.9872
538,70.2652,1099638226017,435457,121,121,63.5784
539,70.2613,1099636335209,438904,106,106,67.1418
540,70.2441,1099659329496,449935,48,48,72.3181
541,70.2369,1099643685597,441677,100,100,67.9482
542,70.1996,1099638226018,435457,122,122,63.5784
543,70.1657,1099636335217,438904,107,107,67.1418
544,70.1479,1099651359709,445272,72,72,70.6489
545,70.1338,1099638226019,435457,123,123,63.5784
546,70.1307,1099644409619,441677,101,101,67.9482
547,70.1173,1099595898023,401767,9,9,94.6399
548,70.0703,1099636335218,438904,108,108,67.1418
549,70.0682,1099638226020,435457,124,124,63.5784
550,70.0243,1099644409814,441677,102,102,67.9482
551,70.0026,1099638226021,435457,125,125,63.5784
552,69.9755,1099651363738,445272,73,73,70.6489
553,69.9749,1099636335236,438904,109,109,67.1418
554,69.9643,1099659329497,449935,49,49,72.3181
555,69.9368,1099638226022,435457,126,126,63.5784
556,69.9188,1099667784781,453934,32,32,73.3496
557,69.9179,1099644812816,441677,103,103,67.9482
558,69.8811,1099997876483,401786,23,23,94.2461
559,69.8793,1099636335314,438904,110,110,67.1418
560,69.8712,1099638226023,435457,127,127,63.5784
561,69.8115,1099646480194,441677,104,104,67.9482
562,69.8054,1099638226024,435457,128,128,63.5784
563,69.8031,1099651463149,445272,74,74,70.6489
564,69.7839,1099636335427,438904,111,111,67.1418
565,69.7398,1099638226025,435457,129,129,63.5784
566,69.7051,1099812318608,441677,105,105,67.9482
567,69.6885,1099636335428,438904,112,112,67.1418
568,69.6847,1099659329498,449935,50,50,72.3181
569,69.674,1099638226026,435457,130,130,63.5784
570,69.6307,1099651573533,445272,75,75,70.6489
571,69.6084,1099638226027,435457,131,131,63.5784
572,69.5987,1099812318609,441677,106,106,67.9482
573,69.5929,1099636335438,438904,113,113,67.1418
574,69.5775,1099812097555,458168,21,21,73.9872
575,69.5428,1099638226028,435457,132,132,63.5784
576,69.4975,1099636335450,438904,114,114,67.1418
577,69.4923,1099812453355,441677,107,107,67.9482
578,69.477,1099638226029,435457,133,133,63.5784
579,69.4644,1099667784782,453934,33,33,73.3496
580,69.4583,1099651586264,445272,76,76,70.6489
581,69.4114,1099638226030,435457,134,134,63.5784
582,69.4049,1099659329499,449935,51,51,72.3181
583,69.4021,1099636335451,438904,115,115,67.1418
584,69.3859,1099812453356,441677,108,108,67.9482
585,69.3456,1099638226031,435457,135,135,63.5784
586,69.3065,1099636335610,438904,116,116,67.1418
587,69.2859,1099651634716,445272,77,77,70.6489
588,69.28,1099638226032,435457,136,136,63.5784
589,69.2795,1099812453357,441677,109,109,67.9482
590,69.2144,1099638226033,435457,137,137,63.5784
591,69.2111,1099636335611,438904,117,117,67.1418
592,69.1731,1099818929263,441677,110,110,67.9482
593,69.1486,1099638226034,435457,138,138,63.5784
594,69.1251,1099659329500,449935,52,52,72.3181
595,69.1157,1099636335612,438904,118,118,67.1418
596,69.1135,1099651668505,445272,78,78,70.6489
597,69.083,1099638226035,435457,139,139,63.5784
598,69.0667,1099819035506,441677,111,111,67.9482
599,69.0201,1099636335613,438904,119,119,67.1418
600,69.0172,1099638226036,435457,140,140,63.5784
601,69.0098,1099667784783,453934,34,34,73.3496
602,68.9603,1099825711333,441677,112,112,67.9482
603,68.9516,1099638226037,435457,141,141,63.5784
604,68.9411,1099651668572,445272,79,79,70.6489
605,68.9247,1099636335614,438904,120,120,67.1418
606,68.886,1099638226038,435457,142,142,63.5784
607,68.8541,1099853290556,441677,113,113,67.9482
608,68.8455,1099659329501,449935,53,53,72.3181
609,68.8367,1099812451084,458168,22,22,73.9872
610,68.8293,1099636335615,438904,121,121,67.1418
611,68.8202,1099638226039,435457,143,143,63.5784
612,68.7687,1099651668768,445272,80,80,70.6489
613,68.7546,1099638226040,435457,144,144,63.5784
614,68.7477,1099872056830,441677,114,114,67.9482
615,68.7337,1099636335616,438904,122,122,67.1418
616,68.6939,1099809648024,401779,15,15,94.4899
617,68.6888,1099808713567,435457,145,145,63.5784
618,68.6689,1099997876484,401786,24,24,94.2461
619,68.6413,1099872056831,441677,115,115,67.9482
620,68.6383,1099636335617,438904,123,123,67.1418
621,68.6232,1099808713568,435457,146,146,63.5784
622,68.5961,1099651672135,445272,81,81,70.6489
623,68.5657,1099659329502,449935,54,54,72.3181
624,68.5576,1099808713569,435457,147,147,63.5784
625,68.5552,1099667784784,453934,35,35,73.3496
626,68.5429,1099636335618,438904,124,124,67.1418
627,68.5349,1099872056832,441677,116,116,67.9482
628,68.4918,1099808713570,435457,148,148,63.5784
629,68.4473,1099636335619,438904,125,125,67.1418
630,68.4285,1099872056833,441677,117,117,67.9482
631,68.4262,1099808713571,435457,149,149,63.5784
632,68.4237,1099652124247,445272,82,82,70.6489
633,68.3604,1099808713572,435457,150,150,63.5784
634,68.3519,1099636335620,438904,126,126,67.1418
635,68.3221,1099872056834,441677,118,118,67.9482
636,68.2948,1099808713573,435457,151,151,63.5784
637,68.2861,1099659329503,449935,55,55,72.3181
638,68.2565,1099636335628,438904,127,127,67.1418
639,68.2513,1099656761694,445272,83,83,70.6489
640,68.2292,1099808713574,435457,152,152,63.5784
641,68.2157,1099925434388,441677,119,119,67.9482
642,68.1634,1099808713575,435457,153,153,63.5784
643,68.1609,1099636335629,438904,128,128,67.1418
644,68.1093,1099925434399,441677,120,120,67.9482
645,68.1008,1099667784785,453934,36,36,73.3496
646,68.0978,1099808713576,435457,154,154,63.5784
647,68.0961,1099814998330,458168,23,23,73.9872
648,68.0789,1099656786980,445272,84,84,70.6489
649,68.0655,1099636335630,438904,129,129,67.1418
650,68.032,1099808713577,435457,155,155,63.5784
651,68.0063,1099659366873,449935,56,56,72.3181
652,68.0029,1099925434909,441677,121,121,67.9482
653,67.9701,1099636335631,438904,130,130,67.1418
654,67.9664,1099808713578,435457,156,156,63.5784
655,67.9065,1099656788171,445272,85,85,70.6489
656,67.9006,1099808713579,435457,157,157,63.5784
657,67.8965,1099925434915,441677,122,122,67.9482
658,67.8745,1099636335632,438904,131,131,67.1418
659,67.835,1099808713580,435457,158,158,63.5784
660,67.7901,1099925497712,441677,123,123,67.9482
661,67.7791,1099636335660,438904,132,132,67.1418
662,67.7694,1099808713581,435457,159,159,63.5784
663,67.7341,1099656888995,445272,86,86,70.6489
664,67.7265,1099659367249,449935,57,57,72.3181
665,67.7036,1099808713582,435457,160,160,63.5784
666,67.6837,1099925497742,441677,124,124,67.9482
667,67.6837,1099636335661,438904,133,133,67.1418
668,67.6462,1099667784786,453934,37,37,73.3496
669,67.638,1099808713583,435457,161,161,63.5784
670,67.5883,1099636335662,438904,134,134,67.1418
671,67.5775,1099926138621,441677,125,125,67.9482
672,67.5722,1099808713584,435457,162,162,63.5784
673,67.5617,1099656905384,445272,87,87,70.6489
674,67.5066,1099808713585,435457,163,163,63.5784
675,67.4927,1099636335663,438904,135,135,67.1418
676,67.4711,1099926141151,441677,126,126,67.9482
677,67.4567,1099997876485,401786,25,25,94.2461
678,67.4469,1099659367664,449935,58,58,72.3181
679,67.441,1099808713586,435457,164,164,63.5784
680,67.3973,1099636335716,438904,136,136,67.1418
681,67.3893,1099656905581,445272,88,88,70.6489
682,67.3752,1099808713587,435457,165,165,63.5784
683,67.3647,1099931219513,441677,127,127,67.9482
684,67.3553,1099815002616,458168,24,24,73.9872
685,67.3096,1099808713588,435457,166,166,63.5784
686,67.3019,1099636335717,438904,137,137,67.1418
687,67.2583,1099931219514,441677,128,128,67.9482
688,67.2438,1099808713589,435457,167,167,63.5784
689,67.2169,1099656938661,445272,89,89,70.6489
690,67.2063,1099636335718,438904,138,138,67.1418
691,67.1916,1099667784787,453934,38,38,73.3496
692,67.1782,1099808713590,435457,168,168,63.5784
693,67.1671,1099659367926,449935,59,59,72.3181
694,67.1519,1099931219515,441677,129,129,67.9482
695,67.1126,1099808713591,435457,169,169,63.5784
696,67.1109,1099636335719,438904,139,139,67.1418
697,67.0468,1099808713592,435457,170,170,63.5784
698,67.0455,1099931219516,441677,130,130,67.9482
699,67.0445,1099657009325,445272,90,90,70.6489
700,67.0155,1099636335720,438904,140,140,67.1418
701,66.9812,1099808713593,435457,171,171,63.5784
702,66.9391,1099931219517,441677,131,131,67.9482
703,66.9199,1099636335755,438904,141,141,67.1418
704,66.9154,1099808713594,435457,172,172,63.5784
705,66.8875,1099659372837,449935,60,60,72.3181
706,66.8721,1099660991289,445272,91,91,70.6489
707,66.8498,1099808713595,435457,173,173,63.5784
708,66.8327,1099931405736,441677,132,132,67.9482
709,66.8245,1099636335870,438904,142,142,67.1418
710,66.7842,1099808713596,435457,174,174,63.5784
711,66.7839,1099595898024,401767,10,10,94.6399
712,66.737,1099667784788,453934,39,39,73.3496
713,66.7291,1099636335871,438904,143,143,67.1418
714,66.7263,1099931405862,441677,133,133,67.9482
715,66.7184,1099808713597,435457,175,175,63.5784
716,66.6997,1099661580048,445272,92,92,70.6489
717,66.6939,1099815003841,401779,16,16,94.4899
718,66.6528,1099808713598,435457,176,176,63.5784
719,66.6335,1099636335872,438904,144,144,67.1418
720,66.6199,1099932303466,441677,134,134,67.9482
721,66.6145,1099815019274,458168,25,25,73.9872
722,66.6077,1099659388704,449935,61,61,72.3181
723,66.587,1099808713599,435457,177,177,63.5784
724,66.5381,1099636335873,438904,145,145,67.1418
725,66.5273,1099664366966,445272,93,93,70.6489
726,66.5214,1099808713600,435457,178,178,63.5784
727,66.5135,1099932385282,441677,135,135,67.9482
728,66.4558,1099808713601,435457,179,179,63.5784
729,66.4427,1099636335874,438904,146,146,67.1418
730,66.4071,1099932431706,441677,136,136,67.9482
731,66.39,1099808713602,435457,180,180,63.5784
732,66.3549,1099672564315,445272,94,94,70.6489
733,66.3471,1099636335888,438904,147,147,67.1418
734,66.3279,1099659409248,449935,62,62,72.3181
735,66.3244,1099808713603,435457,181,181,63.5784
736,66.3009,1099937848581,441677,137,137,67.9482
737,66.2826,1099667784789,453934,40,40,73.3496
738,66.2586,1099808713604,435457,182,182,63.5784
739,66.2517,1099636335889,438904,148,148,67.1418
740,66.2447,1099997876486,401786,26,26,94.2461
741,66.1945,1099937849400,441677,138,138,67.9482
742,66.193,1099808713605,435457,183,183,63.5784
743,66.1825,1099675186099,445272,95,95,70.6489
744,66.1563,1099636335890,438904,149,149,67.1418
745,66.1272,1099808713606,435457,184,184,63.5784
746,66.0881,1099937849733,441677,139,139,67.9482
747,66.0616,1099808713607,435457,185,185,63.5784
748,66.0607,1099636335891,438904,150,150,67.1418
749,66.0483,1099659499270,449935,63,63,72.3181
750,66.0099,1099676009623,445272,96,96,70.6489
751,65.996,1099808713608,435457,186,186,63.5784
752,65.9817,1099951264605,441677,140,140,67.9482
753,65.9653,1099636335892,438904,151,151,67.1418
754,65.9302,1099808713609,435457,187,187,63.5784
755,65.8753,1099964564270,441677,141,141,67.9482
756,65.8737,1099931219648,458168,26,26,73.9872
757,65.8699,1099636335893,438904,152,152,67.1418
758,65.8646,1099808713610,435457,188,188,63.5784
759,65.8375,1099680533223,445272,97,97,70.6489
760,65.828,1099667784790,453934,41,41,73.3496
761,65.7988,1099808713611,435457,189,189,63.5784
762,65.7743,1099636335894,438904,153,153,67.1418
763,65.7689,1099973207158,441677,142,142,67.9482
764,65.7685,1099660562326,449935,64,64,72.3181
765,65.7332,1099808713612,435457,190,190,63.5784
766,65.6789,1099636335895,438904,154,154,67.1418
767,65.6676,1099808713613,435457,191,191,63.5784
768,65.6651,1099684502060,445272,98,98,70.6489
769,65.6625,1099973207159,441677,143,143,67.9482
770,65.6018,1099808713614,435457,192,192,63.5784
771,65.5835,1099636335896,438904,155,155,67.1418
772,65.5561,1099973207160,441677,144,144,67.9482
773,65.5362,1099808713615,435457,193,193,63.5784
774,65.4927,1099684577924,445272,99,99,70.6489
775,65.4889,1099660924229,449935,65,65,72.3181
776,65.4879,1099636335897,438904,156,156,67.1418
777,65.4704,1099808713616,435457,194,194,63.5784
778,65.4497,1099997874216,441677,145,145,67.9482
779,65.4048,1099808713617,435457,195,195,63.5784
780,65.3925,1099636335898,438904,157,157,67.1418
781,65.3734,1099667784791,453934,42,42,73.3496
782,65.3433,1099997874217,441677,146,146,67.9482
783,65.3392,1099808713618,435457,196,196,63.5784
784,65.3203,1099812097839,445272,100,100,70.6489
785,65.2971,1099636335899,438904,158,158,67.1418
786,65.2734,1099808713619,435457,197,197,63.5784
787,65.2369,1099997874218,441677,147,147,67.9482
788,65.2091,1099660924230,449935,66,66,72.3181
789,65.2078,1099808713620,435457,198,198,63.5784
790,65.2015,1099636335900,438904,159,159,67.1418
791,65.1479,1099812097840,445272,101,101,70.6489
792,65.142,1099808713621,435457,199,199,63.5784
793,65.1331,1099931219649,458168,27,27,73.9872
794,65.1307,1099997874219,441677,148,148,67.9482
795,65.1061,1099636335901,438904,160,160,67.1418
796,65.0764,1099808713622,435457,200,200,63.5784
797,65.0325,1099997876487,401786,27,27,94.2461
798,65.0243,1099997874220,441677,149,149,67.9482
799,65.0108,1099808713623,435457,201,201,63.5784
800,65.0107,1099636335902,438904,161,161,67.1418
801,64.9755,1099812097841,445272,102,102,70.6489
802,64.945,1099808713624,435457,202,202,63.5784
803,64.9293,1099660924231,449935,67,67,72.3181
804,64.9188,1099667784792,453934,43,43,73.3496
805,64.9179,1099997874221,441677,150,150,67.9482
806,64.9151,1099636335903,438904,162,162,67.1418
807,64.8794,1099808713625,435457,203,203,63.5784
808,64.8197,1099636335904,438904,163,163,67.1418
809,64.8136,1099808713626,435457,204,204,63.5784
810,64.8115,1099997874222,441677,151,151,67.9482
811,64.8031,1099812097842,445272,103,103,70.6489
812,64.748,1099808713627,435457,205,205,63.5784
813,64.7243,1099636335905,438904,164,164,67.1418
814,64.7051,1099997874223,441677,152,152,67.9482
815,64.6939,1099939338693,401779,17,17,94.4899
816,64.6824,1099808713628,435457,206,206,63.5784
817,64.6497,1099660924232,449935,68,68,72.3181
818,64.6307,1099812097843,445272,104,104,70.6489
819,64.6287,1099636335906,438904,165,165,67.1418
820,64.6166,1099808713629,435457,207,207,63.5784
821,64.5987,1099997874224,441677,153,153,67.9482
822,64.551,1099808713630,435457,208,208,63.5784
823,64.5333,1099636335907,438904,166,166,67.1418
824,64.4923,1099997874225,441677,154,154,67.9482
825,64.4852,1099808713631,435457,209,209,63.5784
826,64.4644,1099667784793,453934,44,44,73.3496
827,64.4583,1099812097844,445272,105,105,70.6489
828,64.4379,1099636336008,438904,167,167,67.1418
829,64.4196,1099808713632,435457,210,210,63.5784
830,64.3923,1099931219650,458168,28,28,73.9872
831,64.3859,1099997874226,441677,155,155,67.9482
832,64.3699,1099660924233,449935,69,69,72.3181
833,64.3538,1099808713633,435457,211,211,63.5784
834,64.3423,1099636336065,438904,168,168,67.1418
835,64.2882,1099808713634,435457,212,212,63.5784
836,64.2859,1099812097845,445272,106,106,70.6489
837,64.2795,1099997874227,441677,156,156,67.9482
838,64.2469,1099636336074,438904,169,169,67.1418
839,64.2226,1099808713635,435457,213,213,63.5784
840,64.1731,1099997874228,441677,157,157,67.9482
841,64.1568,1099808713636,435457,214,214,63.5784
842,64.1515,1099636336374,438904,170,170,67.1418
843,64.1135,1099812097846,445272,107,107,70.6489
844,64.0912,1099808713637,435457,215,215,63.5784
845,64.0903,1099661096441,449935,70,70,72.3181
846,64.0667,1099997874229,441677,158,158,67.9482
847,64.0559,1099636337091,438904,171,171,67.1418
848,64.0254,1099812318984,435457,216,216,63.5784
849,64.0098,1099667784794,453934,45,45,73.3496
850,63.9605,1099636337496,438904,172,172,67.1418
851,63.9603,1099997874230,441677,159,159,67.9482
852,63.9598,1099812318985,435457,217,217,63.5784
853,63.9411,1099812097847,445272,108,108,70.6489
854,63.8942,1099812318986,435457,218,218,63.5784
855,63.8651,1099636337631,438904,173,173,67.1418
856,63.8541,1099997874231,441677,160,160,67.9482
857,63.8284,1099812318987,435457,219,219,63.5784
858,63.8205,1099997876488,401786,28,28,94.2461
859,63.8105,1099661098866,449935,71,71,72.3181
860,63.7695,1099636337632,438904,174,174,67.1418
861,63.7687,1099812097848,445272,109,109,70.6489
862,63.7628,1099812318988,435457,220,220,63.5784
863,63.7477,1099997874232,441677,161,161,67.9482
864,63.697,1099821436098,435457,221,221,63.5784
865,63.6741,1099636338418,438904,175,175,67.1418
866,63.6515,1099931219651,458168,29,29,73.9872
867,63.6413,1099997874233,441677,162,162,67.9482
868,63.6314,1099821436099,435457,222,222,63.5784
869,63.5961,1099812450416,445272,110,110,70.6489
870,63.5787,1099636338419,438904,176,176,67.1418
871,63.5658,1099821436100,435457,223,223,63.5784
872,63.5552,1099667784795,453934,46,46,73.3496
873,63.5349,1099997874234,441677,163,163,67.9482
874,63.5307,1099661099030,449935,72,72,72.3181
875,63.5,1099821436101,435457,224,224,63.5784
876,63.4831,1099636338420,438904,177,177,67.1418
877,63.4505,1099595898025,401767,11,11,94.6399
878,63.4344,1099821436102,435457,225,225,63.5784
879,63.4285,1099997874235,441677,164,164,67.9482
880,63.4237,1099815082665,445272,111,111,70.6489
881,63.3877,1099636338421,438904,178,178,67.1418
882,63.3686,1099821436103,435457,226,226,63.5784
883,63.3221,1099997874236,441677,165,165,67.9482
884,63.303,1099821436104,435457,227,227,63.5784
885,63.2923,1099636338422,438904,179,179,67.1418
886,63.2513,1099815241353,445272,112,112,70.6489
887,63.2511,1099661099232,449935,73,73,72.3181
888,63.2374,1099821436105,435457,228,228,63.5784
889,63.2157,1099997874237,441677,166,166,67.9482
890,63.1967,1099636338423,438904,180,180,67.1418
891,63.1716,1099821436106,435457,229,229,63.5784
892,63.1093,1099997874238,441677,167,167,67.9482
893,63.106,1099821436107,435457,230,230,63.5784
894,63.1013,1099636338424,438904,181,181,67.1418
895,63.1008,1099667784796,453934,47,47,73.3496
896,63.0789,1099815241470,445272,113,113,70.6489
897,63.0402,1099821436108,435457,231,231,63.5784
898,63.0059,1099636338425,438904,182,182,67.1418
899,63.0029,1099997874239,441677,168,168,67.9482
900,62.9746,1099821436109,435457,232,232,63.5784
901,62.9713,1099661233194,449935,74,74,72.3181
902,62.9109,1099931219652,458168,30,30,73.9872
903,62.9103,1099636338482,438904,183,183,67.1418
904,62.909,1099821436110,435457,233,233,63.5784
905,62.9065,1099815241544,445272,114,114,70.6489
906,62.8965,1099997874240,441677,169,169,67.9482
907,62.8432,1099821436111,435457,234,234,63.5784
908,62.8149,1099636338483,438904,184,184,67.1418
909,62.7901,1099997874241,441677,170,170,67.9482
910,62.7776,1099821436112,435457,235,235,63.5784
911,62.7341,1099815241840,445272,115,115,70.6489
912,62.7195,1099636338484,438904,185,185,67.1418
913,62.7118,1099821436113,435457,236,236,63.5784
914,62.6939,1099951264530,401779,18,18,94.4899
915,62.6915,1099661233195,449935,75,75,72.3181
916,62.6837,1099997874242,441677,171,171,67.9482
917,62.6462,1099667784797,453934,48,48,73.3496
918,62.6462,1099821436114,435457,237,237,63.5784
919,62.6241,1099636338485,438904,186,186,67.1418
920,62.6083,1099997876489,401786,29,29,94.2461
921,62.5804,1099821436115,435457,238,238,63.5784
922,62.5775,1099997874243,441677,172,172,67.9482
923,62.5617,1099815244632,445272,116,116,70.6489
924,62.5285,1099636338486,438904,187,187,67.1418
925,62.5148,1099821436116,435457,239,239,63.5784
926,62.4711,1099997874244,441677,173,173,67.9482
927,62.4492,1099821436117,435457,240,240,63.5784
928,62.4331,1099636338487,438904,188,188,67.1418
929,62.4119,1099661273822,449935,76,76,72.3181
930,62.3893,1099819067866,445272,117,117,70.6489
931,62.3834,1099821436118,435457,241,241,63.5784
932,62.3647,1099997874245,441677,174,174,67.9482
933,62.3377,1099636338488,438904,189,189,67.1418
934,62.3178,1099821436119,435457,242,242,63.5784
935,62.2583,1099997874246,441677,175,175,67.9482
936,62.252,1099821436120,435457,243,243,63.5784
937,62.2421,1099636338489,438904,190,190,67.1418
938,62.2169,1099825711436,445272,118,118,70.6489
939,62.1916,1099667784798,453934,49,49,73.3496
940,62.1864,1099821436121,435457,244,244,63.5784
941,62.1701,1099931219653,458168,31,31,73.9872
942,62.1519,1099997874247,441677,176,176,67.9482
943,62.1467,1099636338490,438904,191,191,67.1418
944,62.1321,1099661345138,449935,77,77,72.3181
945,62.1208,1099821436122,435457,245,245,63.5784
946,62.055,1099821436123,435457,246,246,63.5784
947,62.0513,1099636338491,438904,192,192,67.1418
948,62.0455,1099997874248,441677,177,177,67.9482
949,62.0445,1099832946207,445272,119,119,70.6489
950,61.9894,1099821436124,435457,247,247,63.5784
951,61.9557,1099636338492,438904,193,193,67.1418
952,61.9391,1099997874249,441677,178,178,67.9482
953,61.9236,1099821436125,435457,248,248,63.5784
954,61.8721,1099925434408,445272,120,120,70.6489
955,61.8603,1099636338493,438904,194,194,67.1418
956,61.858,1099821436126,435457,249,249,63.5784
957,61.8525,1099661565303,449935,78,78,72.3181
958,61.8327,1099997874250,441677,179,179,67.9482
959,61.7924,1099821436127,435457,250,250,63.5784
960,61.7649,1099636338494,438904,195,195,67.1418
961,61.737,1099667784799,453934,50,50,73.3496
962,61.7266,1099821436128,435457,251,251,63.5784
963,61.7263,1099997874251,441677,180,180,67.9482
964,61.6997,1099925434417,445272,121,121,70.6489
965,61.6693,1099636338495,438904,196,196,67.1418
966,61.661,1099821436129,435457,252,252,63.5784
967,61.6199,1099997874252,441677,181,181,67.9482
968,61.5952,1099821436130,435457,253,253,63.5784
969,61.5739,1099636338496,438904,197,197,67.1418
970,61.5727,1099661808535,449935,79,79,72.3181
971,61.5296,1099821436131,435457,254,254,63.5784
972,61.5273,1099925434445,445272,122,122,70.6489
973,61.5135,1099997874253,441677,182,182,67.9482
974,61.4785,1099636338497,438904,198,198,67.1418
975,61.464,1099821436132,435457,255,255,63.5784
976,61.4293,1099931219654,458168,32,32,73.9872
977,61.4071,1099997874254,441677,183,183,67.9482
978,61.3982,1099821436133,435457,256,256,63.5784
979,61.3961,1099998512320,401786,30,30,94.2461
980,61.3829,1099636338498,438904,199,199,67.1418
981,61.3549,1099925434459,445272,123,123,70.6489
982,61.3326,1099821436134,435457,257,257,63.5784
983,61.3009,1099997874255,441677,184,184,67.9482
984,61.2929,1099661926460,449935,80,80,72.3181
985,61.2875,1099636338499,438904,200,200,67.1418
986,61.2826,1099667784800,453934,51,51,73.3496
987,61.2668,1099821436135,435457,258,258,63.5784
988,61.2012,1099821436136,435457,259,259,63.5784
989,61.1945,1099997874256,441677,185,185,67.9482
990,61.1921,1099636338500,438904,201,201,67.1418
991,61.1825,1099925434936,445272,124,124,70.6489
992,61.1356,1099821436137,435457,260,260,63.5784
993,61.0965,1099636338501,438904,202,202,67.1418
994,61.0881,1099997874257,441677,186,186,67.9482
995,61.0698,1099821436138,435457,261,261,63.5784
996,61.0133,1099662629344,449935,81,81,72.3181
997,61.0099,1099925434938,445272,125,125,70.6489
998,61.0042,1099821436139,435457,262,262,63.5784
999,61.0011,1099636339994,438904,203,203,67.1418
1000,60.9817,1099997874258,441677,187,187,67.9482
1001,60.9384,1099821436140,435457,263,263,63.5784
1002,60.9057,1099636341785,438904,204,204,67.1418
1003,60.8753,1099997874259,441677,188,188,67.9482
1004,60.8728,1099821436141,435457,264,264,63.5784
1005,60.8375,1099925497714,445272,126,126,70.6489
1006,60.828,1099667784801,453934,52,52,73.3496
1007,60.8101,1099636342259,438904,205,205,67.1418
1008,60.807,1099821436142,435457,265,265,63.5784
1009,60.7689,1099997874260,441677,189,189,67.9482
1010,60.7414,1099821436143,435457,266,266,63.5784
1011,60.7335,1099663257912,449935,82,82,72.3181
1012,60.7147,1099636343105,438904,206,206,67.1418
1013,60.6939,1099998513040,401779,19,19,94.4899
1014,60.6885,1099931219655,458168,33,33,73.9872
1015,60.6758,1099821436144,435457,267,267,63.5784
1016,60.6651,1099925497747,445272,127,127,70.6489
1017,60.6625,1099997874261,441677,190,190,67.9482
1018,60.6193,1099636343192,438904,207,207,67.1418
1019,60.61,1099821436145,435457,268,268,63.5784
1020,60.5561,1099997874262,441677,191,191,67.9482
1021,60.5444,1099821436146,435457,269,269,63.5784
1022,60.5237,1099636343193,438904,208,208,67.1418
1023,60.4927,1099926138627,445272,128,128,70.6489
1024,60.4786,1099821436147,435457,270,270,63.5784
1025,60.4539,1099663389386,449935,83,83,72.3181
1026,60.4497,1099997874263,441677,192,192,67.9482
1027,60.4283,1099636346430,438904,209,209,67.1418
1028,60.413,1099833514259,435457,271,271,63.5784
1029,60.3734,1099667784802,453934,53,53,73.3496
1030,60.3474,1099833514260,435457,272,272,63.5784
1031,60.3433,1099997874264,441677,193,193,67.9482
1032,60.3329,1099636346927,438904,210,210,67.1418
1033,60.3203,1099931219527,445272,129,129,70.6489
1034,60.2816,1099833514261,435457,273,273,63.5784
1035,60.2373,1099636347437,438904,211,211,67.1418
1036,60.2369,1099997874265,441677,194,194,67.9482
1037,60.216,1099833514262,435457,274,274,63.5784
1038,60.1841,1099998512321,401786,31,31,94.2461
1039,60.1741,1099663454181,449935,84,84,72.3181
1040,60.1502,1099833514263,435457,275,275,63.5784
1041,60.1479,1099931219528,445272,130,130,70.6489
1042,60.1419,1099636347438,438904,212,212,67.1418
1043,60.1307,1099998508017,441677,195,195,67.9482
1044,60.1173,1099595898026,401767,12,12,94.6399
1045,60.0846,1099833514264,435457,276,276,63.5784
1046,60.0465,1099636347913,438904,213,213,67.1418
1047,60.0243,1099998508018,441677,196,196,67.9482
1048,60.019,1099833514265,435457,277,277,63.5784
1049,59.9755,1099931219529,445272,131,131,70.6489
1050,59.9532,1099833514266,435457,278,278,63.5784
1051,59.9509,1099636349740,438904,214,214,67.1418
1052,59.9479,1099931219656,458168,34,34,73.9872
1053,59.9188,1099667784803,453934,54,54,73.3496
1054,59.9179,1099998508019,441677,197,197,67.9482
1055,59.8943,1099663454645,449935,85,85,72.3181
1056,59.8876,1099833514267,435457,279,279,63.5784
1057,59.8555,1099636349741,438904,215,215,67.1418
1058,59.8218,1099833514268,435457,280,280,63.5784
1059,59.8115,1099998508020,441677,198,198,67.9482
1060,59.8031,1099931219530,445272,132,132,70.6489
1061,59.7601,1099636350732,438904,216,216,67.1418
1062,59.7562,1099833514269,435457,281,281,63.5784
1063,59.7051,1099998508021,441677,199,199,67.9482
1064,59.6906,1099833514270,435457,282,282,63.5784
1065,59.6645,1099636351032,438904,217,217,67.1418
1066,59.6307,1099931219531,445272,133,133,70.6489
1067,59.6248,1099833514271,435457,283,283,63.5784
1068,59.6147,1099663753038,449935,86,86,72.3181
1069,59.5987,1099998508022,441677,200,200,67.9482
1070,59.5691,1099636352196,438904,218,218,67.1418
1071,59.5592,1099833514272,435457,284,284,63.5784
1072,59.4934,1099833514273,435457,285,285,63.5784
1073,59.4923,1099998508023,441677,201,201,67.9482
1074,59.4737,1099636352197,438904,219,219,67.1418
1075,59.4644,1099667784804,453934,55,55,73.3496
1076,59.4583,1099931246030,445272,134,134,70.6489
1077,59.4278,1099833514274,435457,286,286,63.5784
1078,59.3859,1099998508024,441677,202,202,67.9482
1079,59.3781,1099636352198,438904,220,220,67.1418
1080,59.3622,1099833514275,435457,287,287,63.5784
1081,59.3349,1099663753039,449935,87,87,72.3181
1082,59.2964,1099833514276,435457,288,288,63.5784
1083,59.2859,1099931406138,445272,135,135,70.6489
1084,59.2827,1099636352326,438904,221,221,67.1418
1085,59.2795,1099998508025,441677,203,203,67.9482
1086,59.2308,1099833514277,435457,289,289,63.5784
1087,59.2071,1099931219657,458168,35,35,73.9872
1088,59.1873,1099636363397,438904,222,222,67.1418
1089,59.1731,1099998508026,441677,204,204,67.9482
1090,59.165,1099833514278,435457,290,290,63.5784
1091,59.1135,1099931691683,445272,136,136,70.6489
1092,59.0994,1099833514279,435457,291,291,63.5784
1093,59.0917,1099636364626,438904,223,223,67.1418
1094,59.0667,1099998508027,441677,205,205,67.9482
1095,59.0553,1099663764247,449935,88,88,72.3181
1096,59.0336,1099833514280,435457,292,292,63.5784
1097,59.0098,1099667800075,453934,56,56,73.3496
1098,58.9963,1099636364769,438904,224,224,67.1418
1099,58.9719,1099998512322,401786,32,32,94.2461
1100,58.968,1099833514281,435457,293,293,63.5784
1101,58.9603,1099998508028,441677,206,206,67.9482
1102,58.9411,1099932303480,445272,137,137,70.6489
1103,58.9024,1099833514282,435457,294,294,63.5784
1104,58.9009,1099636367428,438904,225,225,67.1418
1105,58.8541,1099998508029,441677,207,207,67.9482
1106,58.8366,1099833514283,435457,295,295,63.5784
1107,58.8053,1099636371480,438904,226,226,67.1418
1108,58.7755,1099663765781,449935,89,89,72.3181
1109,58.771,1099833514284,435457,296,296,63.5784
1110,58.7687,1099932431792,445272,138,138,70.6489
1111,58.7477,1099998508030,441677,208,208,67.9482
1112,58.7099,1099636371481,438904,227,227,67.1418
1113,58.7052,1099833514285,435457,297,297,63.5784
1114,58.6939,1099998513041,401779,20,20,94.4899
1115,58.6413,1099998508031,441677,209,209,67.9482
1116,58.6396,1099833514286,435457,298,298,63.5784
1117,58.6145,1099636374775,438904,228,228,67.1418
1118,58.5961,1099936450423,445272,139,139,70.6489
1119,58.574,1099833514287,435457,299,299,63.5784
1120,58.5552,1099667802611,453934,57,57,73.3496
1121,58.5349,1099998508032,441677,210,210,67.9482
1122,58.5189,1099636379774,438904,229,229,67.1418
1123,58.5082,1099833514288,435457,300,300,63.5784
1124,58.4957,1099664370903,449935,90,90,72.3181
1125,58.4663,1099936450523,458168,36,36,73.9872
1126,58.4426,1099833514289,435457,301,301,63.5784
1127,58.4285,1099998508033,441677,211,211,67.9482
1128,58.4237,1099937848598,445272,140,140,70.6489
1129,58.4235,1099636379967,438904,230,230,67.1418
1130,58.3768,1099833514290,435457,302,302,63.5784
1131,58.3281,1099636380682,438904,231,231,67.1418
1132,58.3221,1099998508034,441677,212,212,67.9482
1133,58.3112,1099833514291,435457,303,303,63.5784
1134,58.2513,1099937848603,445272,141,141,70.6489
1135,58.2456,1099833514292,435457,304,304,63.5784
1136,58.2325,1099636380683,438904,232,232,67.1418
1137,58.2161,1099664370904,449935,91,91,72.3181
1138,58.2157,1099998508035,441677,213,213,67.9482
1139,58.1798,1099833514293,435457,305,305,63.5784
1140,58.1371,1099636380684,438904,233,233,67.1418
1141,58.1142,1099833514294,435457,306,306,63.5784
1142,58.1093,1099998508036,441677,214,214,67.9482
1143,58.1008,1099667807371,453934,58,58,73.3496
1144,58.0789,1099937849405,445272,142,142,70.6489
1145,58.0484,1099833514295,435457,307,307,63.5784
1146,58.0417,1099636380685,438904,234,234,67.1418
1147,58.0029,1099998508037,441677,215,215,67.9482
1148,57.9828,1099833514296,435457,308,308,63.5784
1149,57.9461,1099636381387,438904,235,235,67.1418
1150,57.9363,1099664370905,449935,92,92,72.3181
1151,57.9172,1099833514297,435457,309,309,63.5784
1152,57.9065,1099937849745,445272,143,143,70.6489
1153,57.8965,1099998508038,441677,216,216,67.9482
1154,57.8514,1099833514298,435457,310,310,63.5784
1155,57.8507,1099636388753,438904,236,236,67.1418
1156,57.7901,1099998508039,441677,217,217,67.9482
1157,57.7858,1099833514299,435457,311,311,63.5784
1158,57.7599,1099998512323,401786,33,33,94.2461
1159,57.7553,1099636392781,438904,237,237,67.1418
1160,57.7341,1099938948254,445272,144,144,70.6489
1161,57.7257,1099938801731,458168,37,37,73.9872
1162,57.72,1099833514300,435457,312,312,63.5784
1163,57.6837,1099998508040,441677,218,218,67.9482
1164,57.6599,1099636407395,438904,238,238,67.1418
1165,57.6567,1099664370906,449935,93,93,72.3181
1166,57.6544,1099833514301,435457,313,313,63.5784
1167,57.6462,1099667924645,453934,59,59,73.3496
1168,57.5888,1099833514302,435457,314,314,63.5784
1169,57.5775,1099998508041,441677,219,219,67.9482
1170,57.5643,1099636409793,438904,239,239,67.1418
1171,57.5617,1099951264547,445272,145,145,70.6489
1172,57.523,1099833514303,435457,315,315,63.5784
1173,57.4711,1099998508042,441677,220,220,67.9482
1174,57.4689,1099636411661,438904,240,240,67.1418
1175,57.4574,1099833514304,435457,316,316,63.5784
1176,57.3916,1099833514305,435457,317,317,63.5784
1177,57.3893,1099971429848,445272,146,146,70.6489
1178,57.3769,1099664370907,449935,94,94,72.3181
1179,57.3735,1099636411662,438904,241,241,67.1418
1180,57.3647,1099998508043,441677,221,221,67.9482
1181,57.326,1099833514306,435457,318,318,63.5784
1182,57.2779,1099636412360,438904,242,242,67.1418
1183,57.2604,1099833514307,435457,319,319,63.5784
1184,57.2583,1099998508044,441677,222,222,67.9482
1185,57.2169,1099997875972,445272,147,147,70.6489
1186,57.1946,1099833514308,435457,320,320,63.5784
1187,57.1916,1099668005533,453934,60,60,73.3496
1188,57.1825,1099636412361,438904,243,243,67.1418
1189,57.1519,1099998508045,441677,223,223,67.9482
1190,57.129,1099870481954,435457,321,321,63.5784
1191,57.0971,1099665593071,449935,95,95,72.3181
1192,57.0871,1099636412362,438904,244,244,67.1418
1193,57.0632,1099870481955,435457,322,322,63.5784
1194,57.0455,1099998508046,441677,224,224,67.9482
1195,57.0445,1099997875973,445272,148,148,70.6489
1196,56.9976,1099870481956,435457,323,323,63.5784
1197,56.9915,1099636412363,438904,245,245,67.1418
1198,56.9849,1099939338495,458168,38,38,73.9872
1199,56.9391,1099998508047,441677,225,225,67.9482
1200,56.9318,1099870481957,435457,324,324,63.5784
1201,56.8961,1099636412364,438904,246,246,67.1418
1202,56.8721,1099997875974,445272,149,149,70.6489
1203,56.8662,1099870481958,435457,325,325,63.5784
1204,56.8327,1099998508048,441677,226,226,67.9482
1205,56.8175,1099665596778,449935,96,96,72.3181
1206,56.8007,1099636414868,438904,247,247,67.1418
1207,56.8006,1099870481959,435457,326,326,63.5784
1208,56.7839,1099595898027,401767,13,13,94.6399
1209,56.737,1099668298719,453934,61,61,73.3496
1210,56.7348,1099870481960,435457,327,327,63.5784
1211,56.7263,1099998508049,441677,227,227,67.9482
1212,56.7051,1099636414869,438904,248,248,67.1418
1213,56.6997,1099997875975,445272,150,150,70.6489
1214,56.6939,1099998513042,401779,21,21,94.4899
1215,56.6692,1099870481961,435457,328,328,63.5784
1216,56.6199,1099998508050,441677,228,228,67.9482
1217,56.6097,1099636414870,438904,249,249,67.1418
1218,56.6034,1099870481962,435457,329,329,63.5784
1219,56.5477,1099998512324,401786,34,34,94.2461
1220,56.5378,1099870481963,435457,330,330,63.5784
1221,56.5377,1099665596779,449935,97,97,72.3181
1222,56.5273,1099997875976,445272,151,151,70.6489
1223,56.5143,1099636414871,438904,250,250,67.1418
1224,56.5135,1099998508051,441677,229,229,67.9482
1225,56.4722,1099870481964,435457,331,331,63.5784
1226,56.4187,1099636414872,438904,251,251,67.1418
1227,56.4071,1099998508052,441677,230,230,67.9482
1228,56.4064,1099870481965,435457,332,332,63.5784
1229,56.3549,1099997875977,445272,152,152,70.6489
1230,56.3408,1099870481966,435457,333,333,63.5784
1231,56.3233,1099636414873,438904,252,252,67.1418
1232,56.3009,1099998508053,441677,231,231,67.9482
1233,56.2826,1099668549943,453934,62,62,73.3496
1234,56.275,1099870481967,435457,334,334,63.5784
1235,56.2581,1099665596780,449935,98,98,72.3181
1236,56.2441,1099951264545,458168,39,39,73.9872
1237,56.2279,1099636416957,438904,253,253,67.1418
1238,56.2094,1099870481968,435457,335,335,63.5784
1239,56.1945,1099998508054,441677,232,232,67.9482
1240,56.1825,1099997875978,445272,153,153,70.6489
1241,56.1438,1099870481969,435457,336,336,63.5784
1242,56.1323,1099636421512,438904,254,254,67.1418
1243,56.0881,1099998508055,441677,233,233,67.9482
1244,56.078,1099870481970,435457,337,337,63.5784
1245,56.0369,1099636423852,438904,255,255,67.1418
1246,56.0124,1099870481971,435457,338,338,63.5784
1247,56.0099,1099997875979,445272,154,154,70.6489
1248,55.9817,1099998508056,441677,234,234,67.9482
1249,55.9783,1099665596781,449935,99,99,72.3181
1250,55.9466,1099870481972,435457,339,339,63.5784
1251,55.9415,1099636424599,438904,256,256,67.1418
1252,55.881,1099870481973,435457,340,340,63.5784
1253,55.8753,1099998508057,441677,235,235,67.9482
1254,55.8459,1099636425838,438904,257,257,67.1418
1255,55.8375,1099997875980,445272,155,155,70.6489
1256,55.828,1099668733770,453934,63,63,73.3496
1257,55.8154,1099870481974,435457,341,341,63.5784
1258,55.7689,1099998508058,441677,236,236,67.9482
1259,55.7505,1099636426301,438904,258,258,67.1418
1260,55.7496,1099870481975,435457,342,342,63.5784
1261,55.6985,1099665618127,449935,100,100,72.3181
1262,55.684,1099870481976,435457,343,343,63.5784
1263,55.6651,1099997875981,445272,156,156,70.6489
1264,55.6625,1099998508059,441677,237,237,67.9482
1265,55.6551,1099636426302,438904,259,259,67.1418
1266,55.6182,1099870481977,435457,344,344,63.5784
1267,55.5595,1099636426303,438904,260,260,67.1418
1268,55.5561,1099998508060,441677,238,238,67.9482
1269,55.5526,1099870481978,435457,345,345,63.5784
1270,55.5035,1099997876377,458168,40,40,73.9872
1271,55.4927,1099997875982,445272,157,157,70.6489
1272,55.487,1099870481979,435457,346,346,63.5784
1273,55.4641,1099636429397,438904,261,261,67.1418
1274,55.4497,1099998508061,441677,239,239,67.9482
1275,55.4212,1099870481980,435457,347,347,63.5784
1276,55.4189,1099665618128,449935,101,101,72.3181
1277,55.3734,1099678894074,453934,64,64,73.3496
1278,55.3687,1099636429398,438904,262,262,67.1418
1279,55.3556,1099870481981,435457,348,348,63.5784
1280,55.3433,1099998508062,441677,240,240,67.9482
1281,55.3203,1099997875983,445272,158,158,70.6489
1282,55.2898,1099870481982,435457,349,349,63.5784
1283,55.2731,1099636429399,438904,263,263,67.1418
1284,55.2369,1099998508063,441677,241,241,67.9482
1285,55.2242,1099870481983,435457,350,350,63.5784
1286,55.1777,1099636429400,438904,264,264,67.1418
1287,55.1584,1099870481984,435457,351,351,63.5784
1288,55.1479,1099997875984,445272,159,159,70.6489
1289,55.1391,1099665742244,449935,102,102,72.3181
1290,55.1307,1099998508064,441677,242,242,67.9482
1291,55.0928,1099870481985,435457,352,352,63.5784
1292,55.0823,1099636429401,438904,265,265,67.1418
1293,55.0272,1099870481986,435457,353,353,63.5784
1294,55.0243,1099998508065,441677,243,243,67.9482
1295,54.9867,1099636429402,438904,266,266,67.1418
1296,54.9755,1099997875985,445272,160,160,70.6489
1297,54.9614,1099870481987,435457,354,354,63.5784
1298,54.9188,1099680289905,453934,65,65,73.3496
1299,54.9179,1099998508066,441677,244,244,67.9482
1300,54.8958,1099870481988,435457,355,355,63.5784
1301,54.8913,1099636429403,438904,267,267,67.1418
1302,54.8595,1099665742245,449935,103,103,72.3181
1303,54.83,1099870481989,435457,356,356,63.5784
1304,54.8115,1099998508093,441677,245,245,67.9482
1305,54.8031,1099997875986,445272,161,161,70.6489
1306,54.7959,1099636429404,438904,268,268,67.1418
1307,54.7644,1099870481990,435457,357,357,63.5784
1308,54.7627,1099997876378,458168,41,41,73.9872
1309,54.7051,1099998508094,441677,246,246,67.9482
1310,54.7003,1099636429405,438904,269,269,67.1418
1311,54.6988,1099870481991,435457,358,358,63.5784
1312,54.633,1099870481992,435457,359,359,63.5784
1313,54.6307,1099997875987,445272,162,162,70.6489
1314,54.6049,1099636429406,438904,270,270,67.1418
1315,54.5987,1099998508095,441677,247,247,67.9482
1316,54.5797,1099666206984,449935,104,104,72.3181
1317,54.5674,1099870481993,435457,360,360,63.5784
1318,54.5095,1099636429407,438904,271,271,67.1418
1319,54.5016,1099870481994,435457,361,361,63.5784
1320,54.4923,1099998508096,441677,248,248,67.9482
1321,54.4644,1099680524134,453934,66,66,73.3496
1322,54.4583,1099997875988,445272,163,163,70.6489
1323,54.436,1099870481995,435457,362,362,63.5784
1324,54.4139,1099636429408,438904,272,272,67.1418
1325,54.3859,1099998508097,441677,249,249,67.9482
1326,54.3704,1099870481996,435457,363,363,63.5784
1327,54.3185,1099636429409,438904,273,273,67.1418
1328,54.3046,1099870481997,435457,364,364,63.5784
1329,54.2999,1099666530323,449935,105,105,72.3181
1330,54.2859,1099997875989,445272,164,164,70.6489
1331,54.2795,1099998508098,441677,250,250,67.9482
1332,54.239,1099870481998,435457,365,365,63.5784
1333,54.2231,1099636429410,438904,274,274,67.1418
1334,54.1732,1099870481999,435457,366,366,63.5784
1335,54.1731,1099998508099,441677,251,251,67.9482
1336,54.1275,1099636429411,438904,275,275,67.1418
1337,54.1135,1099997875990,445272,165,165,70.6489
1338,54.1076,1099870482000,435457,367,367,63.5784
1339,54.0667,1099998508100,441677,252,252,67.9482
1340,54.042,1099870482001,435457,368,368,63.5784
1341,54.0321,1099636429412,438904,276,276,67.1418
1342,54.0219,1099997876379,458168,42,42,73.9872
1343,54.0203,1099667569736,449935,106,106,72.3181
1344,54.0098,1099684503781,453934,67,67,73.3496
1345,53.9762,1099870482002,435457,369,369,63.5784
1346,53.9603,1099998508101,441677,253,253,67.9482
1347,53.9411,1099997875991,445272,166,166,70.6489
1348,53.9367,1099636429413,438904,277,277,67.1418
1349,53.9106,1099870482003,435457,370,370,63.5784
1350,53.8541,1099998508102,441677,254,254,67.9482
1351,53.8448,1099925434851,435457,371,371,63.5784
1352,53.8411,1099636429414,438904,278,278,67.1418
1353,53.7792,1099925434855,435457,372,372,63.5784
1354,53.7687,1099997875992,445272,167,167,70.6489
1355,53.7477,1099998508103,441677,255,255,67.9482
1356,53.7457,1099636429415,438904,279,279,67.1418
1357,53.7405,1099667756763,449935,107,107,72.3181
1358,53.7136,1099925497460,435457,373,373,63.5784
1359,53.6503,1099636429416,438904,280,280,67.1418
1360,53.6478,1099925497461,435457,374,374,63.5784
1361,53.6413,1099998508104,441677,256,256,67.9482
1362,53.5961,1099997875993,445272,168,168,70.6489
1363,53.5822,1099925497511,435457,375,375,63.5784
1364,53.5552,1099705187990,453934,68,68,73.3496
1365,53.5547,1099636429425,438904,281,281,67.1418
1366,53.5349,1099998508105,441677,257,257,67.9482
1367,53.5164,1099925497517,435457,376,376,63.5784
1368,53.4609,1099675183184,449935,108,108,72.3181
1369,53.4593,1099636430138,438904,282,282,67.1418
1370,53.4508,1099925497618,435457,377,377,63.5784
1371,53.4285,1099998508106,441677,258,258,67.9482
1372,53.4237,1099997875994,445272,169,169,70.6489
1373,53.385,1099925497676,435457,378,378,63.5784
1374,53.3639,1099636433526,438904,283,283,67.1418
1375,53.3221,1099998508107,441677,259,259,67.9482
1376,53.3194,1099926140048,435457,379,379,63.5784
1377,53.2811,1099997876380,458168,43,43,73.9872
1378,53.2683,1099636433824,438904,284,284,67.1418
1379,53.2538,1099926141106,435457,380,380,63.5784
1380,53.2513,1099997875995,445272,170,170,70.6489
1381,53.2157,1099998508108,441677,260,260,67.9482
1382,53.188,1099926141251,435457,381,381,63.5784
1383,53.1811,1099680508494,449935,109,109,72.3181
1384,53.1729,1099636441439,438904,285,285,67.1418
1385,53.1224,1099931219183,435457,382,382,63.5784
1386,53.1093,1099998508109,441677,261,261,67.9482
1387,53.1008,1099707041652,453934,69,69,73.3496
1388,53.0789,1099997875996,445272,171,171,70.6489
1389,53.0775,1099636441440,438904,286,286,67.1418
1390,53.0566,1099931219184,435457,383,383,63.5784
1391,53.0029,1099998508110,441677,262,262,67.9482
1392,52.991,1099931219185,435457,384,384,63.5784
1393,52.9819,1099636441441,438904,287,287,67.1418
1394,52.9254,1099931219186,435457,385,385,63.5784
1395,52.9065,1099997875997,445272,172,172,70.6489
1396,52.9013,1099698516616,449935,110,110,72.3181
1397,52.8965,1099998508111,441677,263,263,67.9482
1398,52.8865,1099636445387,438904,288,288,67.1418
1399,52.8596,1099931219187,435457,386,386,63.5784
1400,52.794,1099931219188,435457,387,387,63.5784
1401,52.7911,1099636445388,438904,289,289,67.1418
1402,52.7901,1099998508112,441677,264,264,67.9482
1403,52.7341,1099997875998,445272,173,173,70.6489
1404,52.7282,1099931219189,435457,388,388,63.5784
1405,52.6957,1099636445389,438904,290,290,67.1418
1406,52.6837,1099998508113,441677,265,265,67.9482
1407,52.6626,1099931219190,435457,389,389,63.5784
1408,52.6462,1099788222389,453934,70,70,73.3496
1409,52.6217,1099705186404,449935,111,111,72.3181
1410,52.6001,1099636445682,438904,291,291,67.1418
1411,52.597,1099931219191,435457,390,390,63.5784
1412,52.5775,1099998508114,441677,266,266,67.9482
1413,52.5617,1099997875999,445272,174,174,70.6489
1414,52.5405,1099997876381,458168,44,44,73.9872
1415,52.5312,1099931219192,435457,391,391,63.5784
1416,52.5047,1099636445683,438904,292,292,67.1418
1417,52.4711,1099998508115,441677,267,267,67.9482
1418,52.4656,1099931219193,435457,392,392,63.5784
1419,52.4093,1099636445684,438904,293,293,67.1418
1420,52.3998,1099931219194,435457,393,393,63.5784
1421,52.3893,1099997876000,445272,175,175,70.6489
1422,52.3647,1099998508116,441677,268,268,67.9482
1423,52.3419,1099706974719,449935,112,112,72.3181
1424,52.3342,1099931219195,435457,394,394,63.5784
1425,52.3137,1099636457194,438904,294,294,67.1418
1426,52.2686,1099931219196,435457,395,395,63.5784
1427,52.2583,1099998508117,441677,269,269,67.9482
1428,52.2183,1099636457195,438904,295,295,67.1418
1429,52.2169,1099997876001,445272,176,176,70.6489
1430,52.2028,1099931219197,435457,396,396,63.5784
1431,52.1916,1099809649217,453934,71,71,73.3496
1432,52.1519,1099998508118,441677,270,270,67.9482
1433,52.1372,1099931219198,435457,397,397,63.5784
1434,52.1229,1099636457196,438904,296,296,67.1418
1435,52.0714,1099931219199,435457,398,398,63.5784
1436,52.0623,1099706974720,449935,113,113,72.3181
1437,52.0455,1099998508119,441677,271,271,67.9482
1438,52.0445,1099997876002,445272,177,177,70.6489
1439,52.0273,1099636457197,438904,297,297,67.1418
1440,52.0058,1099931219200,435457,399,399,63.5784
1441,51.9402,1099931219201,435457,400,400,63.5784
1442,51.9391,1099998508120,441677,272,272,67.9482
1443,51.9319,1099636457198,438904,298,298,67.1418
1444,51.8744,1099931219202,435457,401,401,63.5784
1445,51.8721,1099997876003,445272,178,178,70.6489
1446,51.8365,1099636458498,438904,299,299,67.1418
1447,51.8327,1099998508121,441677,273,273,67.9482
1448,51.8088,1099931219203,435457,402,402,63.5784
1449,51.7997,1099997876382,458168,45,45,73.9872
1450,51.7825,1099711179070,449935,114,114,72.3181
1451,51.743,1099931219204,435457,403,403,63.5784
1452,51.7409,1099636463787,438904,300,300,67.1418
1453,51.737,1099812062167,453934,72,72,73.3496
1454,51.7263,1099998508122,441677,274,274,67.9482
1455,51.6997,1099997876004,445272,179,179,70.6489
1456,51.6774,1099931219205,435457,404,404,63.5784
1457,51.6455,1099636463788,438904,301,301,67.1418
1458,51.6199,1099998508123,441677,275,275,67.9482
1459,51.6116,1099931219206,435457,405,405,63.5784
1460,51.5501,1099636463789,438904,302,302,67.1418
1461,51.546,1099931219207,435457,406,406,63.5784
1462,51.5273,1099997876005,445272,180,180,70.6489
1463,51.5135,1099998508124,441677,276,276,67.9482
1464,51.5027,1099711179071,449935,115,115,72.3181
1465,51.4804,1099931219208,435457,407,407,63.5784
1466,51.4545,1099636469034,438904,303,303,67.1418
1467,51.4146,1099931219209,435457,408,408,63.5784
1468,51.4071,1099998508125,441677,277,277,67.9482
1469,51.3591,1099636469035,438904,304,304,67.1418
1470,51.3549,1099997876006,445272,181,181,70.6489
1471,51.349,1099931219210,435457,409,409,63.5784
1472,51.3009,1099998508126,441677,278,278,67.9482
1473,51.2832,1099931219211,435457,410,410,63.5784
1474,51.2826,1099812097702,453934,73,73,73.3496
1475,51.2637,1099636469036,438904,305,305,67.1418
1476,51.2231,1099805665282,449935,116,116,72.3181
1477,51.2176,1099931219212,435457,411,411,63.5784
1478,51.1945,1099998508127,441677,279,279,67.9482
1479,51.1825,1099997876007,445272,182,182,70.6489
1480,51.1681,1099636469037,438904,306,306,67.1418
1481,51.152,1099931219213,435457,412,412,63.5784
1482,51.0881,1099998508128,441677,280,280,67.9482
1483,51.0862,1099931219214,435457,413,413,63.5784
1484,51.0727,1099636469038,438904,307,307,67.1418
1485,51.0589,1099997876383,458168,46,46,73.9872
1486,51.0206,1099931219215,435457,414,414,63.5784
1487,51.0099,1099997876008,445272,183,183,70.6489
1488,50.9817,1099998508129,441677,281,281,67.9482
1489,50.9773,1099636469841,438904,308,308,67.1418
1490,50.9548,1099931219216,435457,415,415,63.5784
1491,50.9433,1099805697935,449935,117,117,72.3181
1492,50.8892,1099931219217,435457,416,416,63.5784
1493,50.8817,1099636469842,438904,309,309,67.1418
1494,50.8753,1099998508130,441677,282,282,67.9482
1495,50.8375,1099997876009,445272,184,184,70.6489
1496,50.828,1099812097703,453934,74,74,73.3496
1497,50.8236,1099931219218,435457,417,417,63.5784
1498,50.7863,1099636469843,438904,310,310,67.1418
1499,50.7689,1099998508131,441677,283,283,67.9482
1500,50.7578,1099931219219,435457,418,418,63.5784
1501,50.6922,1099931219220,435457,419,419,63.5784
1502,50.6909,1099636483419,438904,311,311,67.1418
1503,50.6651,1099997876010,445272,185,185,70.6489
1504,50.6637,1099805697936,449935,118,118,72.3181
1505,50.6625,1099998508132,441677,284,284,67.9482
1506,50.6264,1099931219221,435457,420,420,63.5784
1507,50.5953,1099636483420,438904,312,312,67.1418
1508,50.5608,1099931219222,435457,421,421,63.5784
1509,50.5561,1099998508133,441677,285,285,67.9482
1510,50.4999,1099636483421,438904,313,313,67.1418
1511,50.4952,1099931219223,435457,422,422,63.5784
1512,50.4927,1099997876011,445272,186,186,70.6489
1513,50.4497,1099998508134,441677,286,286,67.9482
1514,50.4294,1099931219224,435457,423,423,63.5784
1515,50.4045,1099636483422,438904,314,314,67.1418
1516,50.3839,1099805697937,449935,119,119,72.3181
1517,50.3734,1099812097704,453934,75,75,73.3496
1518,50.3638,1099931219225,435457,424,424,63.5784
1519,50.3433,1099998508135,441677,287,287,67.9482
1520,50.3203,1099997876012,445272,187,187,70.6489
1521,50.3183,1099997876384,458168,47,47,73.9872
1522,50.3089,1099636483423,438904,315,315,67.1418
1523,50.298,1099931219226,435457,425,425,63.5784
1524,50.2369,1099998508136,441677,288,288,67.9482
1525,50.2324,1099931219227,435457,426,426,63.5784
1526,50.2135,1099636483424,438904,316,316,67.1418
1527,50.1668,1099931219228,435457,427,427,63.5784
1528,50.1479,1099997876013,445272,188,188,70.6489
1529,50.1307,1099998508137,441677,289,289,67.9482
1530,50.1181,1099636483425,438904,317,317,67.1418
1531,50.1041,1099805697938,449935,120,120,72.3181
1532,50.101,1099931219229,435457,428,428,63.5784
1533,50.0354,1099931219230,435457,429,429,63.5784
1534,50.0243,1099998508138,441677,290,290,67.9482
1535,50.0225,1099636483426,438904,318,318,67.1418
1536,49.9755,1099997876014,445272,189,189,70.6489
1537,49.9696,1099931219231,435457,430,430,63.5784
1538,49.9271,1099636483427,438904,319,319,67.1418
1539,49.9188,1099815082341,453934,76,76,73.3496
1540,49.9179,1099998508139,441677,291,291,67.9482
1541,49.904,1099931219232,435457,431,431,63.5784
1542,49.8382,1099931392768,435457,432,432,63.5784
1543,49.8317,1099636483428,438904,320,320,67.1418
1544,49.8245,1099805697939,449935,121,121,72.3181
1545,49.8115,1099998508140,441677,292,292,67.9482
1546,49.8031,1099997876015,445272,190,190,70.6489
1547,49.7726,1099931405630,435457,433,433,63.5784
1548,49.7361,1099636483429,438904,321,321,67.1418
1549,49.707,1099932303464,435457,434,434,63.5784
1550,49.7051,1099998508141,441677,293,293,67.9482
1551,49.6412,1099932431340,435457,435,435,63.5784
1552,49.6407,1099636483430,438904,322,322,67.1418
1553,49.6307,1099997876016,445272,191,191,70.6489
1554,49.5987,1099998508142,441677,294,294,67.9482
1555,49.5775,1099997876385,458168,48,48,73.9872
1556,49.5756,1099932431409,435457,436,436,63.5784
1557,49.5453,1099636483431,438904,323,323,67.1418
1558,49.5447,1099805699287,449935,122,122,72.3181
1559,49.5098,1099935182260,435457,437,437,63.5784
1560,49.4923,1099998508148,441677,295,295,67.9482
1561,49.4644,1099818926522,453934,77,77,73.3496
1562,49.4583,1099997876017,445272,192,192,70.6489
1563,49.4497,1099636483432,438904,324,324,67.1418
1564,49.4442,1099937820363,435457,438,438,63.5784
1565,49.3859,1099998508149,441677,296,296,67.9482
1566,49.3786,1099937820364,435457,439,439,63.5784
1567,49.3543,1099636483433,438904,325,325,67.1418
1568,49.3128,1099937820366,435457,440,440,63.5784
1569,49.2859,1099997876018,445272,193,193,70.6489
1570,49.2795,1099998508150,441677,297,297,67.9482
1571,49.2651,1099805699288,449935,123,123,72.3181
1572,49.2589,1099636483434,438904,326,326,67.1418
1573,49.2472,1099937820371,435457,441,441,63.5784
1574,49.1814,1099937848551,435457,442,442,63.5784
1575,49.1731,1099998508151,441677,298,298,67.9482
1576,49.1633,1099636483435,438904,327,327,67.1418
1577,49.1158,1099937848557,435457,443,443,63.5784
1578,49.1135,1099997876019,445272,194,194,70.6489
1579,49.0679,1099636500594,438904,328,328,67.1418
1580,49.0667,1099998508152,441677,299,299,67.9482
1581,49.0502,1099937849368,435457,444,444,63.5784
1582,49.0098,1099819067610,453934,78,78,73.3496
1583,48.9853,1099805699289,449935,124,124,72.3181
1584,48.9844,1099937849390,435457,445,445,63.5784
1585,48.9725,1099636502986,438904,329,329,67.1418
1586,48.9603,1099998508153,441677,300,300,67.9482
1587,48.9411,1099997876020,445272,195,195,70.6489
1588,48.9188,1099937849720,435457,446,446,63.5784
1589,48.8769,1099636529534,438904,330,330,67.1418
1590,48.8541,1099998508154,441677,301,301,67.9482
1591,48.853,1099938801548,435457,447,447,63.5784
1592,48.8367,1099997876386,458168,49,49,73.9872
1593,48.7874,1099938948294,435457,448,448,63.5784
1594,48.7815,1099636543042,438904,331,331,67.1418
1595,48.7687,1099997876021,445272,196,196,70.6489
1596,48.7477,1099998508155,441677,302,302,67.9482
1597,48.7218,1099951264658,435457,449,449,63.5784
1598,48.7055,1099805699290,449935,125,125,72.3181
1599,48.6861,1099636580238,438904,332,332,67.1418
1600,48.656,1099973207534,435457,450,450,63.5784
1601,48.6413,1099998508156,441677,303,303,67.9482
1602,48.5961,1099998509524,445272,197,197,70.6489
1603,48.5905,1099636580379,438904,333,333,67.1418
1604,48.5904,1099973207538,435457,451,451,63.5784
1605,48.5552,1099819104851,453934,79,79,73.3496
1606,48.5349,1099998508157,441677,304,304,67.9482
1607,48.5246,1099973207542,435457,452,452,63.5784
1608,48.4951,1099636580380,438904,334,334,67.1418
1609,48.459,1099973556260,435457,453,453,63.5784
1610,48.4285,1099998508158,441677,305,305,67.9482
1611,48.4259,1099805699291,449935,126,126,72.3181
1612,48.4237,1099998509525,445272,198,198,70.6489
1613,48.3997,1099636580381,438904,335,335,67.1418
1614,48.3934,1099975488963,435457,454,454,63.5784
1615,48.3276,1099997874110,435457,455,455,63.5784
1616,48.3221,1099998508159,441677,306,306,67.9482
1617,48.3041,1099636593554,438904,336,336,67.1418
1618,48.262,1099997874111,435457,456,456,63.5784
1619,48.2513,1099998509526,445272,199,199,70.6489
1620,48.2157,1099998508160,441677,307,307,67.9482
1621,48.2087,1099636629731,438904,337,337,67.1418
1622,48.1962,1099997874112,435457,457,457,63.5784
1623,48.1461,1099805751427,449935,127,127,72.3181
1624,48.1306,1099997874113,435457,458,458,63.5784
1625,48.1133,1099636629732,438904,338,338,67.1418
1626,48.1093,1099998508161,441677,308,308,67.9482
1627,48.1008,1099819526032,453934,80,80,73.3496
1628,48.0961,1099997876387,458168,50,50,73.9872
1629,48.0789,1099998509527,445272,200,200,70.6489
1630,48.0648,1099997874114,435457,459,459,63.5784
1631,48.0177,1099636675151,438904,339,339,67.1418
1632,48.0029,1099998508162,441677,309,309,67.9482
1633,47.9992,1099997874115,435457,460,460,63.5784
1634,47.9336,1099997874116,435457,461,461,63.5784
1635,47.9223,1099636675152,438904,340,340,67.1418
1636,47.9065,1099998509528,445272,201,201,70.6489
1637,47.8965,1099998508163,441677,310,310,67.9482
1638,47.8678,1099997874117,435457,462,462,63.5784
1639,47.8665,1099805751428,449935,128,128,72.3181
1640,47.8269,1099636680433,438904,341,341,67.1418
1641,47.8022,1099997874118,435457,463,463,63.5784
1642,47.7901,1099998508164,441677,311,311,67.9482
1643,47.7364,1099997874119,435457,464,464,63.5784
1644,47.7341,1099998509529,445272,202,202,70.6489
1645,47.7315,1099636697679,438904,342,342,67.1418
1646,47.6837,1099998508165,441677,312,312,67.9482
1647,47.6708,1099997874120,435457,465,465,63.5784
1648,47.6462,1099825711399,453934,81,81,73.3496
1649,47.6359,1099636698832,438904,343,343,67.1418
1650,47.6052,1099997874121,435457,466,466,63.5784
1651,47.5867,1099805985474,449935,129,129,72.3181
1652,47.5775,1099998508166,441677,313,313,67.9482
1653,47.5617,1099998509530,445272,203,203,70.6489
1654,47.5405,1099636710726,438904,344,344,67.1418
1655,47.5394,1099997874122,435457,467,467,63.5784
1656,47.4738,1099997874123,435457,468,468,63.5784
1657,47.4711,1099998508167,441677,314,314,67.9482
1658,47.4451,1099636717058,438904,345,345,67.1418
1659,47.408,1099997874124,435457,469,469,63.5784
1660,47.3893,1099998509531,445272,204,204,70.6489
1661,47.3647,1099998508168,441677,315,315,67.9482
1662,47.3553,1099998509501,458168,51,51,73.9872
1663,47.3495,1099636717593,438904,346,346,67.1418
1664,47.3424,1099997874125,435457,470,470,63.5784
1665,47.3069,1099805985518,449935,130,130,72.3181
1666,47.2768,1099997874126,435457,471,471,63.5784
1667,47.2583,1099998508169,441677,316,316,67.9482
1668,47.2541,1099636717594,438904,347,347,67.1418
1669,47.2169,1099998509532,445272,205,205,70.6489
1670,47.211,1099997874127,435457,472,472,63.5784
1671,47.1916,1099872086425,453934,82,82,73.3496
1672,47.1587,1099636717595,438904,348,348,67.1418
1673,47.1519,1099998508170,441677,317,317,67.9482
1674,47.1454,1099997874128,435457,473,473,63.5784
1675,47.0796,1099997874129,435457,474,474,63.5784
1676,47.0631,1099636763548,438904,349,349,67.1418
1677,47.0455,1099998508171,441677,318,318,67.9482
1678,47.0445,1099998509533,445272,206,206,70.6489
1679,47.0273,1099806039910,449935,131,131,72.3181
1680,47.014,1099997874130,435457,475,475,63.5784
1681,46.9677,1099636764004,438904,350,350,67.1418
1682,46.9484,1099997874131,435457,476,476,63.5784
1683,46.9391,1099998508172,441677,319,319,67.9482
1684,46.8826,1099997874132,435457,477,477,63.5784
1685,46.8723,1099636764966,438904,351,351,67.1418
1686,46.8721,1099998509534,445272,207,207,70.6489
1687,46.8327,1099998508173,441677,320,320,67.9482
1688,46.817,1099997874133,435457,478,478,63.5784
1689,46.7767,1099636796666,438904,352,352,67.1418
1690,46.7512,1099997874134,435457,479,479,63.5784
1691,46.7475,1099806045632,449935,132,132,72.3181
1692,46.737,1099925434577,453934,83,83,73.3496
1693,46.7263,1099998508174,441677,321,321,67.9482
1694,46.6997,1099998509535,445272,208,208,70.6489
1695,46.6856,1099997874135,435457,480,480,63.5784
1696,46.6813,1099636796667,438904,353,353,67.1418
1697,46.62,1099997874136,435457,481,481,63.5784
1698,46.6199,1099998508175,441677,322,322,67.9482
1699,46.6145,1099998509502,458168,52,52,73.9872
1700,46.5859,1099636796668,438904,354,354,67.1418
1701,46.5542,1099997874137,435457,482,482,63.5784
1702,46.5273,1099998509536,445272,209,209,70.6489
1703,46.5135,1099998508176,441677,323,323,67.9482
1704,46.4903,1099636802763,438904,355,355,67.1418
1705,46.4886,1099997874138,435457,483,483,63.5784
1706,46.4679,1099812097780,449935,133,133,72.3181
1707,46.4228,1099997874139,435457,484,484,63.5784
1708,46.4071,1099998508177,441677,324,324,67.9482
1709,46.3949,1099636890884,438904,356,356,67.1418
1710,46.3572,1099997874140,435457,485,485,63.5784
1711,46.3549,1099998509537,445272,210,210,70.6489
1712,46.3009,1099998508178,441677,325,325,67.9482
1713,46.2995,1099636919170,438904,357,357,67.1418
1714,46.2914,1099997874141,435457,486,486,63.5784
1715,46.2826,1099925434581,453934,84,84,73.3496
1716,46.2258,1099997874142,435457,487,487,63.5784
1717,46.2039,1099636929452,438904,358,358,67.1418
1718,46.1945,1099998508179,441677,326,326,67.9482
1719,46.1881,1099812097781,449935,134,134,72.3181
1720,46.1825,1099998509538,445272,211,211,70.6489
1721,46.1602,1099997874143,435457,488,488,63.5784
1722,46.1085,1099636930124,438904,359,359,67.1418
1723,46.0944,1099997874144,435457,489,489,63.5784
1724,46.0881,1099998508180,441677,327,327,67.9482
1725,46.0288,1099997874145,435457,490,490,63.5784
1726,46.0131,1099637124888,438904,360,360,67.1418
1727,46.0099,1099998509539,445272,212,212,70.6489
1728,45.9817,1099998508181,441677,328,328,67.9482
1729,45.963,1099997874146,435457,491,491,63.5784
1730,45.9175,1099637152271,438904,361,361,67.1418
1731,45.9083,1099812449382,449935,135,135,72.3181
1732,45.8974,1099997874147,435457,492,492,63.5784
1733,45.8753,1099998508182,441677,329,329,67.9482
1734,45.8737,1099998509503,458168,53,53,73.9872
1735,45.8375,1099998509540,445272,213,213,70.6489
1736,45.8318,1099997874148,435457,493,493,63.5784
1737,45.828,1099925497723,453934,85,85,73.3496
1738,45.8221,1099637152272,438904,362,362,67.1418
1739,45.7689,1099998508183,441677,330,330,67.9482
1740,45.766,1099997874149,435457,494,494,63.5784
1741,45.7267,1099637231839,438904,363,363,67.1418
1742,45.7004,1099997874150,435457,495,495,63.5784
1743,45.6651,1099998509541,445272,214,214,70.6489
1744,45.6625,1099998508184,441677,331,331,67.9482
1745,45.6346,1099997874151,435457,496,496,63.5784
1746,45.6311,1099637252943,438904,364,364,67.1418
1747,45.6287,1099812452240,449935,136,136,72.3181
1748,45.569,1099997874152,435457,497,497,63.5784
1749,45.5561,1099998508185,441677,332,332,67.9482
1750,45.5357,1099637255564,438904,365,365,67.1418
1751,45.5034,1099997874153,435457,498,498,63.5784
1752,45.4927,1099998509542,445272,215,215,70.6489
1753,45.4497,1099998508186,441677,333,333,67.9482
1754,45.4403,1099637281073,438904,366,366,67.1418
1755,45.4376,1099997874154,435457,499,499,63.5784
1756,45.3734,1099925497792,453934,86,86,73.3496
1757,45.372,1099997874155,435457,500,500,63.5784
1758,45.3489,1099812452241,449935,137,137,72.3181
1759,45.3447,1099637281074,438904,367,367,67.1418
1760,45.3433,1099998508187,441677,334,334,67.9482
1761,45.3203,1099998509543,445272,216,216,70.6489
1762,45.3062,1099997874156,435457,501,501,63.5784
1763,45.2493,1099637281075,438904,368,368,67.1418
1764,45.2406,1099997874157,435457,502,502,63.5784
1765,45.2369,1099998508188,441677,335,335,67.9482
1766,45.175,1099997874158,435457,503,503,63.5784
1767,45.1539,1099637281307,438904,369,369,67.1418
1768,45.1479,1099998509544,445272,217,217,70.6489
1769,45.1331,1099998509504,458168,54,54,73.9872
1770,45.1307,1099998508189,441677,336,336,67.9482
1771,45.1092,1099997874159,435457,504,504,63.5784
1772,45.0693,1099815082549,449935,138,138,72.3181
1773,45.0583,1099637349170,438904,370,370,67.1418
1774,45.0436,1099997876939,435457,505,505,63.5784
1775,45.0243,1099998508190,441677,337,337,67.9482
1776,44.9778,1099997876940,435457,506,506,63.5784
1777,44.9755,1099998509545,445272,218,218,70.6489
1778,44.9629,1099637349171,438904,371,371,67.1418
1779,44.9188,1099931219594,453934,87,87,73.3496
1780,44.9179,1099998508191,441677,338,338,67.9482
1781,44.9122,1099997876941,435457,507,507,63.5784
1782,44.8675,1099637349172,438904,372,372,67.1418
1783,44.8466,1099997876942,435457,508,508,63.5784
1784,44.8115,1099998508192,441677,339,339,67.9482
1785,44.8031,1099998509546,445272,219,219,70.6489
1786,44.7895,1099818785392,449935,139,139,72.3181
1787,44.7808,1099997876943,435457,509,509,63.5784
1788,44.7719,1099637349173,438904,373,373,67.1418
1789,44.7152,1099997876944,435457,510,510,63.5784
1790,44.7051,1099998508193,441677,340,340,67.9482
1791,44.6765,1099637349174,438904,374,374,67.1418
1792,44.6494,1099997876945,435457,511,511,63.5784
1793,44.6307,1099998509547,445272,220,220,70.6489
1794,44.5987,1099998508194,441677,341,341,67.9482
1795,44.5838,1099997876946,435457,512,512,63.5784
1796,44.5811,1099637349175,438904,375,375,67.1418
1797,44.5182,1099997876947,435457,513,513,63.5784
1798,44.5097,1099819067787,449935,140,140,72.3181
1799,44.4923,1099998508195,441677,342,342,67.9482
1800,44.4855,1099637349176,438904,376,376,67.1418
1801,44.4644,1099931219595,453934,88,88,73.3496
1802,44.4583,1099998509548,445272,221,221,70.6489
1803,44.4524,1099997876948,435457,514,514,63.5784
1804,44.3923,1099998509505,458168,55,55,73.9872
1805,44.3901,1099637349177,438904,377,377,67.1418
1806,44.3868,1099997876949,435457,515,515,63.5784
1807,44.3859,1099998508196,441677,343,343,67.9482
1808,44.321,1099997876950,435457,516,516,63.5784
1809,44.2947,1099637349178,438904,378,378,67.1418
1810,44.2859,1099998509549,445272,222,222,70.6489
1811,44.2795,1099998508197,441677,344,344,67.9482
1812,44.2554,1099997876951,435457,517,517,63.5784
1813,44.2301,1099925434520,449935,141,141,72.3181
1814,44.1991,1099637349179,438904,379,379,67.1418
1815,44.1896,1099997876952,435457,518,518,63.5784
1816,44.1731,1099998509431,441677,345,345,67.9482
1817,44.124,1099997876953,435457,519,519,63.5784
1818,44.1135,1099998509550,445272,223,223,70.6489
1819,44.1037,1099637349180,438904,380,380,67.1418
1820,44.0667,1099998509432,441677,346,346,67.9482
1821,44.0584,1099997876954,435457,520,520,63.5784
1822,44.0098,1099931219596,453934,89,89,73.3496
1823,44.0083,1099637349181,438904,381,381,67.1418
1824,43.9926,1099997876955,435457,521,521,63.5784
1825,43.9603,1099998509433,441677,347,347,67.9482
1826,43.9503,1099925434530,449935,142,142,72.3181
1827,43.9411,1099998509551,445272,224,224,70.6489
1828,43.927,1099997876956,435457,522,522,63.5784
1829,43.9127,1099637349182,438904,382,382,67.1418
1830,43.8612,1099997876957,435457,523,523,63.5784
1831,43.8541,1099998509434,441677,348,348,67.9482
1832,43.8173,1099637349183,438904,383,383,67.1418
1833,43.7956,1099997876958,435457,524,524,63.5784
1834,43.7687,1099998509552,445272,225,225,70.6489
1835,43.7477,1099998509435,441677,349,349,67.9482
1836,43.73,1099997876959,435457,525,525,63.5784
1837,43.7219,1099637405638,438904,384,384,67.1418
1838,43.6707,1099925497721,449935,143,143,72.3181
1839,43.6642,1099997876960,435457,526,526,63.5784
1840,43.6413,1099998509436,441677,350,350,67.9482
1841,43.6263,1099637405639,438904,385,385,67.1418
1842,43.5986,1099997876961,435457,527,527,63.5784
1843,43.5961,1099998509553,445272,226,226,70.6489
1844,43.5349,1099998509437,441677,351,351,67.9482
1845,43.5328,1099997876962,435457,528,528,63.5784
1846,43.5309,1099637409316,438904,386,386,67.1418
1847,43.4672,1099997876963,435457,529,529,63.5784
1848,43.4355,1099637409317,438904,387,387,67.1418
1849,43.4285,1099998509438,441677,352,352,67.9482
1850,43.4237,1099998509554,445272,227,227,70.6489
1851,43.4016,1099997876964,435457,530,530,63.5784
1852,43.3909,1099925497749,449935,144,144,72.3181
1853,43.3399,1099637500822,438904,388,388,67.1418
1854,43.3358,1099997876965,435457,531,531,63.5784
1855,43.3221,1099998509439,441677,353,353,67.9482
1856,43.2702,1099997876966,435457,532,532,63.5784
1857,43.2513,1099998509555,445272,228,228,70.6489
1858,43.2445,1099637500823,438904,389,389,67.1418
1859,43.2157,1099998509440,441677,354,354,67.9482
1860,43.2044,1099997876967,435457,533,533,63.5784
1861,43.1491,1099637602186,438904,390,390,67.1418
1862,43.1388,1099997876968,435457,534,534,63.5784
1863,43.1093,1099998509441,441677,355,355,67.9482
1864,43.0789,1099998509556,445272,229,229,70.6489
1865,43.0732,1099997876969,435457,535,535,63.5784
1866,43.0535,1099637602187,438904,391,391,67.1418
1867,43.0074,1099997876970,435457,536,536,63.5784
1868,43.0029,1099998509442,441677,356,356,67.9482
1869,42.9581,1099637608117,438904,392,392,67.1418
1870,42.9418,1099997876971,435457,537,537,63.5784
1871,42.9065,1099998509557,445272,230,230,70.6489
1872,42.8965,1099998509443,441677,357,357,67.9482
1873,42.876,1099997876972,435457,538,538,63.5784
1874,42.8627,1099637611588,438904,393,393,67.1418
1875,42.8104,1099997876973,435457,539,539,63.5784
1876,42.7901,1099998509444,441677,358,358,67.9482
1877,42.7673,1099637611589,438904,394,394,67.1418
1878,42.7448,1099997876974,435457,540,540,63.5784
1879,42.7341,1099998509558,445272,231,231,70.6489
1880,42.6837,1099998509445,441677,359,359,67.9482
1881,42.679,1099997876975,435457,541,541,63.5784
1882,42.6717,1099637611590,438904,395,395,67.1418
1883,42.6134,1099997876976,435457,542,542,63.5784
1884,42.5775,1099998509446,441677,360,360,67.9482
1885,42.5763,1099637611591,438904,396,396,67.1418
1886,42.5617,1099998509559,445272,232,232,70.6489
1887,42.5476,1099997876977,435457,543,543,63.5784
1888,42.482,1099997876978,435457,544,544,63.5784
1889,42.4809,1099637611592,438904,397,397,67.1418
1890,42.4711,1099998509447,441677,361,361,67.9482
1891,42.4162,1099997876979,435457,545,545,63.5784
1892,42.3893,1099998509560,445272,233,233,70.6489
1893,42.3853,1099637620587,438904,398,398,67.1418
1894,42.3647,1099998509448,441677,362,362,67.9482
1895,42.3506,1099997876980,435457,546,546,63.5784
1896,42.2899,1099637662718,438904,399,399,67.1418
1897,42.285,1099997876981,435457,547,547,63.5784
1898,42.2583,1099998509449,441677,363,363,67.9482
1899,42.2192,1099997876982,435457,548,548,63.5784
1900,42.1945,1099637662719,438904,400,400,67.1418
1901,42.1536,1099997876983,435457,549,549,63.5784
1902,42.1519,1099998509450,441677,364,364,67.9482
1903,42.0989,1099637670186,438904,401,401,67.1418
1904,42.0878,1099997876984,435457,550,550,63.5784
1905,42.0455,1099998509451,441677,365,365,67.9482
1906,42.0222,1099997876985,435457,551,551,63.5784
1907,42.0035,1099637670187,438904,402,402,67.1418
1908,41.9566,1099997876986,435457,552,552,63.5784
1909,41.9391,1099998509452,441677,366,366,67.9482
1910,41.9081,1099637670188,438904,403,403,67.1418
1911,41.8908,1099997876987,435457,553,553,63.5784
1912,41.8327,1099998509453,441677,367,367,67.9482
1913,41.8252,1099997876988,435457,554,554,63.5784
1914,41.8125,1099637670189,438904,404,404,67.1418
1915,41.7594,1099997877684,435457,555,555,63.5784
1916,41.7263,1099998509454,441677,368,368,67.9482
1917,41.7171,1099637670190,438904,405,405,67.1418
1918,41.6938,1099997877685,435457,556,556,63.5784
1919,41.6282,1099997877686,435457,557,557,63.5784
1920,41.6217,1099637670191,438904,406,406,67.1418
1921,41.6199,1099998509455,441677,369,369,67.9482
1922,41.5624,1099997877687,435457,558,558,63.5784
1923,41.5261,1099637670192,438904,407,407,67.1418
1924,41.5135,1099998509456,441677,370,370,67.9482
1925,41.4968,1099997877688,435457,559,559,63.5784
1926,41.431,1099997877689,435457,560,560,63.5784
1927,41.4307,1099637670193,438904,408,408,67.1418
1928,41.4071,1099998509457,441677,371,371,67.9482
1929,41.3654,1099997877690,435457,561,561,63.5784
1930,41.3353,1099637670194,438904,409,409,67.1418
1931,41.3009,1099998509458,441677,372,372,67.9482
1932,41.2998,1099997877691,435457,562,562,63.5784
1933,41.2397,1099637670195,438904,410,410,67.1418
1934,41.234,1099997877692,435457,563,563,63.5784
1935,41.1945,1099998509459,441677,373,373,67.9482
1936,41.1684,1099997877693,435457,564,564,63.5784
1937,41.1443,1099637670196,438904,411,411,67.1418
1938,41.1026,1099997877694,435457,565,565,63.5784
1939,41.0881,1099998509460,441677,374,374,67.9482
1940,41.0489,1099637670197,438904,412,412,67.1418
1941,41.037,1099997877695,435457,566,566,63.5784
1942,40.9817,1099998509461,441677,375,375,67.9482
1943,40.9714,1099997877696,435457,567,567,63.5784
1944,40.9533,1099637670198,438904,413,413,67.1418
1945,40.9056,1099997877697,435457,568,568,63.5784
1946,40.8753,1099998509462,441677,376,376,67.9482
1947,40.8579,1099637670199,438904,414,414,67.1418
1948,40.84,1099997877698,435457,569,569,63.5784
1949,40.7742,1099997877699,435457,570,570,63.5784
1950,40.7689,1099998509463,441677,377,377,67.9482
1951,40.7625,1099637670200,438904,415,415,67.1418
1952,40.7086,1099997877700,435457,571,571,63.5784
1953,40.6669,1099637670201,438904,416,416,67.1418
1954,40.6428,1099997877701,435457,572,572,63.5784
1955,40.5772,1099997877702,435457,573,573,63.5784
1956,40.5715,1099637670202,438904,417,417,67.1418
1957,40.5116,1099997877703,435457,574,574,63.5784
1958,40.4761,1099637670203,438904,418,418,67.1418
1959,40.4458,1099997877704,435457,575,575,63.5784
1960,40.3805,1099637670204,438904,419,419,67.1418
1961,40.3802,1099997877705,435457,576,576,63.5784
1962,40.3144,1099997877706,435457,577,577,63.5784
1963,40.2851,1099637670205,438904,420,420,67.1418
1964,40.2488,1099997877707,435457,578,578,63.5784
1965,40.1832,1099997877708,435457,579,579,63.5784
1966,40.1174,1099997877709,435457,580,580,63.5784
1967,40.0518,1099997877710,435457,581,581,63.5784
1968,40,1099595973415,401910,1,1,0
1969,40,1099595990729,401911,1,1,0
1970,39.99,1099595973416,401910,2,2,0
1971,39.99,1099595990730,401911,2,2,0
1972,39.986,1099997877711,435457,582,582,63.5784
1973,39.98,1099595973417,401910,3,3,0
1974,39.98,1099595990731,401911,3,3,0
1975,39.97,1099595973418,401910,4,4,0
1976,39.97,1099595990732,401911,4,4,0
1977,39.96,1099595973419,401910,5,5,0
1978,39.96,1099595990733,401911,5,5,0
1979,39.95,1099595973420,401910,6,6,0
1980,39.95,1099595990734,401911,6,6,0
1981,39.94,1099595973421,401910,7,7,0
1982,39.94,1099595990735,401911,7,7,0
1983,39.93,1099595973422,401910,8,8,0
1984,39.93,1099595990736,401911,8,8,0
1985,39.9204,1099997877712,435457,583,583,63.5784
1986,39.92,1099595973423,401910,9,9,0
1987,39.92,1099595990737,401911,9,9,0
1988,39.91,1099595973424,401910,10,10,0
1989,39.91,1099595990738,401911,10,10,0
1990,39.9,1099595973425,401910,11,11,0
1991,39.9,1099595990739,401911,11,11,0
1992,39.89,1099595973426,401910,12,12,0
1993,39.89,1099595990740,401911,12,12,0
1994,39.88,1099595973427,401910,13,13,0
1995,39.88,1099595990741,401911,13,13,0
1996,39.87,1099595973428,401910,14,14,0
1997,39.87,1099595990742,401911,14,14,0
1998,39.86,1099595973429,401910,15,15,0
1999,39.86,1099595990743,401911,15,15,0
2000,39.8548,1099997877713,435457,584,584,63.5784
2001,39.85,1099595973430,401910,16,16,0
2002,39.85,1099595990744,401911,16,16,0
2003,39.84,1099595973431,401910,17,17,0
2004,39.84,1099595990745,401911,17,17,0
2005,39.83,1099595973432,401910,18,18,0
2006,39.83,1099595990746,401911,18,18,0
2007,39.82,1099595973433,401910,19,19,0
2008,39.82,1099595990747,401911,19,19,0
2009,39.81,1099595973434,401910,20,20,0
2010,39.81,1099595990748,401911,20,20,0
2011,39.8,1099595973435,401910,21,21,0
2012,39.8,1099595990749,401911,21,21,0
2013,39.79,1099595973436,401910,22,22,0
2014,39.79,1099595990750,401911,22,22,0
2015,39.789,1099997877714,435457,585,585,63.5784
2016,39.78,1099595973437,401910,23,23,0
2017,39.78,1099595990751,401911,23,23,0
2018,39.77,1099595973438,401910,24,24,0
2019,39.77,1099595990752,401911,24,24,0
2020,39.76,1099595973439,401910,25,25,0
2021,39.76,1099595990753,401911,25,25,0
2022,39.75,1099595973440,401910,26,26,0
2023,39.75,1099595990754,401911,26,26,0
2024,39.74,1099595973441,401910,27,27,0
2025,39.74,1099595990755,401911,27,27,0
2026,39.73,1099595973442,401910,28,28,0
2027,39.73,1099595990756,401911,28,28,0
2028,39.7234,1099997877715,435457,586,586,63.5784
2029,39.72,1099595973443,401910,29,29,0
2030,39.72,1099595990757,401911,29,29,0
2031,39.71,1099595973444,401910,30,30,0
2032,39.71,1099595990758,401911,30,30,0
2033,39.7,1099595973445,401910,31,31,0
2034,39.7,1099595990759,401911,31,31,0
2035,39.69,1099595973446,401910,32,32,0
2036,39.69,1099595990760,401911,32,32,0
2037,39.68,1099595973447,401910,33,33,0
2038,39.68,1099595990761,401911,33,33,0
2039,39.67,1099595973448,401910,34,34,0
2040,39.67,1099595990762,401911,34,34,0
2041,39.66,1099595973449,401910,35,35,0
2042,39.66,1099595990763,401911,35,35,0
2043,39.6576,1099997877716,435457,587,587,63.5784
2044,39.65,1099595973450,401910,36,36,0
2045,39.65,1099595990764,401911,36,36,0
2046,39.64,1099595973451,401910,37,37,0
2047,39.64,1099595990765,401911,37,37,0
2048,39.63,1099595973452,401910,38,38,0
2049,39.63,1099595990766,401911,38,38,0
2050,39.62,1099595973453,401910,39,39,0
2051,39.62,1099595990767,401911,39,39,0
2052,39.61,1099595973454,401910,40,40,0
2053,39.61,1099595990768,401911,40,40,0
2054,39.5998,1099595973455,401910,41,41,0
2055,39.5998,1099595990769,401911,41,41,0
2056,39.592,1099997877717,435457,588,588,63.5784
2057,39.5898,1099595973456,401910,42,42,0
2058,39.5898,1099595990770,401911,42,42,0
2059,39.5798,1099595973457,401910,43,43,0
2060,39.5798,1099595990771,401911,43,43,0
2061,39.5698,1099595973458,401910,44,44,0
2062,39.5698,1099595990772,401911,44,44,0
2063,39.5598,1099595973459,401910,45,45,0
2064,39.5598,1099595990773,401911,45,45,0
2065,39.5498,1099595973460,401910,46,46,0
2066,39.5498,1099595990774,401911,46,46,0
2067,39.5398,1099595973461,401910,47,47,0
2068,39.5398,1099595990775,401911,47,47,0
2069,39.5298,1099595973462,401910,48,48,0
2070,39.5298,1099595990776,401911,48,48,0
2071,39.5264,1099997877718,435457,589,589,63.5784
2072,39.5198,1099595973463,401910,49,49,0
2073,39.5198,1099595990777,401911,49,49,0
2074,39.5098,1099595973464,401910,50,50,0
2075,39.5098,1099595990778,401911,50,50,0
2076,39.4998,1099595973465,401910,51,51,0
2077,39.4998,1099595990779,401911,51,51,0
2078,39.4898,1099595973466,401910,52,52,0
2079,39.4898,1099595990780,401911,52,52,0
2080,39.4798,1099595973467,401910,53,53,0
2081,39.4798,1099595990781,401911,53,53,0
2082,39.4698,1099595973468,401910,54,54,0
2083,39.4698,1099595990782,401911,54,54,0
2084,39.4606,1099997877719,435457,590,590,63.5784
2085,39.4598,1099595973469,401910,55,55,0
2086,39.4598,1099595990783,401911,55,55,0
2087,39.4498,1099595973470,401910,56,56,0
2088,39.4498,1099595990784,401911,56,56,0
2089,39.4398,1099595973471,401910,57,57,0
2090,39.4398,1099595990785,401911,57,57,0
2091,39.4298,1099595973472,401910,58,58,0
2092,39.4298,1099595990786,401911,58,58,0
2093,39.4198,1099595973473,401910,59,59,0
2094,39.4198,1099595990787,401911,59,59,0
2095,39.4098,1099595973474,401910,60,60,0
2096,39.4098,1099595990788,401911,60,60,0
2097,39.3998,1099595973475,401910,61,61,0
2098,39.3998,1099595990789,401911,61,61,0
2099,39.395,1099997877720,435457,591,591,63.5784
2100,39.3898,1099595973476,401910,62,62,0
2101,39.3898,1099595990790,401911,62,62,0
2102,39.3798,1099595973477,401910,63,63,0
2103,39.3798,1099595990791,401911,63,63,0
2104,39.3698,1099595973478,401910,64,64,0
2105,39.3698,1099595990792,401911,64,64,0
2106,39.3598,1099595973479,401910,65,65,0
2107,39.3598,1099595990793,401911,65,65,0
2108,39.3498,1099595973480,401910,66,66,0
2109,39.3498,1099595990794,401911,66,66,0
2110,39.3398,1099595973481,401910,67,67,0
2111,39.3398,1099595990795,401911,67,67,0
2112,39.3298,1099595973482,401910,68,68,0
2113,39.3298,1099595990796,401911,68,68,0
2114,39.3292,1099997877721,435457,592,592,63.5784
2115,39.3198,1099595973483,401910,69,69,0
2116,39.3198,1099595990797,401911,69,69,0
2117,39.3098,1099595973484,401910,70,70,0
2118,39.3098,1099595990798,401911,70,70,0
2119,39.2998,1099595973485,401910,71,71,0
2120,39.2998,1099595990799,401911,71,71,0
2121,39.2898,1099595973486,401910,72,72,0
2122,39.2898,1099595990800,401911,72,72,0
2123,39.2798,1099595973487,401910,73,73,0
2124,39.2798,1099595990801,401911,73,73,0
2125,39.2698,1099595973488,401910,74,74,0
2126,39.2698,1099595990802,401911,74,74,0
2127,39.2636,1099997877722,435457,593,593,63.5784
2128,39.2598,1099595973489,401910,75,75,0
2129,39.2598,1099595990803,401911,75,75,0
2130,39.2498,1099595973490,401910,76,76,0
2131,39.2498,1099595990804,401911,76,76,0
2132,39.2398,1099595973491,401910,77,77,0
2133,39.2398,1099595990805,401911,77,77,0
2134,39.2298,1099595973492,401910,78,78,0
2135,39.2298,1099595990806,401911,78,78,0
2136,39.2198,1099595973493,401910,79,79,0
2137,39.2198,1099595990807,401911,79,79,0
2138,39.2098,1099595973494,401910,80,80,0
2139,39.2098,1099595990808,401911,80,80,0
2140,39.1998,1099595973495,401910,81,81,0
2141,39.1998,1099595990809,401911,81,81,0
2142,39.198,1099997877723,435457,594,594,63.5784
2143,39.1898,1099595973496,401910,82,82,0
2144,39.1898,1099595990810,401911,82,82,0
2145,39.1798,1099595973497,401910,83,83,0
2146,39.1798,1099595990811,401911,83,83,0
2147,39.1698,1099595973498,401910,84,84,0
2148,39.1698,1099595990812,401911,84,84,0
2149,39.1598,1099595973499,401910,85,85,0
2150,39.1598,1099595990813,401911,85,85,0
2151,39.1498,1099595973500,401910,86,86,0
2152,39.1498,1099595990814,401911,86,86,0
2153,39.1398,1099595973501,401910,87,87,0
2154,39.1398,1099595990815,401911,87,87,0
2155,39.1322,1099997877724,435457,595,595,63.5784
2156,39.1298,1099595973502,401910,88,88,0
2157,39.1298,1099595990816,401911,88,88,0
2158,39.1198,1099595973503,401910,89,89,0
2159,39.1198,1099595990817,401911,89,89,0
2160,39.1098,1099595973504,401910,90,90,0
2161,39.1098,1099595990818,401911,90,90,0
2162,39.0998,1099595973505,401910,91,91,0
2163,39.0998,1099595990819,401911,91,91,0
2164,39.0898,1099595973506,401910,92,92,0
2165,39.0898,1099595990820,401911,92,92,0
2166,39.0798,1099595973507,401910,93,93,0
2167,39.0798,1099595990821,401911,93,93,0
2168,39.0698,1099595973508,401910,94,94,0
2169,39.0698,1099595990822,401911,94,94,0
2170,39.0666,1099997877725,435457,596,596,63.5784
2171,39.0598,1099595973509,401910,95,95,0
2172,39.0598,1099595990823,401911,95,95,0
2173,39.0498,1099595973510,401910,96,96,0
2174,39.0498,1099595990824,401911,96,96,0
2175,39.0398,1099595973511,401910,97,97,0
2176,39.0398,1099595990825,401911,97,97,0
2177,39.0298,1099595973512,401910,98,98,0
2178,39.0298,1099595990826,401911,98,98,0
2179,39.0198,1099595973513,401910,99,99,0
2180,39.0198,1099595990827,401911,99,99,0
2181,39.0098,1099595973514,401910,100,100,0
2182,39.0098,1099595990828,401911,100,100,0
2183,39.0008,1099997877726,435457,597,597,63.5784
2184,38.9998,1099595973897,401910,101,101,0
2185,38.9998,1099597727754,401911,101,101,0
2186,38.9898,1099595973898,401910,102,102,0
2187,38.9898,1099597727755,401911,102,102,0
2188,38.9798,1099595973899,401910,103,103,0
2189,38.9798,1099597727756,401911,103,103,0
2190,38.9698,1099595973900,401910,104,104,0
2191,38.9698,1099597727757,401911,104,104,0
2192,38.9598,1099595973901,401910,105,105,0
2193,38.9598,1099597727758,401911,105,105,0
2194,38.9498,1099595973902,401910,106,106,0
2195,38.9498,1099597727759,401911,106,106,0
2196,38.9398,1099595973903,401910,107,107,0
2197,38.9398,1099597727760,401911,107,107,0
2198,38.9352,1099997877727,435457,598,598,63.5784
2199,38.9298,1099595973904,401910,108,108,0
2200,38.9298,1099597727761,401911,108,108,0
2201,38.9198,1099595973905,401910,109,109,0
2202,38.9198,1099597727762,401911,109,109,0
2203,38.9098,1099595973906,401910,110,110,0
2204,38.9098,1099597727763,401911,110,110,0
2205,38.8998,1099595973907,401910,111,111,0
2206,38.8998,1099597727764,401911,111,111,0
2207,38.8898,1099595973908,401910,112,112,0
2208,38.8898,1099597727765,401911,112,112,0
2209,38.8798,1099595973909,401910,113,113,0
2210,38.8798,1099597727766,401911,113,113,0
2211,38.8698,1099595973910,401910,114,114,0
2212,38.8698,1099597727767,401911,114,114,0
2213,38.8694,1099997877728,435457,599,599,63.5784
2214,38.8598,1099595973911,401910,115,115,0
2215,38.8598,1099597727768,401911,115,115,0
2216,38.8498,1099595973912,401910,116,116,0
2217,38.8498,1099597727769,401911,116,116,0
2218,38.8398,1099595973913,401910,117,117,0
2219,38.8398,1099597727770,401911,117,117,0
2220,38.8298,1099595973914,401910,118,118,0
2221,38.8298,1099597727771,401911,118,118,0
2222,38.8198,1099595973915,401910,119,119,0
2223,38.8198,1099597727772,401911,119,119,0
2224,38.8098,1099595973916,401910,120,120,0
2225,38.8098,1099597727773,401911,120,120,0
2226,38.8038,1099997877729,435457,600,600,63.5784
2227,38.7996,1099595973917,401910,121,121,0
2228,38.7996,1099597727774,401911,121,121,0
2229,38.7896,1099595973918,401910,122,122,0
2230,38.7896,1099597727775,401911,122,122,0
2231,38.7796,1099595973919,401910,123,123,0
2232,38.7796,1099597727776,401911,123,123,0
2233,38.7696,1099595973920,401910,124,124,0
2234,38.7696,1099597727777,401911,124,124,0
2235,38.7596,1099595973921,401910,125,125,0
2236,38.7596,1099597727778,401911,125,125,0
2237,38.7496,1099595973922,401910,126,126,0
2238,38.7496,1099597727779,401911,126,126,0
2239,38.7396,1099595973923,401910,127,127,0
2240,38.7396,1099597727780,401911,127,127,0
2241,38.7382,1099997877730,435457,601,601,63.5784
2242,38.7296,1099595973924,401910,128,128,0
2243,38.7296,1099597727781,401911,128,128,0
2244,38.7196,1099595973925,401910,129,129,0
2245,38.7196,1099597727782,401911,129,129,0
2246,38.7096,1099595973926,401910,130,130,0
2247,38.7096,1099597727783,401911,130,130,0
2248,38.6996,1099595973927,401910,131,131,0
2249,38.6996,1099597727784,401911,131,131,0
2250,38.6896,1099595973928,401910,132,132,0
2251,38.6896,1099597727785,401911,132,132,0
2252,38.6796,1099595973929,401910,133,133,0
2253,38.6796,1099597727786,401911,133,133,0
2254,38.6724,1099997877731,435457,602,602,63.5784
2255,38.6696,1099595973930,401910,134,134,0
2256,38.6696,1099597727787,401911,134,134,0
2257,38.6596,1099595973931,401910,135,135,0
2258,38.6596,1099597727788,401911,135,135,0
2259,38.6496,1099595973932,401910,136,136,0
2260,38.6496,1099597727789,401911,136,136,0
2261,38.6396,1099595973933,401910,137,137,0
2262,38.6396,1099597727790,401911,137,137,0
2263,38.6296,1099595973934,401910,138,138,0
2264,38.6296,1099597727791,401911,138,138,0
2265,38.6196,1099595973935,401910,139,139,0
2266,38.6196,1099597727792,401911,139,139,0
2267,38.6096,1099595973936,401910,140,140,0
2268,38.6096,1099597727793,401911,140,140,0
2269,38.6068,1099997877732,435457,603,603,63.5784
2270,38.5996,1099595973937,401910,141,141,0
2271,38.5996,1099597727794,401911,141,141,0
2272,38.5896,1099595973938,401910,142,142,0
2273,38.5896,1099597727795,401911,142,142,0
2274,38.5796,1099595973939,401910,143,143,0
2275,38.5796,1099597727796,401911,143,143,0
2276,38.5696,1099595973940,401910,144,144,0
2277,38.5696,1099597727797,401911,144,144,0
2278,38.5596,1099595973941,401910,145,145,0
2279,38.5596,1099597727798,401911,145,145,0
2280,38.5496,1099595973942,401910,146,146,0
2281,38.5496,1099597727799,401911,146,146,0
2282,38.541,1099997877733,435457,604,604,63.5784
2283,38.5396,1099595973943,401910,147,147,0
2284,38.5396,1099597727800,401911,147,147,0
2285,38.5296,1099595973944,401910,148,148,0
2286,38.5296,1099597727801,401911,148,148,0
2287,38.5196,1099595973945,401910,149,149,0
2288,38.5196,1099597727802,401911,149,149,0
2289,38.5096,1099595973946,401910,150,150,0
2290,38.5096,1099597727803,401911,150,150,0
2291,38.4996,1099595973947,401910,151,151,0
2292,38.4996,1099597727804,401911,151,151,0
2293,38.4896,1099595973948,401910,152,152,0
2294,38.4896,1099597727805,401911,152,152,0
2295,38.4796,1099595973949,401910,153,153,0
2296,38.4796,1099597727806,401911,153,153,0
2297,38.4754,1099998507472,435457,605,605,63.5784
2298,38.4696,1099595973950,401910,154,154,0
2299,38.4696,1099597727807,401911,154,154,0
2300,38.4596,1099595973951,401910,155,155,0
2301,38.4596,1099597727808,401911,155,155,0
2302,38.4496,1099595973952,401910,156,156,0
2303,38.4496,1099597727809,401911,156,156,0
2304,38.4396,1099595973953,401910,157,157,0
2305,38.4396,1099597727810,401911,157,157,0
2306,38.4296,1099595973954,401910,158,158,0
2307,38.4296,1099597727811,401911,158,158,0
2308,38.4196,1099595973955,401910,159,159,0
2309,38.4196,1099597727812,401911,159,159,0
2310,38.4098,1099998507473,435457,606,606,63.5784
2311,38.4096,1099595973956,401910,160,160,0
2312,38.4096,1099597727813,401911,160,160,0
2313,38.3996,1099595973957,401910,161,161,0
2314,38.3996,1099597727814,401911,161,161,0
2315,38.3896,1099595973958,401910,162,162,0
2316,38.3896,1099597727815,401911,162,162,0
2317,38.3796,1099595973959,401910,163,163,0
2318,38.3796,1099597727816,401911,163,163,0
2319,38.3696,1099595973960,401910,164,164,0
2320,38.3696,1099597727817,401911,164,164,0
2321,38.3596,1099595973961,401910,165,165,0
2322,38.3596,1099597727818,401911,165,165,0
2323,38.3496,1099595973962,401910,166,166,0
2324,38.3496,1099597727819,401911,166,166,0
2325,38.344,1099998507474,435457,607,607,63.5784
2326,38.3396,1099595973963,401910,167,167,0
2327,38.3396,1099597727820,401911,167,167,0
2328,38.3296,1099595973964,401910,168,168,0
2329,38.3296,1099597727821,401911,168,168,0
2330,38.3196,1099595973965,401910,169,169,0
2331,38.3196,1099597727822,401911,169,169,0
2332,38.3096,1099595973966,401910,170,170,0
2333,38.3096,1099597727823,401911,170,170,0
2334,38.2996,1099595973967,401910,171,171,0
2335,38.2996,1099597727824,401911,171,171,0
2336,38.2896,1099595973968,401910,172,172,0
2337,38.2896,1099597727825,401911,172,172,0
2338,38.2796,1099595973969,401910,173,173,0
2339,38.2796,1099597727826,401911,173,173,0
2340,38.2784,1099998507475,435457,608,608,63.5784
2341,38.2696,1099595973970,401910,174,174,0
2342,38.2696,1099597727827,401911,174,174,0
2343,38.2596,1099595973971,401910,175,175,0
2344,38.2596,1099597727828,401911,175,175,0
2345,38.2496,1099595973972,401910,176,176,0
2346,38.2496,1099597727829,401911,176,176,0
2347,38.2396,1099595973973,401910,177,177,0
2348,38.2396,1099597727830,401911,177,177,0
2349,38.2296,1099595973974,401910,178,178,0
2350,38.2296,1099597727831,401911,178,178,0
2351,38.2196,1099595973975,401910,179,179,0
2352,38.2196,1099597727832,401911,179,179,0
2353,38.2126,1099998507476,435457,609,609,63.5784
2354,38.2096,1099595973976,401910,180,180,0
2355,38.2096,1099597727833,401911,180,180,0
2356,38.1996,1099595973977,401910,181,181,0
2357,38.1996,1099597727834,401911,181,181,0
2358,38.1896,1099595973978,401910,182,182,0
2359,38.1896,1099597727835,401911,182,182,0
2360,38.1796,1099595973979,401910,183,183,0
2361,38.1796,1099597727836,401911,183,183,0
2362,38.1696,1099595973980,401910,184,184,0
2363,38.1696,1099597727837,401911,184,184,0
2364,38.1596,1099595973981,401910,185,185,0
2365,38.1596,1099597727838,401911,185,185,0
2366,38.1496,1099595973982,401910,186,186,0
2367,38.1496,1099597727839,401911,186,186,0
2368,38.147,1099998507477,435457,610,610,63.5784
2369,38.1396,1099595973983,401910,187,187,0
2370,38.1396,1099597727840,401911,187,187,0
2371,38.1296,1099595973984,401910,188,188,0
2372,38.1296,1099597727841,401911,188,188,0
2373,38.1196,1099595973985,401910,189,189,0
2374,38.1196,1099597727842,401911,189,189,0
2375,38.1096,1099595973986,401910,190,190,0
2376,38.1096,1099597727843,401911,190,190,0
2377,38.0996,1099595973987,401910,191,191,0
2378,38.0996,1099597727844,401911,191,191,0
2379,38.0896,1099595973988,401910,192,192,0
2380,38.0896,1099597727845,401911,192,192,0
2381,38.0796,1099595973989,401910,193,193,0
2382,38.0796,1099597727846,401911,193,193,0
2383,38.0696,1099595973990,401910,194,194,0
2384,38.0696,1099597727847,401911,194,194,0
2385,38.0596,1099595973991,401910,195,195,0
2386,38.0596,1099597727848,401911,195,195,0
2387,38.0496,1099595973992,401910,196,196,0
2388,38.0496,1099597727849,401911,196,196,0
2389,38.0396,1099595973993,401910,197,197,0
2390,38.0396,1099597727850,401911,197,197,0
2391,38.0296,1099595973994,401910,198,198,0
2392,38.0296,1099597727851,401911,198,198,0
2393,38.0196,1099595973995,401910,199,199,0
2394,38.0196,1099597727852,401911,199,199,0
2395,38.0096,1099595973996,401910,200,200,0
2396,38.0096,1099597727853,401911,200,200,0
2397,37.9994,1099595975235,401910,201,201,0
2398,37.9994,1099597727993,401911,201,201,0
2399,37.9894,1099595975236,401910,202,202,0
2400,37.9894,1099597727994,401911,202,202,0
2401,37.9794,1099595975237,401910,203,203,0
2402,37.9794,1099597727995,401911,203,203,0
2403,37.9694,1099595975238,401910,204,204,0
2404,37.9694,1099597727996,401911,204,204,0
2405,37.9594,1099595975239,401910,205,205,0
2406,37.9594,1099597727997,401911,205,205,0
2407,37.9494,1099595975240,401910,206,206,0
2408,37.9494,1099597727998,401911,206,206,0
2409,37.9394,1099595975241,401910,207,207,0
2410,37.9394,1099597727999,401911,207,207,0
2411,37.9294,1099595975242,401910,208,208,0
2412,37.9294,1099597728000,401911,208,208,0
2413,37.9194,1099595975243,401910,209,209,0
2414,37.9194,1099597728001,401911,209,209,0
2415,37.9094,1099595975244,401910,210,210,0
2416,37.9094,1099597728002,401911,210,210,0
2417,37.8994,1099595975245,401910,211,211,0
2418,37.8994,1099597728003,401911,211,211,0
2419,37.8894,1099595975246,401910,212,212,0
2420,37.8894,1099597728004,401911,212,212,0
2421,37.8794,1099595975247,401910,213,213,0
2422,37.8794,1099597728005,401911,213,213,0
2423,37.8694,1099595975248,401910,214,214,0
2424,37.8694,1099597728006,401911,214,214,0
2425,37.8594,1099595975249,401910,215,215,0
2426,37.8594,1099597728007,401911,215,215,0
2427,37.8494,1099595975250,401910,216,216,0
2428,37.8494,1099597728008,401911,216,216,0
2429,37.8394,1099595975251,401910,217,217,0
2430,37.8394,1099597728009,401911,217,217,0
2431,37.8294,1099595975252,401910,218,218,0
2432,37.8294,1099597728010,401911,218,218,0
2433,37.8194,1099595975253,401910,219,219,0
2434,37.8194,1099597728011,401911,219,219,0
2435,37.8094,1099595975254,401910,220,220,0
2436,37.8094,1099597728012,401911,220,220,0
2437,37.7994,1099595975255,401910,221,221,0
2438,37.7994,1099597728013,401911,221,221,0
2439,37.7894,1099595975256,401910,222,222,0
2440,37.7894,1099597728014,401911,222,222,0
2441,37.7794,1099595975257,401910,223,223,0
2442,37.7794,1099597728015,401911,223,223,0
2443,37.7694,1099595975258,401910,224,224,0
2444,37.7694,1099597728016,401911,224,224,0
2445,37.7594,1099595975259,401910,225,225,0
2446,37.7594,1099597728017,401911,225,225,0
2447,37.7494,1099595975260,401910,226,226,0
2448,37.7494,1099597728043,401911,226,226,0
2449,37.7394,1099595975261,401910,227,227,0
2450,37.7394,1099597728044,401911,227,227,0
2451,37.7294,1099595975262,401910,228,228,0
2452,37.7294,1099597728045,401911,228,228,0
2453,37.7194,1099595975263,401910,229,229,0
2454,37.7194,1099597728046,401911,229,229,0
2455,37.7094,1099595975264,401910,230,230,0
2456,37.7094,1099597728047,401911,230,230,0
2457,37.6994,1099595975265,401910,231,231,0
2458,37.6994,1099597728048,401911,231,231,0
2459,37.6894,1099595975266,401910,232,232,0
2460,37.6894,1099597728049,401911,232,232,0
2461,37.6794,1099595975267,401910,233,233,0
2462,37.6794,1099597728050,401911,233,233,0
2463,37.6694,1099595975268,401910,234,234,0
2464,37.6694,1099597728051,401911,234,234,0
2465,37.6594,1099595975269,401910,235,235,0
2466,37.6594,1099597728052,401911,235,235,0
2467,37.6494,1099595975270,401910,236,236,0
2468,37.6494,1099597728053,401911,236,236,0
2469,37.6394,1099595975271,401910,237,237,0
2470,37.6394,1099597728054,401911,237,237,0
2471,37.6294,1099595975272,401910,238,238,0
2472,37.6294,1099597728055,401911,238,238,0
2473,37.6194,1099595975273,401910,239,239,0
2474,37.6194,1099597728056,401911,239,239,0
2475,37.6094,1099595975274,401910,240,240,0
2476,37.6094,1099597728057,401911,240,240,0
2477,37.5994,1099595975275,401910,241,241,0
2478,37.5994,1099597728058,401911,241,241,0
2479,37.5894,1099595975276,401910,242,242,0
2480,37.5894,1099597728059,401911,242,242,0
2481,37.5794,1099595975277,401910,243,243,0
2482,37.5794,1099597728060,401911,243,243,0
2483,37.5694,1099595975278,401910,244,244,0
2484,37.5694,1099597728061,401911,244,244,0
2485,37.5594,1099595975279,401910,245,245,0
2486,37.5594,1099597728062,401911,245,245,0
2487,37.5494,1099595975280,401910,246,246,0
2488,37.5494,1099597728063,401911,246,246,0
2489,37.5394,1099595975281,401910,247,247,0
2490,37.5394,1099597728064,401911,247,247,0
2491,37.5294,1099595975282,401910,248,248,0
2492,37.5294,1099597728065,401911,248,248,0
2493,37.5194,1099595975283,401910,249,249,0
2494,37.5194,1099597728066,401911,249,249,0
2495,37.5094,1099595975284,401910,250,250,0
2496,37.5094,1099597728067,401911,250,250,0
2497,37.4994,1099595975285,401910,251,251,0
2498,37.4994,1099597728068,401911,251,251,0
2499,37.4894,1099595975286,401910,252,252,0
2500,37.4894,1099597728069,401911,252,252,0
2501,37.4794,1099595975287,401910,253,253,0
2502,37.4794,1099597728070,401911,253,253,0
2503,37.4694,1099595975288,401910,254,254,0
2504,37.4694,1099597728071,401911,254,254,0
2505,37.4594,1099595975289,401910,255,255,0
2506,37.4594,1099597728072,401911,255,255,0
2507,37.4494,1099595975290,401910,256,256,0
2508,37.4494,1099597728073,401911,256,256,0
2509,37.4394,1099595975291,401910,257,257,0
2510,37.4394,1099597728074,401911,257,257,0
2511,37.4294,1099595975292,401910,258,258,0
2512,37.4294,1099597728075,401911,258,258,0
2513,37.4194,1099595975293,401910,259,259,0
2514,37.4194,1099597728076,401911,259,259,0
2515,37.4094,1099595975294,401910,260,260,0
2516,37.4094,1099597728077,401911,260,260,0
2517,37.3994,1099595975295,401910,261,261,0
2518,37.3994,1099597728078,401911,261,261,0
2519,37.3894,1099595975296,401910,262,262,0
2520,37.3894,1099597728079,401911,262,262,0
2521,37.3794,1099595975297,401910,263,263,0
2522,37.3794,1099597728080,401911,263,263,0
2523,37.3694,1099595975298,401910,264,264,0
2524,37.3694,1099597728081,401911,264,264,0
2525,37.3594,1099595975299,401910,265,265,0
2526,37.3594,1099597728082,401911,265,265,0
2527,37.3494,1099595975300,401910,266,266,0
2528,37.3494,1099597728083,401911,266,266,0
2529,37.3394,1099595975301,401910,267,267,0
2530,37.3394,1099597728084,401911,267,267,0
2531,37.3294,1099595975302,401910,268,268,0
2532,37.3294,1099597728085,401911,268,268,0
2533,37.3194,1099595975303,401910,269,269,0
2534,37.3194,1099597728086,401911,269,269,0
2535,37.3094,1099595975304,401910,270,270,0
2536,37.3094,1099597728087,401911,270,270,0
2537,37.2994,1099595975305,401910,271,271,0
2538,37.2994,1099597728088,401911,271,271,0
2539,37.2894,1099595975306,401910,272,272,0
2540,37.2894,1099597728089,401911,272,272,0
2541,37.2794,1099595975307,401910,273,273,0
2542,37.2794,1099597728090,401911,273,273,0
2543,37.2694,1099595975308,401910,274,274,0
2544,37.2694,1099597728091,401911,274,274,0
2545,37.2594,1099595975309,401910,275,275,0
2546,37.2594,1099597728092,401911,275,275,0
2547,37.2494,1099595975310,401910,276,276,0
2548,37.2494,1099597728093,401911,276,276,0
2549,37.2394,1099595975311,401910,277,277,0
2550,37.2394,1099597728094,401911,277,277,0
2551,37.2294,1099595975312,401910,278,278,0
2552,37.2294,1099597728095,401911,278,278,0
2553,37.2194,1099595975313,401910,279,279,0
2554,37.2194,1099597728096,401911,279,279,0
2555,37.2094,1099595975314,401910,280,280,0
2556,37.2094,1099597728097,401911,280,280,0
2557,37.1992,1099595975315,401910,281,281,0
2558,37.1992,1099597728098,401911,281,281,0
2559,37.1892,1099595975316,401910,282,282,0
2560,37.1892,1099597728099,401911,282,282,0
2561,37.1792,1099595975317,401910,283,283,0
2562,37.1792,1099597728100,401911,283,283,0
2563,37.1692,1099595975318,401910,284,284,0
2564,37.1692,1099597728101,401911,284,284,0
2565,37.1592,1099595975319,401910,285,285,0
2566,37.1592,1099597728102,401911,285,285,0
2567,37.1492,1099595975320,401910,286,286,0
2568,37.1492,1099597728103,401911,286,286,0
2569,37.1392,1099595975321,401910,287,287,0
2570,37.1392,1099597728104,401911,287,287,0
2571,37.1292,1099595975322,401910,288,288,0
2572,37.1292,1099597728105,401911,288,288,0
2573,37.1192,1099595975323,401910,289,289,0
2574,37.1192,1099597728106,401911,289,289,0
2575,37.1092,1099595975324,401910,290,290,0
2576,37.1092,1099597728107,401911,290,290,0
2577,37.0992,1099595975325,401910,291,291,0
2578,37.0992,1099597728108,401911,291,291,0
2579,37.0892,1099595975326,401910,292,292,0
2580,37.0892,1099597728109,401911,292,292,0
2581,37.0792,1099595975327,401910,293,293,0
2582,37.0792,1099597728110,401911,293,293,0
2583,37.0692,1099595975328,401910,294,294,0
2584,37.0692,1099597728111,401911,294,294,0
2585,37.0592,1099595975329,401910,295,295,0
2586,37.0592,1099597728112,401911,295,295,0
2587,37.0492,1099595975330,401910,296,296,0
2588,37.0492,1099597728113,401911,296,296,0
2589,37.0392,1099595975331,401910,297,297,0
2590,37.0392,1099597728114,401911,297,297,0
2591,37.0292,1099595975332,401910,298,298,0
2592,37.0292,1099597728115,401911,298,298,0
2593,37.0192,1099595975333,401910,299,299,0
2594,37.0192,1099597728116,401911,299,299,0
2595,37.0092,1099595975334,401910,300,300,0
2596,37.0092,1099597728117,401911,300,300,0
2597,36.9992,1099595975584,401910,301,301,0
2598,36.9992,1099597728118,401911,301,301,0
2599,36.9892,1099595975585,401910,302,302,0
2600,36.9892,1099597728119,401911,302,302,0
2601,36.9792,1099595975586,401910,303,303,0
2602,36.9792,1099597728120,401911,303,303,0
2603,36.9692,1099595975587,401910,304,304,0
2604,36.9692,1099597728121,401911,304,304,0
2605,36.9592,1099595975588,401910,305,305,0
2606,36.9592,1099597728122,401911,305,305,0
2607,36.9492,1099595975589,401910,306,306,0
2608,36.9492,1099597728123,401911,306,306,0
2609,36.9392,1099595975590,401910,307,307,0
2610,36.9392,1099597728124,401911,307,307,0
2611,36.9292,1099595975591,401910,308,308,0
2612,36.9292,1099597728125,401911,308,308,0
2613,36.9192,1099595975592,401910,309,309,0
2614,36.9192,1099597728126,401911,309,309,0
2615,36.9092,1099595975593,401910,310,310,0
2616,36.9092,1099597728127,401911,310,310,0
2617,36.8992,1099595975594,401910,311,311,0
2618,36.8992,1099597728128,401911,311,311,0
2619,36.8892,1099595975595,401910,312,312,0
2620,36.8892,1099597728129,401911,312,312,0
2621,36.8792,1099595975596,401910,313,313,0
2622,36.8792,1099597728130,401911,313,313,0
2623,36.8692,1099595975597,401910,314,314,0
2624,36.8692,1099597728131,401911,314,314,0
2625,36.8592,1099595975598,401910,315,315,0
2626,36.8592,1099597728132,401911,315,315,0
2627,36.8492,1099595975599,401910,316,316,0
2628,36.8492,1099597728133,401911,316,316,0
2629,36.8392,1099595975600,401910,317,317,0
2630,36.8392,1099597728134,401911,317,317,0
2631,36.8292,1099595975601,401910,318,318,0
2632,36.8292,1099597728135,401911,318,318,0
2633,36.8192,1099595975602,401910,319,319,0
2634,36.8192,1099597728136,401911,319,319,0
2635,36.8092,1099595975603,401910,320,320,0
2636,36.8092,1099597728137,401911,320,320,0
2637,36.7992,1099595975604,401910,321,321,0
2638,36.7992,1099597728138,401911,321,321,0
2639,36.7892,1099595975605,401910,322,322,0
2640,36.7892,1099597728139,401911,322,322,0
2641,36.7792,1099595975606,401910,323,323,0
2642,36.7792,1099597728140,401911,323,323,0
2643,36.7692,1099595975607,401910,324,324,0
2644,36.7692,1099597728141,401911,324,324,0
2645,36.7592,1099595975608,401910,325,325,0
2646,36.7592,1099597728142,401911,325,325,0
2647,36.7492,1099595975609,401910,326,326,0
2648,36.7492,1099597737726,401911,326,326,0
2649,36.7392,1099595975610,401910,327,327,0
2650,36.7392,1099597737727,401911,327,327,0
2651,36.7292,1099595975611,401910,328,328,0
2652,36.7292,1099597737728,401911,328,328,0
2653,36.7192,1099595975612,401910,329,329,0
2654,36.7192,1099597737729,401911,329,329,0
2655,36.7092,1099595975613,401910,330,330,0
2656,36.7092,1099597737730,401911,330,330,0
2657,36.6992,1099595975614,401910,331,331,0
2658,36.6992,1099597737731,401911,331,331,0
2659,36.6892,1099595975615,401910,332,332,0
2660,36.6892,1099597737732,401911,332,332,0
2661,36.6792,1099595975616,401910,333,333,0
2662,36.6792,1099597737733,401911,333,333,0
2663,36.6692,1099595975617,401910,334,334,0
2664,36.6692,1099597737734,401911,334,334,0
2665,36.6592,1099595975618,401910,335,335,0
2666,36.6592,1099597737735,401911,335,335,0
2667,36.6492,1099595975619,401910,336,336,0
2668,36.6492,1099597737736,401911,336,336,0
2669,36.6392,1099595975620,401910,337,337,0
2670,36.6392,1099597737737,401911,337,337,0
2671,36.6292,1099595975621,401910,338,338,0
2672,36.6292,1099597737738,401911,338,338,0
2673,36.6192,1099595975622,401910,339,339,0
2674,36.6192,1099597737739,401911,339,339,0
2675,36.6092,1099595975623,401910,340,340,0
2676,36.6092,1099597737740,401911,340,340,0
2677,36.5992,1099595975624,401910,341,341,0
2678,36.5992,1099597737741,401911,341,341,0
2679,36.5892,1099595975625,401910,342,342,0
2680,36.5892,1099597737742,401911,342,342,0
2681,36.5792,1099595975626,401910,343,343,0
2682,36.5792,1099597737743,401911,343,343,0
2683,36.5692,1099595975627,401910,344,344,0
2684,36.5692,1099597737744,401911,344,344,0
2685,36.5592,1099595975628,401910,345,345,0
2686,36.5592,1099597737745,401911,345,345,0
2687,36.5492,1099595975629,401910,346,346,0
2688,36.5492,1099597737746,401911,346,346,0
2689,36.5392,1099595975630,401910,347,347,0
2690,36.5392,1099597737747,401911,347,347,0
2691,36.5292,1099595975631,401910,348,348,0
2692,36.5292,1099597737748,401911,348,348,0
2693,36.5192,1099595975632,401910,349,349,0
2694,36.5192,1099597737749,401911,349,349,0
2695,36.5092,1099595975633,401910,350,350,0
2696,36.5092,1099597737750,401911,350,350,0
2697,36.4992,1099595975634,401910,351,351,0
2698,36.4992,1099597737751,401911,351,351,0
2699,36.4892,1099595975635,401910,352,352,0
2700,36.4892,1099597737752,401911,352,352,0
2701,36.4792,1099595975636,401910,353,353,0
2702,36.4792,1099597737753,401911,353,353,0
2703,36.4692,1099595975637,401910,354,354,0
2704,36.4692,1099597737754,401911,354,354,0
2705,36.4592,1099595975638,401910,355,355,0
2706,36.4592,1099597737755,401911,355,355,0
2707,36.4492,1099595975639,401910,356,356,0
2708,36.4492,1099597737756,401911,356,356,0
2709,36.4392,1099595975640,401910,357,357,0
2710,36.4392,1099597737757,401911,357,357,0
2711,36.4292,1099595975641,401910,358,358,0
2712,36.4292,1099597737758,401911,358,358,0
2713,36.4192,1099595975642,401910,359,359,0
2714,36.4192,1099597737759,401911,359,359,0
2715,36.4092,1099595975643,401910,360,360,0
2716,36.4092,1099597737760,401911,360,360,0
2717,36.399,1099595975644,401910,361,361,0
2718,36.399,1099597737761,401911,361,361,0
2719,36.389,1099595975645,401910,362,362,0
2720,36.389,1099597737762,401911,362,362,0
2721,36.379,1099595975646,401910,363,363,0
2722,36.379,1099597737763,401911,363,363,0
2723,36.369,1099595975647,401910,364,364,0
2724,36.369,1099597737764,401911,364,364,0
2725,36.359,1099595975648,401910,365,365,0
2726,36.359,1099597737765,401911,365,365,0
2727,36.349,1099595975649,401910,366,366,0
2728,36.349,1099597737766,401911,366,366,0
2729,36.339,1099595975650,401910,367,367,0
2730,36.339,1099597737767,401911,367,367,0
2731,36.329,1099595975651,401910,368,368,0
2732,36.329,1099597737768,401911,368,368,0
2733,36.319,1099595975652,401910,369,369,0
2734,36.319,1099597737769,401911,369,369,0
2735,36.309,1099595975653,401910,370,370,0
2736,36.309,1099597737770,401911,370,370,0
2737,36.299,1099595975654,401910,371,371,0
2738,36.299,1099597737771,401911,371,371,0
2739,36.289,1099595975655,401910,372,372,0
2740,36.289,1099597737772,401911,372,372,0
2741,36.279,1099595975656,401910,373,373,0
2742,36.279,1099597737773,401911,373,373,0
2743,36.269,1099595975657,401910,374,374,0
2744,36.269,1099597737774,401911,374,374,0
2745,36.259,1099595975658,401910,375,375,0
2746,36.259,1099597737775,401911,375,375,0
2747,36.249,1099595975659,401910,376,376,0
2748,36.249,1099597737776,401911,376,376,0
2749,36.239,1099595975660,401910,377,377,0
2750,36.239,1099597737777,401911,377,377,0
2751,36.229,1099595975661,401910,378,378,0
2752,36.229,1099597737778,401911,378,378,0
2753,36.219,1099595975662,401910,379,379,0
2754,36.219,1099597737779,401911,379,379,0
2755,36.209,1099595975663,401910,380,380,0
2756,36.209,1099597737780,401911,380,380,0
2757,36.199,1099595975664,401910,381,381,0
2758,36.199,1099597737781,401911,381,381,0
2759,36.189,1099595975665,401910,382,382,0
2760,36.189,1099597737782,401911,382,382,0
2761,36.179,1099595975666,401910,383,383,0
2762,36.179,1099597737783,401911,383,383,0
2763,36.169,1099595975667,401910,384,384,0
2764,36.169,1099597737784,401911,384,384,0
2765,36.159,1099595975668,401910,385,385,0
2766,36.159,1099597737785,401911,385,385,0
2767,36.149,1099595975669,401910,386,386,0
2768,36.149,1099597737786,401911,386,386,0
2769,36.139,1099595975670,401910,387,387,0
2770,36.139,1099597737787,401911,387,387,0
2771,36.129,1099595975671,401910,388,388,0
2772,36.129,1099597737788,401911,388,388,0
2773,36.119,1099595975672,401910,389,389,0
2774,36.119,1099597737789,401911,389,389,0
2775,36.109,1099595975673,401910,390,390,0
2776,36.109,1099597737790,401911,390,390,0
2777,36.099,1099595975674,401910,391,391,0
2778,36.099,1099597737791,401911,391,391,0
2779,36.089,1099595975675,401910,392,392,0
2780,36.089,1099597737792,401911,392,392,0
2781,36.079,1099595975676,401910,393,393,0
2782,36.079,1099597737793,401911,393,393,0
2783,36.069,1099595975677,401910,394,394,0
2784,36.069,1099597737794,401911,394,394,0
2785,36.059,1099595975678,401910,395,395,0
2786,36.059,1099597737795,401911,395,395,0
2787,36.049,1099595975679,401910,396,396,0
2788,36.049,1099597737796,401911,396,396,0
2789,36.039,1099595975680,401910,397,397,0
2790,36.039,1099597737797,401911,397,397,0
2791,36.029,1099595975681,401910,398,398,0
2792,36.029,1099597737798,401911,398,398,0
2793,36.019,1099595975682,401910,399,399,0
2794,36.019,1099597737799,401911,399,399,0
2795,36.009,1099595975683,401910,400,400,0
2796,36.009,1099597737800,401911,400,400,0
2797,35.999,1099595976005,401910,401,401,0
2798,35.999,1099598049284,401911,401,401,0
2799,35.989,1099595976006,401910,402,402,0
2800,35.989,1099598049285,401911,402,402,0
2801,35.979,1099595976007,401910,403,403,0
2802,35.979,1099598049286,401911,403,403,0
2803,35.969,1099595976008,401910,404,404,0
2804,35.969,1099598049287,401911,404,404,0
2805,35.959,1099595976009,401910,405,405,0
2806,35.959,1099598049288,401911,405,405,0
2807,35.949,1099595976010,401910,406,406,0
2808,35.949,1099598049289,401911,406,406,0
2809,35.939,1099595976011,401910,407,407,0
2810,35.939,1099598049290,401911,407,407,0
2811,35.929,1099595976012,401910,408,408,0
2812,35.929,1099598049291,401911,408,408,0
2813,35.919,1099595976013,401910,409,409,0
2814,35.919,1099598049292,401911,409,409,0
2815,35.909,1099595976014,401910,410,410,0
2816,35.909,1099598049293,401911,410,410,0
2817,35.899,1099595976015,401910,411,411,0
2818,35.899,1099598049294,401911,411,411,0
2819,35.889,1099595976016,401910,412,412,0
2820,35.889,1099598049295,401911,412,412,0
2821,35.879,1099595976017,401910,413,413,0
2822,35.879,1099598049296,401911,413,413,0
2823,35.869,1099595976018,401910,414,414,0
2824,35.869,1099598049297,401911,414,414,0
2825,35.859,1099595976019,401910,415,415,0
2826,35.859,1099598049298,401911,415,415,0
2827,35.849,1099595976020,401910,416,416,0
2828,35.849,1099598049299,401911,416,416,0
2829,35.839,1099595976021,401910,417,417,0
2830,35.839,1099598049300,401911,417,417,0
2831,35.829,1099595976022,401910,418,418,0
2832,35.829,1099598049301,401911,418,418,0
2833,35.819,1099595976023,401910,419,419,0
2834,35.819,1099598049302,401911,419,419,0
2835,35.809,1099595976024,401910,420,420,0
2836,35.809,1099598049303,401911,420,420,0
2837,35.799,1099595976025,401910,421,421,0
2838,35.799,1099598049304,401911,421,421,0
2839,35.789,1099595976026,401910,422,422,0
2840,35.789,1099598049305,401911,422,422,0
2841,35.779,1099595976027,401910,423,423,0
2842,35.779,1099598049306,401911,423,423,0
2843,35.769,1099595976028,401910,424,424,0
2844,35.769,1099598049307,401911,424,424,0
2845,35.759,1099595976029,401910,425,425,0
2846,35.759,1099598049308,401911,425,425,0
2847,35.749,1099595976030,401910,426,426,0
2848,35.749,1099598049309,401911,426,426,0
2849,35.739,1099595976031,401910,427,427,0
2850,35.739,1099598049310,401911,427,427,0
2851,35.729,1099595976032,401910,428,428,0
2852,35.729,1099598049311,401911,428,428,0
2853,35.719,1099595976033,401910,429,429,0
2854,35.719,1099598049312,401911,429,429,0
2855,35.709,1099595976034,401910,430,430,0
2856,35.709,1099598049313,401911,430,430,0
2857,35.699,1099595976035,401910,431,431,0
2858,35.699,1099598049314,401911,431,431,0
2859,35.689,1099595976036,401910,432,432,0
2860,35.689,1099598049315,401911,432,432,0
2861,35.679,1099595976037,401910,433,433,0
2862,35.679,1099598049316,401911,433,433,0
2863,35.669,1099595976038,401910,434,434,0
2864,35.669,1099598049317,401911,434,434,0
2865,35.659,1099595976039,401910,435,435,0
2866,35.659,1099598049318,401911,435,435,0
2867,35.649,1099595976040,401910,436,436,0
2868,35.649,1099598049319,401911,436,436,0
2869,35.639,1099595976041,401910,437,437,0
2870,35.639,1099598049320,401911,437,437,0
2871,35.629,1099595976042,401910,438,438,0
2872,35.629,1099598049321,401911,438,438,0
2873,35.619,1099595976043,401910,439,439,0
2874,35.619,1099598049322,401911,439,439,0
2875,35.609,1099595976044,401910,440,440,0
2876,35.609,1099598049323,401911,440,440,0
2877,35.5988,1099595976045,401910,441,441,0
2878,35.5988,1099598049324,401911,441,441,0
2879,35.5888,1099595976046,401910,442,442,0
2880,35.5888,1099598049325,401911,442,442,0
2881,35.5788,1099595976047,401910,443,443,0
2882,35.5788,1099598049326,401911,443,443,0
2883,35.5688,1099595976048,401910,444,444,0
2884,35.5688,1099598049327,401911,444,444,0
2885,35.5588,1099595976049,401910,445,445,0
2886,35.5588,1099598049328,401911,445,445,0
2887,35.5488,1099595976050,401910,446,446,0
2888,35.5488,1099598049329,401911,446,446,0
2889,35.5388,1099595976051,401910,447,447,0
2890,35.5388,1099598049330,401911,447,447,0
2891,35.5288,1099595976052,401910,448,448,0
2892,35.5288,1099598049331,401911,448,448,0
2893,35.5188,1099595976053,401910,449,449,0
2894,35.5188,1099598049332,401911,449,449,0
2895,35.5088,1099595976054,401910,450,450,0
2896,35.5088,1099598049333,401911,450,450,0
2897,35.4988,1099595976055,401910,451,451,0
2898,35.4988,1099598049334,401911,451,451,0
2899,35.4888,1099595976056,401910,452,452,0
2900,35.4888,1099598049335,401911,452,452,0
2901,35.4788,1099595976057,401910,453,453,0
2902,35.4788,1099598049336,401911,453,453,0
2903,35.4688,1099595976058,401910,454,454,0
2904,35.4688,1099598049337,401911,454,454,0
2905,35.4588,1099595976059,401910,455,455,0
2906,35.4588,1099598049338,401911,455,455,0
2907,35.4488,1099595976060,401910,456,456,0
2908,35.4488,1099598049339,401911,456,456,0
2909,35.4388,1099595976061,401910,457,457,0
2910,35.4388,1099598049340,401911,457,457,0
2911,35.4288,1099595976062,401910,458,458,0
2912,35.4288,1099598049341,401911,458,458,0
2913,35.4188,1099595976063,401910,459,459,0
2914,35.4188,1099598049342,401911,459,459,0
2915,35.4088,1099595976064,401910,460,460,0
2916,35.4088,1099598049343,401911,460,460,0
2917,35.3988,1099595976065,401910,461,461,0
2918,35.3988,1099598049344,401911,461,461,0
2919,35.3888,1099595976066,401910,462,462,0
2920,35.3888,1099598049345,401911,462,462,0
2921,35.3788,1099595976067,401910,463,463,0
2922,35.3788,1099598049346,401911,463,463,0
2923,35.3688,1099595976068,401910,464,464,0
2924,35.3688,1099598049347,401911,464,464,0
2925,35.3588,1099595976069,401910,465,465,0
2926,35.3588,1099598049348,401911,465,465,0
2927,35.3488,1099595976070,401910,466,466,0
2928,35.3488,1099598049349,401911,466,466,0
2929,35.3388,1099595976071,401910,467,467,0
2930,35.3388,1099598049350,401911,467,467,0
2931,35.3288,1099595976072,401910,468,468,0
2932,35.3288,1099598049351,401911,468,468,0
2933,35.3188,1099595976073,401910,469,469,0
2934,35.3188,1099598049352,401911,469,469,0
2935,35.3088,1099595976074,401910,470,470,0
2936,35.3088,1099598049353,401911,470,470,0
2937,35.2988,1099595976075,401910,471,471,0
2938,35.2988,1099598049354,401911,471,471,0
2939,35.2888,1099595976076,401910,472,472,0
2940,35.2888,1099598049355,401911,472,472,0
2941,35.2788,1099595976077,401910,473,473,0
2942,35.2788,1099598049356,401911,473,473,0
2943,35.2688,1099595976078,401910,474,474,0
2944,35.2688,1099598049357,401911,474,474,0
2945,35.2588,1099595976079,401910,475,475,0
2946,35.2588,1099598049358,401911,475,475,0
2947,35.2488,1099595976080,401910,476,476,0
2948,35.2488,1099598049359,401911,476,476,0
2949,35.2388,1099595976081,401910,477,477,0
2950,35.2388,1099598049360,401911,477,477,0
2951,35.2288,1099595976082,401910,478,478,0
2952,35.2288,1099598049361,401911,478,478,0
2953,35.2188,1099595976083,401910,479,479,0
2954,35.2188,1099598049362,401911,479,479,0
2955,35.2088,1099595976084,401910,480,480,0
2956,35.2088,1099598049363,401911,480,480,0
2957,35.1988,1099595976085,401910,481,481,0
2958,35.1988,1099598049364,401911,481,481,0
2959,35.1888,1099595976086,401910,482,482,0
2960,35.1888,1099598049365,401911,482,482,0
2961,35.1788,1099595976087,401910,483,483,0
2962,35.1788,1099598049366,401911,483,483,0
2963,35.1688,1099595976088,401910,484,484,0
2964,35.1688,1099598049367,401911,484,484,0
2965,35.1588,1099595976089,401910,485,485,0
2966,35.1588,1099598049368,401911,485,485,0
2967,35.1488,1099595976090,401910,486,486,0
2968,35.1488,1099598049369,401911,486,486,0
2969,35.1388,1099595976091,401910,487,487,0
2970,35.1388,1099598049370,401911,487,487,0
2971,35.1288,1099595976092,401910,488,488,0
2972,35.1288,1099598049371,401911,488,488,0
2973,35.1188,1099595976093,401910,489,489,0
2974,35.1188,1099598049372,401911,489,489,0
2975,35.1088,1099595976094,401910,490,490,0
2976,35.1088,1099598049373,401911,490,490,0
2977,35.0988,1099595976095,401910,491,491,0
2978,35.0988,1099598049374,401911,491,491,0
2979,35.0888,1099595976096,401910,492,492,0
2980,35.0888,1099598049375,401911,492,492,0
2981,35.0788,1099595976097,401910,493,493,0
2982,35.0788,1099598049376,401911,493,493,0
2983,35.0688,1099595976098,401910,494,494,0
2984,35.0688,1099598049377,401911,494,494,0
2985,35.0588,1099595976099,401910,495,495,0
2986,35.0588,1099598049378,401911,495,495,0
2987,35.0488,1099595976100,401910,496,496,0
2988,35.0488,1099598049379,401911,496,496,0
2989,35.0388,1099595976101,401910,497,497,0
2990,35.0388,1099598049380,401911,497,497,0
2991,35.0288,1099595976102,401910,498,498,0
2992,35.0288,1099598049381,401911,498,498,0
2993,35.0188,1099595976103,401910,499,499,0
2994,35.0188,1099598049382,401911,499,499,0
2995,35.0088,1099595976104,401910,500,500,0
2996,35.0088,1099598049383,401911,500,500,0
2997,34.9988,1099595976234,401910,501,501,0
2998,34.9988,1099598050551,401911,501,501,0
2999,34.9888,1099595976235,401910,502,502,0
3000,34.9888,1099598050552,401911,502,502,0
3001,34.9788,1099595976236,401910,503,503,0
3002,34.9788,1099598050553,401911,503,503,0
3003,34.9688,1099595976237,401910,504,504,0
3004,34.9688,1099598050554,401911,504,504,0
3005,34.9588,1099595976238,401910,505,505,0
3006,34.9588,1099598050555,401911,505,505,0
3007,34.9488,1099595976239,401910,506,506,0
3008,34.9488,1099598050556,401911,506,506,0
3009,34.9388,1099595976240,401910,507,507,0
3010,34.9388,1099598056888,401911,507,507,0
3011,34.9288,1099595976241,401910,508,508,0
3012,34.9288,1099598056889,401911,508,508,0
3013,34.9188,1099595976242,401910,509,509,0
3014,34.9188,1099598056890,401911,509,509,0
3015,34.9088,1099595976243,401910,510,510,0
3016,34.9088,1099598056891,401911,510,510,0
3017,34.8988,1099595976244,401910,511,511,0
3018,34.8988,1099598056892,401911,511,511,0
3019,34.8888,1099595976245,401910,512,512,0
3020,34.8888,1099598056893,401911,512,512,0
3021,34.8788,1099595976246,401910,513,513,0
3022,34.8788,1099598056894,401911,513,513,0
3023,34.8688,1099595976247,401910,514,514,0
3024,34.8688,1099598056895,401911,514,514,0
3025,34.8588,1099595976248,401910,515,515,0
3026,34.8588,1099598056896,401911,515,515,0
3027,34.8488,1099595976249,401910,516,516,0
3028,34.8488,1099598056897,401911,516,516,0
3029,34.8388,1099595976250,401910,517,517,0
3030,34.8388,1099598056898,401911,517,517,0
3031,34.8288,1099595976251,401910,518,518,0
3032,34.8288,1099598056899,401911,518,518,0
3033,34.8188,1099595976252,401910,519,519,0
3034,34.8188,1099598056900,401911,519,519,0
3035,34.8088,1099595976253,401910,520,520,0
3036,34.8088,1099598056901,401911,520,520,0
3037,34.7986,1099595976254,401910,521,521,0
3038,34.7986,1099598056902,401911,521,521,0
3039,34.7886,1099595976255,401910,522,522,0
3040,34.7886,1099598056903,401911,522,522,0
3041,34.7786,1099595976256,401910,523,523,0
3042,34.7786,1099598056904,401911,523,523,0
3043,34.7686,1099595976257,401910,524,524,0
3044,34.7686,1099598056905,401911,524,524,0
3045,34.7586,1099595976258,401910,525,525,0
3046,34.7586,1099598056906,401911,525,525,0
3047,34.7486,1099595976259,401910,526,526,0
3048,34.7486,1099598056907,401911,526,526,0
3049,34.7386,1099595976260,401910,527,527,0
3050,34.7386,1099598056908,401911,527,527,0
3051,34.7286,1099595976261,401910,528,528,0
3052,34.7286,1099598056909,401911,528,528,0
3053,34.7186,1099595976262,401910,529,529,0
3054,34.7186,1099598056910,401911,529,529,0
3055,34.7086,1099595976263,401910,530,530,0
3056,34.7086,1099598056911,401911,530,530,0
3057,34.6986,1099595976264,401910,531,531,0
3058,34.6986,1099598056912,401911,531,531,0
3059,34.6886,1099595976265,401910,532,532,0
3060,34.6886,1099598056913,401911,532,532,0
3061,34.6786,1099595976266,401910,533,533,0
3062,34.6786,1099598056914,401911,533,533,0
3063,34.6686,1099595976267,401910,534,534,0
3064,34.6686,1099598056915,401911,534,534,0
3065,34.6586,1099595976268,401910,535,535,0
3066,34.6586,1099598056916,401911,535,535,0
3067,34.6486,1099595976269,401910,536,536,0
3068,34.6486,1099598056917,401911,536,536,0
3069,34.6386,1099595976270,401910,537,537,0
3070,34.6386,1099598056918,401911,537,537,0
3071,34.6286,1099595976271,401910,538,538,0
3072,34.6286,1099598056919,401911,538,538,0
3073,34.6186,1099595976272,401910,539,539,0
3074,34.6186,1099598056920,401911,539,539,0
3075,34.6086,1099595976273,401910,540,540,0
3076,34.6086,1099598056921,401911,540,540,0
3077,34.5986,1099595976274,401910,541,541,0
3078,34.5986,1099598056922,401911,541,541,0
3079,34.5886,1099595976275,401910,542,542,0
3080,34.5886,1099598056923,401911,542,542,0
3081,34.5786,1099595976276,401910,543,543,0
3082,34.5786,1099598056924,401911,543,543,0
3083,34.5686,1099595976277,401910,544,544,0
3084,34.5686,1099598056925,401911,544,544,0
3085,34.5586,1099595976278,401910,545,545,0
3086,34.5586,1099598056926,401911,545,545,0
3087,34.5486,1099595976279,401910,546,546,0
3088,34.5486,1099598056927,401911,546,546,0
3089,34.5386,1099595976280,401910,547,547,0
3090,34.5386,1099598056928,401911,547,547,0
3091,34.5286,1099595976281,401910,548,548,0
3092,34.5286,1099598056929,401911,548,548,0
3093,34.5186,1099595976282,401910,549,549,0
3094,34.5186,1099598056930,401911,549,549,0
3095,34.5086,1099595976283,401910,550,550,0
3096,34.5086,1099598056931,401911,550,550,0
3097,34.4986,1099595976284,401910,551,551,0
3098,34.4986,1099598056932,401911,551,551,0
3099,34.4886,1099595976285,401910,552,552,0
3100,34.4886,1099598056933,401911,552,552,0
3101,34.4786,1099595976286,401910,553,553,0
3102,34.4786,1099598056934,401911,553,553,0
3103,34.4686,1099595976287,401910,554,554,0
3104,34.4686,1099598056935,401911,554,554,0
3105,34.4586,1099595976288,401910,555,555,0
3106,34.4586,1099598056936,401911,555,555,0
3107,34.4486,1099595976289,401910,556,556,0
3108,34.4486,1099598056937,401911,556,556,0
3109,34.4386,1099595976290,401910,557,557,0
3110,34.4386,1099598056938,401911,557,557,0
3111,34.4286,1099595976291,401910,558,558,0
3112,34.4286,1099598056939,401911,558,558,0
3113,34.4186,1099595976292,401910,559,559,0
3114,34.4186,1099598056940,401911,559,559,0
3115,34.4086,1099595976293,401910,560,560,0
3116,34.4086,1099598056941,401911,560,560,0
3117,34.3986,1099595976294,401910,561,561,0
3118,34.3986,1099598056942,401911,561,561,0
3119,34.3886,1099595976295,401910,562,562,0
3120,34.3886,1099598056943,401911,562,562,0
3121,34.3786,1099595976296,401910,563,563,0
3122,34.3786,1099598056944,401911,563,563,0
3123,34.3686,1099595976297,401910,564,564,0
3124,34.3686,1099598056945,401911,564,564,0
3125,34.3586,1099595976298,401910,565,565,0
3126,34.3586,1099598056946,401911,565,565,0
3127,34.3486,1099595976299,401910,566,566,0
3128,34.3486,1099598056947,401911,566,566,0
3129,34.3386,1099595976300,401910,567,567,0
3130,34.3386,1099598056948,401911,567,567,0
3131,34.3286,1099595976301,401910,568,568,0
3132,34.3286,1099598056949,401911,568,568,0
3133,34.3186,1099595976302,401910,569,569,0
3134,34.3186,1099598056950,401911,569,569,0
3135,34.3086,1099595976303,401910,570,570,0
3136,34.3086,1099598056951,401911,570,570,0
3137,34.2986,1099595976304,401910,571,571,0
3138,34.2986,1099598056952,401911,571,571,0
3139,34.2886,1099595976305,401910,572,572,0
3140,34.2886,1099598056953,401911,572,572,0
3141,34.2786,1099595976306,401910,573,573,0
3142,34.2786,1099598056954,401911,573,573,0
3143,34.2686,1099595976307,401910,574,574,0
3144,34.2686,1099598056955,401911,574,574,0
3145,34.2586,1099595976308,401910,575,575,0
3146,34.2586,1099598056956,401911,575,575,0
3147,34.2486,1099595976309,401910,576,576,0
3148,34.2486,1099598056957,401911,576,576,0
3149,34.2386,1099595976310,401910,577,577,0
3150,34.2386,1099598056958,401911,577,577,0
3151,34.2286,1099595976311,401910,578,578,0
3152,34.2286,1099598056959,401911,578,578,0
3153,34.2186,1099595976312,401910,579,579,0
3154,34.2186,1099598056960,401911,579,579,0
3155,34.2086,1099595976313,401910,580,580,0
3156,34.2086,1099598056961,401911,580,580,0
3157,34.1986,1099595976314,401910,581,581,0
3158,34.1986,1099598056962,401911,581,581,0
3159,34.1886,1099595976315,401910,582,582,0
3160,34.1886,1099598056963,401911,582,582,0
3161,34.1786,1099595976316,401910,583,583,0
3162,34.1786,1099598056964,401911,583,583,0
3163,34.1686,1099595976317,401910,584,584,0
3164,34.1686,1099598056965,401911,584,584,0
3165,34.1586,1099595976318,401910,585,585,0
3166,34.1586,1099598056966,401911,585,585,0
3167,34.1486,1099595976319,401910,586,586,0
3168,34.1486,1099598056967,401911,586,586,0
3169,34.1386,1099595976320,401910,587,587,0
3170,34.1386,1099598056968,401911,587,587,0
3171,34.1286,1099595976321,401910,588,588,0
3172,34.1286,1099598056969,401911,588,588,0
3173,34.1186,1099595976322,401910,589,589,0
3174,34.1186,1099598056970,401911,589,589,0
3175,34.1086,1099595976323,401910,590,590,0
3176,34.1086,1099598056971,401911,590,590,0
3177,34.0986,1099595976324,401910,591,591,0
3178,34.0986,1099598056972,401911,591,591,0
3179,34.0886,1099595976325,401910,592,592,0
3180,34.0886,1099598056973,401911,592,592,0
3181,34.0786,1099595976326,401910,593,593,0
3182,34.0786,1099598056974,401911,593,593,0
3183,34.0686,1099595976327,401910,594,594,0
3184,34.0686,1099598056975,401911,594,594,0
3185,34.0586,1099595976328,401910,595,595,0
3186,34.0586,1099598056976,401911,595,595,0
3187,34.0486,1099595976329,401910,596,596,0
3188,34.0486,1099598056977,401911,596,596,0
3189,34.0386,1099595976330,401910,597,597,0
3190,34.0386,1099598056978,401911,597,597,0
3191,34.0286,1099595976331,401910,598,598,0
3192,34.0286,1099598056979,401911,598,598,0
3193,34.0186,1099595976332,401910,599,599,0
3194,34.0186,1099598056980,401911,599,599,0
3195,34.0086,1099595976333,401910,600,600,0
3196,34.0086,1099598056981,401911,600,600,0
3197,33.9984,1099598056982,401911,601,601,0
3198,33.9984,1099599053752,401910,601,601,0
3199,33.9884,1099598056983,401911,602,602,0
3200,33.9884,1099599053753,401910,602,602,0
3201,33.9784,1099598056984,401911,603,603,0
3202,33.9784,1099599053754,401910,603,603,0
3203,33.9684,1099598056985,401911,604,604,0
3204,33.9684,1099599053755,401910,604,604,0
3205,33.9584,1099598056986,401911,605,605,0
3206,33.9584,1099599053756,401910,605,605,0
3207,33.9484,1099598056987,401911,606,606,0
3208,33.9484,1099599053757,401910,606,606,0
3209,33.9384,1099598057004,401911,607,607,0
3210,33.9384,1099599053758,401910,607,607,0
3211,33.9284,1099598057005,401911,608,608,0
3212,33.9284,1099599053759,401910,608,608,0
3213,33.9184,1099598057006,401911,609,609,0
3214,33.9184,1099599053760,401910,609,609,0
3215,33.9084,1099598057007,401911,610,610,0
3216,33.9084,1099599053761,401910,610,610,0
3217,33.8984,1099598057008,401911,611,611,0
3218,33.8984,1099599053762,401910,611,611,0
3219,33.8884,1099598057009,401911,612,612,0
3220,33.8884,1099599053763,401910,612,612,0
3221,33.8784,1099598057010,401911,613,613,0
3222,33.8784,1099599053764,401910,613,613,0
3223,33.8684,1099598057011,401911,614,614,0
3224,33.8684,1099599053765,401910,614,614,0
3225,33.8584,1099598057012,401911,615,615,0
3226,33.8584,1099599053766,401910,615,615,0
3227,33.8484,1099598057013,401911,616,616,0
3228,33.8484,1099599053767,401910,616,616,0
3229,33.8384,1099598057014,401911,617,617,0
3230,33.8384,1099599053768,401910,617,617,0
3231,33.8284,1099598057015,401911,618,618,0
3232,33.8284,1099599053769,401910,618,618,0
3233,33.8184,1099598057016,401911,619,619,0
3234,33.8184,1099599053770,401910,619,619,0
3235,33.8084,1099598057017,401911,620,620,0
3236,33.8084,1099599053771,401910,620,620,0
3237,33.7984,1099598057018,401911,621,621,0
3238,33.7984,1099599053772,401910,621,621,0
3239,33.7884,1099598057019,401911,622,622,0
3240,33.7884,1099599053773,401910,622,622,0
3241,33.7784,1099598057020,401911,623,623,0
3242,33.7784,1099599053774,401910,623,623,0
3243,33.7684,1099598057021,401911,624,624,0
3244,33.7684,1099599053775,401910,624,624,0
3245,33.7584,1099598057022,401911,625,625,0
3246,33.7584,1099599053776,401910,625,625,0
3247,33.7484,1099598057023,401911,626,626,0
3248,33.7484,1099599053777,401910,626,626,0
3249,33.7384,1099598057024,401911,627,627,0
3250,33.7384,1099599053778,401910,627,627,0
3251,33.7284,1099598057025,401911,628,628,0
3252,33.7284,1099599053779,401910,628,628,0
3253,33.7184,1099598057026,401911,629,629,0
3254,33.7184,1099599053780,401910,629,629,0
3255,33.7084,1099598057027,401911,630,630,0
3256,33.7084,1099599053781,401910,630,630,0
3257,33.6984,1099598057028,401911,631,631,0
3258,33.6984,1099599053782,401910,631,631,0
3259,33.6884,1099598057029,401911,632,632,0
3260,33.6884,1099599053783,401910,632,632,0
3261,33.6784,1099598057030,401911,633,633,0
3262,33.6784,1099599053784,401910,633,633,0
3263,33.6684,1099598057031,401911,634,634,0
3264,33.6684,1099599053785,401910,634,634,0
3265,33.6584,1099598057032,401911,635,635,0
3266,33.6584,1099599053786,401910,635,635,0
3267,33.6484,1099598057033,401911,636,636,0
3268,33.6484,1099599053787,401910,636,636,0
3269,33.6384,1099598057034,401911,637,637,0
3270,33.6384,1099599053788,401910,637,637,0
3271,33.6284,1099598057035,401911,638,638,0
3272,33.6284,1099599053789,401910,638,638,0
3273,33.6184,1099598057036,401911,639,639,0
3274,33.6184,1099599053790,401910,639,639,0
3275,33.6084,1099598057037,401911,640,640,0
3276,33.6084,1099599053791,401910,640,640,0
3277,33.5984,1099598057038,401911,641,641,0
3278,33.5984,1099599053792,401910,641,641,0
3279,33.5884,1099598057039,401911,642,642,0
3280,33.5884,1099599053793,401910,642,642,0
3281,33.5784,1099598057040,401911,643,643,0
3282,33.5784,1099599053794,401910,643,643,0
3283,33.5684,1099598057041,401911,644,644,0
3284,33.5684,1099599053795,401910,644,644,0
3285,33.5584,1099598057042,401911,645,645,0
3286,33.5584,1099599053796,401910,645,645,0
3287,33.5484,1099598057043,401911,646,646,0
3288,33.5484,1099599053797,401910,646,646,0
3289,33.5384,1099598057044,401911,647,647,0
3290,33.5384,1099599053798,401910,647,647,0
3291,33.5284,1099598057045,401911,648,648,0
3292,33.5284,1099599053799,401910,648,648,0
3293,33.5184,1099598057046,401911,649,649,0
3294,33.5184,1099599053800,401910,649,649,0
3295,33.5084,1099598057047,401911,650,650,0
3296,33.5084,1099599053801,401910,650,650,0
3297,33.4984,1099598057048,401911,651,651,0
3298,33.4984,1099599053802,401910,651,651,0
3299,33.4884,1099598057049,401911,652,652,0
3300,33.4884,1099599053803,401910,652,652,0
3301,33.4784,1099598057050,401911,653,653,0
3302,33.4784,1099599053804,401910,653,653,0
3303,33.4684,1099598057051,401911,654,654,0
3304,33.4684,1099599053805,401910,654,654,0
3305,33.4584,1099598057052,401911,655,655,0
3306,33.4584,1099599053806,401910,655,655,0
3307,33.4484,1099598057053,401911,656,656,0
3308,33.4484,1099599053807,401910,656,656,0
3309,33.4384,1099598057054,401911,657,657,0
3310,33.4384,1099599053808,401910,657,657,0
3311,33.4284,1099598057055,401911,658,658,0
3312,33.4284,1099599053809,401910,658,658,0
3313,33.4184,1099598057056,401911,659,659,0
3314,33.4184,1099599053810,401910,659,659,0
3315,33.4084,1099598057057,401911,660,660,0
3316,33.4084,1099599053811,401910,660,660,0
3317,33.3984,1099598057058,401911,661,661,0
3318,33.3984,1099599053812,401910,661,661,0
3319,33.3884,1099598057059,401911,662,662,0
3320,33.3884,1099599053813,401910,662,662,0
3321,33.3784,1099598057060,401911,663,663,0
3322,33.3784,1099599053814,401910,663,663,0
3323,33.3684,1099598057061,401911,664,664,0
3324,33.3684,1099599053815,401910,664,664,0
3325,33.3584,1099598057062,401911,665,665,0
3326,33.3584,1099599053816,401910,665,665,0
3327,33.3484,1099598057063,401911,666,666,0
3328,33.3484,1099599053817,401910,666,666,0
3329,33.3384,1099598057064,401911,667,667,0
3330,33.3384,1099599053818,401910,667,667,0
3331,33.3284,1099598057065,401911,668,668,0
3332,33.3284,1099599053819,401910,668,668,0
3333,33.3184,1099598057066,401911,669,669,0
3334,33.3184,1099599053820,401910,669,669,0
3335,33.3084,1099598057067,401911,670,670,0
3336,33.3084,1099599053821,401910,670,670,0
3337,33.2984,1099598057068,401911,671,671,0
3338,33.2984,1099599053822,401910,671,671,0
3339,33.2884,1099598057069,401911,672,672,0
3340,33.2884,1099599053823,401910,672,672,0
3341,33.2784,1099598057070,401911,673,673,0
3342,33.2784,1099599053824,401910,673,673,0
3343,33.2684,1099598057071,401911,674,674,0
3344,33.2684,1099599053825,401910,674,674,0
3345,33.2584,1099598057072,401911,675,675,0
3346,33.2584,1099599053826,401910,675,675,0
3347,33.2484,1099598057073,401911,676,676,0
3348,33.2484,1099599053827,401910,676,676,0
3349,33.2384,1099598057074,401911,677,677,0
3350,33.2384,1099599053828,401910,677,677,0
3351,33.2284,1099598057075,401911,678,678,0
3352,33.2284,1099599053829,401910,678,678,0
3353,33.2184,1099598057076,401911,679,679,0
3354,33.2184,1099599053830,401910,679,679,0
3355,33.2084,1099598057077,401911,680,680,0
3356,33.2084,1099599053831,401910,680,680,0
3357,33.1982,1099598057078,401911,681,681,0
3358,33.1982,1099599053832,401910,681,681,0
3359,33.1882,1099598057079,401911,682,682,0
3360,33.1882,1099599053833,401910,682,682,0
3361,33.1782,1099598057080,401911,683,683,0
3362,33.1782,1099599053834,401910,683,683,0
3363,33.1682,1099598057081,401911,684,684,0
3364,33.1682,1099599053835,401910,684,684,0
3365,33.1582,1099598057082,401911,685,685,0
3366,33.1582,1099599053836,401910,685,685,0
3367,33.1482,1099598057083,401911,686,686,0
3368,33.1482,1099599053837,401910,686,686,0
3369,33.1382,1099598057084,401911,687,687,0
3370,33.1382,1099599053838,401910,687,687,0
3371,33.1282,1099598057085,401911,688,688,0
3372,33.1282,1099599053839,401910,688,688,0
3373,33.1182,1099598057086,401911,689,689,0
3374,33.1182,1099599053840,401910,689,689,0
3375,33.1082,1099598057087,401911,690,690,0
3376,33.1082,1099599053841,401910,690,690,0
3377,33.0982,1099598057088,401911,691,691,0
3378,33.0982,1099599053842,401910,691,691,0
3379,33.0882,1099598057089,401911,692,692,0
3380,33.0882,1099599053843,401910,692,692,0
3381,33.0782,1099598057090,401911,693,693,0
3382,33.0782,1099599053844,401910,693,693,0
3383,33.0682,1099598057091,401911,694,694,0
3384,33.0682,1099599053845,401910,694,694,0
3385,33.0582,1099598057092,401911,695,695,0
3386,33.0582,1099599053846,401910,695,695,0
3387,33.0482,1099598057093,401911,696,696,0
3388,33.0482,1099599053847,401910,696,696,0
3389,33.0382,1099598057094,401911,697,697,0
3390,33.0382,1099599053848,401910,697,697,0
3391,33.0282,1099598057095,401911,698,698,0
3392,33.0282,1099599053849,401910,698,698,0
3393,33.0182,1099598057096,401911,699,699,0
3394,33.0182,1099599053850,401910,699,699,0
3395,33.0082,1099598057097,401911,700,700,0
3396,33.0082,1099599053851,401910,700,700,0
3397,32.9982,1099598057098,401911,701,701,0
3398,32.9982,1099599053865,401910,701,701,0
3399,32.9882,1099598057099,401911,702,702,0
3400,32.9882,1099599053866,401910,702,702,0
3401,32.9782,1099598057100,401911,703,703,0
3402,32.9782,1099599053867,401910,703,703,0
3403,32.9682,1099598057101,401911,704,704,0
3404,32.9682,1099599053868,401910,704,704,0
3405,32.9582,1099598057102,401911,705,705,0
3406,32.9582,1099599053869,401910,705,705,0
3407,32.9482,1099598057103,401911,706,706,0
3408,32.9482,1099599053870,401910,706,706,0
3409,32.9382,1099598057140,401911,707,707,0
3410,32.9382,1099599053871,401910,707,707,0
3411,32.9282,1099598057141,401911,708,708,0
3412,32.9282,1099599053872,401910,708,708,0
3413,32.9182,1099598057142,401911,709,709,0
3414,32.9182,1099599053873,401910,709,709,0
3415,32.9082,1099598057143,401911,710,710,0
3416,32.9082,1099599053874,401910,710,710,0
3417,32.8982,1099598057144,401911,711,711,0
3418,32.8982,1099599053875,401910,711,711,0
3419,32.8882,1099598057145,401911,712,712,0
3420,32.8882,1099599053876,401910,712,712,0
3421,32.8782,1099598057146,401911,713,713,0
3422,32.8782,1099599053877,401910,713,713,0
3423,32.8682,1099598057147,401911,714,714,0
3424,32.8682,1099599053878,401910,714,714,0
3425,32.8582,1099598057148,401911,715,715,0
3426,32.8582,1099599053879,401910,715,715,0
3427,32.8482,1099598057149,401911,716,716,0
3428,32.8482,1099599053880,401910,716,716,0
3429,32.8382,1099598057150,401911,717,717,0
3430,32.8382,1099599053881,401910,717,717,0
3431,32.8282,1099598057151,401911,718,718,0
3432,32.8282,1099599053882,401910,718,718,0
3433,32.8182,1099598057152,401911,719,719,0
3434,32.8182,1099599053883,401910,719,719,0
3435,32.8082,1099598057153,401911,720,720,0
3436,32.8082,1099599053884,401910,720,720,0
3437,32.7982,1099598057154,401911,721,721,0
3438,32.7982,1099599053885,401910,721,721,0
3439,32.7882,1099598057155,401911,722,722,0
3440,32.7882,1099599053886,401910,722,722,0
3441,32.7782,1099598057156,401911,723,723,0
3442,32.7782,1099599053887,401910,723,723,0
3443,32.7682,1099598057157,401911,724,724,0
3444,32.7682,1099599053888,401910,724,724,0
3445,32.7582,1099598057158,401911,725,725,0
3446,32.7582,1099599053889,401910,725,725,0
3447,32.7482,1099598057159,401911,726,726,0
3448,32.7482,1099599053890,401910,726,726,0
3449,32.7382,1099598057160,401911,727,727,0
3450,32.7382,1099599053891,401910,727,727,0
3451,32.7282,1099598057161,401911,728,728,0
3452,32.7282,1099599053892,401910,728,728,0
3453,32.7182,1099598057162,401911,729,729,0
3454,32.7182,1099599053893,401910,729,729,0
3455,32.7082,1099598057163,401911,730,730,0
3456,32.7082,1099599053894,401910,730,730,0
3457,32.6982,1099598057164,401911,731,731,0
3458,32.6982,1099599053895,401910,731,731,0
3459,32.6882,1099598057165,401911,732,732,0
3460,32.6882,1099599053896,401910,732,732,0
3461,32.6782,1099598057166,401911,733,733,0
3462,32.6782,1099599053897,401910,733,733,0
3463,32.6682,1099598057167,401911,734,734,0
3464,32.6682,1099599053898,401910,734,734,0
3465,32.6582,1099598057168,401911,735,735,0
3466,32.6582,1099599053899,401910,735,735,0
3467,32.6482,1099598057169,401911,736,736,0
3468,32.6482,1099599053900,401910,736,736,0
3469,32.6382,1099598057170,401911,737,737,0
3470,32.6382,1099599053901,401910,737,737,0
3471,32.6282,1099598057171,401911,738,738,0
3472,32.6282,1099599053902,401910,738,738,0
3473,32.6182,1099598057172,401911,739,739,0
3474,32.6182,1099599053903,401910,739,739,0
3475,32.6082,1099598057173,401911,740,740,0
3476,32.6082,1099599053904,401910,740,740,0
3477,32.5982,1099598057174,401911,741,741,0
3478,32.5982,1099599053905,401910,741,741,0
3479,32.5882,1099598057175,401911,742,742,0
3480,32.5882,1099599053906,401910,742,742,0
3481,32.5782,1099598057176,401911,743,743,0
3482,32.5782,1099599053907,401910,743,743,0
3483,32.5682,1099598057177,401911,744,744,0
3484,32.5682,1099599053908,401910,744,744,0
3485,32.5582,1099598057178,401911,745,745,0
3486,32.5582,1099599053909,401910,745,745,0
3487,32.5482,1099598057179,401911,746,746,0
3488,32.5482,1099599053910,401910,746,746,0
3489,32.5382,1099598057180,401911,747,747,0
3490,32.5382,1099599053911,401910,747,747,0
3491,32.5282,1099598057181,401911,748,748,0
3492,32.5282,1099599053912,401910,748,748,0
3493,32.5182,1099598057182,401911,749,749,0
3494,32.5182,1099599053913,401910,749,749,0
3495,32.5082,1099598057183,401911,750,750,0
3496,32.5082,1099599053914,401910,750,750,0
3497,32.4982,1099598057184,401911,751,751,0
3498,32.4982,1099599053915,401910,751,751,0
3499,32.4882,1099598057185,401911,752,752,0
3500,32.4882,1099599053916,401910,752,752,0
3501,32.4782,1099598057186,401911,753,753,0
3502,32.4782,1099599053917,401910,753,753,0
3503,32.4682,1099598057187,401911,754,754,0
3504,32.4682,1099599053918,401910,754,754,0
3505,32.4582,1099598057188,401911,755,755,0
3506,32.4582,1099599053919,401910,755,755,0
3507,32.4482,1099598057189,401911,756,756,0
3508,32.4482,1099599053920,401910,756,756,0
3509,32.4382,1099598057190,401911,757,757,0
3510,32.4382,1099599053921,401910,757,757,0
3511,32.4282,1099598057191,401911,758,758,0
3512,32.4282,1099599053922,401910,758,758,0
3513,32.4182,1099598057192,401911,759,759,0
3514,32.4182,1099599053923,401910,759,759,0
3515,32.4082,1099598057193,401911,760,760,0
3516,32.4082,1099599053924,401910,760,760,0
3517,32.398,1099598057194,401911,761,761,0
3518,32.398,1099599053925,401910,761,761,0
3519,32.388,1099598057195,401911,762,762,0
3520,32.388,1099599053926,401910,762,762,0
3521,32.378,1099598057196,401911,763,763,0
3522,32.378,1099599053927,401910,763,763,0
3523,32.368,1099598057197,401911,764,764,0
3524,32.368,1099599053928,401910,764,764,0
3525,32.358,1099598057198,401911,765,765,0
3526,32.358,1099599053929,401910,765,765,0
3527,32.348,1099598057199,401911,766,766,0
3528,32.348,1099599053930,401910,766,766,0
3529,32.338,1099598057200,401911,767,767,0
3530,32.338,1099599053931,401910,767,767,0
3531,32.328,1099598057201,401911,768,768,0
3532,32.328,1099599053932,401910,768,768,0
3533,32.318,1099598057202,401911,769,769,0
3534,32.318,1099599053933,401910,769,769,0
3535,32.308,1099598057203,401911,770,770,0
3536,32.308,1099599053934,401910,770,770,0
3537,32.298,1099598057204,401911,771,771,0
3538,32.298,1099599053935,401910,771,771,0
3539,32.288,1099598057205,401911,772,772,0
3540,32.288,1099599053936,401910,772,772,0
3541,32.278,1099598057206,401911,773,773,0
3542,32.278,1099599053937,401910,773,773,0
3543,32.268,1099598057207,401911,774,774,0
3544,32.268,1099599053938,401910,774,774,0
3545,32.258,1099598057208,401911,775,775,0
3546,32.258,1099599053939,401910,775,775,0
3547,32.248,1099598057209,401911,776,776,0
3548,32.248,1099599053940,401910,776,776,0
3549,32.238,1099598057210,401911,777,777,0
3550,32.238,1099599053941,401910,777,777,0
3551,32.228,1099598057211,401911,778,778,0
3552,32.228,1099599053942,401910,778,778,0
3553,32.218,1099598057212,401911,779,779,0
3554,32.218,1099599053943,401910,779,779,0
3555,32.208,1099598057213,401911,780,780,0
3556,32.208,1099599053944,401910,780,780,0
3557,32.198,1099598057214,401911,781,781,0
3558,32.198,1099599053945,401910,781,781,0
3559,32.188,1099598057215,401911,782,782,0
3560,32.188,1099599053946,401910,782,782,0
3561,32.178,1099598057216,401911,783,783,0
3562,32.178,1099599053947,401910,783,783,0
3563,32.168,1099598057217,401911,784,784,0
3564,32.168,1099599053948,401910,784,784,0
3565,32.158,1099598057218,401911,785,785,0
3566,32.158,1099599053949,401910,785,785,0
3567,32.148,1099598057219,401911,786,786,0
3568,32.148,1099599053950,401910,786,786,0
3569,32.138,1099598057220,401911,787,787,0
3570,32.138,1099599053951,401910,787,787,0
3571,32.128,1099598057221,401911,788,788,0
3572,32.128,1099599053952,401910,788,788,0
3573,32.118,1099598057222,401911,789,789,0
3574,32.118,1099599053953,401910,789,789,0
3575,32.108,1099598057223,401911,790,790,0
3576,32.108,1099599053954,401910,790,790,0
3577,32.098,1099598057224,401911,791,791,0
3578,32.098,1099599053955,401910,791,791,0
3579,32.088,1099598057225,401911,792,792,0
3580,32.088,1099599053956,401910,792,792,0
3581,32.078,1099598057226,401911,793,793,0
3582,32.078,1099599053957,401910,793,793,0
3583,32.068,1099598057227,401911,794,794,0
3584,32.068,1099599053958,401910,794,794,0
3585,32.058,1099598057228,401911,795,795,0
3586,32.058,1099599053959,401910,795,795,0
3587,32.048,1099598057229,401911,796,796,0
3588,32.048,1099599053960,401910,796,796,0
3589,32.038,1099598057230,401911,797,797,0
3590,32.038,1099599053961,401910,797,797,0
3591,32.028,1099598057231,401911,798,798,0
3592,32.028,1099599053962,401910,798,798,0
3593,32.018,1099598057232,401911,799,799,0
3594,32.018,1099599053963,401910,799,799,0
3595,32.008,1099598057233,401911,800,800,0
3596,32.008,1099599053964,401910,800,800,0
3597,31.998,1099598057234,401911,801,801,0
3598,31.998,1099599053973,401910,801,801,0
3599,31.988,1099598057235,401911,802,802,0
3600,31.988,1099599053974,401910,802,802,0
3601,31.978,1099598057236,401911,803,803,0
3602,31.978,1099599053975,401910,803,803,0
3603,31.968,1099598057237,401911,804,804,0
3604,31.968,1099599053976,401910,804,804,0
3605,31.958,1099599053977,401910,805,805,0
3606,31.958,1099602911123,401911,805,805,0
3607,31.948,1099599053978,401910,806,806,0
3608,31.948,1099602911124,401911,806,806,0
3609,31.938,1099599053979,401910,807,807,0
3610,31.938,1099602911125,401911,807,807,0
3611,31.928,1099599053980,401910,808,808,0
3612,31.928,1099602911126,401911,808,808,0
3613,31.918,1099599053981,401910,809,809,0
3614,31.918,1099602911127,401911,809,809,0
3615,31.908,1099599053982,401910,810,810,0
3616,31.908,1099602911128,401911,810,810,0
3617,31.898,1099599053983,401910,811,811,0
3618,31.898,1099602911129,401911,811,811,0
3619,31.888,1099599053984,401910,812,812,0
3620,31.888,1099602911130,401911,812,812,0
3621,31.878,1099599053985,401910,813,813,0
3622,31.878,1099602911131,401911,813,813,0
3623,31.868,1099599053986,401910,814,814,0
3624,31.868,1099602911132,401911,814,814,0
3625,31.858,1099599053987,401910,815,815,0
3626,31.858,1099602911133,401911,815,815,0
3627,31.848,1099599053988,401910,816,816,0
3628,31.848,1099602911134,401911,816,816,0
3629,31.838,1099599053989,401910,817,817,0
3630,31.838,1099602911135,401911,817,817,0
3631,31.828,1099599053990,401910,818,818,0
3632,31.828,1099602911136,401911,818,818,0
3633,31.818,1099599053991,401910,819,819,0
3634,31.818,1099602911137,401911,819,819,0
3635,31.808,1099599053992,401910,820,820,0
3636,31.808,1099602911138,401911,820,820,0
3637,31.798,1099599053993,401910,821,821,0
3638,31.798,1099602911139,401911,821,821,0
3639,31.788,1099599053994,401910,822,822,0
3640,31.788,1099602911140,401911,822,822,0
3641,31.778,1099599053995,401910,823,823,0
3642,31.778,1099602911141,401911,823,823,0
3643,31.768,1099599053996,401910,824,824,0
3644,31.768,1099602911142,401911,824,824,0
3645,31.758,1099599053997,401910,825,825,0
3646,31.758,1099602911143,401911,825,825,0
3647,31.748,1099599053998,401910,826,826,0
3648,31.748,1099602911144,401911,826,826,0
3649,31.738,1099602911145,401911,827,827,0
3650,31.738,1099602912733,401910,827,827,0
3651,31.728,1099602911146,401911,828,828,0
3652,31.728,1099602912734,401910,828,828,0
3653,31.718,1099602911147,401911,829,829,0
3654,31.718,1099602912735,401910,829,829,0
3655,31.708,1099602911148,401911,830,830,0
3656,31.708,1099602912736,401910,830,830,0
3657,31.698,1099602911149,401911,831,831,0
3658,31.698,1099602912737,401910,831,831,0
3659,31.688,1099602911150,401911,832,832,0
3660,31.688,1099602912738,401910,832,832,0
3661,31.678,1099602911151,401911,833,833,0
3662,31.678,1099602912739,401910,833,833,0
3663,31.668,1099602911152,401911,834,834,0
3664,31.668,1099602912740,401910,834,834,0
3665,31.658,1099602911153,401911,835,835,0
3666,31.658,1099602912741,401910,835,835,0
3667,31.648,1099602911154,401911,836,836,0
3668,31.648,1099602912742,401910,836,836,0
3669,31.638,1099602911155,401911,837,837,0
3670,31.638,1099602912743,401910,837,837,0
3671,31.628,1099602911156,401911,838,838,0
3672,31.628,1099602912744,401910,838,838,0
3673,31.618,1099602911157,401911,839,839,0
3674,31.618,1099602912745,401910,839,839,0
3675,31.608,1099602911158,401911,840,840,0
3676,31.608,1099602912746,401910,840,840,0
3677,31.5978,1099602911159,401911,841,841,0
3678,31.5978,1099602912747,401910,841,841,0
3679,31.5878,1099602911160,401911,842,842,0
3680,31.5878,1099602912748,401910,842,842,0
3681,31.5778,1099602911161,401911,843,843,0
3682,31.5778,1099602912749,401910,843,843,0
3683,31.5678,1099602911162,401911,844,844,0
3684,31.5678,1099602912750,401910,844,844,0
3685,31.5578,1099602911163,401911,845,845,0
3686,31.5578,1099602912751,401910,845,845,0
3687,31.5478,1099602911164,401911,846,846,0
3688,31.5478,1099602912752,401910,846,846,0
3689,31.5378,1099602911165,401911,847,847,0
3690,31.5378,1099602912753,401910,847,847,0
3691,31.5278,1099602911166,401911,848,848,0
3692,31.5278,1099602912754,401910,848,848,0
3693,31.5178,1099602911167,401911,849,849,0
3694,31.5178,1099602912755,401910,849,849,0
3695,31.5078,1099602911168,401911,850,850,0
3696,31.5078,1099602912756,401910,850,850,0
3697,31.4978,1099602911169,401911,851,851,0
3698,31.4978,1099602912757,401910,851,851,0
3699,31.4878,1099602911170,401911,852,852,0
3700,31.4878,1099602912758,401910,852,852,0
3701,31.4778,1099602911171,401911,853,853,0
3702,31.4778,1099602912759,401910,853,853,0
3703,31.4678,1099602911172,401911,854,854,0
3704,31.4678,1099602912760,401910,854,854,0
3705,31.4578,1099602911173,401911,855,855,0
3706,31.4578,1099602912761,401910,855,855,0
3707,31.4478,1099602911174,401911,856,856,0
3708,31.4478,1099602912762,401910,856,856,0
3709,31.4378,1099602911175,401911,857,857,0
3710,31.4378,1099602912763,401910,857,857,0
3711,31.4278,1099602911176,401911,858,858,0
3712,31.4278,1099602912764,401910,858,858,0
3713,31.4178,1099602911177,401911,859,859,0
3714,31.4178,1099602912765,401910,859,859,0
3715,31.4078,1099602911178,401911,860,860,0
3716,31.4078,1099602912766,401910,860,860,0
3717,31.3978,1099602911179,401911,861,861,0
3718,31.3978,1099602912767,401910,861,861,0
3719,31.3878,1099602911180,401911,862,862,0
3720,31.3878,1099602912768,401910,862,862,0
3721,31.3778,1099602911181,401911,863,863,0
3722,31.3778,1099602912769,401910,863,863,0
3723,31.3678,1099602911182,401911,864,864,0
3724,31.3678,1099602912770,401910,864,864,0
3725,31.3578,1099602911183,401911,865,865,0
3726,31.3578,1099602912771,401910,865,865,0
3727,31.3478,1099602911184,401911,866,866,0
3728,31.3478,1099602912772,401910,866,866,0
3729,31.3378,1099602911185,401911,867,867,0
3730,31.3378,1099602912773,401910,867,867,0
3731,31.3278,1099602911186,401911,868,868,0
3732,31.3278,1099602912774,401910,868,868,0
3733,31.3178,1099602911187,401911,869,869,0
3734,31.3178,1099602912775,401910,869,869,0
3735,31.3078,1099602911188,401911,870,870,0
3736,31.3078,1099602912776,401910,870,870,0
3737,31.2978,1099602911189,401911,871,871,0
3738,31.2978,1099602912777,401910,871,871,0
3739,31.2878,1099602911190,401911,872,872,0
3740,31.2878,1099602912778,401910,872,872,0
3741,31.2778,1099602911191,401911,873,873,0
3742,31.2778,1099602912779,401910,873,873,0
3743,31.2678,1099602911192,401911,874,874,0
3744,31.2678,1099602912780,401910,874,874,0
3745,31.2578,1099602911193,401911,875,875,0
3746,31.2578,1099602912781,401910,875,875,0
3747,31.2478,1099602911194,401911,876,876,0
3748,31.2478,1099602912782,401910,876,876,0
3749,31.2378,1099602911195,401911,877,877,0
3750,31.2378,1099602912783,401910,877,877,0
3751,31.2278,1099602911196,401911,878,878,0
3752,31.2278,1099602912784,401910,878,878,0
3753,31.2178,1099602911197,401911,879,879,0
3754,31.2178,1099602912785,401910,879,879,0
3755,31.2078,1099602911198,401911,880,880,0
3756,31.2078,1099602912786,401910,880,880,0
3757,31.1978,1099602911199,401911,881,881,0
3758,31.1978,1099602912787,401910,881,881,0
3759,31.1878,1099602911200,401911,882,882,0
3760,31.1878,1099602912788,401910,882,882,0
3761,31.1778,1099602911201,401911,883,883,0
3762,31.1778,1099602912789,401910,883,883,0
3763,31.1678,1099602911202,401911,884,884,0
3764,31.1678,1099602912790,401910,884,884,0
3765,31.1578,1099602911203,401911,885,885,0
3766,31.1578,1099602912791,401910,885,885,0
3767,31.1478,1099602911204,401911,886,886,0
3768,31.1478,1099602912792,401910,886,886,0
3769,31.1378,1099602911205,401911,887,887,0
3770,31.1378,1099602912793,401910,887,887,0
3771,31.1278,1099602911206,401911,888,888,0
3772,31.1278,1099602912794,401910,888,888,0
3773,31.1178,1099602911207,401911,889,889,0
3774,31.1178,1099602912795,401910,889,889,0
3775,31.1078,1099602911208,401911,890,890,0
3776,31.1078,1099602912796,401910,890,890,0
3777,31.0978,1099602911209,401911,891,891,0
3778,31.0978,1099602912797,401910,891,891,0
3779,31.0878,1099602911210,401911,892,892,0
3780,31.0878,1099602912798,401910,892,892,0
3781,31.0778,1099602911211,401911,893,893,0
3782,31.0778,1099602912799,401910,893,893,0
3783,31.0678,1099602911212,401911,894,894,0
3784,31.0678,1099602912800,401910,894,894,0
3785,31.0578,1099602911213,401911,895,895,0
3786,31.0578,1099602912801,401910,895,895,0
3787,31.0478,1099602911214,401911,896,896,0
3788,31.0478,1099602912802,401910,896,896,0
3789,31.0378,1099602911215,401911,897,897,0
3790,31.0378,1099602912803,401910,897,897,0
3791,31.0278,1099602911216,401911,898,898,0
3792,31.0278,1099602912804,401910,898,898,0
3793,31.0178,1099602911217,401911,899,899,0
3794,31.0178,1099602912805,401910,899,899,0
3795,31.0078,1099602911218,401911,900,900,0
3796,31.0078,1099602912806,401910,900,900,0
3797,30.9978,1099602911219,401911,901,901,0
3798,30.9978,1099620811571,401910,901,901,0
3799,30.9878,1099602911220,401911,902,902,0
3800,30.9878,1099620811572,401910,902,902,0
3801,30.9778,1099602911221,401911,903,903,0
3802,30.9778,1099620811573,401910,903,903,0
3803,30.9678,1099602911222,401911,904,904,0
3804,30.9678,1099620811574,401910,904,904,0
3805,30.9578,1099602911223,401911,905,905,0
3806,30.9578,1099620811575,401910,905,905,0
3807,30.9478,1099602911224,401911,906,906,0
3808,30.9478,1099620811576,401910,906,906,0
3809,30.9378,1099602911225,401911,907,907,0
3810,30.9378,1099620811577,401910,907,907,0
3811,30.9278,1099602911226,401911,908,908,0
3812,30.9278,1099620811578,401910,908,908,0
3813,30.9178,1099602911227,401911,909,909,0
3814,30.9178,1099620811579,401910,909,909,0
3815,30.9078,1099602911228,401911,910,910,0
3816,30.9078,1099620811580,401910,910,910,0
3817,30.8978,1099602911229,401911,911,911,0
3818,30.8978,1099620811581,401910,911,911,0
3819,30.8878,1099602911230,401911,912,912,0
3820,30.8878,1099620811582,401910,912,912,0
3821,30.8778,1099602911231,401911,913,913,0
3822,30.8778,1099620811583,401910,913,913,0
3823,30.8678,1099602911232,401911,914,914,0
3824,30.8678,1099620811584,401910,914,914,0
3825,30.8578,1099602911233,401911,915,915,0
3826,30.8578,1099620811585,401910,915,915,0
3827,30.8478,1099602911234,401911,916,916,0
3828,30.8478,1099620811586,401910,916,916,0
3829,30.8378,1099602911235,401911,917,917,0
3830,30.8378,1099620811587,401910,917,917,0
3831,30.8278,1099602911236,401911,918,918,0
3832,30.8278,1099620811588,401910,918,918,0
3833,30.8178,1099602911237,401911,919,919,0
3834,30.8178,1099620811589,401910,919,919,0
3835,30.8078,1099602911238,401911,920,920,0
3836,30.8078,1099620811590,401910,920,920,0
3837,30.7976,1099602911239,401911,921,921,0
3838,30.7976,1099620811591,401910,921,921,0
3839,30.7876,1099602911240,401911,922,922,0
3840,30.7876,1099620811592,401910,922,922,0
3841,30.7776,1099602911241,401911,923,923,0
3842,30.7776,1099620811593,401910,923,923,0
3843,30.7676,1099602911242,401911,924,924,0
3844,30.7676,1099620811594,401910,924,924,0
3845,30.7576,1099602911243,401911,925,925,0
3846,30.7576,1099620811595,401910,925,925,0
3847,30.7476,1099602911244,401911,926,926,0
3848,30.7476,1099620811596,401910,926,926,0
3849,30.7376,1099602911245,401911,927,927,0
3850,30.7376,1099620811597,401910,927,927,0
3851,30.7276,1099602911246,401911,928,928,0
3852,30.7276,1099620811598,401910,928,928,0
3853,30.7176,1099602911247,401911,929,929,0
3854,30.7176,1099620811599,401910,929,929,0
3855,30.7076,1099602911248,401911,930,930,0
3856,30.7076,1099620811600,401910,930,930,0
3857,30.6976,1099602911249,401911,931,931,0
3858,30.6976,1099620811601,401910,931,931,0
3859,30.6876,1099602911250,401911,932,932,0
3860,30.6876,1099620811602,401910,932,932,0
3861,30.6776,1099602911251,401911,933,933,0
3862,30.6776,1099620811603,401910,933,933,0
3863,30.6676,1099602911252,401911,934,934,0
3864,30.6676,1099620811604,401910,934,934,0
3865,30.6576,1099602911253,401911,935,935,0
3866,30.6576,1099620811605,401910,935,935,0
3867,30.6476,1099602911254,401911,936,936,0
3868,30.6476,1099620811606,401910,936,936,0
3869,30.6376,1099602911255,401911,937,937,0
3870,30.6376,1099620811607,401910,937,937,0
3871,30.6276,1099602911256,401911,938,938,0
3872,30.6276,1099620811608,401910,938,938,0
3873,30.6176,1099602911257,401911,939,939,0
3874,30.6176,1099620811609,401910,939,939,0
3875,30.6076,1099602911258,401911,940,940,0
3876,30.6076,1099620811610,401910,940,940,0
3877,30.5976,1099602911259,401911,941,941,0
3878,30.5976,1099620811611,401910,941,941,0
3879,30.5876,1099602911260,401911,942,942,0
3880,30.5876,1099620811612,401910,942,942,0
3881,30.5776,1099602911261,401911,943,943,0
3882,30.5776,1099620811613,401910,943,943,0
3883,30.5676,1099602911262,401911,944,944,0
3884,30.5676,1099620811614,401910,944,944,0
3885,30.5576,1099602911263,401911,945,945,0
3886,30.5576,1099620811615,401910,945,945,0
3887,30.5476,1099602911264,401911,946,946,0
3888,30.5476,1099620811616,401910,946,946,0
3889,30.5376,1099602911265,401911,947,947,0
3890,30.5376,1099620811617,401910,947,947,0
3891,30.5276,1099602911266,401911,948,948,0
3892,30.5276,1099620811618,401910,948,948,0
3893,30.5176,1099602911267,401911,949,949,0
3894,30.5176,1099620811619,401910,949,949,0
3895,30.5076,1099602911268,401911,950,950,0
3896,30.5076,1099620811620,401910,950,950,0
3897,30.4976,1099602911269,401911,951,951,0
3898,30.4976,1099620811621,401910,951,951,0
3899,30.4876,1099602911270,401911,952,952,0
3900,30.4876,1099620811622,401910,952,952,0
3901,30.4776,1099602911271,401911,953,953,0
3902,30.4776,1099620811623,401910,953,953,0
3903,30.4676,1099602911272,401911,954,954,0
3904,30.4676,1099620811624,401910,954,954,0
3905,30.4576,1099602911273,401911,955,955,0
3906,30.4576,1099620811625,401910,955,955,0
3907,30.4476,1099602911274,401911,956,956,0
3908,30.4476,1099620811626,401910,956,956,0
3909,30.4376,1099602911275,401911,957,957,0
3910,30.4376,1099620811627,401910,957,957,0
3911,30.4276,1099602911276,401911,958,958,0
3912,30.4276,1099620811628,401910,958,958,0
3913,30.4176,1099602911277,401911,959,959,0
3914,30.4176,1099620811629,401910,959,959,0
3915,30.4076,1099602911278,401911,960,960,0
3916,30.4076,1099620811630,401910,960,960,0
3917,30.3976,1099602911279,401911,961,961,0
3918,30.3976,1099620811631,401910,961,961,0
3919,30.3876,1099602911280,401911,962,962,0
3920,30.3876,1099620811632,401910,962,962,0
3921,30.3776,1099602911281,401911,963,963,0
3922,30.3776,1099620811633,401910,963,963,0
3923,30.3676,1099602911282,401911,964,964,0
3924,30.3676,1099620811634,401910,964,964,0
3925,30.3576,1099602911283,401911,965,965,0
3926,30.3576,1099620811635,401910,965,965,0
3927,30.3476,1099602911284,401911,966,966,0
3928,30.3476,1099620811636,401910,966,966,0
3929,30.3376,1099602911285,401911,967,967,0
3930,30.3376,1099620811637,401910,967,967,0
3931,30.3276,1099602911286,401911,968,968,0
3932,30.3276,1099620811638,401910,968,968,0
3933,30.3176,1099602911287,401911,969,969,0
3934,30.3176,1099620811639,401910,969,969,0
3935,30.3076,1099602911288,401911,970,970,0
3936,30.3076,1099620811640,401910,970,970,0
3937,30.2976,1099602911289,401911,971,971,0
3938,30.2976,1099620811641,401910,971,971,0
3939,30.2876,1099602911290,401911,972,972,0
3940,30.2876,1099620811642,401910,972,972,0
3941,30.2776,1099602911291,401911,973,973,0
3942,30.2776,1099620811643,401910,973,973,0
3943,30.2676,1099602911292,401911,974,974,0
3944,30.2676,1099620811644,401910,974,974,0
3945,30.2576,1099602911293,401911,975,975,0
3946,30.2576,1099620811645,401910,975,975,0
3947,30.2476,1099602911294,401911,976,976,0
3948,30.2476,1099620811646,401910,976,976,0
3949,30.2376,1099602911295,401911,977,977,0
3950,30.2376,1099620811647,401910,977,977,0
3951,30.2276,1099602911296,401911,978,978,0
3952,30.2276,1099620811648,401910,978,978,0
3953,30.2176,1099602911297,401911,979,979,0
3954,30.2176,1099620811649,401910,979,979,0
3955,30.2076,1099602911298,401911,980,980,0
3956,30.2076,1099620811650,401910,980,980,0
3957,30.1976,1099602911299,401911,981,981,0
3958,30.1976,1099620811651,401910,981,981,0
3959,30.1876,1099602911300,401911,982,982,0
3960,30.1876,1099620811652,401910,982,982,0
3961,30.1776,1099602911301,401911,983,983,0
3962,30.1776,1099620811653,401910,983,983,0
3963,30.1676,1099602911302,401911,984,984,0
3964,30.1676,1099620811654,401910,984,984,0
3965,30.1576,1099602911303,401911,985,985,0
3966,30.1576,1099620811655,401910,985,985,0
3967,30.1476,1099602911304,401911,986,986,0
3968,30.1476,1099620811656,401910,986,986,0
3969,30.1376,1099602911305,401911,987,987,0
3970,30.1376,1099620811657,401910,987,987,0
3971,30.1276,1099602911306,401911,988,988,0
3972,30.1276,1099620811658,401910,988,988,0
3973,30.1176,1099602911307,401911,989,989,0
3974,30.1176,1099620811659,401910,989,989,0
3975,30.1076,1099602911308,401911,990,990,0
3976,30.1076,1099620811660,401910,990,990,0
3977,30.0976,1099602911309,401911,991,991,0
3978,30.0976,1099620811661,401910,991,991,0
3979,30.0876,1099602911310,401911,992,992,0
3980,30.0876,1099620811662,401910,992,992,0
3981,30.0776,1099602911311,401911,993,993,0
3982,30.0776,1099620811663,401910,993,993,0
3983,30.0676,1099602911312,401911,994,994,0
3984,30.0676,1099620811664,401910,994,994,0
3985,30.0576,1099602911313,401911,995,995,0
3986,30.0576,1099620811665,401910,995,995,0
3987,30.0476,1099602911314,401911,996,996,0
3988,30.0476,1099620811666,401910,996,996,0
3989,30.0376,1099602911315,401911,997,997,0
3990,30.0376,1099620811667,401910,997,997,0
3991,30.0276,1099602911316,401911,998,998,0
3992,30.0276,1099620811668,401910,998,998,0
3993,30.0176,1099602911317,401911,999,999,0
3994,30.0176,1099620811669,401910,999,999,0
3995,30.0076,1099602911318,401911,1000,1000,0
3996,30.0076,1099620811670,401910,1000,1000,0
3997,29.9974,1099629290455,401911,1001,1001,0
3998,29.9974,1099629291454,401910,1001,1001,0
3999,29.9874,1099629290456,401911,1002,1002,0
4000,29.9874,1099629291455,401910,1002,1002,0
4001,29.9774,1099629290457,401911,1003,1003,0
4002,29.9774,1099629291456,401910,1003,1003,0
4003,29.9674,1099629290458,401911,1004,1004,0
4004,29.9674,1099629291457,401910,1004,1004,0
4005,29.9574,1099629290459,401911,1005,1005,0
4006,29.9574,1099629291458,401910,1005,1005,0
4007,29.9474,1099629290460,401911,1006,1006,0
4008,29.9474,1099629291459,401910,1006,1006,0
4009,29.9374,1099629290461,401911,1007,1007,0
4010,29.9374,1099629291460,401910,1007,1007,0
4011,29.9274,1099629290462,401911,1008,1008,0
4012,29.9274,1099629291461,401910,1008,1008,0
4013,29.9174,1099629290463,401911,1009,1009,0
4014,29.9174,1099629291462,401910,1009,1009,0
4015,29.9074,1099629290464,401911,1010,1010,0
4016,29.9074,1099629291463,401910,1010,1010,0
4017,29.8974,1099629290465,401911,1011,1011,0
4018,29.8974,1099629291464,401910,1011,1011,0
4019,29.8874,1099629290466,401911,1012,1012,0
4020,29.8874,1099629291465,401910,1012,1012,0
4021,29.8774,1099629290467,401911,1013,1013,0
4022,29.8774,1099629291466,401910,1013,1013,0
4023,29.8674,1099629290468,401911,1014,1014,0
4024,29.8674,1099629291467,401910,1014,1014,0
4025,29.8574,1099629290469,401911,1015,1015,0
4026,29.8574,1099629291468,401910,1015,1015,0
4027,29.8474,1099629290470,401911,1016,1016,0
4028,29.8474,1099629291469,401910,1016,1016,0
4029,29.8374,1099629290471,401911,1017,1017,0
4030,29.8374,1099629291470,401910,1017,1017,0
4031,29.8274,1099629290472,401911,1018,1018,0
4032,29.8274,1099629291471,401910,1018,1018,0
4033,29.8174,1099629290473,401911,1019,1019,0
4034,29.8174,1099629291472,401910,1019,1019,0
4035,29.8074,1099629290474,401911,1020,1020,0
4036,29.8074,1099629291473,401910,1020,1020,0
4037,29.7974,1099629290475,401911,1021,1021,0
4038,29.7974,1099629291474,401910,1021,1021,0
4039,29.7874,1099629290476,401911,1022,1022,0
4040,29.7874,1099629291475,401910,1022,1022,0
4041,29.7774,1099629290477,401911,1023,1023,0
4042,29.7774,1099629291476,401910,1023,1023,0
4043,29.7674,1099629290478,401911,1024,1024,0
4044,29.7674,1099629291477,401910,1024,1024,0
4045,29.7574,1099629290479,401911,1025,1025,0
4046,29.7574,1099629291478,401910,1025,1025,0
4047,29.7474,1099629290480,401911,1026,1026,0
4048,29.7474,1099629291479,401910,1026,1026,0
4049,29.7374,1099629290481,401911,1027,1027,0
4050,29.7374,1099629291480,401910,1027,1027,0
4051,29.7274,1099629290482,401911,1028,1028,0
4052,29.7274,1099629291481,401910,1028,1028,0
4053,29.7174,1099629290483,401911,1029,1029,0
4054,29.7174,1099629291482,401910,1029,1029,0
4055,29.7074,1099629290484,401911,1030,1030,0
4056,29.7074,1099629291483,401910,1030,1030,0
4057,29.6974,1099629290485,401911,1031,1031,0
4058,29.6974,1099629291484,401910,1031,1031,0
4059,29.6874,1099629290486,401911,1032,1032,0
4060,29.6874,1099629291485,401910,1032,1032,0
4061,29.6774,1099629290487,401911,1033,1033,0
4062,29.6774,1099629291486,401910,1033,1033,0
4063,29.6674,1099629290488,401911,1034,1034,0
4064,29.6674,1099629291487,401910,1034,1034,0
4065,29.6574,1099629290489,401911,1035,1035,0
4066,29.6574,1099629291488,401910,1035,1035,0
4067,29.6474,1099629290490,401911,1036,1036,0
4068,29.6474,1099629291489,401910,1036,1036,0
4069,29.6374,1099629290491,401911,1037,1037,0
4070,29.6374,1099629291490,401910,1037,1037,0
4071,29.6274,1099629290492,401911,1038,1038,0
4072,29.6274,1099629291491,401910,1038,1038,0
4073,29.6174,1099629290493,401911,1039,1039,0
4074,29.6174,1099629291492,401910,1039,1039,0
4075,29.6074,1099629290494,401911,1040,1040,0
4076,29.6074,1099629291493,401910,1040,1040,0
4077,29.5974,1099629290495,401911,1041,1041,0
4078,29.5974,1099629291494,401910,1041,1041,0
4079,29.5874,1099629290496,401911,1042,1042,0
4080,29.5874,1099629291495,401910,1042,1042,0
4081,29.5774,1099629290497,401911,1043,1043,0
4082,29.5774,1099629291496,401910,1043,1043,0
4083,29.5674,1099629290498,401911,1044,1044,0
4084,29.5674,1099629291497,401910,1044,1044,0
4085,29.5574,1099629290499,401911,1045,1045,0
4086,29.5574,1099629291498,401910,1045,1045,0
4087,29.5474,1099629290500,401911,1046,1046,0
4088,29.5474,1099629291499,401910,1046,1046,0
4089,29.5374,1099629290501,401911,1047,1047,0
4090,29.5374,1099629291500,401910,1047,1047,0
4091,29.5274,1099629290502,401911,1048,1048,0
4092,29.5274,1099629291501,401910,1048,1048,0
4093,29.5174,1099629290503,401911,1049,1049,0
4094,29.5174,1099629291502,401910,1049,1049,0
4095,29.5074,1099629290504,401911,1050,1050,0
4096,29.5074,1099629291503,401910,1050,1050,0
4097,29.4974,1099629290505,401911,1051,1051,0
4098,29.4974,1099629291504,401910,1051,1051,0
4099,29.4874,1099629290506,401911,1052,1052,0
4100,29.4874,1099629291505,401910,1052,1052,0
4101,29.4774,1099629290507,401911,1053,1053,0
4102,29.4774,1099629291506,401910,1053,1053,0
4103,29.4674,1099629290508,401911,1054,1054,0
4104,29.4674,1099629291507,401910,1054,1054,0
4105,29.4574,1099629290509,401911,1055,1055,0
4106,29.4574,1099629291508,401910,1055,1055,0
4107,29.4474,1099629290510,401911,1056,1056,0
4108,29.4474,1099629291509,401910,1056,1056,0
4109,29.4374,1099629290511,401911,1057,1057,0
4110,29.4374,1099629291510,401910,1057,1057,0
4111,29.4274,1099629290512,401911,1058,1058,0
4112,29.4274,1099629291511,401910,1058,1058,0
4113,29.4174,1099629290513,401911,1059,1059,0
4114,29.4174,1099629291512,401910,1059,1059,0
4115,29.4074,1099629290514,401911,1060,1060,0
4116,29.4074,1099629291513,401910,1060,1060,0
4117,29.3974,1099629290515,401911,1061,1061,0
4118,29.3974,1099629291514,401910,1061,1061,0
4119,29.3874,1099629290516,401911,1062,1062,0
4120,29.3874,1099629291515,401910,1062,1062,0
4121,29.3774,1099629290517,401911,1063,1063,0
4122,29.3774,1099629291516,401910,1063,1063,0
4123,29.3674,1099629290518,401911,1064,1064,0
4124,29.3674,1099629291517,401910,1064,1064,0
4125,29.3574,1099629290519,401911,1065,1065,0
4126,29.3574,1099629291518,401910,1065,1065,0
4127,29.3474,1099629290520,401911,1066,1066,0
4128,29.3474,1099629291519,401910,1066,1066,0
4129,29.3374,1099629290521,401911,1067,1067,0
4130,29.3374,1099629291520,401910,1067,1067,0
4131,29.3274,1099629290522,401911,1068,1068,0
4132,29.3274,1099629291521,401910,1068,1068,0
4133,29.3174,1099629290523,401911,1069,1069,0
4134,29.3174,1099629291522,401910,1069,1069,0
4135,29.3074,1099629290524,401911,1070,1070,0
4136,29.3074,1099629291523,401910,1070,1070,0
4137,29.2974,1099629290525,401911,1071,1071,0
4138,29.2974,1099629291524,401910,1071,1071,0
4139,29.2874,1099629290526,401911,1072,1072,0
4140,29.2874,1099629291525,401910,1072,1072,0
4141,29.2774,1099629290527,401911,1073,1073,0
4142,29.2774,1099629291526,401910,1073,1073,0
4143,29.2674,1099629290528,401911,1074,1074,0
4144,29.2674,1099629291527,401910,1074,1074,0
4145,29.2574,1099629290529,401911,1075,1075,0
4146,29.2574,1099629291528,401910,1075,1075,0
4147,29.2474,1099629290530,401911,1076,1076,0
4148,29.2474,1099629291529,401910,1076,1076,0
4149,29.2374,1099629290531,401911,1077,1077,0
4150,29.2374,1099629291530,401910,1077,1077,0
4151,29.2274,1099629290532,401911,1078,1078,0
4152,29.2274,1099629291531,401910,1078,1078,0
4153,29.2174,1099629290533,401911,1079,1079,0
4154,29.2174,1099629291532,401910,1079,1079,0
4155,29.2074,1099629290534,401911,1080,1080,0
4156,29.2074,1099629291533,401910,1080,1080,0
4157,29.1972,1099629290535,401911,1081,1081,0
4158,29.1972,1099629291534,401910,1081,1081,0
4159,29.1872,1099629290536,401911,1082,1082,0
4160,29.1872,1099629291535,401910,1082,1082,0
4161,29.1772,1099629290537,401911,1083,1083,0
4162,29.1772,1099629291536,401910,1083,1083,0
4163,29.1672,1099629290538,401911,1084,1084,0
4164,29.1672,1099629291537,401910,1084,1084,0
4165,29.1572,1099629290539,401911,1085,1085,0
4166,29.1572,1099629291538,401910,1085,1085,0
4167,29.1472,1099629290540,401911,1086,1086,0
4168,29.1472,1099629291539,401910,1086,1086,0
4169,29.1372,1099629290541,401911,1087,1087,0
4170,29.1372,1099629291540,401910,1087,1087,0
4171,29.1272,1099629290542,401911,1088,1088,0
4172,29.1272,1099629291541,401910,1088,1088,0
4173,29.1172,1099629290543,401911,1089,1089,0
4174,29.1172,1099629291542,401910,1089,1089,0
4175,29.1072,1099629290544,401911,1090,1090,0
4176,29.1072,1099629291543,401910,1090,1090,0
4177,29.0972,1099629290545,401911,1091,1091,0
4178,29.0972,1099629291544,401910,1091,1091,0
4179,29.0872,1099629290546,401911,1092,1092,0
4180,29.0872,1099629291545,401910,1092,1092,0
4181,29.0772,1099629290547,401911,1093,1093,0
4182,29.0772,1099629291546,401910,1093,1093,0
4183,29.0672,1099629290548,401911,1094,1094,0
4184,29.0672,1099629291547,401910,1094,1094,0
4185,29.0572,1099629290549,401911,1095,1095,0
4186,29.0572,1099629291548,401910,1095,1095,0
4187,29.0472,1099629290550,401911,1096,1096,0
4188,29.0472,1099629291549,401910,1096,1096,0
4189,29.0372,1099629290551,401911,1097,1097,0
4190,29.0372,1099629291550,401910,1097,1097,0
4191,29.0272,1099629290552,401911,1098,1098,0
4192,29.0272,1099629291551,401910,1098,1098,0
4193,29.0172,1099629290553,401911,1099,1099,0
4194,29.0172,1099629291552,401910,1099,1099,0
4195,29.0072,1099629290554,401911,1100,1100,0
4196,29.0072,1099629291553,401910,1100,1100,0
4197,28.9972,1099638221993,401911,1101,1101,0
4198,28.9972,1099812318705,401910,1101,1101,0
4199,28.9872,1099638221994,401911,1102,1102,0
4200,28.9872,1099812318706,401910,1102,1102,0
4201,28.9772,1099638221995,401911,1103,1103,0
4202,28.9772,1099812318707,401910,1103,1103,0
4203,28.9672,1099638221996,401911,1104,1104,0
4204,28.9672,1099812318708,401910,1104,1104,0
4205,28.9572,1099638221997,401911,1105,1105,0
4206,28.9572,1099812318709,401910,1105,1105,0
4207,28.9472,1099638221998,401911,1106,1106,0
4208,28.9472,1099812318710,401910,1106,1106,0
4209,28.9372,1099638221999,401911,1107,1107,0
4210,28.9372,1099812318711,401910,1107,1107,0
4211,28.9272,1099638222000,401911,1108,1108,0
4212,28.9272,1099812318712,401910,1108,1108,0
4213,28.9172,1099638222001,401911,1109,1109,0
4214,28.9172,1099812318713,401910,1109,1109,0
4215,28.9072,1099638222002,401911,1110,1110,0
4216,28.9072,1099812318714,401910,1110,1110,0
4217,28.8972,1099638222003,401911,1111,1111,0
4218,28.8972,1099825711491,401910,1111,1111,0
4219,28.8872,1099638222004,401911,1112,1112,0
4220,28.8872,1099833515040,401910,1112,1112,0
4221,28.8772,1099638222005,401911,1113,1113,0
4222,28.8772,1099833515041,401910,1113,1113,0
4223,28.8672,1099638222006,401911,1114,1114,0
4224,28.8672,1099833515042,401910,1114,1114,0
4225,28.8572,1099638222007,401911,1115,1115,0
4226,28.8572,1099833515043,401910,1115,1115,0
4227,28.8472,1099638222008,401911,1116,1116,0
4228,28.8472,1099833515044,401910,1116,1116,0
4229,28.8372,1099638222009,401911,1117,1117,0
4230,28.8372,1099833515045,401910,1117,1117,0
4231,28.8272,1099638222010,401911,1118,1118,0
4232,28.8272,1099833515046,401910,1118,1118,0
4233,28.8172,1099638222011,401911,1119,1119,0
4234,28.8172,1099833515047,401910,1119,1119,0
4235,28.8072,1099638222012,401911,1120,1120,0
4236,28.8072,1099833515048,401910,1120,1120,0
4237,28.7972,1099638222013,401911,1121,1121,0
4238,28.7972,1099833515049,401910,1121,1121,0
4239,28.7872,1099638222014,401911,1122,1122,0
4240,28.7872,1099833515050,401910,1122,1122,0
4241,28.7772,1099638222015,401911,1123,1123,0
4242,28.7772,1099833515051,401910,1123,1123,0
4243,28.7672,1099638222016,401911,1124,1124,0
4244,28.7672,1099833515052,401910,1124,1124,0
4245,28.7572,1099638222017,401911,1125,1125,0
4246,28.7572,1099833515053,401910,1125,1125,0
4247,28.7472,1099638222018,401911,1126,1126,0
4248,28.7472,1099833515054,401910,1126,1126,0
4249,28.7372,1099638222019,401911,1127,1127,0
4250,28.7372,1099833515055,401910,1127,1127,0
4251,28.7272,1099638222020,401911,1128,1128,0
4252,28.7272,1099833515056,401910,1128,1128,0
4253,28.7172,1099638222021,401911,1129,1129,0
4254,28.7172,1099833515057,401910,1129,1129,0
4255,28.7072,1099638222022,401911,1130,1130,0
4256,28.7072,1099833515058,401910,1130,1130,0
4257,28.6972,1099638222023,401911,1131,1131,0
4258,28.6972,1099833515059,401910,1131,1131,0
4259,28.6872,1099638222024,401911,1132,1132,0
4260,28.6872,1099833515060,401910,1132,1132,0
4261,28.6772,1099638222025,401911,1133,1133,0
4262,28.6772,1099833515061,401910,1133,1133,0
4263,28.6672,1099638222026,401911,1134,1134,0
4264,28.6672,1099833515062,401910,1134,1134,0
4265,28.6572,1099638222027,401911,1135,1135,0
4266,28.6572,1099833515063,401910,1135,1135,0
4267,28.6472,1099638222028,401911,1136,1136,0
4268,28.6472,1099833515064,401910,1136,1136,0
4269,28.6372,1099638222029,401911,1137,1137,0
4270,28.6372,1099833515065,401910,1137,1137,0
4271,28.6272,1099638222030,401911,1138,1138,0
4272,28.6272,1099833515066,401910,1138,1138,0
4273,28.6172,1099638222031,401911,1139,1139,0
4274,28.6172,1099833515067,401910,1139,1139,0
4275,28.6072,1099638222032,401911,1140,1140,0
4276,28.6072,1099833515068,401910,1140,1140,0
4277,28.5972,1099638222033,401911,1141,1141,0
4278,28.5972,1099833515069,401910,1141,1141,0
4279,28.5872,1099638222034,401911,1142,1142,0
4280,28.5872,1099833515070,401910,1142,1142,0
4281,28.5772,1099638222035,401911,1143,1143,0
4282,28.5772,1099833515071,401910,1143,1143,0
4283,28.5672,1099638222036,401911,1144,1144,0
4284,28.5672,1099833515072,401910,1144,1144,0
4285,28.5572,1099638222037,401911,1145,1145,0
4286,28.5572,1099833515073,401910,1145,1145,0
4287,28.5472,1099638222038,401911,1146,1146,0
4288,28.5472,1099833515074,401910,1146,1146,0
4289,28.5372,1099638222039,401911,1147,1147,0
4290,28.5372,1099833515075,401910,1147,1147,0
4291,28.5272,1099638222040,401911,1148,1148,0
4292,28.5272,1099833515076,401910,1148,1148,0
4293,28.5172,1099638222041,401911,1149,1149,0
4294,28.5172,1099833515077,401910,1149,1149,0
4295,28.5072,1099638222042,401911,1150,1150,0
4296,28.5072,1099833515078,401910,1150,1150,0
4297,28.4972,1099638222043,401911,1151,1151,0
4298,28.4972,1099833515079,401910,1151,1151,0
4299,28.4872,1099638222044,401911,1152,1152,0
4300,28.4872,1099833515080,401910,1152,1152,0
4301,28.4772,1099638222045,401911,1153,1153,0
4302,28.4772,1099833515081,401910,1153,1153,0
4303,28.4672,1099638222046,401911,1154,1154,0
4304,28.4672,1099833515082,401910,1154,1154,0
4305,28.4572,1099638222047,401911,1155,1155,0
4306,28.4572,1099833515083,401910,1155,1155,0
4307,28.4472,1099638222048,401911,1156,1156,0
4308,28.4472,1099833515084,401910,1156,1156,0
4309,28.4372,1099638222049,401911,1157,1157,0
4310,28.4372,1099833515085,401910,1157,1157,0
4311,28.4272,1099638222050,401911,1158,1158,0
4312,28.4272,1099833515086,401910,1158,1158,0
4313,28.4172,1099638222051,401911,1159,1159,0
4314,28.4172,1099833515087,401910,1159,1159,0
4315,28.4072,1099638222052,401911,1160,1160,0
4316,28.4072,1099833515088,401910,1160,1160,0
4317,28.397,1099638222053,401911,1161,1161,0
4318,28.397,1099833515089,401910,1161,1161,0
4319,28.387,1099638222054,401911,1162,1162,0
4320,28.387,1099852896282,401910,1162,1162,0
4321,28.377,1099638222055,401911,1163,1163,0
4322,28.377,1099852896283,401910,1163,1163,0
4323,28.367,1099638222056,401911,1164,1164,0
4324,28.367,1099852896284,401910,1164,1164,0
4325,28.357,1099638222057,401911,1165,1165,0
4326,28.357,1099852896285,401910,1165,1165,0
4327,28.347,1099638222058,401911,1166,1166,0
4328,28.347,1099852896286,401910,1166,1166,0
4329,28.337,1099638222059,401911,1167,1167,0
4330,28.337,1099852896287,401910,1167,1167,0
4331,28.327,1099638222060,401911,1168,1168,0
4332,28.327,1099852896288,401910,1168,1168,0
4333,28.317,1099638222061,401911,1169,1169,0
4334,28.317,1099852896289,401910,1169,1169,0
4335,28.307,1099638222062,401911,1170,1170,0
4336,28.307,1099852896290,401910,1170,1170,0
4337,28.297,1099833514925,401911,1171,1171,0
4338,28.297,1099852896291,401910,1171,1171,0
4339,28.287,1099833514926,401911,1172,1172,0
4340,28.287,1099852896292,401910,1172,1172,0
4341,28.277,1099833514927,401911,1173,1173,0
4342,28.277,1099852896293,401910,1173,1173,0
4343,28.267,1099833514928,401911,1174,1174,0
4344,28.267,1099852896294,401910,1174,1174,0
4345,28.257,1099833514929,401911,1175,1175,0
4346,28.257,1099852896295,401910,1175,1175,0
4347,28.247,1099833514930,401911,1176,1176,0
4348,28.247,1099852896296,401910,1176,1176,0
4349,28.237,1099833514931,401911,1177,1177,0
4350,28.237,1099852896297,401910,1177,1177,0
4351,28.227,1099833514932,401911,1178,1178,0
4352,28.227,1099852896298,401910,1178,1178,0
4353,28.217,1099833514933,401911,1179,1179,0
4354,28.217,1099852896299,401910,1179,1179,0
4355,28.207,1099833514934,401911,1180,1180,0
4356,28.207,1099852896300,401910,1180,1180,0
4357,28.197,1099833514935,401911,1181,1181,0
4358,28.197,1099852896301,401910,1181,1181,0
4359,28.187,1099833514936,401911,1182,1182,0
4360,28.187,1099852896302,401910,1182,1182,0
4361,28.177,1099833514937,401911,1183,1183,0
4362,28.177,1099852896303,401910,1183,1183,0
4363,28.167,1099833514938,401911,1184,1184,0
4364,28.167,1099852896304,401910,1184,1184,0
4365,28.157,1099833514939,401911,1185,1185,0
4366,28.157,1099852896305,401910,1185,1185,0
4367,28.147,1099833514940,401911,1186,1186,0
4368,28.147,1099852896306,401910,1186,1186,0
4369,28.137,1099833514941,401911,1187,1187,0
4370,28.137,1099852896307,401910,1187,1187,0
4371,28.127,1099833514942,401911,1188,1188,0
4372,28.127,1099852896308,401910,1188,1188,0
4373,28.117,1099833514943,401911,1189,1189,0
4374,28.117,1099852896309,401910,1189,1189,0
4375,28.107,1099833514944,401911,1190,1190,0
4376,28.107,1099852896310,401910,1190,1190,0
4377,28.097,1099833514945,401911,1191,1191,0
4378,28.097,1099852896311,401910,1191,1191,0
4379,28.087,1099833514946,401911,1192,1192,0
4380,28.087,1099852896312,401910,1192,1192,0
4381,28.077,1099833514947,401911,1193,1193,0
4382,28.077,1099852896313,401910,1193,1193,0
4383,28.067,1099833514948,401911,1194,1194,0
4384,28.067,1099852896314,401910,1194,1194,0
4385,28.057,1099833514949,401911,1195,1195,0
4386,28.057,1099852896315,401910,1195,1195,0
4387,28.047,1099833514950,401911,1196,1196,0
4388,28.047,1099852896316,401910,1196,1196,0
4389,28.037,1099833514951,401911,1197,1197,0
4390,28.037,1099852896317,401910,1197,1197,0
4391,28.027,1099833514952,401911,1198,1198,0
4392,28.027,1099852896318,401910,1198,1198,0
4393,28.017,1099833514953,401911,1199,1199,0
4394,28.017,1099852896319,401910,1199,1199,0
4395,28.007,1099833514954,401911,1200,1200,0
4396,28.007,1099852896320,401910,1200,1200,0
4397,27.997,1099833514955,401911,1201,1201,0
4398,27.997,1099852896321,401910,1201,1201,0
4399,27.987,1099833514956,401911,1202,1202,0
4400,27.987,1099852896322,401910,1202,1202,0
4401,27.977,1099833514957,401911,1203,1203,0
4402,27.977,1099852896323,401910,1203,1203,0
4403,27.967,1099833514958,401911,1204,1204,0
4404,27.967,1099852896324,401910,1204,1204,0
4405,27.957,1099833514959,401911,1205,1205,0
4406,27.957,1099852896325,401910,1205,1205,0
4407,27.947,1099833514960,401911,1206,1206,0
4408,27.947,1099852896326,401910,1206,1206,0
4409,27.937,1099833514961,401911,1207,1207,0
4410,27.937,1099852896327,401910,1207,1207,0
4411,27.927,1099833514962,401911,1208,1208,0
4412,27.927,1099852896328,401910,1208,1208,0
4413,27.917,1099833514963,401911,1209,1209,0
4414,27.917,1099852896329,401910,1209,1209,0
4415,27.907,1099833514964,401911,1210,1210,0
4416,27.907,1099852896330,401910,1210,1210,0
4417,27.897,1099833514965,401911,1211,1211,0
4418,27.897,1099852896331,401910,1211,1211,0
4419,27.887,1099833514966,401911,1212,1212,0
4420,27.887,1099925497763,401910,1212,1212,0
4421,27.877,1099833514967,401911,1213,1213,0
4422,27.877,1099926142662,401910,1213,1213,0
4423,27.867,1099833514968,401911,1214,1214,0
4424,27.867,1099931218279,401910,1214,1214,0
4425,27.857,1099833514969,401911,1215,1215,0
4426,27.857,1099931218280,401910,1215,1215,0
4427,27.847,1099833514970,401911,1216,1216,0
4428,27.847,1099931218281,401910,1216,1216,0
4429,27.837,1099833514971,401911,1217,1217,0
4430,27.837,1099931218282,401910,1217,1217,0
4431,27.827,1099833514972,401911,1218,1218,0
4432,27.827,1099931218283,401910,1218,1218,0
4433,27.817,1099833514973,401911,1219,1219,0
4434,27.817,1099931218284,401910,1219,1219,0
4435,27.807,1099833514974,401911,1220,1220,0
4436,27.807,1099931218285,401910,1220,1220,0
4437,27.797,1099870386138,401911,1221,1221,0
4438,27.797,1099931218286,401910,1221,1221,0
4439,27.787,1099870386139,401911,1222,1222,0
4440,27.787,1099931218287,401910,1222,1222,0
4441,27.777,1099870386140,401911,1223,1223,0
4442,27.777,1099931218288,401910,1223,1223,0
4443,27.767,1099870386141,401911,1224,1224,0
4444,27.767,1099931218289,401910,1224,1224,0
4445,27.757,1099870386142,401911,1225,1225,0
4446,27.757,1099931218290,401910,1225,1225,0
4447,27.747,1099870386143,401911,1226,1226,0
4448,27.747,1099931218291,401910,1226,1226,0
4449,27.737,1099870386144,401911,1227,1227,0
4450,27.737,1099931218292,401910,1227,1227,0
4451,27.727,1099870386145,401911,1228,1228,0
4452,27.727,1099931218293,401910,1228,1228,0
4453,27.717,1099870386146,401911,1229,1229,0
4454,27.717,1099931218294,401910,1229,1229,0
4455,27.707,1099870386147,401911,1230,1230,0
4456,27.707,1099931218295,401910,1230,1230,0
4457,27.697,1099870386148,401911,1231,1231,0
4458,27.697,1099931218296,401910,1231,1231,0
4459,27.687,1099870386149,401911,1232,1232,0
4460,27.687,1099931218297,401910,1232,1232,0
4461,27.677,1099870386150,401911,1233,1233,0
4462,27.677,1099931218298,401910,1233,1233,0
4463,27.667,1099870386151,401911,1234,1234,0
4464,27.667,1099931218299,401910,1234,1234,0
4465,27.657,1099870386152,401911,1235,1235,0
4466,27.657,1099931218300,401910,1235,1235,0
4467,27.647,1099870386153,401911,1236,1236,0
4468,27.647,1099931218301,401910,1236,1236,0
4469,27.637,1099870386154,401911,1237,1237,0
4470,27.637,1099931218302,401910,1237,1237,0
4471,27.627,1099870386155,401911,1238,1238,0
4472,27.627,1099931218303,401910,1238,1238,0
4473,27.617,1099870386156,401911,1239,1239,0
4474,27.617,1099931218304,401910,1239,1239,0
4475,27.607,1099870386157,401911,1240,1240,0
4476,27.607,1099931218305,401910,1240,1240,0
4477,27.5968,1099870386158,401911,1241,1241,0
4478,27.5968,1099931218306,401910,1241,1241,0
4479,27.5868,1099870386159,401911,1242,1242,0
4480,27.5868,1099931218307,401910,1242,1242,0
4481,27.5768,1099870386160,401911,1243,1243,0
4482,27.5768,1099931218308,401910,1243,1243,0
4483,27.5668,1099870386161,401911,1244,1244,0
4484,27.5668,1099931218309,401910,1244,1244,0
4485,27.5568,1099870386162,401911,1245,1245,0
4486,27.5568,1099931218310,401910,1245,1245,0
4487,27.5468,1099870386163,401911,1246,1246,0
4488,27.5468,1099931218311,401910,1246,1246,0
4489,27.5368,1099870386164,401911,1247,1247,0
4490,27.5368,1099931218312,401910,1247,1247,0
4491,27.5268,1099870386165,401911,1248,1248,0
4492,27.5268,1099931218313,401910,1248,1248,0
4493,27.5168,1099870386166,401911,1249,1249,0
4494,27.5168,1099931218314,401910,1249,1249,0
4495,27.5068,1099870386167,401911,1250,1250,0
4496,27.5068,1099931218315,401910,1250,1250,0
4497,27.4968,1099870386168,401911,1251,1251,0
4498,27.4968,1099931218316,401910,1251,1251,0
4499,27.4868,1099870386169,401911,1252,1252,0
4500,27.4868,1099931218317,401910,1252,1252,0
4501,27.4768,1099870386170,401911,1253,1253,0
4502,27.4768,1099931218318,401910,1253,1253,0
4503,27.4668,1099870386171,401911,1254,1254,0
4504,27.4668,1099931218319,401910,1254,1254,0
4505,27.4568,1099870386172,401911,1255,1255,0
4506,27.4568,1099931218320,401910,1255,1255,0
4507,27.4468,1099870386173,401911,1256,1256,0
4508,27.4468,1099931218321,401910,1256,1256,0
4509,27.4368,1099870386174,401911,1257,1257,0
4510,27.4368,1099931218322,401910,1257,1257,0
4511,27.4268,1099870386175,401911,1258,1258,0
4512,27.4268,1099931218323,401910,1258,1258,0
4513,27.4168,1099870386176,401911,1259,1259,0
4514,27.4168,1099931218324,401910,1259,1259,0
4515,27.4068,1099870386177,401911,1260,1260,0
4516,27.4068,1099931218325,401910,1260,1260,0
4517,27.3968,1099870386178,401911,1261,1261,0
4518,27.3968,1099931218326,401910,1261,1261,0
4519,27.3868,1099870386179,401911,1262,1262,0
4520,27.3868,1099931218327,401910,1262,1262,0
4521,27.3768,1099870386180,401911,1263,1263,0
4522,27.3768,1099931218328,401910,1263,1263,0
4523,27.3668,1099870386181,401911,1264,1264,0
4524,27.3668,1099931219843,401910,1264,1264,0
4525,27.3568,1099870386182,401911,1265,1265,0
4526,27.3568,1099931219844,401910,1265,1265,0
4527,27.3468,1099870386183,401911,1266,1266,0
4528,27.3468,1099931219845,401910,1266,1266,0
4529,27.3368,1099870386184,401911,1267,1267,0
4530,27.3368,1099931219846,401910,1267,1267,0
4531,27.3268,1099870386185,401911,1268,1268,0
4532,27.3268,1099931219847,401910,1268,1268,0
4533,27.3168,1099870386186,401911,1269,1269,0
4534,27.3168,1099931219848,401910,1269,1269,0
4535,27.3068,1099870386187,401911,1270,1270,0
4536,27.3068,1099931219849,401910,1270,1270,0
4537,27.2968,1099931217983,401911,1271,1271,0
4538,27.2968,1099931219850,401910,1271,1271,0
4539,27.2868,1099931217984,401911,1272,1272,0
4540,27.2868,1099931219851,401910,1272,1272,0
4541,27.2768,1099931217985,401911,1273,1273,0
4542,27.2768,1099931219852,401910,1273,1273,0
4543,27.2668,1099931217986,401911,1274,1274,0
4544,27.2668,1099931219853,401910,1274,1274,0
4545,27.2568,1099931217987,401911,1275,1275,0
4546,27.2568,1099931219854,401910,1275,1275,0
4547,27.2468,1099931217988,401911,1276,1276,0
4548,27.2468,1099931219855,401910,1276,1276,0
4549,27.2368,1099931217989,401911,1277,1277,0
4550,27.2368,1099931219856,401910,1277,1277,0
4551,27.2268,1099931217990,401911,1278,1278,0
4552,27.2268,1099931219857,401910,1278,1278,0
4553,27.2168,1099931217991,401911,1279,1279,0
4554,27.2168,1099931219858,401910,1279,1279,0
4555,27.2068,1099931217992,401911,1280,1280,0
4556,27.2068,1099931219859,401910,1280,1280,0
4557,27.1968,1099931217993,401911,1281,1281,0
4558,27.1968,1099931219860,401910,1281,1281,0
4559,27.1868,1099931217994,401911,1282,1282,0
4560,27.1868,1099931219861,401910,1282,1282,0
4561,27.1768,1099931217995,401911,1283,1283,0
4562,27.1768,1099931219862,401910,1283,1283,0
4563,27.1668,1099931217996,401911,1284,1284,0
4564,27.1668,1099931405022,401910,1284,1284,0
4565,27.1568,1099931217997,401911,1285,1285,0
4566,27.1568,1099931405040,401910,1285,1285,0
4567,27.1468,1099931217998,401911,1286,1286,0
4568,27.1468,1099933813190,401910,1286,1286,0
4569,27.1368,1099931217999,401911,1287,1287,0
4570,27.1368,1099933926578,401910,1287,1287,0
4571,27.1268,1099931218000,401911,1288,1288,0
4572,27.1268,1099933926579,401910,1288,1288,0
4573,27.1168,1099931218001,401911,1289,1289,0
4574,27.1168,1099934162003,401910,1289,1289,0
4575,27.1068,1099931218002,401911,1290,1290,0
4576,27.1068,1099934308428,401910,1290,1290,0
4577,27.0968,1099931218003,401911,1291,1291,0
4578,27.0968,1099934831220,401910,1291,1291,0
4579,27.0868,1099931218004,401911,1292,1292,0
4580,27.0868,1099937818862,401910,1292,1292,0
4581,27.0768,1099931218005,401911,1293,1293,0
4582,27.0768,1099937818863,401910,1293,1293,0
4583,27.0668,1099931218006,401911,1294,1294,0
4584,27.0668,1099937818864,401910,1294,1294,0
4585,27.0568,1099931218007,401911,1295,1295,0
4586,27.0568,1099937818865,401910,1295,1295,0
4587,27.0468,1099931218008,401911,1296,1296,0
4588,27.0468,1099937849521,401910,1296,1296,0
4589,27.0368,1099931218009,401911,1297,1297,0
4590,27.0368,1099937849524,401910,1297,1297,0
4591,27.0268,1099931218010,401911,1298,1298,0
4592,27.0268,1099937849529,401910,1298,1298,0
4593,27.0168,1099931218011,401911,1299,1299,0
4594,27.0168,1099937849532,401910,1299,1299,0
4595,27.0068,1099931218012,401911,1300,1300,0
4596,27.0068,1099937849541,401910,1300,1300,0
4597,26.9968,1099931218013,401911,1301,1301,0
4598,26.9968,1099937849544,401910,1301,1301,0
4599,26.9868,1099931218014,401911,1302,1302,0
4600,26.9868,1099938948372,401910,1302,1302,0
4601,26.9768,1099931218015,401911,1303,1303,0
4602,26.9768,1099938948373,401910,1303,1303,0
4603,26.9668,1099931218016,401911,1304,1304,0
4604,26.9668,1099938948374,401910,1304,1304,0
4605,26.9568,1099931218017,401911,1305,1305,0
4606,26.9568,1099938948375,401910,1305,1305,0
4607,26.9468,1099931218018,401911,1306,1306,0
4608,26.9468,1099938948376,401910,1306,1306,0
4609,26.9368,1099931218019,401911,1307,1307,0
4610,26.9368,1099938948377,401910,1307,1307,0
4611,26.9268,1099931218020,401911,1308,1308,0
4612,26.9268,1099948980347,401910,1308,1308,0
4613,26.9168,1099931218021,401911,1309,1309,0
4614,26.9168,1099948980348,401910,1309,1309,0
4615,26.9068,1099931218022,401911,1310,1310,0
4616,26.9068,1099948980349,401910,1310,1310,0
4617,26.8968,1099931218023,401911,1311,1311,0
4618,26.8968,1099948980350,401910,1311,1311,0
4619,26.8868,1099931218024,401911,1312,1312,0
4620,26.8868,1099948980351,401910,1312,1312,0
4621,26.8768,1099931218025,401911,1313,1313,0
4622,26.8768,1099948980352,401910,1313,1313,0
4623,26.8668,1099931218026,401911,1314,1314,0
4624,26.8668,1099948980353,401910,1314,1314,0
4625,26.8568,1099931218027,401911,1315,1315,0
4626,26.8568,1099948980354,401910,1315,1315,0
4627,26.8468,1099931218028,401911,1316,1316,0
4628,26.8468,1099948980355,401910,1316,1316,0
4629,26.8368,1099931218029,401911,1317,1317,0
4630,26.8368,1099948980356,401910,1317,1317,0
4631,26.8268,1099931218030,401911,1318,1318,0
4632,26.8268,1099951327241,401910,1318,1318,0
4633,26.8168,1099931218031,401911,1319,1319,0
4634,26.8168,1099951327242,401910,1319,1319,0
4635,26.8068,1099931218032,401911,1320,1320,0
4636,26.8068,1099951327255,401910,1320,1320,0
4637,26.7966,1099931405060,401911,1321,1321,0
4638,26.7966,1099951327256,401910,1321,1321,0
4639,26.7866,1099931405203,401911,1322,1322,0
4640,26.7866,1099951327257,401910,1322,1322,0
4641,26.7766,1099931691634,401911,1323,1323,0
4642,26.7766,1099952419564,401910,1323,1323,0
4643,26.7666,1099933813198,401911,1324,1324,0
4644,26.7666,1099952997410,401910,1324,1324,0
4645,26.7566,1099933869275,401911,1325,1325,0
4646,26.7566,1099961434879,401910,1325,1325,0
4647,26.7466,1099934162062,401911,1326,1326,0
4648,26.7466,1099961434880,401910,1326,1326,0
4649,26.7366,1099936449259,401911,1327,1327,0
4650,26.7366,1099961434881,401910,1327,1327,0
4651,26.7266,1099936449260,401911,1328,1328,0
4652,26.7266,1099961434882,401910,1328,1328,0
4653,26.7166,1099936449261,401911,1329,1329,0
4654,26.7166,1099961434883,401910,1329,1329,0
4655,26.7066,1099936449262,401911,1330,1330,0
4656,26.7066,1099964564168,401910,1330,1330,0
4657,26.6966,1099936449263,401911,1331,1331,0
4658,26.6966,1099964564169,401910,1331,1331,0
4659,26.6866,1099938801427,401911,1332,1332,0
4660,26.6866,1099964564170,401910,1332,1332,0
4661,26.6766,1099938801428,401911,1333,1333,0
4662,26.6766,1099970326097,401910,1333,1333,0
4663,26.6666,1099938801429,401911,1334,1334,0
4664,26.6666,1099970326098,401910,1334,1334,0
4665,26.6566,1099938801430,401911,1335,1335,0
4666,26.6566,1099970326099,401910,1335,1335,0
4667,26.6466,1099938801431,401911,1336,1336,0
4668,26.6466,1099970326100,401910,1336,1336,0
4669,26.6366,1099938801432,401911,1337,1337,0
4670,26.6366,1099970326101,401910,1337,1337,0
4671,26.6266,1099938948363,401911,1338,1338,0
4672,26.6266,1099970326102,401910,1338,1338,0
4673,26.6166,1099938948364,401911,1339,1339,0
4674,26.6166,1099970326103,401910,1339,1339,0
4675,26.6066,1099938948365,401911,1340,1340,0
4676,26.6066,1099970326104,401910,1340,1340,0
4677,26.5966,1099938948366,401911,1341,1341,0
4678,26.5966,1099970326105,401910,1341,1341,0
4679,26.5866,1099938948367,401911,1342,1342,0
4680,26.5866,1099970326106,401910,1342,1342,0
4681,26.5766,1099938948368,401911,1343,1343,0
4682,26.5766,1099970394087,401910,1343,1343,0
4683,26.5666,1099939338633,401911,1344,1344,0
4684,26.5666,1099970394089,401910,1344,1344,0
4685,26.5566,1099948980362,401911,1345,1345,0
4686,26.5566,1099970394092,401910,1345,1345,0
4687,26.5466,1099948980363,401911,1346,1346,0
4688,26.5466,1099970394197,401910,1346,1346,0
4689,26.5366,1099948980364,401911,1347,1347,0
4690,26.5366,1099970394198,401910,1347,1347,0
4691,26.5266,1099948980365,401911,1348,1348,0
4692,26.5266,1099970394199,401910,1348,1348,0
4693,26.5166,1099948980366,401911,1349,1349,0
4694,26.5166,1099970394200,401910,1349,1349,0
4695,26.5066,1099948980367,401911,1350,1350,0
4696,26.5066,1099970394201,401910,1350,1350,0
4697,26.4966,1099948980368,401911,1351,1351,0
4698,26.4966,1099970394202,401910,1351,1351,0
4699,26.4866,1099948980369,401911,1352,1352,0
4700,26.4866,1099970394203,401910,1352,1352,0
4701,26.4766,1099948980370,401911,1353,1353,0
4702,26.4766,1099970394204,401910,1353,1353,0
4703,26.4666,1099948980371,401911,1354,1354,0
4704,26.4666,1099970394205,401910,1354,1354,0
4705,26.4566,1099951327274,401911,1355,1355,0
4706,26.4566,1099970394206,401910,1355,1355,0
4707,26.4466,1099951327275,401911,1356,1356,0
4708,26.4466,1099973004727,401910,1356,1356,0
4709,26.4366,1099952419583,401911,1357,1357,0
4710,26.4366,1099973004728,401910,1357,1357,0
4711,26.4266,1099952997399,401911,1358,1358,0
4712,26.4266,1099973004729,401910,1358,1358,0
4713,26.4166,1099961434893,401911,1359,1359,0
4714,26.4166,1099973004730,401910,1359,1359,0
4715,26.4066,1099961434894,401911,1360,1360,0
4716,26.4066,1099973004731,401910,1360,1360,0
4717,26.3966,1099961434895,401911,1361,1361,0
4718,26.3966,1099973004732,401910,1361,1361,0
4719,26.3866,1099961434896,401911,1362,1362,0
4720,26.3866,1099973004733,401910,1362,1362,0
4721,26.3766,1099961434897,401911,1363,1363,0
4722,26.3766,1099973004734,401910,1363,1363,0
4723,26.3666,1099964564200,401911,1364,1364,0
4724,26.3666,1099973004735,401910,1364,1364,0
4725,26.3566,1099964564201,401911,1365,1365,0
4726,26.3566,1099973004736,401910,1365,1365,0
4727,26.3466,1099964564202,401911,1366,1366,0
4728,26.3466,1099973004737,401910,1366,1366,0
4729,26.3366,1099970074040,401911,1367,1367,0
4730,26.3366,1099973004738,401910,1367,1367,0
4731,26.3266,1099970074041,401911,1368,1368,0
4732,26.3266,1099973134954,401910,1368,1368,0
4733,26.3166,1099970074042,401911,1369,1369,0
4734,26.3166,1099973134955,401910,1369,1369,0
4735,26.3066,1099970074043,401911,1370,1370,0
4736,26.3066,1099973207025,401910,1370,1370,0
4737,26.2966,1099970074044,401911,1371,1371,0
4738,26.2966,1099973207026,401910,1371,1371,0
4739,26.2866,1099970074045,401911,1372,1372,0
4740,26.2866,1099973207027,401910,1372,1372,0
4741,26.2766,1099970074046,401911,1373,1373,0
4742,26.2766,1099973207028,401910,1373,1373,0
4743,26.2666,1099970074047,401911,1374,1374,0
4744,26.2666,1099973207029,401910,1374,1374,0
4745,26.2566,1099970074048,401911,1375,1375,0
4746,26.2566,1099973207030,401910,1375,1375,0
4747,26.2466,1099970074049,401911,1376,1376,0
4748,26.2466,1099973207031,401910,1376,1376,0
4749,26.2366,1099970074050,401911,1377,1377,0
4750,26.2366,1099973207032,401910,1377,1377,0
4751,26.2266,1099970074051,401911,1378,1378,0
4752,26.2266,1099973207033,401910,1378,1378,0
4753,26.2166,1099970074052,401911,1379,1379,0
4754,26.2166,1099973207034,401910,1379,1379,0
4755,26.2066,1099970074053,401911,1380,1380,0
4756,26.2066,1099973207456,401910,1380,1380,0
4757,26.1966,1099970074054,401911,1381,1381,0
4758,26.1966,1099973207457,401910,1381,1381,0
4759,26.1866,1099970074055,401911,1382,1382,0
4760,26.1866,1099973207458,401910,1382,1382,0
4761,26.1766,1099970074056,401911,1383,1383,0
4762,26.1766,1099973207459,401910,1383,1383,0
4763,26.1666,1099970074057,401911,1384,1384,0
4764,26.1666,1099973207460,401910,1384,1384,0
4765,26.1566,1099970074058,401911,1385,1385,0
4766,26.1566,1099973207461,401910,1385,1385,0
4767,26.1466,1099970074059,401911,1386,1386,0
4768,26.1466,1099973207462,401910,1386,1386,0
4769,26.1366,1099970325766,401911,1387,1387,0
4770,26.1366,1099973207463,401910,1387,1387,0
4771,26.1266,1099970325767,401911,1388,1388,0
4772,26.1266,1099973207464,401910,1388,1388,0
4773,26.1166,1099970325768,401911,1389,1389,0
4774,26.1166,1099973207465,401910,1389,1389,0
4775,26.1066,1099970325769,401911,1390,1390,0
4776,26.1066,1099973207478,401910,1390,1390,0
4777,26.0966,1099970325770,401911,1391,1391,0
4778,26.0966,1099973207479,401910,1391,1391,0
4779,26.0866,1099970325771,401911,1392,1392,0
4780,26.0866,1099973207480,401910,1392,1392,0
4781,26.0766,1099970325772,401911,1393,1393,0
4782,26.0766,1099973207481,401910,1393,1393,0
4783,26.0666,1099970325773,401911,1394,1394,0
4784,26.0666,1099973207482,401910,1394,1394,0
4785,26.0566,1099970325774,401911,1395,1395,0
4786,26.0566,1099973207483,401910,1395,1395,0
4787,26.0466,1099970325775,401911,1396,1396,0
4788,26.0466,1099973207484,401910,1396,1396,0
4789,26.0366,1099970325776,401911,1397,1397,0
4790,26.0366,1099973207485,401910,1397,1397,0
4791,26.0266,1099970325777,401911,1398,1398,0
4792,26.0266,1099973207486,401910,1398,1398,0
4793,26.0166,1099970325778,401911,1399,1399,0
4794,26.0166,1099973207487,401910,1399,1399,0
4795,26.0066,1099970325779,401911,1400,1400,0
4796,26.0066,1099997873591,401910,1400,1400,0
4797,25.9964,1099970325780,401911,1401,1401,0
4798,25.9964,1099997873592,401910,1401,1401,0
4799,25.9864,1099971509255,401911,1402,1402,0
4800,25.9864,1099997873593,401910,1402,1402,0
4801,25.9764,1099971509256,401911,1403,1403,0
4802,25.9764,1099997873594,401910,1403,1403,0
4803,25.9664,1099971509257,401911,1404,1404,0
4804,25.9664,1099997873595,401910,1404,1404,0
4805,25.9564,1099971509258,401911,1405,1405,0
4806,25.9564,1099997873596,401910,1405,1405,0
4807,25.9464,1099971509259,401911,1406,1406,0
4808,25.9464,1099997873597,401910,1406,1406,0
4809,25.9364,1099971509260,401911,1407,1407,0
4810,25.9364,1099997873598,401910,1407,1407,0
4811,25.9264,1099971509261,401911,1408,1408,0
4812,25.9264,1099997873599,401910,1408,1408,0
4813,25.9164,1099971509262,401911,1409,1409,0
4814,25.9164,1099997873600,401910,1409,1409,0
4815,25.9064,1099971509263,401911,1410,1410,0
4816,25.9064,1099997873601,401910,1410,1410,0
4817,25.8964,1099971509264,401911,1411,1411,0
4818,25.8964,1099997873602,401910,1411,1411,0
4819,25.8864,1099973004812,401911,1412,1412,0
4820,25.8864,1099997873603,401910,1412,1412,0
4821,25.8764,1099973006159,401911,1413,1413,0
4822,25.8764,1099997873604,401910,1413,1413,0
4823,25.8664,1099973006642,401911,1414,1414,0
4824,25.8664,1099997873605,401910,1414,1414,0
4825,25.8564,1099973010580,401911,1415,1415,0
4826,25.8564,1099997873606,401910,1415,1415,0
4827,25.8464,1099973010635,401911,1416,1416,0
4828,25.8464,1099997873607,401910,1416,1416,0
4829,25.8364,1099973030200,401911,1417,1417,0
4830,25.8364,1099997873608,401910,1417,1417,0
4831,25.8264,1099973030201,401911,1418,1418,0
4832,25.8264,1099997873609,401910,1418,1418,0
4833,25.8164,1099973134968,401911,1419,1419,0
4834,25.8164,1099997873610,401910,1419,1419,0
4835,25.8064,1099973136205,401911,1420,1420,0
4836,25.8064,1099997873611,401910,1420,1420,0
4837,25.7964,1099973207053,401911,1421,1421,0
4838,25.7964,1099997873612,401910,1421,1421,0
4839,25.7864,1099973207054,401911,1422,1422,0
4840,25.7864,1099997873613,401910,1422,1422,0
4841,25.7764,1099974669380,401911,1423,1423,0
4842,25.7764,1099997873614,401910,1423,1423,0
4843,25.7664,1099974669473,401911,1424,1424,0
4844,25.7664,1099997873615,401910,1424,1424,0
4845,25.7564,1099974669576,401911,1425,1425,0
4846,25.7564,1099997873616,401910,1425,1425,0
4847,25.7464,1099997873617,401910,1426,1426,0
4848,25.7464,1099997873713,401911,1426,1426,0
4849,25.7364,1099997873618,401910,1427,1427,0
4850,25.7364,1099997873714,401911,1427,1427,0
4851,25.7264,1099997873619,401910,1428,1428,0
4852,25.7264,1099997873715,401911,1428,1428,0
4853,25.7164,1099997873620,401910,1429,1429,0
4854,25.7164,1099997873716,401911,1429,1429,0
4855,25.7064,1099997873621,401910,1430,1430,0
4856,25.7064,1099997873717,401911,1430,1430,0
4857,25.6964,1099997873622,401910,1431,1431,0
4858,25.6964,1099997873718,401911,1431,1431,0
4859,25.6864,1099997873623,401910,1432,1432,0
4860,25.6864,1099997873719,401911,1432,1432,0
4861,25.6764,1099997873624,401910,1433,1433,0
4862,25.6764,1099997873720,401911,1433,1433,0
4863,25.6664,1099997873625,401910,1434,1434,0
4864,25.6664,1099997873721,401911,1434,1434,0
4865,25.6564,1099997873626,401910,1435,1435,0
4866,25.6564,1099997873722,401911,1435,1435,0
4867,25.6464,1099997873627,401910,1436,1436,0
4868,25.6464,1099997873723,401911,1436,1436,0
4869,25.6364,1099997873628,401910,1437,1437,0
4870,25.6364,1099997873724,401911,1437,1437,0
4871,25.6264,1099997873629,401910,1438,1438,0
4872,25.6264,1099997873725,401911,1438,1438,0
4873,25.6164,1099997873630,401910,1439,1439,0
4874,25.6164,1099997873726,401911,1439,1439,0
4875,25.6064,1099997873631,401910,1440,1440,0
4876,25.6064,1099997873727,401911,1440,1440,0
4877,25.5964,1099997873632,401910,1441,1441,0
4878,25.5964,1099997873728,401911,1441,1441,0
4879,25.5864,1099997873633,401910,1442,1442,0
4880,25.5864,1099997873729,401911,1442,1442,0
4881,25.5764,1099997873634,401910,1443,1443,0
4882,25.5764,1099997873730,401911,1443,1443,0
4883,25.5664,1099997873635,401910,1444,1444,0
4884,25.5664,1099997873731,401911,1444,1444,0
4885,25.5564,1099997873636,401910,1445,1445,0
4886,25.5564,1099997873732,401911,1445,1445,0
4887,25.5464,1099997873637,401910,1446,1446,0
4888,25.5464,1099997873733,401911,1446,1446,0
4889,25.5364,1099997873638,401910,1447,1447,0
4890,25.5364,1099997873734,401911,1447,1447,0
4891,25.5264,1099997873639,401910,1448,1448,0
4892,25.5264,1099997873735,401911,1448,1448,0
4893,25.5164,1099997873640,401910,1449,1449,0
4894,25.5164,1099997873736,401911,1449,1449,0
4895,25.5064,1099997873737,401911,1450,1450,0
4896,25.5064,1099997876547,401910,1450,1450,0
4897,25.4964,1099997873738,401911,1451,1451,0
4898,25.4964,1099997876548,401910,1451,1451,0
4899,25.4864,1099997873739,401911,1452,1452,0
4900,25.4864,1099997876549,401910,1452,1452,0
4901,25.4764,1099997873740,401911,1453,1453,0
4902,25.4764,1099997876550,401910,1453,1453,0
4903,25.4664,1099997873741,401911,1454,1454,0
4904,25.4664,1099997876551,401910,1454,1454,0
4905,25.4564,1099997873742,401911,1455,1455,0
4906,25.4564,1099997876552,401910,1455,1455,0
4907,25.4464,1099997873743,401911,1456,1456,0
4908,25.4464,1099997876553,401910,1456,1456,0
4909,25.4364,1099997873744,401911,1457,1457,0
4910,25.4364,1099997876554,401910,1457,1457,0
4911,25.4264,1099997873745,401911,1458,1458,0
4912,25.4264,1099997876555,401910,1458,1458,0
4913,25.4164,1099997873746,401911,1459,1459,0
4914,25.4164,1099997876556,401910,1459,1459,0
4915,25.4064,1099997873747,401911,1460,1460,0
4916,25.4064,1099997876557,401910,1460,1460,0
4917,25.3964,1099997873748,401911,1461,1461,0
4918,25.3964,1099997876558,401910,1461,1461,0
4919,25.3864,1099997873749,401911,1462,1462,0
4920,25.3864,1099997876559,401910,1462,1462,0
4921,25.3764,1099997873750,401911,1463,1463,0
4922,25.3764,1099997876560,401910,1463,1463,0
4923,25.3664,1099997873751,401911,1464,1464,0
4924,25.3664,1099997876561,401910,1464,1464,0
4925,25.3564,1099997873752,401911,1465,1465,0
4926,25.3564,1099997876562,401910,1465,1465,0
4927,25.3464,1099997873753,401911,1466,1466,0
4928,25.3464,1099997876563,401910,1466,1466,0
4929,25.3364,1099997873754,401911,1467,1467,0
4930,25.3364,1099997876564,401910,1467,1467,0
4931,25.3264,1099997873755,401911,1468,1468,0
4932,25.3264,1099997876565,401910,1468,1468,0
4933,25.3164,1099997873756,401911,1469,1469,0
4934,25.3164,1099997876566,401910,1469,1469,0
4935,25.3064,1099997873757,401911,1470,1470,0
4936,25.3064,1099997876567,401910,1470,1470,0
4937,25.2964,1099997873758,401911,1471,1471,0
4938,25.2964,1099997876568,401910,1471,1471,0
4939,25.2864,1099997873759,401911,1472,1472,0
4940,25.2864,1099997876569,401910,1472,1472,0
4941,25.2764,1099997873760,401911,1473,1473,0
4942,25.2764,1099997876570,401910,1473,1473,0
4943,25.2664,1099997873761,401911,1474,1474,0
4944,25.2664,1099997876571,401910,1474,1474,0
4945,25.2564,1099997873762,401911,1475,1475,0
4946,25.2564,1099997876572,401910,1475,1475,0
4947,25.2464,1099997876573,401910,1476,1476,0
4948,25.2464,1099997876773,401911,1476,1476,0
4949,25.2364,1099997876574,401910,1477,1477,0
4950,25.2364,1099997876774,401911,1477,1477,0
4951,25.2264,1099997876575,401910,1478,1478,0
4952,25.2264,1099997876775,401911,1478,1478,0
4953,25.2164,1099997876576,401910,1479,1479,0
4954,25.2164,1099997876776,401911,1479,1479,0
4955,25.2064,1099997876577,401910,1480,1480,0
4956,25.2064,1099997876777,401911,1480,1480,0
4957,25.1962,1099997876578,401910,1481,1481,0
4958,25.1962,1099997876778,401911,1481,1481,0
4959,25.1862,1099997876579,401910,1482,1482,0
4960,25.1862,1099997876779,401911,1482,1482,0
4961,25.1762,1099997876580,401910,1483,1483,0
4962,25.1762,1099997876780,401911,1483,1483,0
4963,25.1662,1099997876581,401910,1484,1484,0
4964,25.1662,1099997876781,401911,1484,1484,0
4965,25.1562,1099997876582,401910,1485,1485,0
4966,25.1562,1099997876782,401911,1485,1485,0
4967,25.1462,1099997876583,401910,1486,1486,0
4968,25.1462,1099997876783,401911,1486,1486,0
4969,25.1362,1099997876584,401910,1487,1487,0
4970,25.1362,1099997876784,401911,1487,1487,0
4971,25.1262,1099997876585,401910,1488,1488,0
4972,25.1262,1099997876785,401911,1488,1488,0
4973,25.1162,1099997876586,401910,1489,1489,0
4974,25.1162,1099997876786,401911,1489,1489,0
4975,25.1062,1099997876587,401910,1490,1490,0
4976,25.1062,1099997876787,401911,1490,1490,0
4977,25.0962,1099997876588,401910,1491,1491,0
4978,25.0962,1099997876788,401911,1491,1491,0
4979,25.0862,1099997876589,401910,1492,1492,0
4980,25.0862,1099997876789,401911,1492,1492,0
4981,25.0762,1099997876590,401910,1493,1493,0
4982,25.0762,1099997876790,401911,1493,1493,0
4983,25.0662,1099997876591,401910,1494,1494,0
4984,25.0662,1099997876791,401911,1494,1494,0
4985,25.0562,1099997876592,401910,1495,1495,0
4986,25.0562,1099997876792,401911,1495,1495,0
4987,25.0462,1099997876593,401910,1496,1496,0
4988,25.0462,1099997876793,401911,1496,1496,0
4989,25.0362,1099997876594,401910,1497,1497,0
4990,25.0362,1099997876794,401911,1497,1497,0
4991,25.0262,1099997876595,401910,1498,1498,0
4992,25.0262,1099997876795,401911,1498,1498,0
4993,25.0162,1099997876596,401910,1499,1499,0
4994,25.0162,1099997876796,401911,1499,1499,0
4995,25.0062,1099997876797,401911,1500,1500,0
4996,25.0062,1099997877472,401910,1500,1500,0
4997,24.9962,1099997876798,401911,1501,1501,0
4998,24.9962,1099997877473,401910,1501,1501,0
4999,24.9862,1099997876799,401911,1502,1502,0
5000,24.9862,1099997877474,401910,1502,1502,0
5001,24.9762,1099997876800,401911,1503,1503,0
5002,24.9762,1099997877475,401910,1503,1503,0
5003,24.9662,1099997876801,401911,1504,1504,0
5004,24.9662,1099997877476,401910,1504,1504,0
5005,24.9562,1099997876802,401911,1505,1505,0
5006,24.9562,1099997877477,401910,1505,1505,0
5007,24.9462,1099997876803,401911,1506,1506,0
5008,24.9462,1099997877478,401910,1506,1506,0
5009,24.9362,1099997876804,401911,1507,1507,0
5010,24.9362,1099997877479,401910,1507,1507,0
5011,24.9262,1099997876805,401911,1508,1508,0
5012,24.9262,1099997877480,401910,1508,1508,0
5013,24.9162,1099997876806,401911,1509,1509,0
5014,24.9162,1099997877481,401910,1509,1509,0
5015,24.9062,1099997876807,401911,1510,1510,0
5016,24.9062,1099997877482,401910,1510,1510,0
5017,24.8962,1099997876808,401911,1511,1511,0
5018,24.8962,1099997877483,401910,1511,1511,0
5019,24.8862,1099997876809,401911,1512,1512,0
5020,24.8862,1099997877484,401910,1512,1512,0
5021,24.8762,1099997876810,401911,1513,1513,0
5022,24.8762,1099997877485,401910,1513,1513,0
5023,24.8662,1099997876811,401911,1514,1514,0
5024,24.8662,1099997877486,401910,1514,1514,0
5025,24.8562,1099997876812,401911,1515,1515,0
5026,24.8562,1099997877487,401910,1515,1515,0
5027,24.8462,1099997876813,401911,1516,1516,0
5028,24.8462,1099997877488,401910,1516,1516,0
5029,24.8362,1099997876814,401911,1517,1517,0
5030,24.8362,1099997877489,401910,1517,1517,0
5031,24.8262,1099997876815,401911,1518,1518,0
5032,24.8262,1099997877490,401910,1518,1518,0
5033,24.8162,1099997876816,401911,1519,1519,0
5034,24.8162,1099997877491,401910,1519,1519,0
5035,24.8062,1099997876817,401911,1520,1520,0
5036,24.8062,1099997877492,401910,1520,1520,0
5037,24.7962,1099997876818,401911,1521,1521,0
5038,24.7962,1099997877493,401910,1521,1521,0
5039,24.7862,1099997876819,401911,1522,1522,0
5040,24.7862,1099997877494,401910,1522,1522,0
5041,24.7762,1099997876820,401911,1523,1523,0
5042,24.7762,1099997877495,401910,1523,1523,0
5043,24.7662,1099997876821,401911,1524,1524,0
5044,24.7662,1099997877496,401910,1524,1524,0
5045,24.7562,1099997876822,401911,1525,1525,0
5046,24.7562,1099997877497,401910,1525,1525,0
5047,24.7462,1099997877419,401911,1526,1526,0
5048,24.7462,1099997877498,401910,1526,1526,0
5049,24.7362,1099997877420,401911,1527,1527,0
5050,24.7362,1099997877499,401910,1527,1527,0
5051,24.7262,1099997877421,401911,1528,1528,0
5052,24.7262,1099997877500,401910,1528,1528,0
5053,24.7162,1099997877422,401911,1529,1529,0
5054,24.7162,1099997877501,401910,1529,1529,0
5055,24.7062,1099997877423,401911,1530,1530,0
5056,24.7062,1099997877502,401910,1530,1530,0
5057,24.6962,1099997877424,401911,1531,1531,0
5058,24.6962,1099997877503,401910,1531,1531,0
5059,24.6862,1099997877425,401911,1532,1532,0
5060,24.6862,1099997877504,401910,1532,1532,0
5061,24.6762,1099997877426,401911,1533,1533,0
5062,24.6762,1099997877505,401910,1533,1533,0
5063,24.6662,1099997877427,401911,1534,1534,0
5064,24.6662,1099997877506,401910,1534,1534,0
5065,24.6562,1099997877428,401911,1535,1535,0
5066,24.6562,1099997877507,401910,1535,1535,0
5067,24.6462,1099997877429,401911,1536,1536,0
5068,24.6462,1099997877508,401910,1536,1536,0
5069,24.6362,1099997877430,401911,1537,1537,0
5070,24.6362,1099997877509,401910,1537,1537,0
5071,24.6262,1099997877431,401911,1538,1538,0
5072,24.6262,1099997877510,401910,1538,1538,0
5073,24.6162,1099997877432,401911,1539,1539,0
5074,24.6162,1099997877511,401910,1539,1539,0
5075,24.6062,1099997877433,401911,1540,1540,0
5076,24.6062,1099997877512,401910,1540,1540,0
5077,24.5962,1099997877434,401911,1541,1541,0
5078,24.5962,1099997877513,401910,1541,1541,0
5079,24.5862,1099997877435,401911,1542,1542,0
5080,24.5862,1099997877514,401910,1542,1542,0
5081,24.5762,1099997877436,401911,1543,1543,0
5082,24.5762,1099997877515,401910,1543,1543,0
5083,24.5662,1099997877437,401911,1544,1544,0
5084,24.5662,1099997877516,401910,1544,1544,0
5085,24.5562,1099997877438,401911,1545,1545,0
5086,24.5562,1099997877517,401910,1545,1545,0
5087,24.5462,1099997877439,401911,1546,1546,0
5088,24.5462,1099997877518,401910,1546,1546,0
5089,24.5362,1099997877440,401911,1547,1547,0
5090,24.5362,1099997877519,401910,1547,1547,0
5091,24.5262,1099997877441,401911,1548,1548,0
5092,24.5262,1099997877520,401910,1548,1548,0
5093,24.5162,1099997877442,401911,1549,1549,0
5094,24.5162,1099997877521,401910,1549,1549,0
5095,24.5062,1099997877443,401911,1550,1550,0
5096,24.5062,1099997877737,401910,1550,1550,0
5097,24.4962,1099997877444,401911,1551,1551,0
5098,24.4962,1099997877738,401910,1551,1551,0
5099,24.4862,1099997877445,401911,1552,1552,0
5100,24.4862,1099997877739,401910,1552,1552,0
5101,24.4762,1099997877446,401911,1553,1553,0
5102,24.4762,1099997877740,401910,1553,1553,0
5103,24.4662,1099997877447,401911,1554,1554,0
5104,24.4662,1099997877741,401910,1554,1554,0
5105,24.4562,1099997877448,401911,1555,1555,0
5106,24.4562,1099997877742,401910,1555,1555,0
5107,24.4462,1099997877449,401911,1556,1556,0
5108,24.4462,1099997877743,401910,1556,1556,0
5109,24.4362,1099997877450,401911,1557,1557,0
5110,24.4362,1099997877744,401910,1557,1557,0
5111,24.4262,1099997877451,401911,1558,1558,0
5112,24.4262,1099997877745,401910,1558,1558,0
5113,24.4162,1099997877452,401911,1559,1559,0
5114,24.4162,1099997877746,401910,1559,1559,0
5115,24.4062,1099997877453,401911,1560,1560,0
5116,24.4062,1099997877747,401910,1560,1560,0
5117,24.396,1099997877454,401911,1561,1561,0
5118,24.396,1099997877748,401910,1561,1561,0
5119,24.386,1099997877455,401911,1562,1562,0
5120,24.386,1099997877749,401910,1562,1562,0
5121,24.376,1099997877456,401911,1563,1563,0
5122,24.376,1099997877750,401910,1563,1563,0
5123,24.366,1099997877457,401911,1564,1564,0
5124,24.366,1099997877751,401910,1564,1564,0
5125,24.356,1099997877458,401911,1565,1565,0
5126,24.356,1099997877752,401910,1565,1565,0
5127,24.346,1099997877459,401911,1566,1566,0
5128,24.346,1099997877753,401910,1566,1566,0
5129,24.336,1099997877460,401911,1567,1567,0
5130,24.336,1099997877754,401910,1567,1567,0
5131,24.326,1099997877461,401911,1568,1568,0
5132,24.326,1099997877755,401910,1568,1568,0
5133,24.316,1099997877462,401911,1569,1569,0
5134,24.316,1099997877756,401910,1569,1569,0
5135,24.306,1099997877463,401911,1570,1570,0
5136,24.306,1099997877757,401910,1570,1570,0
5137,24.296,1099997877464,401911,1571,1571,0
5138,24.296,1099997877758,401910,1571,1571,0
5139,24.286,1099997877465,401911,1572,1572,0
5140,24.286,1099997877759,401910,1572,1572,0
5141,24.276,1099997877466,401911,1573,1573,0
5142,24.276,1099997877760,401910,1573,1573,0
5143,24.266,1099997877467,401911,1574,1574,0
5144,24.266,1099997877761,401910,1574,1574,0
5145,24.256,1099997877468,401911,1575,1575,0
5146,24.256,1099997877762,401910,1575,1575,0
5147,24.246,1099998385814,401910,1576,1576,0
5148,24.246,1099998386262,401911,1576,1576,0
5149,24.236,1099998385815,401910,1577,1577,0
5150,24.236,1099998386263,401911,1577,1577,0
5151,24.226,1099998385816,401910,1578,1578,0
5152,24.226,1099998386264,401911,1578,1578,0
5153,24.216,1099998385817,401910,1579,1579,0
5154,24.216,1099998386265,401911,1579,1579,0
5155,24.206,1099998385818,401910,1580,1580,0
5156,24.206,1099998386266,401911,1580,1580,0
5157,24.196,1099998385819,401910,1581,1581,0
5158,24.196,1099998386267,401911,1581,1581,0
5159,24.186,1099998385820,401910,1582,1582,0
5160,24.186,1099998386268,401911,1582,1582,0
5161,24.176,1099998385821,401910,1583,1583,0
5162,24.176,1099998386269,401911,1583,1583,0
5163,24.166,1099998385822,401910,1584,1584,0
5164,24.166,1099998386270,401911,1584,1584,0
5165,24.156,1099998385823,401910,1585,1585,0
5166,24.156,1099998386271,401911,1585,1585,0
5167,24.146,1099998385824,401910,1586,1586,0
5168,24.146,1099998386272,401911,1586,1586,0
5169,24.136,1099998385825,401910,1587,1587,0
5170,24.136,1099998386273,401911,1587,1587,0
5171,24.126,1099998385826,401910,1588,1588,0
5172,24.126,1099998386274,401911,1588,1588,0
5173,24.116,1099998385827,401910,1589,1589,0
5174,24.116,1099998386275,401911,1589,1589,0
5175,24.106,1099998385828,401910,1590,1590,0
5176,24.106,1099998386276,401911,1590,1590,0
5177,24.096,1099998385829,401910,1591,1591,0
5178,24.096,1099998386277,401911,1591,1591,0
5179,24.086,1099998385830,401910,1592,1592,0
5180,24.086,1099998386278,401911,1592,1592,0
5181,24.076,1099998385831,401910,1593,1593,0
5182,24.076,1099998386279,401911,1593,1593,0
5183,24.066,1099998385832,401910,1594,1594,0
5184,24.066,1099998386280,401911,1594,1594,0
5185,24.056,1099998385833,401910,1595,1595,0
5186,24.056,1099998386281,401911,1595,1595,0
5187,24.046,1099998385834,401910,1596,1596,0
5188,24.046,1099998386282,401911,1596,1596,0
5189,24.036,1099998385835,401910,1597,1597,0
5190,24.036,1099998386283,401911,1597,1597,0
5191,24.026,1099998385836,401910,1598,1598,0
5192,24.026,1099998386284,401911,1598,1598,0
5193,24.016,1099998385837,401910,1599,1599,0
5194,24.016,1099998386285,401911,1599,1599,0
5195,24.006,1099998385838,401910,1600,1600,0
5196,24.006,1099998386286,401911,1600,1600,0
5197,23.996,1099998385839,401910,1601,1601,0
5198,23.996,1099998386287,401911,1601,1601,0
5199,23.986,1099998385840,401910,1602,1602,0
5200,23.986,1099998386288,401911,1602,1602,0
5201,23.976,1099998385841,401910,1603,1603,0
5202,23.976,1099998386289,401911,1603,1603,0
5203,23.966,1099998385842,401910,1604,1604,0
5204,23.966,1099998386290,401911,1604,1604,0
5205,23.956,1099998385843,401910,1605,1605,0
5206,23.956,1099998386291,401911,1605,1605,0
5207,23.946,1099998385844,401910,1606,1606,0
5208,23.946,1099998386292,401911,1606,1606,0
5209,23.936,1099998385845,401910,1607,1607,0
5210,23.936,1099998386293,401911,1607,1607,0
5211,23.926,1099998385846,401910,1608,1608,0
5212,23.926,1099998386294,401911,1608,1608,0
5213,23.916,1099998385847,401910,1609,1609,0
5214,23.916,1099998386295,401911,1609,1609,0
5215,23.906,1099998385848,401910,1610,1610,0
5216,23.906,1099998386296,401911,1610,1610,0
5217,23.896,1099998385849,401910,1611,1611,0
5218,23.896,1099998386297,401911,1611,1611,0
5219,23.886,1099998385850,401910,1612,1612,0
5220,23.886,1099998386298,401911,1612,1612,0
5221,23.876,1099998385851,401910,1613,1613,0
5222,23.876,1099998386299,401911,1613,1613,0
5223,23.866,1099998385852,401910,1614,1614,0
5224,23.866,1099998386300,401911,1614,1614,0
5225,23.856,1099998385853,401910,1615,1615,0
5226,23.856,1099998386301,401911,1615,1615,0
5227,23.846,1099998385854,401910,1616,1616,0
5228,23.846,1099998386302,401911,1616,1616,0
5229,23.836,1099998385855,401910,1617,1617,0
5230,23.836,1099998386303,401911,1617,1617,0
5231,23.826,1099998385856,401910,1618,1618,0
5232,23.826,1099998386304,401911,1618,1618,0
5233,23.816,1099998385857,401910,1619,1619,0
5234,23.816,1099998386305,401911,1619,1619,0
5235,23.806,1099998385858,401910,1620,1620,0
5236,23.806,1099998386306,401911,1620,1620,0
5237,23.796,1099998385859,401910,1621,1621,0
5238,23.796,1099998386307,401911,1621,1621,0
5239,23.786,1099998385860,401910,1622,1622,0
5240,23.786,1099998386308,401911,1622,1622,0
5241,23.776,1099998385861,401910,1623,1623,0
5242,23.776,1099998386309,401911,1623,1623,0
5243,23.766,1099998385862,401910,1624,1624,0
5244,23.766,1099998386310,401911,1624,1624,0
5245,23.756,1099998385863,401910,1625,1625,0
5246,23.756,1099998386311,401911,1625,1625,0
5247,23.746,1099998386082,401910,1626,1626,0
5248,23.746,1099998505940,401911,1626,1626,0
5249,23.736,1099998386083,401910,1627,1627,0
5250,23.736,1099998505941,401911,1627,1627,0
5251,23.726,1099998386084,401910,1628,1628,0
5252,23.726,1099998505942,401911,1628,1628,0
5253,23.716,1099998386085,401910,1629,1629,0
5254,23.716,1099998505943,401911,1629,1629,0
5255,23.706,1099998386086,401910,1630,1630,0
5256,23.706,1099998505944,401911,1630,1630,0
5257,23.696,1099998386087,401910,1631,1631,0
5258,23.696,1099998505945,401911,1631,1631,0
5259,23.686,1099998386088,401910,1632,1632,0
5260,23.686,1099998505946,401911,1632,1632,0
5261,23.676,1099998386089,401910,1633,1633,0
5262,23.676,1099998505947,401911,1633,1633,0
5263,23.666,1099998386090,401910,1634,1634,0
5264,23.666,1099998505948,401911,1634,1634,0
5265,23.656,1099998386091,401910,1635,1635,0
5266,23.656,1099998505949,401911,1635,1635,0
5267,23.646,1099998386092,401910,1636,1636,0
5268,23.646,1099998505950,401911,1636,1636,0
5269,23.636,1099998386093,401910,1637,1637,0
5270,23.636,1099998505951,401911,1637,1637,0
5271,23.626,1099998386094,401910,1638,1638,0
5272,23.626,1099998505952,401911,1638,1638,0
5273,23.616,1099998386095,401910,1639,1639,0
5274,23.616,1099998505953,401911,1639,1639,0
5275,23.606,1099998386096,401910,1640,1640,0
5276,23.606,1099998505954,401911,1640,1640,0
5277,23.5958,1099998386097,401910,1641,1641,0
5278,23.5958,1099998505955,401911,1641,1641,0
5279,23.5858,1099998386098,401910,1642,1642,0
5280,23.5858,1099998505956,401911,1642,1642,0
5281,23.5758,1099998386099,401910,1643,1643,0
5282,23.5758,1099998505957,401911,1643,1643,0
5283,23.5658,1099998386100,401910,1644,1644,0
5284,23.5658,1099998505958,401911,1644,1644,0
5285,23.5558,1099998386101,401910,1645,1645,0
5286,23.5558,1099998505959,401911,1645,1645,0
5287,23.5458,1099998386102,401910,1646,1646,0
5288,23.5458,1099998505960,401911,1646,1646,0
5289,23.5358,1099998386103,401910,1647,1647,0
5290,23.5358,1099998505961,401911,1647,1647,0
5291,23.5258,1099998386104,401910,1648,1648,0
5292,23.5258,1099998505962,401911,1648,1648,0
5293,23.5158,1099998386105,401910,1649,1649,0
5294,23.5158,1099998505963,401911,1649,1649,0
5295,23.5058,1099998386106,401910,1650,1650,0
5296,23.5058,1099998505964,401911,1650,1650,0
5297,23.4958,1099998386107,401910,1651,1651,0
5298,23.4958,1099998505965,401911,1651,1651,0
5299,23.4858,1099998386108,401910,1652,1652,0
5300,23.4858,1099998505966,401911,1652,1652,0
5301,23.4758,1099998386109,401910,1653,1653,0
5302,23.4758,1099998505967,401911,1653,1653,0
5303,23.4658,1099998386110,401910,1654,1654,0
5304,23.4658,1099998505968,401911,1654,1654,0
5305,23.4558,1099998386111,401910,1655,1655,0
5306,23.4558,1099998505969,401911,1655,1655,0
5307,23.4458,1099998386112,401910,1656,1656,0
5308,23.4458,1099998505970,401911,1656,1656,0
5309,23.4358,1099998386113,401910,1657,1657,0
5310,23.4358,1099998505971,401911,1657,1657,0
5311,23.4258,1099998386114,401910,1658,1658,0
5312,23.4258,1099998505972,401911,1658,1658,0
5313,23.4158,1099998386115,401910,1659,1659,0
5314,23.4158,1099998505973,401911,1659,1659,0
5315,23.4058,1099998386116,401910,1660,1660,0
5316,23.4058,1099998505974,401911,1660,1660,0
5317,23.3958,1099998386117,401910,1661,1661,0
5318,23.3958,1099998505975,401911,1661,1661,0
5319,23.3858,1099998386118,401910,1662,1662,0
5320,23.3858,1099998505976,401911,1662,1662,0
5321,23.3758,1099998386119,401910,1663,1663,0
5322,23.3758,1099998505977,401911,1663,1663,0
5323,23.3658,1099998386120,401910,1664,1664,0
5324,23.3658,1099998505978,401911,1664,1664,0
5325,23.3558,1099998386121,401910,1665,1665,0
5326,23.3558,1099998505979,401911,1665,1665,0
5327,23.3458,1099998386122,401910,1666,1666,0
5328,23.3458,1099998505980,401911,1666,1666,0
5329,23.3358,1099998386123,401910,1667,1667,0
5330,23.3358,1099998505981,401911,1667,1667,0
5331,23.3258,1099998386124,401910,1668,1668,0
5332,23.3258,1099998505982,401911,1668,1668,0
5333,23.3158,1099998386125,401910,1669,1669,0
5334,23.3158,1099998505983,401911,1669,1669,0
5335,23.3058,1099998386126,401910,1670,1670,0
5336,23.3058,1099998505984,401911,1670,1670,0
5337,23.2958,1099998386127,401910,1671,1671,0
5338,23.2958,1099998505985,401911,1671,1671,0
5339,23.2858,1099998386128,401910,1672,1672,0
5340,23.2858,1099998505986,401911,1672,1672,0
5341,23.2758,1099998386129,401910,1673,1673,0
5342,23.2758,1099998505987,401911,1673,1673,0
5343,23.2658,1099998386130,401910,1674,1674,0
5344,23.2658,1099998505988,401911,1674,1674,0
5345,23.2558,1099998386131,401910,1675,1675,0
5346,23.2558,1099998505989,401911,1675,1675,0
5347,23.2458,1099998386134,401910,1676,1676,0
5348,23.2458,1099998505994,401911,1676,1676,0
5349,23.2358,1099998386135,401910,1677,1677,0
5350,23.2358,1099998505995,401911,1677,1677,0
5351,23.2258,1099998386136,401910,1678,1678,0
5352,23.2258,1099998505996,401911,1678,1678,0
5353,23.2158,1099998386137,401910,1679,1679,0
5354,23.2158,1099998505997,401911,1679,1679,0
5355,23.2058,1099998386138,401910,1680,1680,0
5356,23.2058,1099998505998,401911,1680,1680,0
5357,23.1958,1099998386139,401910,1681,1681,0
5358,23.1958,1099998505999,401911,1681,1681,0
5359,23.1858,1099998386140,401910,1682,1682,0
5360,23.1858,1099998506000,401911,1682,1682,0
5361,23.1758,1099998386141,401910,1683,1683,0
5362,23.1758,1099998506001,401911,1683,1683,0
5363,23.1658,1099998386142,401910,1684,1684,0
5364,23.1658,1099998506002,401911,1684,1684,0
5365,23.1558,1099998386143,401910,1685,1685,0
5366,23.1558,1099998506003,401911,1685,1685,0
5367,23.1458,1099998386144,401910,1686,1686,0
5368,23.1458,1099998506004,401911,1686,1686,0
5369,23.1358,1099998386145,401910,1687,1687,0
5370,23.1358,1099998506005,401911,1687,1687,0
5371,23.1258,1099998386146,401910,1688,1688,0
5372,23.1258,1099998506006,401911,1688,1688,0
5373,23.1158,1099998386147,401910,1689,1689,0
5374,23.1158,1099998506007,401911,1689,1689,0
5375,23.1058,1099998386148,401910,1690,1690,0
5376,23.1058,1099998506008,401911,1690,1690,0
5377,23.0958,1099998386149,401910,1691,1691,0
5378,23.0958,1099998506009,401911,1691,1691,0
5379,23.0858,1099998386150,401910,1692,1692,0
5380,23.0858,1099998506010,401911,1692,1692,0
5381,23.0758,1099998386151,401910,1693,1693,0
5382,23.0758,1099998506011,401911,1693,1693,0
5383,23.0658,1099998386152,401910,1694,1694,0
5384,23.0658,1099998506012,401911,1694,1694,0
5385,23.0558,1099998386153,401910,1695,1695,0
5386,23.0558,1099998506013,401911,1695,1695,0
5387,23.0458,1099998386154,401910,1696,1696,0
5388,23.0458,1099998506014,401911,1696,1696,0
5389,23.0358,1099998386155,401910,1697,1697,0
5390,23.0358,1099998506015,401911,1697,1697,0
5391,23.0258,1099998386156,401910,1698,1698,0
5392,23.0258,1099998506016,401911,1698,1698,0
5393,23.0158,1099998386157,401910,1699,1699,0
5394,23.0158,1099998506017,401911,1699,1699,0
5395,23.0058,1099998386158,401910,1700,1700,0
5396,23.0058,1099998506018,401911,1700,1700,0
5397,22.9958,1099998386159,401910,1701,1701,0
5398,22.9958,1099998506019,401911,1701,1701,0
5399,22.9858,1099998386160,401910,1702,1702,0
5400,22.9858,1099998506020,401911,1702,1702,0
5401,22.9758,1099998386161,401910,1703,1703,0
5402,22.9758,1099998506021,401911,1703,1703,0
5403,22.9658,1099998386162,401910,1704,1704,0
5404,22.9658,1099998506022,401911,1704,1704,0
5405,22.9558,1099998386163,401910,1705,1705,0
5406,22.9558,1099998506023,401911,1705,1705,0
5407,22.9458,1099998386164,401910,1706,1706,0
5408,22.9458,1099998506024,401911,1706,1706,0
5409,22.9358,1099998386165,401910,1707,1707,0
5410,22.9358,1099998506025,401911,1707,1707,0
5411,22.9258,1099998386166,401910,1708,1708,0
5412,22.9258,1099998506026,401911,1708,1708,0
5413,22.9158,1099998386167,401910,1709,1709,0
5414,22.9158,1099998506027,401911,1709,1709,0
5415,22.9058,1099998386168,401910,1710,1710,0
5416,22.9058,1099998506028,401911,1710,1710,0
5417,22.8958,1099998386169,401910,1711,1711,0
5418,22.8958,1099998506029,401911,1711,1711,0
5419,22.8858,1099998386170,401910,1712,1712,0
5420,22.8858,1099998506030,401911,1712,1712,0
5421,22.8758,1099998386171,401910,1713,1713,0
5422,22.8758,1099998506031,401911,1713,1713,0
5423,22.8658,1099998386172,401910,1714,1714,0
5424,22.8658,1099998506032,401911,1714,1714,0
5425,22.8558,1099998386173,401910,1715,1715,0
5426,22.8558,1099998506033,401911,1715,1715,0
5427,22.8458,1099998386174,401910,1716,1716,0
5428,22.8458,1099998506034,401911,1716,1716,0
5429,22.8358,1099998386175,401910,1717,1717,0
5430,22.8358,1099998506035,401911,1717,1717,0
5431,22.8258,1099998386176,401910,1718,1718,0
5432,22.8258,1099998506036,401911,1718,1718,0
5433,22.8158,1099998386177,401910,1719,1719,0
5434,22.8158,1099998506037,401911,1719,1719,0
5435,22.8058,1099998386178,401910,1720,1720,0
5436,22.8058,1099998506038,401911,1720,1720,0
5437,22.7956,1099998386179,401910,1721,1721,0
5438,22.7956,1099998506039,401911,1721,1721,0
5439,22.7856,1099998386180,401910,1722,1722,0
5440,22.7856,1099998506040,401911,1722,1722,0
5441,22.7756,1099998386181,401910,1723,1723,0
5442,22.7756,1099998506041,401911,1723,1723,0
5443,22.7656,1099998386182,401910,1724,1724,0
5444,22.7656,1099998506042,401911,1724,1724,0
5445,22.7556,1099998386183,401910,1725,1725,0
5446,22.7556,1099998506043,401911,1725,1725,0
5447,22.7456,1099998386185,401910,1726,1726,0
5448,22.7456,1099998506066,401911,1726,1726,0
5449,22.7356,1099998386186,401910,1727,1727,0
5450,22.7356,1099998506067,401911,1727,1727,0
5451,22.7256,1099998386187,401910,1728,1728,0
5452,22.7256,1099998506068,401911,1728,1728,0
5453,22.7156,1099998386188,401910,1729,1729,0
5454,22.7156,1099998506069,401911,1729,1729,0
5455,22.7056,1099998386189,401910,1730,1730,0
5456,22.7056,1099998506070,401911,1730,1730,0
5457,22.6956,1099998386190,401910,1731,1731,0
5458,22.6956,1099998506071,401911,1731,1731,0
5459,22.6856,1099998386191,401910,1732,1732,0
5460,22.6856,1099998506072,401911,1732,1732,0
5461,22.6756,1099998386192,401910,1733,1733,0
5462,22.6756,1099998506073,401911,1733,1733,0
5463,22.6656,1099998386193,401910,1734,1734,0
5464,22.6656,1099998506074,401911,1734,1734,0
5465,22.6556,1099998386194,401910,1735,1735,0
5466,22.6556,1099998506075,401911,1735,1735,0
5467,22.6456,1099998386195,401910,1736,1736,0
5468,22.6456,1099998506076,401911,1736,1736,0
5469,22.6356,1099998386196,401910,1737,1737,0
5470,22.6356,1099998506077,401911,1737,1737,0
5471,22.6256,1099998386197,401910,1738,1738,0
5472,22.6256,1099998506078,401911,1738,1738,0
5473,22.6156,1099998386198,401910,1739,1739,0
5474,22.6156,1099998506079,401911,1739,1739,0
5475,22.6056,1099998386199,401910,1740,1740,0
5476,22.6056,1099998506080,401911,1740,1740,0
5477,22.5956,1099998386200,401910,1741,1741,0
5478,22.5956,1099998506081,401911,1741,1741,0
5479,22.5856,1099998386201,401910,1742,1742,0
5480,22.5856,1099998506082,401911,1742,1742,0
5481,22.5756,1099998386202,401910,1743,1743,0
5482,22.5756,1099998506083,401911,1743,1743,0
5483,22.5656,1099998386203,401910,1744,1744,0
5484,22.5656,1099998506084,401911,1744,1744,0
5485,22.5556,1099998386204,401910,1745,1745,0
5486,22.5556,1099998506085,401911,1745,1745,0
5487,22.5456,1099998386205,401910,1746,1746,0
5488,22.5456,1099998506086,401911,1746,1746,0
5489,22.5356,1099998386206,401910,1747,1747,0
5490,22.5356,1099998506087,401911,1747,1747,0
5491,22.5256,1099998386207,401910,1748,1748,0
5492,22.5256,1099998506088,401911,1748,1748,0
5493,22.5156,1099998386208,401910,1749,1749,0
5494,22.5156,1099998506089,401911,1749,1749,0
5495,22.5056,1099998386209,401910,1750,1750,0
5496,22.5056,1099998506090,401911,1750,1750,0
5497,22.4956,1099998386210,401910,1751,1751,0
5498,22.4956,1099998506091,401911,1751,1751,0
5499,22.4856,1099998386211,401910,1752,1752,0
5500,22.4856,1099998506092,401911,1752,1752,0
5501,22.4756,1099998386212,401910,1753,1753,0
5502,22.4756,1099998506093,401911,1753,1753,0
5503,22.4656,1099998386213,401910,1754,1754,0
5504,22.4656,1099998506094,401911,1754,1754,0
5505,22.4556,1099998386214,401910,1755,1755,0
5506,22.4556,1099998506095,401911,1755,1755,0
5507,22.4456,1099998386215,401910,1756,1756,0
5508,22.4456,1099998506096,401911,1756,1756,0
5509,22.4356,1099998386216,401910,1757,1757,0
5510,22.4356,1099998506097,401911,1757,1757,0
5511,22.4256,1099998386217,401910,1758,1758,0
5512,22.4256,1099998506098,401911,1758,1758,0
5513,22.4156,1099998386218,401910,1759,1759,0
5514,22.4156,1099998506099,401911,1759,1759,0
5515,22.4056,1099998386219,401910,1760,1760,0
5516,22.4056,1099998506100,401911,1760,1760,0
5517,22.3956,1099998386220,401910,1761,1761,0
5518,22.3956,1099998506101,401911,1761,1761,0
5519,22.3856,1099998386221,401910,1762,1762,0
5520,22.3856,1099998506102,401911,1762,1762,0
5521,22.3756,1099998386222,401910,1763,1763,0
5522,22.3756,1099998506103,401911,1763,1763,0
5523,22.3656,1099998386223,401910,1764,1764,0
5524,22.3656,1099998506104,401911,1764,1764,0
5525,22.3556,1099998386224,401910,1765,1765,0
5526,22.3556,1099998506105,401911,1765,1765,0
5527,22.3456,1099998386225,401910,1766,1766,0
5528,22.3456,1099998506106,401911,1766,1766,0
5529,22.3356,1099998386226,401910,1767,1767,0
5530,22.3356,1099998506107,401911,1767,1767,0
5531,22.3256,1099998386227,401910,1768,1768,0
5532,22.3256,1099998506108,401911,1768,1768,0
5533,22.3156,1099998386228,401910,1769,1769,0
5534,22.3156,1099998506109,401911,1769,1769,0
5535,22.3056,1099998386229,401910,1770,1770,0
5536,22.3056,1099998506110,401911,1770,1770,0
5537,22.2956,1099998386230,401910,1771,1771,0
5538,22.2956,1099998506111,401911,1771,1771,0
5539,22.2856,1099998386231,401910,1772,1772,0
5540,22.2856,1099998506112,401911,1772,1772,0
5541,22.2756,1099998386232,401910,1773,1773,0
5542,22.2756,1099998506113,401911,1773,1773,0
5543,22.2656,1099998386233,401910,1774,1774,0
5544,22.2656,1099998506114,401911,1774,1774,0
5545,22.2556,1099998386234,401910,1775,1775,0
5546,22.2556,1099998506115,401911,1775,1775,0
5547,22.2456,1099998386329,401910,1776,1776,0
5548,22.2456,1099998506123,401911,1776,1776,0
5549,22.2356,1099998386330,401910,1777,1777,0
5550,22.2356,1099998506124,401911,1777,1777,0
5551,22.2256,1099998386331,401910,1778,1778,0
5552,22.2256,1099998506125,401911,1778,1778,0
5553,22.2156,1099998386332,401910,1779,1779,0
5554,22.2156,1099998506126,401911,1779,1779,0
5555,22.2056,1099998386333,401910,1780,1780,0
5556,22.2056,1099998506127,401911,1780,1780,0
5557,22.1956,1099998386334,401910,1781,1781,0
5558,22.1956,1099998506128,401911,1781,1781,0
5559,22.1856,1099998386335,401910,1782,1782,0
5560,22.1856,1099998506129,401911,1782,1782,0
5561,22.1756,1099998386336,401910,1783,1783,0
5562,22.1756,1099998506130,401911,1783,1783,0
5563,22.1656,1099998386337,401910,1784,1784,0
5564,22.1656,1099998506131,401911,1784,1784,0
5565,22.1556,1099998386338,401910,1785,1785,0
5566,22.1556,1099998506132,401911,1785,1785,0
5567,22.1456,1099998386339,401910,1786,1786,0
5568,22.1456,1099998506133,401911,1786,1786,0
5569,22.1356,1099998386340,401910,1787,1787,0
5570,22.1356,1099998506134,401911,1787,1787,0
5571,22.1256,1099998386341,401910,1788,1788,0
5572,22.1256,1099998506135,401911,1788,1788,0
5573,22.1156,1099998386342,401910,1789,1789,0
5574,22.1156,1099998506136,401911,1789,1789,0
5575,22.1056,1099998386343,401910,1790,1790,0
5576,22.1056,1099998506137,401911,1790,1790,0
5577,22.0956,1099998386344,401910,1791,1791,0
5578,22.0956,1099998506138,401911,1791,1791,0
5579,22.0856,1099998386345,401910,1792,1792,0
5580,22.0856,1099998506139,401911,1792,1792,0
5581,22.0756,1099998386346,401910,1793,1793,0
5582,22.0756,1099998506140,401911,1793,1793,0
5583,22.0656,1099998386347,401910,1794,1794,0
5584,22.0656,1099998506141,401911,1794,1794,0
5585,22.0556,1099998386348,401910,1795,1795,0
5586,22.0556,1099998506142,401911,1795,1795,0
5587,22.0456,1099998386349,401910,1796,1796,0
5588,22.0456,1099998506143,401911,1796,1796,0
5589,22.0356,1099998386350,401910,1797,1797,0
5590,22.0356,1099998506144,401911,1797,1797,0
5591,22.0256,1099998386351,401910,1798,1798,0
5592,22.0256,1099998506145,401911,1798,1798,0
5593,22.0156,1099998386352,401910,1799,1799,0
5594,22.0156,1099998506146,401911,1799,1799,0
5595,22.0056,1099998386353,401910,1800,1800,0
5596,22.0056,1099998506147,401911,1800,1800,0
5597,21.9954,1099998386354,401910,1801,1801,0
5598,21.9954,1099998506148,401911,1801,1801,0
5599,21.9854,1099998386355,401910,1802,1802,0
5600,21.9854,1099998506149,401911,1802,1802,0
5601,21.9754,1099998386356,401910,1803,1803,0
5602,21.9754,1099998506150,401911,1803,1803,0
5603,21.9654,1099998386357,401910,1804,1804,0
5604,21.9654,1099998506151,401911,1804,1804,0
5605,21.9554,1099998386358,401910,1805,1805,0
5606,21.9554,1099998506152,401911,1805,1805,0
5607,21.9454,1099998386359,401910,1806,1806,0
5608,21.9454,1099998506153,401911,1806,1806,0
5609,21.9354,1099998386360,401910,1807,1807,0
5610,21.9354,1099998506154,401911,1807,1807,0
5611,21.9254,1099998386361,401910,1808,1808,0
5612,21.9254,1099998506155,401911,1808,1808,0
5613,21.9154,1099998386362,401910,1809,1809,0
5614,21.9154,1099998506156,401911,1809,1809,0
5615,21.9054,1099998386363,401910,1810,1810,0
5616,21.9054,1099998506157,401911,1810,1810,0
5617,21.8954,1099998386364,401910,1811,1811,0
5618,21.8954,1099998506158,401911,1811,1811,0
5619,21.8854,1099998386365,401910,1812,1812,0
5620,21.8854,1099998506159,401911,1812,1812,0
5621,21.8754,1099998386366,401910,1813,1813,0
5622,21.8754,1099998506160,401911,1813,1813,0
5623,21.8654,1099998386367,401910,1814,1814,0
5624,21.8654,1099998506161,401911,1814,1814,0
5625,21.8554,1099998386368,401910,1815,1815,0
5626,21.8554,1099998506162,401911,1815,1815,0
5627,21.8454,1099998386369,401910,1816,1816,0
5628,21.8454,1099998506163,401911,1816,1816,0
5629,21.8354,1099998386370,401910,1817,1817,0
5630,21.8354,1099998506164,401911,1817,1817,0
5631,21.8254,1099998386371,401910,1818,1818,0
5632,21.8254,1099998506165,401911,1818,1818,0
5633,21.8154,1099998386372,401910,1819,1819,0
5634,21.8154,1099998506166,401911,1819,1819,0
5635,21.8054,1099998386373,401910,1820,1820,0
5636,21.8054,1099998506167,401911,1820,1820,0
5637,21.7954,1099998386374,401910,1821,1821,0
5638,21.7954,1099998506168,401911,1821,1821,0
5639,21.7854,1099998386375,401910,1822,1822,0
5640,21.7854,1099998506169,401911,1822,1822,0
5641,21.7754,1099998386376,401910,1823,1823,0
5642,21.7754,1099998506170,401911,1823,1823,0
5643,21.7654,1099998386377,401910,1824,1824,0
5644,21.7654,1099998506171,401911,1824,1824,0
5645,21.7554,1099998386378,401910,1825,1825,0
5646,21.7554,1099998506172,401911,1825,1825,0
5647,21.7454,1099998386389,401910,1826,1826,0
5648,21.7454,1099998506429,401911,1826,1826,0
5649,21.7354,1099998386390,401910,1827,1827,0
5650,21.7354,1099998506430,401911,1827,1827,0
5651,21.7254,1099998386391,401910,1828,1828,0
5652,21.7254,1099998506431,401911,1828,1828,0
5653,21.7154,1099998386392,401910,1829,1829,0
5654,21.7154,1099998506432,401911,1829,1829,0
5655,21.7054,1099998386393,401910,1830,1830,0
5656,21.7054,1099998506433,401911,1830,1830,0
5657,21.6954,1099998386394,401910,1831,1831,0
5658,21.6954,1099998506434,401911,1831,1831,0
5659,21.6854,1099998386395,401910,1832,1832,0
5660,21.6854,1099998506435,401911,1832,1832,0
5661,21.6754,1099998386396,401910,1833,1833,0
5662,21.6754,1099998506436,401911,1833,1833,0
5663,21.6654,1099998386397,401910,1834,1834,0
5664,21.6654,1099998506437,401911,1834,1834,0
5665,21.6554,1099998386398,401910,1835,1835,0
5666,21.6554,1099998506438,401911,1835,1835,0
5667,21.6454,1099998386399,401910,1836,1836,0
5668,21.6454,1099998506439,401911,1836,1836,0
5669,21.6354,1099998386400,401910,1837,1837,0
5670,21.6354,1099998506440,401911,1837,1837,0
5671,21.6254,1099998386401,401910,1838,1838,0
5672,21.6254,1099998506441,401911,1838,1838,0
5673,21.6154,1099998386402,401910,1839,1839,0
5674,21.6154,1099998506442,401911,1839,1839,0
5675,21.6054,1099998386403,401910,1840,1840,0
5676,21.6054,1099998506443,401911,1840,1840,0
5677,21.5954,1099998386404,401910,1841,1841,0
5678,21.5954,1099998506444,401911,1841,1841,0
5679,21.5854,1099998386405,401910,1842,1842,0
5680,21.5854,1099998506445,401911,1842,1842,0
5681,21.5754,1099998386406,401910,1843,1843,0
5682,21.5754,1099998506446,401911,1843,1843,0
5683,21.5654,1099998386407,401910,1844,1844,0
5684,21.5654,1099998506447,401911,1844,1844,0
5685,21.5554,1099998386408,401910,1845,1845,0
5686,21.5554,1099998506448,401911,1845,1845,0
5687,21.5454,1099998386409,401910,1846,1846,0
5688,21.5454,1099998506449,401911,1846,1846,0
5689,21.5354,1099998386410,401910,1847,1847,0
5690,21.5354,1099998506450,401911,1847,1847,0
5691,21.5254,1099998386411,401910,1848,1848,0
5692,21.5254,1099998506451,401911,1848,1848,0
5693,21.5154,1099998386412,401910,1849,1849,0
5694,21.5154,1099998506452,401911,1849,1849,0
5695,21.5054,1099998386413,401910,1850,1850,0
5696,21.5054,1099998506453,401911,1850,1850,0
5697,21.4954,1099998386414,401910,1851,1851,0
5698,21.4954,1099998506454,401911,1851,1851,0
5699,21.4854,1099998386415,401910,1852,1852,0
5700,21.4854,1099998506455,401911,1852,1852,0
5701,21.4754,1099998386416,401910,1853,1853,0
5702,21.4754,1099998506456,401911,1853,1853,0
5703,21.4654,1099998386417,401910,1854,1854,0
5704,21.4654,1099998506457,401911,1854,1854,0
5705,21.4554,1099998386418,401910,1855,1855,0
5706,21.4554,1099998506458,401911,1855,1855,0
5707,21.4454,1099998386419,401910,1856,1856,0
5708,21.4454,1099998506459,401911,1856,1856,0
5709,21.4354,1099998386420,401910,1857,1857,0
5710,21.4354,1099998506460,401911,1857,1857,0
5711,21.4254,1099998386421,401910,1858,1858,0
5712,21.4254,1099998506461,401911,1858,1858,0
5713,21.4154,1099998386422,401910,1859,1859,0
5714,21.4154,1099998506462,401911,1859,1859,0
5715,21.4054,1099998386423,401910,1860,1860,0
5716,21.4054,1099998506463,401911,1860,1860,0
5717,21.3954,1099998386424,401910,1861,1861,0
5718,21.3954,1099998506464,401911,1861,1861,0
5719,21.3854,1099998386425,401910,1862,1862,0
5720,21.3854,1099998506465,401911,1862,1862,0
5721,21.3754,1099998386426,401910,1863,1863,0
5722,21.3754,1099998506466,401911,1863,1863,0
5723,21.3654,1099998386427,401910,1864,1864,0
5724,21.3654,1099998506467,401911,1864,1864,0
5725,21.3554,1099998386428,401910,1865,1865,0
5726,21.3554,1099998506468,401911,1865,1865,0
5727,21.3454,1099998386429,401910,1866,1866,0
5728,21.3454,1099998506469,401911,1866,1866,0
5729,21.3354,1099998386430,401910,1867,1867,0
5730,21.3354,1099998506470,401911,1867,1867,0
5731,21.3254,1099998386431,401910,1868,1868,0
5732,21.3254,1099998506471,401911,1868,1868,0
5733,21.3154,1099998386432,401910,1869,1869,0
5734,21.3154,1099998506472,401911,1869,1869,0
5735,21.3054,1099998386433,401910,1870,1870,0
5736,21.3054,1099998506473,401911,1870,1870,0
5737,21.2954,1099998386434,401910,1871,1871,0
5738,21.2954,1099998506474,401911,1871,1871,0
5739,21.2854,1099998386435,401910,1872,1872,0
5740,21.2854,1099998506475,401911,1872,1872,0
5741,21.2754,1099998386436,401910,1873,1873,0
5742,21.2754,1099998506476,401911,1873,1873,0
5743,21.2654,1099998386437,401910,1874,1874,0
5744,21.2654,1099998506477,401911,1874,1874,0
5745,21.2554,1099998386438,401910,1875,1875,0
5746,21.2554,1099998506478,401911,1875,1875,0
5747,21.2454,1099998506480,401911,1876,1876,0
5748,21.2454,1099998506544,401910,1876,1876,0
5749,21.2354,1099998506481,401911,1877,1877,0
5750,21.2354,1099998506545,401910,1877,1877,0
5751,21.2254,1099998506482,401911,1878,1878,0
5752,21.2254,1099998506546,401910,1878,1878,0
5753,21.2154,1099998506483,401911,1879,1879,0
5754,21.2154,1099998506547,401910,1879,1879,0
5755,21.2054,1099998506484,401911,1880,1880,0
5756,21.2054,1099998506548,401910,1880,1880,0
5757,21.1952,1099998506485,401911,1881,1881,0
5758,21.1952,1099998506549,401910,1881,1881,0
5759,21.1852,1099998506486,401911,1882,1882,0
5760,21.1852,1099998506550,401910,1882,1882,0
5761,21.1752,1099998506487,401911,1883,1883,0
5762,21.1752,1099998506551,401910,1883,1883,0
5763,21.1652,1099998506488,401911,1884,1884,0
5764,21.1652,1099998506552,401910,1884,1884,0
5765,21.1552,1099998506489,401911,1885,1885,0
5766,21.1552,1099998506553,401910,1885,1885,0
5767,21.1452,1099998506490,401911,1886,1886,0
5768,21.1452,1099998506554,401910,1886,1886,0
5769,21.1352,1099998506491,401911,1887,1887,0
5770,21.1352,1099998506555,401910,1887,1887,0
5771,21.1252,1099998506492,401911,1888,1888,0
5772,21.1252,1099998506556,401910,1888,1888,0
5773,21.1152,1099998506493,401911,1889,1889,0
5774,21.1152,1099998506557,401910,1889,1889,0
5775,21.1052,1099998506494,401911,1890,1890,0
5776,21.1052,1099998506558,401910,1890,1890,0
5777,21.0952,1099998506495,401911,1891,1891,0
5778,21.0952,1099998506559,401910,1891,1891,0
5779,21.0852,1099998506496,401911,1892,1892,0
5780,21.0852,1099998506560,401910,1892,1892,0
5781,21.0752,1099998506497,401911,1893,1893,0
5782,21.0752,1099998506561,401910,1893,1893,0
5783,21.0652,1099998506498,401911,1894,1894,0
5784,21.0652,1099998506562,401910,1894,1894,0
5785,21.0552,1099998506499,401911,1895,1895,0
5786,21.0552,1099998506563,401910,1895,1895,0
5787,21.0452,1099998506500,401911,1896,1896,0
5788,21.0452,1099998506564,401910,1896,1896,0
5789,21.0352,1099998506501,401911,1897,1897,0
5790,21.0352,1099998506565,401910,1897,1897,0
5791,21.0252,1099998506502,401911,1898,1898,0
5792,21.0252,1099998506566,401910,1898,1898,0
5793,21.0152,1099998506503,401911,1899,1899,0
5794,21.0152,1099998506567,401910,1899,1899,0
5795,21.0052,1099998506504,401911,1900,1900,0
5796,21.0052,1099998506568,401910,1900,1900,0
5797,20.9952,1099998506505,401911,1901,1901,0
5798,20.9952,1099998506635,401910,1901,1901,0
5799,20.9852,1099998506506,401911,1902,1902,0
5800,20.9852,1099998506636,401910,1902,1902,0
5801,20.9752,1099998506507,401911,1903,1903,0
5802,20.9752,1099998506637,401910,1903,1903,0
5803,20.9652,1099998506508,401911,1904,1904,0
5804,20.9652,1099998506638,401910,1904,1904,0
5805,20.9552,1099998506509,401911,1905,1905,0
5806,20.9552,1099998506639,401910,1905,1905,0
5807,20.9452,1099998506510,401911,1906,1906,0
5808,20.9452,1099998506640,401910,1906,1906,0
5809,20.9352,1099998506511,401911,1907,1907,0
5810,20.9352,1099998506641,401910,1907,1907,0
5811,20.9252,1099998506512,401911,1908,1908,0
5812,20.9252,1099998506642,401910,1908,1908,0
5813,20.9152,1099998506513,401911,1909,1909,0
5814,20.9152,1099998506643,401910,1909,1909,0
5815,20.9052,1099998506514,401911,1910,1910,0
5816,20.9052,1099998506644,401910,1910,1910,0
5817,20.8952,1099998506515,401911,1911,1911,0
5818,20.8952,1099998506645,401910,1911,1911,0
5819,20.8852,1099998506516,401911,1912,1912,0
5820,20.8852,1099998506646,401910,1912,1912,0
5821,20.8752,1099998506517,401911,1913,1913,0
5822,20.8752,1099998506647,401910,1913,1913,0
5823,20.8652,1099998506518,401911,1914,1914,0
5824,20.8652,1099998506648,401910,1914,1914,0
5825,20.8552,1099998506519,401911,1915,1915,0
5826,20.8552,1099998506649,401910,1915,1915,0
5827,20.8452,1099998506520,401911,1916,1916,0
5828,20.8452,1099998506650,401910,1916,1916,0
5829,20.8352,1099998506521,401911,1917,1917,0
5830,20.8352,1099998506651,401910,1917,1917,0
5831,20.8252,1099998506522,401911,1918,1918,0
5832,20.8252,1099998506652,401910,1918,1918,0
5833,20.8152,1099998506523,401911,1919,1919,0
5834,20.8152,1099998506653,401910,1919,1919,0
5835,20.8052,1099998506524,401911,1920,1920,0
5836,20.8052,1099998506654,401910,1920,1920,0
5837,20.7952,1099998506525,401911,1921,1921,0
5838,20.7952,1099998506655,401910,1921,1921,0
5839,20.7852,1099998506526,401911,1922,1922,0
5840,20.7852,1099998506656,401910,1922,1922,0
5841,20.7752,1099998506527,401911,1923,1923,0
5842,20.7752,1099998506657,401910,1923,1923,0
5843,20.7652,1099998506528,401911,1924,1924,0
5844,20.7652,1099998506658,401910,1924,1924,0
5845,20.7552,1099998506529,401911,1925,1925,0
5846,20.7552,1099998506659,401910,1925,1925,0
5847,20.7452,1099998506575,401911,1926,1926,0
5848,20.7452,1099998506660,401910,1926,1926,0
5849,20.7352,1099998506576,401911,1927,1927,0
5850,20.7352,1099998506661,401910,1927,1927,0
5851,20.7252,1099998506577,401911,1928,1928,0
5852,20.7252,1099998506662,401910,1928,1928,0
5853,20.7152,1099998506578,401911,1929,1929,0
5854,20.7152,1099998506663,401910,1929,1929,0
5855,20.7052,1099998506579,401911,1930,1930,0
5856,20.7052,1099998506664,401910,1930,1930,0
5857,20.6952,1099998506580,401911,1931,1931,0
5858,20.6952,1099998506665,401910,1931,1931,0
5859,20.6852,1099998506581,401911,1932,1932,0
5860,20.6852,1099998506666,401910,1932,1932,0
5861,20.6752,1099998506582,401911,1933,1933,0
5862,20.6752,1099998506667,401910,1933,1933,0
5863,20.6652,1099998506583,401911,1934,1934,0
5864,20.6652,1099998506668,401910,1934,1934,0
5865,20.6552,1099998506584,401911,1935,1935,0
5866,20.6552,1099998506669,401910,1935,1935,0
5867,20.6452,1099998506585,401911,1936,1936,0
5868,20.6452,1099998506670,401910,1936,1936,0
5869,20.6352,1099998506586,401911,1937,1937,0
5870,20.6352,1099998506671,401910,1937,1937,0
5871,20.6252,1099998506587,401911,1938,1938,0
5872,20.6252,1099998506672,401910,1938,1938,0
5873,20.6152,1099998506588,401911,1939,1939,0
5874,20.6152,1099998506673,401910,1939,1939,0
5875,20.6052,1099998506589,401911,1940,1940,0
5876,20.6052,1099998506674,401910,1940,1940,0
5877,20.5952,1099998506590,401911,1941,1941,0
5878,20.5952,1099998506675,401910,1941,1941,0
5879,20.5852,1099998506591,401911,1942,1942,0
5880,20.5852,1099998506676,401910,1942,1942,0
5881,20.5752,1099998506592,401911,1943,1943,0
5882,20.5752,1099998506677,401910,1943,1943,0
5883,20.5652,1099998506593,401911,1944,1944,0
5884,20.5652,1099998506678,401910,1944,1944,0
5885,20.5552,1099998506594,401911,1945,1945,0
5886,20.5552,1099998506679,401910,1945,1945,0
5887,20.5452,1099998506595,401911,1946,1946,0
5888,20.5452,1099998506680,401910,1946,1946,0
5889,20.5352,1099998506596,401911,1947,1947,0
5890,20.5352,1099998506681,401910,1947,1947,0
5891,20.5252,1099998506597,401911,1948,1948,0
5892,20.5252,1099998506682,401910,1948,1948,0
5893,20.5152,1099998506598,401911,1949,1949,0
5894,20.5152,1099998506683,401910,1949,1949,0
5895,20.5052,1099998506599,401911,1950,1950,0
5896,20.5052,1099998506684,401910,1950,1950,0
5897,20.4952,1099998506762,401910,1951,1951,0
5898,20.4952,1099998506814,401911,1951,1951,0
5899,20.4852,1099998506763,401910,1952,1952,0
5900,20.4852,1099998506815,401911,1952,1952,0
5901,20.4752,1099998506764,401910,1953,1953,0
5902,20.4752,1099998506816,401911,1953,1953,0
5903,20.4652,1099998506765,401910,1954,1954,0
5904,20.4652,1099998506817,401911,1954,1954,0
5905,20.4552,1099998506766,401910,1955,1955,0
5906,20.4552,1099998506818,401911,1955,1955,0
5907,20.4452,1099998506767,401910,1956,1956,0
5908,20.4452,1099998506819,401911,1956,1956,0
5909,20.4352,1099998506768,401910,1957,1957,0
5910,20.4352,1099998506820,401911,1957,1957,0
5911,20.4252,1099998506769,401910,1958,1958,0
5912,20.4252,1099998506821,401911,1958,1958,0
5913,20.4152,1099998506770,401910,1959,1959,0
5914,20.4152,1099998506822,401911,1959,1959,0
5915,20.4052,1099998506771,401910,1960,1960,0
5916,20.4052,1099998506823,401911,1960,1960,0
5917,20.395,1099998506772,401910,1961,1961,0
5918,20.395,1099998506824,401911,1961,1961,0
5919,20.385,1099998506773,401910,1962,1962,0
5920,20.385,1099998506825,401911,1962,1962,0
5921,20.375,1099998506774,401910,1963,1963,0
5922,20.375,1099998506826,401911,1963,1963,0
5923,20.365,1099998506775,401910,1964,1964,0
5924,20.365,1099998506827,401911,1964,1964,0
5925,20.355,1099998506776,401910,1965,1965,0
5926,20.355,1099998506828,401911,1965,1965,0
5927,20.345,1099998506777,401910,1966,1966,0
5928,20.345,1099998506829,401911,1966,1966,0
5929,20.335,1099998506778,401910,1967,1967,0
5930,20.335,1099998506830,401911,1967,1967,0
5931,20.325,1099998506779,401910,1968,1968,0
5932,20.325,1099998506831,401911,1968,1968,0
5933,20.315,1099998506780,401910,1969,1969,0
5934,20.315,1099998506832,401911,1969,1969,0
5935,20.305,1099998506781,401910,1970,1970,0
5936,20.305,1099998506833,401911,1970,1970,0
5937,20.295,1099998506782,401910,1971,1971,0
5938,20.295,1099998506834,401911,1971,1971,0
5939,20.285,1099998506783,401910,1972,1972,0
5940,20.285,1099998506835,401911,1972,1972,0
5941,20.275,1099998506784,401910,1973,1973,0
5942,20.275,1099998506836,401911,1973,1973,0
5943,20.265,1099998506785,401910,1974,1974,0
5944,20.265,1099998506837,401911,1974,1974,0
5945,20.255,1099998506786,401910,1975,1975,0
5946,20.255,1099998506838,401911,1975,1975,0
5947,20.245,1099998506787,401910,1976,1976,0
5948,20.245,1099998506839,401911,1976,1976,0
5949,20.235,1099998506788,401910,1977,1977,0
5950,20.235,1099998506840,401911,1977,1977,0
5951,20.225,1099998506789,401910,1978,1978,0
5952,20.225,1099998506841,401911,1978,1978,0
5953,20.215,1099998506790,401910,1979,1979,0
5954,20.215,1099998506842,401911,1979,1979,0
5955,20.205,1099998506791,401910,1980,1980,0
5956,20.205,1099998506843,401911,1980,1980,0
5957,20.195,1099998506792,401910,1981,1981,0
5958,20.195,1099998506844,401911,1981,1981,0
5959,20.185,1099998506793,401910,1982,1982,0
5960,20.185,1099998506845,401911,1982,1982,0
5961,20.175,1099998506794,401910,1983,1983,0
5962,20.175,1099998506846,401911,1983,1983,0
5963,20.165,1099998506795,401910,1984,1984,0
5964,20.165,1099998506847,401911,1984,1984,0
5965,20.155,1099998506796,401910,1985,1985,0
5966,20.155,1099998506848,401911,1985,1985,0
5967,20.145,1099998506797,401910,1986,1986,0
5968,20.145,1099998506849,401911,1986,1986,0
5969,20.135,1099998506798,401910,1987,1987,0
5970,20.135,1099998506850,401911,1987,1987,0
5971,20.125,1099998506799,401910,1988,1988,0
5972,20.125,1099998506851,401911,1988,1988,0
5973,20.115,1099998506800,401910,1989,1989,0
5974,20.115,1099998506852,401911,1989,1989,0
5975,20.105,1099998506801,401910,1990,1990,0
5976,20.105,1099998506853,401911,1990,1990,0
5977,20.095,1099998506802,401910,1991,1991,0
5978,20.095,1099998506854,401911,1991,1991,0
5979,20.085,1099998506803,401910,1992,1992,0
5980,20.085,1099998506855,401911,1992,1992,0
5981,20.075,1099998506804,401910,1993,1993,0
5982,20.075,1099998506856,401911,1993,1993,0
5983,20.065,1099998506805,401910,1994,1994,0
5984,20.065,1099998506857,401911,1994,1994,0
5985,20.055,1099998506806,401910,1995,1995,0
5986,20.055,1099998506858,401911,1995,1995,0
5987,20.045,1099998506807,401910,1996,1996,0
5988,20.045,1099998506859,401911,1996,1996,0
5989,20.035,1099998506808,401910,1997,1997,0
5990,20.035,1099998506860,401911,1997,1997,0
5991,20.025,1099998506809,401910,1998,1998,0
5992,20.025,1099998506861,401911,1998,1998,0
5993,20.015,1099998506810,401910,1999,1999,0
5994,20.015,1099998506862,401911,1999,1999,0
5995,20.005,1099998506811,401910,2000,2000,0
5996,20.005,1099998506863,401911,2000,2000,0
5997,19.995,1099998546328,401910,2001,2001,0
5998,19.995,1099998548873,401911,2001,2001,0
5999,19.985,1099998546329,401910,2002,2002,0
6000,19.985,1099998548874,401911,2002,2002,0
6001,19.975,1099998546330,401910,2003,2003,0
6002,19.975,1099998548875,401911,2003,2003,0
6003,19.965,1099998546331,401910,2004,2004,0
6004,19.965,1099998548876,401911,2004,2004,0
6005,19.955,1099998546332,401910,2005,2005,0
6006,19.955,1099998548877,401911,2005,2005,0
6007,19.945,1099998546333,401910,2006,2006,0
6008,19.945,1099998548878,401911,2006,2006,0
6009,19.935,1099998546334,401910,2007,2007,0
6010,19.935,1099998548879,401911,2007,2007,0
6011,19.925,1099998546335,401910,2008,2008,0
6012,19.925,1099998548880,401911,2008,2008,0
6013,19.915,1099998546336,401910,2009,2009,0
6014,19.915,1099998548881,401911,2009,2009,0
6015,19.905,1099998546337,401910,2010,2010,0
6016,19.905,1099998548882,401911,2010,2010,0
6017,19.895,1099998546338,401910,2011,2011,0
6018,19.895,1099998548883,401911,2011,2011,0
6019,19.885,1099998546339,401910,2012,2012,0
6020,19.885,1099998548884,401911,2012,2012,0
6021,19.875,1099998546340,401910,2013,2013,0
6022,19.875,1099998548885,401911,2013,2013,0
6023,19.865,1099998546341,401910,2014,2014,0
6024,19.865,1099998548886,401911,2014,2014,0
6025,19.855,1099998546342,401910,2015,2015,0
6026,19.855,1099998548887,401911,2015,2015,0
6027,19.845,1099998546343,401910,2016,2016,0
6028,19.845,1099998548888,401911,2016,2016,0
6029,19.835,1099998546344,401910,2017,2017,0
6030,19.835,1099998548889,401911,2017,2017,0
6031,19.825,1099998546345,401910,2018,2018,0
6032,19.825,1099998548890,401911,2018,2018,0
6033,19.815,1099998546346,401910,2019,2019,0
6034,19.815,1099998548891,401911,2019,2019,0
6035,19.805,1099998546347,401910,2020,2020,0
6036,19.805,1099998548892,401911,2020,2020,0
6037,19.795,1099998546348,401910,2021,2021,0
6038,19.795,1099998548893,401911,2021,2021,0
6039,19.785,1099998546349,401910,2022,2022,0
6040,19.785,1099998548894,401911,2022,2022,0
6041,19.775,1099998546350,401910,2023,2023,0
6042,19.775,1099998548895,401911,2023,2023,0
6043,19.765,1099998546351,401910,2024,2024,0
6044,19.765,1099998548896,401911,2024,2024,0
6045,19.755,1099998546352,401910,2025,2025,0
6046,19.755,1099998548897,401911,2025,2025,0
6047,19.745,1099998546353,401910,2026,2026,0
6048,19.745,1099998548898,401911,2026,2026,0
6049,19.735,1099998546354,401910,2027,2027,0
6050,19.735,1099998548899,401911,2027,2027,0
6051,19.725,1099998546355,401910,2028,2028,0
6052,19.725,1099998548900,401911,2028,2028,0
6053,19.715,1099998546356,401910,2029,2029,0
6054,19.715,1099998548901,401911,2029,2029,0
6055,19.705,1099998546357,401910,2030,2030,0
6056,19.705,1099998548902,401911,2030,2030,0
6057,19.695,1099998546358,401910,2031,2031,0
6058,19.695,1099998548903,401911,2031,2031,0
6059,19.685,1099998546359,401910,2032,2032,0
6060,19.685,1099998548904,401911,2032,2032,0
6061,19.675,1099998546360,401910,2033,2033,0
6062,19.675,1099998548905,401911,2033,2033,0
6063,19.665,1099998546361,401910,2034,2034,0
6064,19.665,1099998548906,401911,2034,2034,0
6065,19.655,1099998546362,401910,2035,2035,0
6066,19.655,1099998548907,401911,2035,2035,0
6067,19.645,1099998546363,401910,2036,2036,0
6068,19.645,1099998548908,401911,2036,2036,0
6069,19.635,1099998546364,401910,2037,2037,0
6070,19.635,1099998548909,401911,2037,2037,0
6071,19.625,1099998546365,401910,2038,2038,0
6072,19.625,1099998548910,401911,2038,2038,0
6073,19.615,1099998546366,401910,2039,2039,0
6074,19.615,1099998548911,401911,2039,2039,0
6075,19.605,1099998546367,401910,2040,2040,0
6076,19.605,1099998548912,401911,2040,2040,0
6077,19.5948,1099998546368,401910,2041,2041,0
6078,19.5948,1099998548913,401911,2041,2041,0
6079,19.5848,1099998546369,401910,2042,2042,0
6080,19.5848,1099998548914,401911,2042,2042,0
6081,19.5748,1099998546370,401910,2043,2043,0
6082,19.5748,1099998548915,401911,2043,2043,0
6083,19.5648,1099998546371,401910,2044,2044,0
6084,19.5648,1099998548916,401911,2044,2044,0
6085,19.5548,1099998546372,401910,2045,2045,0
6086,19.5548,1099998548917,401911,2045,2045,0
6087,19.5448,1099998546373,401910,2046,2046,0
6088,19.5448,1099998548918,401911,2046,2046,0
6089,19.5348,1099998546374,401910,2047,2047,0
6090,19.5348,1099998548919,401911,2047,2047,0
6091,19.5248,1099998546375,401910,2048,2048,0
6092,19.5248,1099998548920,401911,2048,2048,0
6093,19.5148,1099998546376,401910,2049,2049,0
6094,19.5148,1099998548921,401911,2049,2049,0
6095,19.5048,1099998546377,401910,2050,2050,0
6096,19.5048,1099998548922,401911,2050,2050,0
6097,19.4948,1099998546379,401910,2051,2051,0
6098,19.4948,1099998548923,401911,2051,2051,0
6099,19.4848,1099998546380,401910,2052,2052,0
6100,19.4848,1099998548924,401911,2052,2052,0
6101,19.4748,1099998546381,401910,2053,2053,0
6102,19.4748,1099998548925,401911,2053,2053,0
6103,19.4648,1099998546382,401910,2054,2054,0
6104,19.4648,1099998548926,401911,2054,2054,0
6105,19.4548,1099998546383,401910,2055,2055,0
6106,19.4548,1099998548927,401911,2055,2055,0
6107,19.4448,1099998546384,401910,2056,2056,0
6108,19.4448,1099998548928,401911,2056,2056,0
6109,19.4348,1099998546385,401910,2057,2057,0
6110,19.4348,1099998548929,401911,2057,2057,0
6111,19.4248,1099998546386,401910,2058,2058,0
6112,19.4248,1099998548930,401911,2058,2058,0
6113,19.4148,1099998546387,401910,2059,2059,0
6114,19.4148,1099998548931,401911,2059,2059,0
6115,19.4048,1099998546388,401910,2060,2060,0
6116,19.4048,1099998548932,401911,2060,2060,0
6117,19.3948,1099998546389,401910,2061,2061,0
6118,19.3948,1099998548933,401911,2061,2061,0
6119,19.3848,1099998546390,401910,2062,2062,0
6120,19.3848,1099998548934,401911,2062,2062,0
6121,19.3748,1099998546391,401910,2063,2063,0
6122,19.3748,1099998548935,401911,2063,2063,0
6123,19.3648,1099998546392,401910,2064,2064,0
6124,19.3648,1099998548936,401911,2064,2064,0
6125,19.3548,1099998546393,401910,2065,2065,0
6126,19.3548,1099998548937,401911,2065,2065,0
6127,19.3448,1099998546394,401910,2066,2066,0
6128,19.3448,1099998548938,401911,2066,2066,0
6129,19.3348,1099998546395,401910,2067,2067,0
6130,19.3348,1099998548939,401911,2067,2067,0
6131,19.3248,1099998546396,401910,2068,2068,0
6132,19.3248,1099998548940,401911,2068,2068,0
6133,19.3148,1099998546397,401910,2069,2069,0
6134,19.3148,1099998548941,401911,2069,2069,0
6135,19.3048,1099998546398,401910,2070,2070,0
6136,19.3048,1099998548942,401911,2070,2070,0
6137,19.2948,1099998546399,401910,2071,2071,0
6138,19.2948,1099998548943,401911,2071,2071,0
6139,19.2848,1099998546400,401910,2072,2072,0
6140,19.2848,1099998548944,401911,2072,2072,0
6141,19.2748,1099998546401,401910,2073,2073,0
6142,19.2748,1099998548945,401911,2073,2073,0
6143,19.2648,1099998546402,401910,2074,2074,0
6144,19.2648,1099998548946,401911,2074,2074,0
6145,19.2548,1099998546403,401910,2075,2075,0
6146,19.2548,1099998548947,401911,2075,2075,0
6147,19.2448,1099998546404,401910,2076,2076,0
6148,19.2448,1099998548948,401911,2076,2076,0
6149,19.2348,1099998546405,401910,2077,2077,0
6150,19.2348,1099998548949,401911,2077,2077,0
6151,19.2248,1099998546406,401910,2078,2078,0
6152,19.2248,1099998548950,401911,2078,2078,0
6153,19.2148,1099998546407,401910,2079,2079,0
6154,19.2148,1099998548951,401911,2079,2079,0
6155,19.2048,1099998546408,401910,2080,2080,0
6156,19.2048,1099998548952,401911,2080,2080,0
6157,19.1948,1099998546409,401910,2081,2081,0
6158,19.1948,1099998548953,401911,2081,2081,0
6159,19.1848,1099998546410,401910,2082,2082,0
6160,19.1848,1099998548954,401911,2082,2082,0
6161,19.1748,1099998546411,401910,2083,2083,0
6162,19.1748,1099998548955,401911,2083,2083,0
6163,19.1648,1099998546412,401910,2084,2084,0
6164,19.1648,1099998548956,401911,2084,2084,0
6165,19.1548,1099998546413,401910,2085,2085,0
6166,19.1548,1099998548957,401911,2085,2085,0
6167,19.1448,1099998546414,401910,2086,2086,0
6168,19.1448,1099998548958,401911,2086,2086,0
6169,19.1348,1099998546415,401910,2087,2087,0
6170,19.1348,1099998548959,401911,2087,2087,0
6171,19.1248,1099998546416,401910,2088,2088,0
6172,19.1248,1099998548960,401911,2088,2088,0
6173,19.1148,1099998546417,401910,2089,2089,0
6174,19.1148,1099998548961,401911,2089,2089,0
6175,19.1048,1099998546418,401910,2090,2090,0
6176,19.1048,1099998548962,401911,2090,2090,0
6177,19.0948,1099998546419,401910,2091,2091,0
6178,19.0948,1099998548963,401911,2091,2091,0
6179,19.0848,1099998546420,401910,2092,2092,0
6180,19.0848,1099998548964,401911,2092,2092,0
6181,19.0748,1099998546421,401910,2093,2093,0
6182,19.0748,1099998548965,401911,2093,2093,0
6183,19.0648,1099998546422,401910,2094,2094,0
6184,19.0648,1099998548966,401911,2094,2094,0
6185,19.0548,1099998546423,401910,2095,2095,0
6186,19.0548,1099998548967,401911,2095,2095,0
6187,19.0448,1099998546424,401910,2096,2096,0
6188,19.0448,1099998548968,401911,2096,2096,0
6189,19.0348,1099998546425,401910,2097,2097,0
6190,19.0348,1099998548969,401911,2097,2097,0
6191,19.0248,1099998546426,401910,2098,2098,0
6192,19.0248,1099998548970,401911,2098,2098,0
6193,19.0148,1099998546427,401910,2099,2099,0
6194,19.0148,1099998548971,401911,2099,2099,0
6195,19.0048,1099998546428,401910,2100,2100,0
6196,19.0048,1099998548972,401911,2100,2100,0
6197,18.9948,1099998547170,401910,2101,2101,0
6198,18.9948,1099998548986,401911,2101,2101,0
6199,18.9848,1099998547171,401910,2102,2102,0
6200,18.9848,1099998548987,401911,2102,2102,0
6201,18.9748,1099998547172,401910,2103,2103,0
6202,18.9748,1099998548988,401911,2103,2103,0
6203,18.9648,1099998547173,401910,2104,2104,0
6204,18.9648,1099998548989,401911,2104,2104,0
6205,18.9548,1099998547174,401910,2105,2105,0
6206,18.9548,1099998548990,401911,2105,2105,0
6207,18.9448,1099998547175,401910,2106,2106,0
6208,18.9448,1099998548991,401911,2106,2106,0
6209,18.9348,1099998547176,401910,2107,2107,0
6210,18.9348,1099998548992,401911,2107,2107,0
6211,18.9248,1099998547177,401910,2108,2108,0
6212,18.9248,1099998548993,401911,2108,2108,0
6213,18.9148,1099998547178,401910,2109,2109,0
6214,18.9148,1099998548994,401911,2109,2109,0
6215,18.9048,1099998547179,401910,2110,2110,0
6216,18.9048,1099998548995,401911,2110,2110,0
6217,18.8948,1099998547180,401910,2111,2111,0
6218,18.8948,1099998548996,401911,2111,2111,0
6219,18.8848,1099998547181,401910,2112,2112,0
6220,18.8848,1099998548997,401911,2112,2112,0
6221,18.8748,1099998547182,401910,2113,2113,0
6222,18.8748,1099998548998,401911,2113,2113,0
6223,18.8648,1099998547183,401910,2114,2114,0
6224,18.8648,1099998548999,401911,2114,2114,0
6225,18.8548,1099998547184,401910,2115,2115,0
6226,18.8548,1099998549000,401911,2115,2115,0
6227,18.8448,1099998547185,401910,2116,2116,0
6228,18.8448,1099998549001,401911,2116,2116,0
6229,18.8348,1099998547186,401910,2117,2117,0
6230,18.8348,1099998549002,401911,2117,2117,0
6231,18.8248,1099998547187,401910,2118,2118,0
6232,18.8248,1099998549003,401911,2118,2118,0
6233,18.8148,1099998547188,401910,2119,2119,0
6234,18.8148,1099998549004,401911,2119,2119,0
6235,18.8048,1099998547189,401910,2120,2120,0
6236,18.8048,1099998549005,401911,2120,2120,0
6237,18.7946,1099998547190,401910,2121,2121,0
6238,18.7946,1099998549006,401911,2121,2121,0
6239,18.7846,1099998547191,401910,2122,2122,0
6240,18.7846,1099998549007,401911,2122,2122,0
6241,18.7746,1099998547192,401910,2123,2123,0
6242,18.7746,1099998549008,401911,2123,2123,0
6243,18.7646,1099998547193,401910,2124,2124,0
6244,18.7646,1099998549009,401911,2124,2124,0
6245,18.7546,1099998547194,401910,2125,2125,0
6246,18.7546,1099998549010,401911,2125,2125,0
6247,18.7446,1099998547195,401910,2126,2126,0
6248,18.7446,1099998549011,401911,2126,2126,0
6249,18.7346,1099998547196,401910,2127,2127,0
6250,18.7346,1099998549012,401911,2127,2127,0
6251,18.7246,1099998547197,401910,2128,2128,0
6252,18.7246,1099998549013,401911,2128,2128,0
6253,18.7146,1099998547198,401910,2129,2129,0
6254,18.7146,1099998549014,401911,2129,2129,0
6255,18.7046,1099998547199,401910,2130,2130,0
6256,18.7046,1099998549015,401911,2130,2130,0
6257,18.6946,1099998547200,401910,2131,2131,0
6258,18.6946,1099998549016,401911,2131,2131,0
6259,18.6846,1099998547201,401910,2132,2132,0
6260,18.6846,1099998549017,401911,2132,2132,0
6261,18.6746,1099998547202,401910,2133,2133,0
6262,18.6746,1099998549018,401911,2133,2133,0
6263,18.6646,1099998547203,401910,2134,2134,0
6264,18.6646,1099998549019,401911,2134,2134,0
6265,18.6546,1099998547204,401910,2135,2135,0
6266,18.6546,1099998549020,401911,2135,2135,0
6267,18.6446,1099998547205,401910,2136,2136,0
6268,18.6446,1099998549021,401911,2136,2136,0
6269,18.6346,1099998547206,401910,2137,2137,0
6270,18.6346,1099998549022,401911,2137,2137,0
6271,18.6246,1099998547207,401910,2138,2138,0
6272,18.6246,1099998549023,401911,2138,2138,0
6273,18.6146,1099998547208,401910,2139,2139,0
6274,18.6146,1099998549024,401911,2139,2139,0
6275,18.6046,1099998547209,401910,2140,2140,0
6276,18.6046,1099998549025,401911,2140,2140,0
6277,18.5946,1099998547210,401910,2141,2141,0
6278,18.5946,1099998549026,401911,2141,2141,0
6279,18.5846,1099998547211,401910,2142,2142,0
6280,18.5846,1099998549027,401911,2142,2142,0
6281,18.5746,1099998547212,401910,2143,2143,0
6282,18.5746,1099998549028,401911,2143,2143,0
6283,18.5646,1099998547213,401910,2144,2144,0
6284,18.5646,1099998549029,401911,2144,2144,0
6285,18.5546,1099998547214,401910,2145,2145,0
6286,18.5546,1099998549030,401911,2145,2145,0
6287,18.5446,1099998547215,401910,2146,2146,0
6288,18.5446,1099998549031,401911,2146,2146,0
6289,18.5346,1099998547216,401910,2147,2147,0
6290,18.5346,1099998549032,401911,2147,2147,0
6291,18.5246,1099998547217,401910,2148,2148,0
6292,18.5246,1099998549033,401911,2148,2148,0
6293,18.5146,1099998547218,401910,2149,2149,0
6294,18.5146,1099998549034,401911,2149,2149,0
6295,18.5046,1099998547219,401910,2150,2150,0
6296,18.5046,1099998549035,401911,2150,2150,0
6297,18.4946,1099998548064,401910,2151,2151,0
6298,18.4946,1099998549130,401911,2151,2151,0
6299,18.4846,1099998548065,401910,2152,2152,0
6300,18.4846,1099998549131,401911,2152,2152,0
6301,18.4746,1099998548066,401910,2153,2153,0
6302,18.4746,1099998549132,401911,2153,2153,0
6303,18.4646,1099998548067,401910,2154,2154,0
6304,18.4646,1099998549133,401911,2154,2154,0
6305,18.4546,1099998548068,401910,2155,2155,0
6306,18.4546,1099998549134,401911,2155,2155,0
6307,18.4446,1099998548069,401910,2156,2156,0
6308,18.4446,1099998549135,401911,2156,2156,0
6309,18.4346,1099998548070,401910,2157,2157,0
6310,18.4346,1099998549136,401911,2157,2157,0
6311,18.4246,1099998548071,401910,2158,2158,0
6312,18.4246,1099998549137,401911,2158,2158,0
6313,18.4146,1099998548072,401910,2159,2159,0
6314,18.4146,1099998549138,401911,2159,2159,0
6315,18.4046,1099998548073,401910,2160,2160,0
6316,18.4046,1099998549139,401911,2160,2160,0
6317,18.3946,1099998548074,401910,2161,2161,0
6318,18.3946,1099998549140,401911,2161,2161,0
6319,18.3846,1099998548075,401910,2162,2162,0
6320,18.3846,1099998549141,401911,2162,2162,0
6321,18.3746,1099998548076,401910,2163,2163,0
6322,18.3746,1099998549142,401911,2163,2163,0
6323,18.3646,1099998548077,401910,2164,2164,0
6324,18.3646,1099998549143,401911,2164,2164,0
6325,18.3546,1099998548078,401910,2165,2165,0
6326,18.3546,1099998549144,401911,2165,2165,0
6327,18.3446,1099998548079,401910,2166,2166,0
6328,18.3446,1099998549145,401911,2166,2166,0
6329,18.3346,1099998548080,401910,2167,2167,0
6330,18.3346,1099998549146,401911,2167,2167,0
6331,18.3246,1099998548081,401910,2168,2168,0
6332,18.3246,1099998549147,401911,2168,2168,0
6333,18.3146,1099998548082,401910,2169,2169,0
6334,18.3146,1099998549148,401911,2169,2169,0
6335,18.3046,1099998548083,401910,2170,2170,0
6336,18.3046,1099998549149,401911,2170,2170,0
6337,18.2946,1099998548084,401910,2171,2171,0
6338,18.2946,1099998549150,401911,2171,2171,0
6339,18.2846,1099998548085,401910,2172,2172,0
6340,18.2846,1099998549151,401911,2172,2172,0
6341,18.2746,1099998548086,401910,2173,2173,0
6342,18.2746,1099998549152,401911,2173,2173,0
6343,18.2646,1099998548087,401910,2174,2174,0
6344,18.2646,1099998549153,401911,2174,2174,0
6345,18.2546,1099998548088,401910,2175,2175,0
6346,18.2546,1099998549154,401911,2175,2175,0
6347,18.2446,1099998548089,401910,2176,2176,0
6348,18.2446,1099998549155,401911,2176,2176,0
6349,18.2346,1099998548090,401910,2177,2177,0
6350,18.2346,1099998549156,401911,2177,2177,0
6351,18.2246,1099998548091,401910,2178,2178,0
6352,18.2246,1099998549157,401911,2178,2178,0
6353,18.2146,1099998548092,401910,2179,2179,0
6354,18.2146,1099998549158,401911,2179,2179,0
6355,18.2046,1099998548093,401910,2180,2180,0
6356,18.2046,1099998549159,401911,2180,2180,0
6357,18.1946,1099998548094,401910,2181,2181,0
6358,18.1946,1099998549160,401911,2181,2181,0
6359,18.1846,1099998548095,401910,2182,2182,0
6360,18.1846,1099998549161,401911,2182,2182,0
6361,18.1746,1099998548096,401910,2183,2183,0
6362,18.1746,1099998549162,401911,2183,2183,0
6363,18.1646,1099998548097,401910,2184,2184,0
6364,18.1646,1099998549163,401911,2184,2184,0
6365,18.1546,1099998548098,401910,2185,2185,0
6366,18.1546,1099998549164,401911,2185,2185,0
6367,18.1446,1099998548099,401910,2186,2186,0
6368,18.1446,1099998549165,401911,2186,2186,0
6369,18.1346,1099998548100,401910,2187,2187,0
6370,18.1346,1099998549166,401911,2187,2187,0
6371,18.1246,1099998548101,401910,2188,2188,0
6372,18.1246,1099998549167,401911,2188,2188,0
6373,18.1146,1099998548102,401910,2189,2189,0
6374,18.1146,1099998549168,401911,2189,2189,0
6375,18.1046,1099998548103,401910,2190,2190,0
6376,18.1046,1099998549169,401911,2190,2190,0
6377,18.0946,1099998548104,401910,2191,2191,0
6378,18.0946,1099998549170,401911,2191,2191,0
6379,18.0846,1099998548105,401910,2192,2192,0
6380,18.0846,1099998549171,401911,2192,2192,0
6381,18.0746,1099998548106,401910,2193,2193,0
6382,18.0746,1099998549172,401911,2193,2193,0
6383,18.0646,1099998548107,401910,2194,2194,0
6384,18.0646,1099998549173,401911,2194,2194,0
6385,18.0546,1099998548108,401910,2195,2195,0
6386,18.0546,1099998549174,401911,2195,2195,0
6387,18.0446,1099998548109,401910,2196,2196,0
6388,18.0446,1099998549175,401911,2196,2196,0
6389,18.0346,1099998548110,401910,2197,2197,0
6390,18.0346,1099998549176,401911,2197,2197,0
6391,18.0246,1099998548111,401910,2198,2198,0
6392,18.0246,1099998549177,401911,2198,2198,0
6393,18.0146,1099998548112,401910,2199,2199,0
6394,18.0146,1099998549178,401911,2199,2199,0
6395,18.0046,1099998548113,401910,2200,2200,0
6396,18.0046,1099998549179,401911,2200,2200,0
6397,17.9944,1099998548524,401910,2201,2201,0
6398,17.9944,1099998549191,401911,2201,2201,0
6399,17.9844,1099998548525,401910,2202,2202,0
6400,17.9844,1099998549192,401911,2202,2202,0
6401,17.9744,1099998548526,401910,2203,2203,0
6402,17.9744,1099998549193,401911,2203,2203,0
6403,17.9644,1099998548527,401910,2204,2204,0
6404,17.9644,1099998549194,401911,2204,2204,0
6405,17.9544,1099998548528,401910,2205,2205,0
6406,17.9544,1099998549195,401911,2205,2205,0
6407,17.9444,1099998548529,401910,2206,2206,0
6408,17.9444,1099998549196,401911,2206,2206,0
6409,17.9344,1099998548530,401910,2207,2207,0
6410,17.9344,1099998549197,401911,2207,2207,0
6411,17.9244,1099998548531,401910,2208,2208,0
6412,17.9244,1099998549198,401911,2208,2208,0
6413,17.9144,1099998548532,401910,2209,2209,0
6414,17.9144,1099998549199,401911,2209,2209,0
6415,17.9044,1099998548533,401910,2210,2210,0
6416,17.9044,1099998549200,401911,2210,2210,0
6417,17.8944,1099998548534,401910,2211,2211,0
6418,17.8944,1099998549201,401911,2211,2211,0
6419,17.8844,1099998548535,401910,2212,2212,0
6420,17.8844,1099998549202,401911,2212,2212,0
6421,17.8744,1099998548536,401910,2213,2213,0
6422,17.8744,1099998549203,401911,2213,2213,0
6423,17.8644,1099998548537,401910,2214,2214,0
6424,17.8644,1099998549204,401911,2214,2214,0
6425,17.8544,1099998548538,401910,2215,2215,0
6426,17.8544,1099998549205,401911,2215,2215,0
6427,17.8444,1099998548539,401910,2216,2216,0
6428,17.8444,1099998549206,401911,2216,2216,0
6429,17.8344,1099998548540,401910,2217,2217,0
6430,17.8344,1099998549207,401911,2217,2217,0
6431,17.8244,1099998548541,401910,2218,2218,0
6432,17.8244,1099998549208,401911,2218,2218,0
6433,17.8144,1099998548542,401910,2219,2219,0
6434,17.8144,1099998549209,401911,2219,2219,0
6435,17.8044,1099998548543,401910,2220,2220,0
6436,17.8044,1099998549210,401911,2220,2220,0
6437,17.7944,1099998548544,401910,2221,2221,0
6438,17.7944,1099998549211,401911,2221,2221,0
6439,17.7844,1099998548545,401910,2222,2222,0
6440,17.7844,1099998549212,401911,2222,2222,0
6441,17.7744,1099998548546,401910,2223,2223,0
6442,17.7744,1099998549213,401911,2223,2223,0
6443,17.7644,1099998548547,401910,2224,2224,0
6444,17.7644,1099998549214,401911,2224,2224,0
6445,17.7544,1099998548548,401910,2225,2225,0
6446,17.7544,1099998549215,401911,2225,2225,0
6447,17.7444,1099998548549,401910,2226,2226,0
6448,17.7444,1099998549216,401911,2226,2226,0
6449,17.7344,1099998548550,401910,2227,2227,0
6450,17.7344,1099998549217,401911,2227,2227,0
6451,17.7244,1099998548551,401910,2228,2228,0
6452,17.7244,1099998549218,401911,2228,2228,0
6453,17.7144,1099998548552,401910,2229,2229,0
6454,17.7144,1099998549219,401911,2229,2229,0
6455,17.7044,1099998548553,401910,2230,2230,0
6456,17.7044,1099998549220,401911,2230,2230,0
6457,17.6944,1099998548554,401910,2231,2231,0
6458,17.6944,1099998549221,401911,2231,2231,0
6459,17.6844,1099998548555,401910,2232,2232,0
6460,17.6844,1099998549222,401911,2232,2232,0
6461,17.6744,1099998548556,401910,2233,2233,0
6462,17.6744,1099998549223,401911,2233,2233,0
6463,17.6644,1099998548557,401910,2234,2234,0
6464,17.6644,1099998549224,401911,2234,2234,0
6465,17.6544,1099998548558,401910,2235,2235,0
6466,17.6544,1099998549225,401911,2235,2235,0
6467,17.6444,1099998548559,401910,2236,2236,0
6468,17.6444,1099998549226,401911,2236,2236,0
6469,17.6344,1099998548560,401910,2237,2237,0
6470,17.6344,1099998549227,401911,2237,2237,0
6471,17.6244,1099998548561,401910,2238,2238,0
6472,17.6244,1099998549228,401911,2238,2238,0
6473,17.6144,1099998548562,401910,2239,2239,0
6474,17.6144,1099998549229,401911,2239,2239,0
6475,17.6044,1099998548563,401910,2240,2240,0
6476,17.6044,1099998549230,401911,2240,2240,0
6477,17.5944,1099998548564,401910,2241,2241,0
6478,17.5944,1099998549231,401911,2241,2241,0
6479,17.5844,1099998548565,401910,2242,2242,0
6480,17.5844,1099998549232,401911,2242,2242,0
6481,17.5744,1099998548566,401910,2243,2243,0
6482,17.5744,1099998549233,401911,2243,2243,0
6483,17.5644,1099998548567,401910,2244,2244,0
6484,17.5644,1099998549234,401911,2244,2244,0
6485,17.5544,1099998548568,401910,2245,2245,0
6486,17.5544,1099998549235,401911,2245,2245,0
6487,17.5444,1099998548569,401910,2246,2246,0
6488,17.5444,1099998549236,401911,2246,2246,0
6489,17.5344,1099998548570,401910,2247,2247,0
6490,17.5344,1099998549237,401911,2247,2247,0
6491,17.5244,1099998548571,401910,2248,2248,0
6492,17.5244,1099998549238,401911,2248,2248,0
6493,17.5144,1099998548572,401910,2249,2249,0
6494,17.5144,1099998549239,401911,2249,2249,0
6495,17.5044,1099998548573,401910,2250,2250,0
6496,17.5044,1099998549240,401911,2250,2250,0
6497,17.4944,1099998548604,401910,2251,2251,0
6498,17.4944,1099998549246,401911,2251,2251,0
6499,17.4844,1099998548605,401910,2252,2252,0
6500,17.4844,1099998549247,401911,2252,2252,0
6501,17.4744,1099998548606,401910,2253,2253,0
6502,17.4744,1099998549248,401911,2253,2253,0
6503,17.4644,1099998548607,401910,2254,2254,0
6504,17.4644,1099998549249,401911,2254,2254,0
6505,17.4544,1099998548608,401910,2255,2255,0
6506,17.4544,1099998549250,401911,2255,2255,0
6507,17.4444,1099998548609,401910,2256,2256,0
6508,17.4444,1099998549251,401911,2256,2256,0
6509,17.4344,1099998548610,401910,2257,2257,0
6510,17.4344,1099998549252,401911,2257,2257,0
6511,17.4244,1099998548611,401910,2258,2258,0
6512,17.4244,1099998549253,401911,2258,2258,0
6513,17.4144,1099998548612,401910,2259,2259,0
6514,17.4144,1099998549254,401911,2259,2259,0
6515,17.4044,1099998548613,401910,2260,2260,0
6516,17.4044,1099998549255,401911,2260,2260,0
6517,17.3944,1099998548614,401910,2261,2261,0
6518,17.3944,1099998549256,401911,2261,2261,0
6519,17.3844,1099998548615,401910,2262,2262,0
6520,17.3844,1099998549257,401911,2262,2262,0
6521,17.3744,1099998548616,401910,2263,2263,0
6522,17.3744,1099998549258,401911,2263,2263,0
6523,17.3644,1099998548617,401910,2264,2264,0
6524,17.3644,1099998549259,401911,2264,2264,0
6525,17.3544,1099998548618,401910,2265,2265,0
6526,17.3544,1099998549260,401911,2265,2265,0
6527,17.3444,1099998548619,401910,2266,2266,0
6528,17.3444,1099998549261,401911,2266,2266,0
6529,17.3344,1099998548620,401910,2267,2267,0
6530,17.3344,1099998549262,401911,2267,2267,0
6531,17.3244,1099998548621,401910,2268,2268,0
6532,17.3244,1099998549263,401911,2268,2268,0
6533,17.3144,1099998548622,401910,2269,2269,0
6534,17.3144,1099998549264,401911,2269,2269,0
6535,17.3044,1099998548623,401910,2270,2270,0
6536,17.3044,1099998549265,401911,2270,2270,0
6537,17.2944,1099998548624,401910,2271,2271,0
6538,17.2944,1099998549266,401911,2271,2271,0
6539,17.2844,1099998548625,401910,2272,2272,0
6540,17.2844,1099998549267,401911,2272,2272,0
6541,17.2744,1099998548626,401910,2273,2273,0
6542,17.2744,1099998549268,401911,2273,2273,0
6543,17.2644,1099998548627,401910,2274,2274,0
6544,17.2644,1099998549269,401911,2274,2274,0
6545,17.2544,1099998548628,401910,2275,2275,0
6546,17.2544,1099998549270,401911,2275,2275,0
6547,17.2444,1099998548629,401910,2276,2276,0
6548,17.2444,1099998549271,401911,2276,2276,0
6549,17.2344,1099998548630,401910,2277,2277,0
6550,17.2344,1099998549272,401911,2277,2277,0
6551,17.2244,1099998548631,401910,2278,2278,0
6552,17.2244,1099998549273,401911,2278,2278,0
6553,17.2144,1099998548632,401910,2279,2279,0
6554,17.2144,1099998549274,401911,2279,2279,0
6555,17.2044,1099998548633,401910,2280,2280,0
6556,17.2044,1099998549275,401911,2280,2280,0
6557,17.1942,1099998548634,401910,2281,2281,0
6558,17.1942,1099998549276,401911,2281,2281,0
6559,17.1842,1099998548635,401910,2282,2282,0
6560,17.1842,1099998549277,401911,2282,2282,0
6561,17.1742,1099998548636,401910,2283,2283,0
6562,17.1742,1099998549278,401911,2283,2283,0
6563,17.1642,1099998548637,401910,2284,2284,0
6564,17.1642,1099998549279,401911,2284,2284,0
6565,17.1542,1099998548638,401910,2285,2285,0
6566,17.1542,1099998549280,401911,2285,2285,0
6567,17.1442,1099998548639,401910,2286,2286,0
6568,17.1442,1099998549281,401911,2286,2286,0
6569,17.1342,1099998548640,401910,2287,2287,0
6570,17.1342,1099998549282,401911,2287,2287,0
6571,17.1242,1099998548641,401910,2288,2288,0
6572,17.1242,1099998549283,401911,2288,2288,0
6573,17.1142,1099998548642,401910,2289,2289,0
6574,17.1142,1099998549284,401911,2289,2289,0
6575,17.1042,1099998548643,401910,2290,2290,0
6576,17.1042,1099998549285,401911,2290,2290,0
6577,17.0942,1099998548644,401910,2291,2291,0
6578,17.0942,1099998549286,401911,2291,2291,0
6579,17.0842,1099998548645,401910,2292,2292,0
6580,17.0842,1099998549287,401911,2292,2292,0
6581,17.0742,1099998548646,401910,2293,2293,0
6582,17.0742,1099998549288,401911,2293,2293,0
6583,17.0642,1099998548647,401910,2294,2294,0
6584,17.0642,1099998549289,401911,2294,2294,0
6585,17.0542,1099998548648,401910,2295,2295,0
6586,17.0542,1099998549290,401911,2295,2295,0
6587,17.0442,1099998548649,401910,2296,2296,0
6588,17.0442,1099998549291,401911,2296,2296,0
6589,17.0342,1099998548650,401910,2297,2297,0
6590,17.0342,1099998549292,401911,2297,2297,0
6591,17.0242,1099998548651,401910,2298,2298,0
6592,17.0242,1099998549293,401911,2298,2298,0
6593,17.0142,1099998548652,401910,2299,2299,0
6594,17.0142,1099998549294,401911,2299,2299,0
6595,17.0042,1099998548653,401910,2300,2300,0
6596,17.0042,1099998549295,401911,2300,2300,0
6597,16.9942,1099998548667,401910,2301,2301,0
6598,16.9942,1099998549303,401911,2301,2301,0
6599,16.9842,1099998548668,401910,2302,2302,0
6600,16.9842,1099998549304,401911,2302,2302,0
6601,16.9742,1099998548669,401910,2303,2303,0
6602,16.9742,1099998549305,401911,2303,2303,0
6603,16.9642,1099998548670,401910,2304,2304,0
6604,16.9642,1099998549306,401911,2304,2304,0
6605,16.9542,1099998548671,401910,2305,2305,0
6606,16.9542,1099998549307,401911,2305,2305,0
6607,16.9442,1099998548672,401910,2306,2306,0
6608,16.9442,1099998549308,401911,2306,2306,0
6609,16.9342,1099998548673,401910,2307,2307,0
6610,16.9342,1099998549309,401911,2307,2307,0
6611,16.9242,1099998548674,401910,2308,2308,0
6612,16.9242,1099998549310,401911,2308,2308,0
6613,16.9142,1099998548675,401910,2309,2309,0
6614,16.9142,1099998549311,401911,2309,2309,0
6615,16.9042,1099998548676,401910,2310,2310,0
6616,16.9042,1099998549312,401911,2310,2310,0
6617,16.8942,1099998548677,401910,2311,2311,0
6618,16.8942,1099998549313,401911,2311,2311,0
6619,16.8842,1099998548678,401910,2312,2312,0
6620,16.8842,1099998549314,401911,2312,2312,0
6621,16.8742,1099998548679,401910,2313,2313,0
6622,16.8742,1099998549315,401911,2313,2313,0
6623,16.8642,1099998548680,401910,2314,2314,0
6624,16.8642,1099998549316,401911,2314,2314,0
6625,16.8542,1099998548681,401910,2315,2315,0
6626,16.8542,1099998549317,401911,2315,2315,0
6627,16.8442,1099998548682,401910,2316,2316,0
6628,16.8442,1099998549318,401911,2316,2316,0
6629,16.8342,1099998548683,401910,2317,2317,0
6630,16.8342,1099998549319,401911,2317,2317,0
6631,16.8242,1099998548684,401910,2318,2318,0
6632,16.8242,1099998549320,401911,2318,2318,0
6633,16.8142,1099998548685,401910,2319,2319,0
6634,16.8142,1099998549321,401911,2319,2319,0
6635,16.8042,1099998548686,401910,2320,2320,0
6636,16.8042,1099998549322,401911,2320,2320,0
6637,16.7942,1099998548687,401910,2321,2321,0
6638,16.7942,1099998549323,401911,2321,2321,0
6639,16.7842,1099998548688,401910,2322,2322,0
6640,16.7842,1099998549324,401911,2322,2322,0
6641,16.7742,1099998548689,401910,2323,2323,0
6642,16.7742,1099998549325,401911,2323,2323,0
6643,16.7642,1099998548690,401910,2324,2324,0
6644,16.7642,1099998549326,401911,2324,2324,0
6645,16.7542,1099998548691,401910,2325,2325,0
6646,16.7542,1099998549327,401911,2325,2325,0
6647,16.7442,1099998548692,401910,2326,2326,0
6648,16.7442,1099998549328,401911,2326,2326,0
6649,16.7342,1099998548693,401910,2327,2327,0
6650,16.7342,1099998549329,401911,2327,2327,0
6651,16.7242,1099998548694,401910,2328,2328,0
6652,16.7242,1099998549330,401911,2328,2328,0
6653,16.7142,1099998548695,401910,2329,2329,0
6654,16.7142,1099998549331,401911,2329,2329,0
6655,16.7042,1099998548696,401910,2330,2330,0
6656,16.7042,1099998549332,401911,2330,2330,0
6657,16.6942,1099998548697,401910,2331,2331,0
6658,16.6942,1099998549333,401911,2331,2331,0
6659,16.6842,1099998548698,401910,2332,2332,0
6660,16.6842,1099998549334,401911,2332,2332,0
6661,16.6742,1099998548699,401910,2333,2333,0
6662,16.6742,1099998549335,401911,2333,2333,0
6663,16.6642,1099998548700,401910,2334,2334,0
6664,16.6642,1099998549336,401911,2334,2334,0
6665,16.6542,1099998548701,401910,2335,2335,0
6666,16.6542,1099998549337,401911,2335,2335,0
6667,16.6442,1099998548702,401910,2336,2336,0
6668,16.6442,1099998549338,401911,2336,2336,0
6669,16.6342,1099998548703,401910,2337,2337,0
6670,16.6342,1099998549339,401911,2337,2337,0
6671,16.6242,1099998548704,401910,2338,2338,0
6672,16.6242,1099998549340,401911,2338,2338,0
6673,16.6142,1099998548705,401910,2339,2339,0
6674,16.6142,1099998549341,401911,2339,2339,0
6675,16.6042,1099998548706,401910,2340,2340,0
6676,16.6042,1099998549342,401911,2340,2340,0
6677,16.5942,1099998548707,401910,2341,2341,0
6678,16.5942,1099998549343,401911,2341,2341,0
6679,16.5842,1099998548708,401910,2342,2342,0
6680,16.5842,1099998549344,401911,2342,2342,0
6681,16.5742,1099998548709,401910,2343,2343,0
6682,16.5742,1099998549345,401911,2343,2343,0
6683,16.5642,1099998548710,401910,2344,2344,0
6684,16.5642,1099998549346,401911,2344,2344,0
6685,16.5542,1099998548711,401910,2345,2345,0
6686,16.5542,1099998549347,401911,2345,2345,0
6687,16.5442,1099998548712,401910,2346,2346,0
6688,16.5442,1099998549348,401911,2346,2346,0
6689,16.5342,1099998548713,401910,2347,2347,0
6690,16.5342,1099998549349,401911,2347,2347,0
6691,16.5242,1099998548714,401910,2348,2348,0
6692,16.5242,1099998549350,401911,2348,2348,0
6693,16.5142,1099998548715,401910,2349,2349,0
6694,16.5142,1099998549351,401911,2349,2349,0
6695,16.5042,1099998548716,401910,2350,2350,0
6696,16.5042,1099998549352,401911,2350,2350,0
6697,16.4942,1099998548717,401910,2351,2351,0
6698,16.4942,1099998549358,401911,2351,2351,0
6699,16.4842,1099998548718,401910,2352,2352,0
6700,16.4842,1099998549359,401911,2352,2352,0
6701,16.4742,1099998548719,401910,2353,2353,0
6702,16.4742,1099998549360,401911,2353,2353,0
6703,16.4642,1099998548720,401910,2354,2354,0
6704,16.4642,1099998549361,401911,2354,2354,0
6705,16.4542,1099998548721,401910,2355,2355,0
6706,16.4542,1099998549362,401911,2355,2355,0
6707,16.4442,1099998548722,401910,2356,2356,0
6708,16.4442,1099998549363,401911,2356,2356,0
6709,16.4342,1099998548723,401910,2357,2357,0
6710,16.4342,1099998549364,401911,2357,2357,0
6711,16.4242,1099998548724,401910,2358,2358,0
6712,16.4242,1099998549365,401911,2358,2358,0
6713,16.4142,1099998548725,401910,2359,2359,0
6714,16.4142,1099998549366,401911,2359,2359,0
6715,16.4042,1099998548726,401910,2360,2360,0
6716,16.4042,1099998549367,401911,2360,2360,0
6717,16.394,1099998548727,401910,2361,2361,0
6718,16.394,1099998549368,401911,2361,2361,0
6719,16.384,1099998548728,401910,2362,2362,0
6720,16.384,1099998549369,401911,2362,2362,0
6721,16.374,1099998548729,401910,2363,2363,0
6722,16.374,1099998549370,401911,2363,2363,0
6723,16.364,1099998548730,401910,2364,2364,0
6724,16.364,1099998549371,401911,2364,2364,0
6725,16.354,1099998548731,401910,2365,2365,0
6726,16.354,1099998549372,401911,2365,2365,0
6727,16.344,1099998548732,401910,2366,2366,0
6728,16.344,1099998549373,401911,2366,2366,0
6729,16.334,1099998548733,401910,2367,2367,0
6730,16.334,1099998549374,401911,2367,2367,0
6731,16.324,1099998548734,401910,2368,2368,0
6732,16.324,1099998549375,401911,2368,2368,0
6733,16.314,1099998548735,401910,2369,2369,0
6734,16.314,1099998549376,401911,2369,2369,0
6735,16.304,1099998548736,401910,2370,2370,0
6736,16.304,1099998549377,401911,2370,2370,0
6737,16.294,1099998548737,401910,2371,2371,0
6738,16.294,1099998549378,401911,2371,2371,0
6739,16.284,1099998548738,401910,2372,2372,0
6740,16.284,1099998549379,401911,2372,2372,0
6741,16.274,1099998548739,401910,2373,2373,0
6742,16.274,1099998549380,401911,2373,2373,0
6743,16.264,1099998548740,401910,2374,2374,0
6744,16.264,1099998549381,401911,2374,2374,0
6745,16.254,1099998548741,401910,2375,2375,0
6746,16.254,1099998549382,401911,2375,2375,0
6747,16.244,1099998548742,401910,2376,2376,0
6748,16.244,1099998549383,401911,2376,2376,0
6749,16.234,1099998548743,401910,2377,2377,0
6750,16.234,1099998549384,401911,2377,2377,0
6751,16.224,1099998548744,401910,2378,2378,0
6752,16.224,1099998549385,401911,2378,2378,0
6753,16.214,1099998548745,401910,2379,2379,0
6754,16.214,1099998549386,401911,2379,2379,0
6755,16.204,1099998548746,401910,2380,2380,0
6756,16.204,1099998549387,401911,2380,2380,0
6757,16.194,1099998548747,401910,2381,2381,0
6758,16.194,1099998549388,401911,2381,2381,0
6759,16.184,1099998548748,401910,2382,2382,0
6760,16.184,1099998549389,401911,2382,2382,0
6761,16.174,1099998548749,401910,2383,2383,0
6762,16.174,1099998549390,401911,2383,2383,0
6763,16.164,1099998548750,401910,2384,2384,0
6764,16.164,1099998549391,401911,2384,2384,0
6765,16.154,1099998548751,401910,2385,2385,0
6766,16.154,1099998549392,401911,2385,2385,0
6767,16.144,1099998548752,401910,2386,2386,0
6768,16.144,1099998549393,401911,2386,2386,0
6769,16.134,1099998548753,401910,2387,2387,0
6770,16.134,1099998549394,401911,2387,2387,0
6771,16.124,1099998548754,401910,2388,2388,0
6772,16.124,1099998549395,401911,2388,2388,0
6773,16.114,1099998548755,401910,2389,2389,0
6774,16.114,1099998549396,401911,2389,2389,0
6775,16.104,1099998548756,401910,2390,2390,0
6776,16.104,1099998549397,401911,2390,2390,0
6777,16.094,1099998548757,401910,2391,2391,0
6778,16.094,1099998549398,401911,2391,2391,0
6779,16.084,1099998548758,401910,2392,2392,0
6780,16.084,1099998549399,401911,2392,2392,0
6781,16.074,1099998548759,401910,2393,2393,0
6782,16.074,1099998549400,401911,2393,2393,0
6783,16.064,1099998548760,401910,2394,2394,0
6784,16.064,1099998549401,401911,2394,2394,0
6785,16.054,1099998548761,401910,2395,2395,0
6786,16.054,1099998549402,401911,2395,2395,0
6787,16.044,1099998548762,401910,2396,2396,0
6788,16.044,1099998549403,401911,2396,2396,0
6789,16.034,1099998548763,401910,2397,2397,0
6790,16.034,1099998549404,401911,2397,2397,0
6791,16.024,1099998548764,401910,2398,2398,0
6792,16.024,1099998549405,401911,2398,2398,0
6793,16.014,1099998548765,401910,2399,2399,0
6794,16.014,1099998549406,401911,2399,2399,0
6795,16.004,1099998548766,401910,2400,2400,0
6796,16.004,1099998549407,401911,2400,2400,0
6797,15.994,1099998548767,401910,2401,2401,0
6798,15.994,1099998549418,401911,2401,2401,0
6799,15.984,1099998548768,401910,2402,2402,0
6800,15.984,1099998549419,401911,2402,2402,0
6801,15.974,1099998548769,401910,2403,2403,0
6802,15.974,1099998549420,401911,2403,2403,0
6803,15.964,1099998548770,401910,2404,2404,0
6804,15.964,1099998549421,401911,2404,2404,0
6805,15.954,1099998548771,401910,2405,2405,0
6806,15.954,1099998549422,401911,2405,2405,0
6807,15.944,1099998548772,401910,2406,2406,0
6808,15.944,1099998549423,401911,2406,2406,0
6809,15.934,1099998548773,401910,2407,2407,0
6810,15.934,1099998549424,401911,2407,2407,0
6811,15.924,1099998548774,401910,2408,2408,0
6812,15.924,1099998549425,401911,2408,2408,0
6813,15.914,1099998548775,401910,2409,2409,0
6814,15.914,1099998549426,401911,2409,2409,0
6815,15.904,1099998548776,401910,2410,2410,0
6816,15.904,1099998549427,401911,2410,2410,0
6817,15.894,1099998548777,401910,2411,2411,0
6818,15.894,1099998549428,401911,2411,2411,0
6819,15.884,1099998548778,401910,2412,2412,0
6820,15.884,1099998549429,401911,2412,2412,0
6821,15.874,1099998548779,401910,2413,2413,0
6822,15.874,1099998549430,401911,2413,2413,0
6823,15.864,1099998548780,401910,2414,2414,0
6824,15.864,1099998549431,401911,2414,2414,0
6825,15.854,1099998548781,401910,2415,2415,0
6826,15.854,1099998549432,401911,2415,2415,0
6827,15.844,1099998548782,401910,2416,2416,0
6828,15.844,1099998549433,401911,2416,2416,0
6829,15.834,1099998548783,401910,2417,2417,0
6830,15.834,1099998549434,401911,2417,2417,0
6831,15.824,1099998548784,401910,2418,2418,0
6832,15.824,1099998549435,401911,2418,2418,0
6833,15.814,1099998548785,401910,2419,2419,0
6834,15.814,1099998549436,401911,2419,2419,0
6835,15.804,1099998548786,401910,2420,2420,0
6836,15.804,1099998549437,401911,2420,2420,0
6837,15.794,1099998548787,401910,2421,2421,0
6838,15.794,1099998549438,401911,2421,2421,0
6839,15.784,1099998548788,401910,2422,2422,0
6840,15.784,1099998549439,401911,2422,2422,0
6841,15.774,1099998548789,401910,2423,2423,0
6842,15.774,1099998549440,401911,2423,2423,0
6843,15.764,1099998548790,401910,2424,2424,0
6844,15.764,1099998549441,401911,2424,2424,0
6845,15.754,1099998548791,401910,2425,2425,0
6846,15.754,1099998549442,401911,2425,2425,0
6847,15.744,1099998548792,401910,2426,2426,0
6848,15.744,1099998549443,401911,2426,2426,0
6849,15.734,1099998548793,401910,2427,2427,0
6850,15.734,1099998549444,401911,2427,2427,0
6851,15.724,1099998548794,401910,2428,2428,0
6852,15.724,1099998549445,401911,2428,2428,0
6853,15.714,1099998548795,401910,2429,2429,0
6854,15.714,1099998549446,401911,2429,2429,0
6855,15.704,1099998548796,401910,2430,2430,0
6856,15.704,1099998549447,401911,2430,2430,0
6857,15.694,1099998548797,401910,2431,2431,0
6858,15.694,1099998549448,401911,2431,2431,0
6859,15.684,1099998548798,401910,2432,2432,0
6860,15.684,1099998549449,401911,2432,2432,0
6861,15.674,1099998548799,401910,2433,2433,0
6862,15.674,1099998549450,401911,2433,2433,0
6863,15.664,1099998548800,401910,2434,2434,0
6864,15.664,1099998549451,401911,2434,2434,0
6865,15.654,1099998548801,401910,2435,2435,0
6866,15.654,1099998549452,401911,2435,2435,0
6867,15.644,1099998548802,401910,2436,2436,0
6868,15.644,1099998549453,401911,2436,2436,0
6869,15.634,1099998548803,401910,2437,2437,0
6870,15.634,1099998549454,401911,2437,2437,0
6871,15.624,1099998548804,401910,2438,2438,0
6872,15.624,1099998549455,401911,2438,2438,0
6873,15.614,1099998548805,401910,2439,2439,0
6874,15.614,1099998549456,401911,2439,2439,0
6875,15.604,1099998548806,401910,2440,2440,0
6876,15.604,1099998549457,401911,2440,2440,0
6877,15.5938,1099998548807,401910,2441,2441,0
6878,15.5938,1099998549458,401911,2441,2441,0
6879,15.5838,1099998548808,401910,2442,2442,0
6880,15.5838,1099998549459,401911,2442,2442,0
6881,15.5738,1099998548809,401910,2443,2443,0
6882,15.5738,1099998549460,401911,2443,2443,0
6883,15.5638,1099998548810,401910,2444,2444,0
6884,15.5638,1099998549461,401911,2444,2444,0
6885,15.5538,1099998548811,401910,2445,2445,0
6886,15.5538,1099998549462,401911,2445,2445,0
6887,15.5438,1099998548812,401910,2446,2446,0
6888,15.5438,1099998549463,401911,2446,2446,0
6889,15.5338,1099998548813,401910,2447,2447,0
6890,15.5338,1099998549464,401911,2447,2447,0
6891,15.5238,1099998548814,401910,2448,2448,0
6892,15.5238,1099998549465,401911,2448,2448,0
6893,15.5138,1099998548815,401910,2449,2449,0
6894,15.5138,1099998549466,401911,2449,2449,0
6895,15.5038,1099998548816,401910,2450,2450,0
6896,15.5038,1099998549467,401911,2450,2450,0
6897,15.4938,1099998548818,401910,2451,2451,0
6898,15.4938,1099998549473,401911,2451,2451,0
6899,15.4838,1099998548819,401910,2452,2452,0
6900,15.4838,1099998549474,401911,2452,2452,0
6901,15.4738,1099998548820,401910,2453,2453,0
6902,15.4738,1099998549475,401911,2453,2453,0
6903,15.4638,1099998548821,401910,2454,2454,0
6904,15.4638,1099998549476,401911,2454,2454,0
6905,15.4538,1099998548822,401910,2455,2455,0
6906,15.4538,1099998549477,401911,2455,2455,0
6907,15.4438,1099998548823,401910,2456,2456,0
6908,15.4438,1099998549478,401911,2456,2456,0
6909,15.4338,1099998548824,401910,2457,2457,0
6910,15.4338,1099998549479,401911,2457,2457,0
6911,15.4238,1099998548825,401910,2458,2458,0
6912,15.4238,1099998549480,401911,2458,2458,0
6913,15.4138,1099998548826,401910,2459,2459,0
6914,15.4138,1099998549481,401911,2459,2459,0
6915,15.4038,1099998548827,401910,2460,2460,0
6916,15.4038,1099998549482,401911,2460,2460,0
6917,15.3938,1099998548828,401910,2461,2461,0
6918,15.3938,1099998549483,401911,2461,2461,0
6919,15.3838,1099998548829,401910,2462,2462,0
6920,15.3838,1099998549484,401911,2462,2462,0
6921,15.3738,1099998548830,401910,2463,2463,0
6922,15.3738,1099998549485,401911,2463,2463,0
6923,15.3638,1099998548831,401910,2464,2464,0
6924,15.3638,1099998549486,401911,2464,2464,0
6925,15.3538,1099998548832,401910,2465,2465,0
6926,15.3538,1099998549487,401911,2465,2465,0
6927,15.3438,1099998548833,401910,2466,2466,0
6928,15.3438,1099998549488,401911,2466,2466,0
6929,15.3338,1099998548834,401910,2467,2467,0
6930,15.3338,1099998549489,401911,2467,2467,0
6931,15.3238,1099998548835,401910,2468,2468,0
6932,15.3238,1099998549490,401911,2468,2468,0
6933,15.3138,1099998548836,401910,2469,2469,0
6934,15.3138,1099998549491,401911,2469,2469,0
6935,15.3038,1099998548837,401910,2470,2470,0
6936,15.3038,1099998549492,401911,2470,2470,0
6937,15.2938,1099998548838,401910,2471,2471,0
6938,15.2938,1099998549493,401911,2471,2471,0
6939,15.2838,1099998548839,401910,2472,2472,0
6940,15.2838,1099998549494,401911,2472,2472,0
6941,15.2738,1099998548840,401910,2473,2473,0
6942,15.2738,1099998549495,401911,2473,2473,0
6943,15.2638,1099998548841,401910,2474,2474,0
6944,15.2638,1099998549496,401911,2474,2474,0
6945,15.2538,1099998548842,401910,2475,2475,0
6946,15.2538,1099998549497,401911,2475,2475,0
6947,15.2438,1099998548843,401910,2476,2476,0
6948,15.2438,1099998549498,401911,2476,2476,0
6949,15.2338,1099998548844,401910,2477,2477,0
6950,15.2338,1099998549499,401911,2477,2477,0
6951,15.2238,1099998548845,401910,2478,2478,0
6952,15.2238,1099998549500,401911,2478,2478,0
6953,15.2138,1099998548846,401910,2479,2479,0
6954,15.2138,1099998549501,401911,2479,2479,0
6955,15.2038,1099998548847,401910,2480,2480,0
6956,15.2038,1099998549502,401911,2480,2480,0
6957,15.1938,1099998548848,401910,2481,2481,0
6958,15.1938,1099998549503,401911,2481,2481,0
6959,15.1838,1099998548849,401910,2482,2482,0
6960,15.1838,1099998549504,401911,2482,2482,0
6961,15.1738,1099998548850,401910,2483,2483,0
6962,15.1738,1099998549505,401911,2483,2483,0
6963,15.1638,1099998548851,401910,2484,2484,0
6964,15.1638,1099998549506,401911,2484,2484,0
6965,15.1538,1099998548852,401910,2485,2485,0
6966,15.1538,1099998549507,401911,2485,2485,0
6967,15.1438,1099998548853,401910,2486,2486,0
6968,15.1438,1099998549508,401911,2486,2486,0
6969,15.1338,1099998548854,401910,2487,2487,0
6970,15.1338,1099998549509,401911,2487,2487,0
6971,15.1238,1099998548855,401910,2488,2488,0
6972,15.1238,1099998549510,401911,2488,2488,0
6973,15.1138,1099998548856,401910,2489,2489,0
6974,15.1138,1099998549511,401911,2489,2489,0
6975,15.1038,1099998548857,401910,2490,2490,0
6976,15.1038,1099998549512,401911,2490,2490,0
6977,15.0938,1099998548858,401910,2491,2491,0
6978,15.0938,1099998549513,401911,2491,2491,0
6979,15.0838,1099998548859,401910,2492,2492,0
6980,15.0838,1099998549514,401911,2492,2492,0
6981,15.0738,1099998548860,401910,2493,2493,0
6982,15.0738,1099998549515,401911,2493,2493,0
6983,15.0638,1099998548861,401910,2494,2494,0
6984,15.0638,1099998549516,401911,2494,2494,0
6985,15.0538,1099998548862,401910,2495,2495,0
6986,15.0538,1099998549517,401911,2495,2495,0
6987,15.0438,1099998548863,401910,2496,2496,0
6988,15.0438,1099998549518,401911,2496,2496,0
6989,15.0338,1099998548864,401910,2497,2497,0
6990,15.0338,1099998549519,401911,2497,2497,0
6991,15.0238,1099998548865,401910,2498,2498,0
6992,15.0238,1099998549520,401911,2498,2498,0
6993,15.0138,1099998548866,401910,2499,2499,0
6994,15.0138,1099998549521,401911,2499,2499,0
6995,15.0038,1099998548867,401910,2500,2500,0
6996,15.0038,1099998549522,401911,2500,2500,0
6997,14.9938,1099998689701,401910,2501,2501,0
6998,14.9938,1099998690677,401911,2501,2501,0
6999,14.9838,1099998689702,401910,2502,2502,0
7000,14.9838,1099998690678,401911,2502,2502,0
7001,14.9738,1099998689703,401910,2503,2503,0
7002,14.9738,1099998690679,401911,2503,2503,0
7003,14.9638,1099998689704,401910,2504,2504,0
7004,14.9638,1099998690680,401911,2504,2504,0
7005,14.9538,1099998689705,401910,2505,2505,0
7006,14.9538,1099998690681,401911,2505,2505,0
7007,14.9438,1099998689706,401910,2506,2506,0
7008,14.9438,1099998690682,401911,2506,2506,0
7009,14.9338,1099998689707,401910,2507,2507,0
7010,14.9338,1099998690683,401911,2507,2507,0
7011,14.9238,1099998689708,401910,2508,2508,0
7012,14.9238,1099998690684,401911,2508,2508,0
7013,14.9138,1099998689709,401910,2509,2509,0
7014,14.9138,1099998690685,401911,2509,2509,0
7015,14.9038,1099998689710,401910,2510,2510,0
7016,14.9038,1099998690686,401911,2510,2510,0
7017,14.8938,1099998689711,401910,2511,2511,0
7018,14.8938,1099998690687,401911,2511,2511,0
7019,14.8838,1099998689712,401910,2512,2512,0
7020,14.8838,1099998690688,401911,2512,2512,0
7021,14.8738,1099998689713,401910,2513,2513,0
7022,14.8738,1099998690689,401911,2513,2513,0
7023,14.8638,1099998689714,401910,2514,2514,0
7024,14.8638,1099998690690,401911,2514,2514,0
7025,14.8538,1099998689715,401910,2515,2515,0
7026,14.8538,1099998690691,401911,2515,2515,0
7027,14.8438,1099998689716,401910,2516,2516,0
7028,14.8438,1099998690692,401911,2516,2516,0
7029,14.8338,1099998689717,401910,2517,2517,0
7030,14.8338,1099998690693,401911,2517,2517,0
7031,14.8238,1099998689718,401910,2518,2518,0
7032,14.8238,1099998690694,401911,2518,2518,0
7033,14.8138,1099998689719,401910,2519,2519,0
7034,14.8138,1099998690695,401911,2519,2519,0
7035,14.8038,1099998689720,401910,2520,2520,0
7036,14.8038,1099998690696,401911,2520,2520,0
7037,14.7936,1099998689721,401910,2521,2521,0
7038,14.7936,1099998690697,401911,2521,2521,0
7039,14.7836,1099998689722,401910,2522,2522,0
7040,14.7836,1099998690698,401911,2522,2522,0
7041,14.7736,1099998689723,401910,2523,2523,0
7042,14.7736,1099998690699,401911,2523,2523,0
7043,14.7636,1099998689724,401910,2524,2524,0
7044,14.7636,1099998690700,401911,2524,2524,0
7045,14.7536,1099998689725,401910,2525,2525,0
7046,14.7536,1099998690701,401911,2525,2525,0
7047,14.7436,1099998689726,401910,2526,2526,0
7048,14.7436,1099998690702,401911,2526,2526,0
7049,14.7336,1099998689727,401910,2527,2527,0
7050,14.7336,1099998690703,401911,2527,2527,0
7051,14.7236,1099998689728,401910,2528,2528,0
7052,14.7236,1099998690704,401911,2528,2528,0
7053,14.7136,1099998689729,401910,2529,2529,0
7054,14.7136,1099998690705,401911,2529,2529,0
7055,14.7036,1099998689730,401910,2530,2530,0
7056,14.7036,1099998690706,401911,2530,2530,0
7057,14.6936,1099998689731,401910,2531,2531,0
7058,14.6936,1099998690707,401911,2531,2531,0
7059,14.6836,1099998689732,401910,2532,2532,0
7060,14.6836,1099998690708,401911,2532,2532,0
7061,14.6736,1099998689733,401910,2533,2533,0
7062,14.6736,1099998690709,401911,2533,2533,0
7063,14.6636,1099998689734,401910,2534,2534,0
7064,14.6636,1099998690710,401911,2534,2534,0
7065,14.6536,1099998689735,401910,2535,2535,0
7066,14.6536,1099998690711,401911,2535,2535,0
7067,14.6436,1099998689736,401910,2536,2536,0
7068,14.6436,1099998690712,401911,2536,2536,0
7069,14.6336,1099998689737,401910,2537,2537,0
7070,14.6336,1099998690713,401911,2537,2537,0
7071,14.6236,1099998689738,401910,2538,2538,0
7072,14.6236,1099998690714,401911,2538,2538,0
7073,14.6136,1099998689739,401910,2539,2539,0
7074,14.6136,1099998690715,401911,2539,2539,0
7075,14.6036,1099998689740,401910,2540,2540,0
7076,14.6036,1099998690716,401911,2540,2540,0
7077,14.5936,1099998689741,401910,2541,2541,0
7078,14.5936,1099998690717,401911,2541,2541,0
7079,14.5836,1099998689742,401910,2542,2542,0
7080,14.5836,1099998690718,401911,2542,2542,0
7081,14.5736,1099998689743,401910,2543,2543,0
7082,14.5736,1099998690719,401911,2543,2543,0
7083,14.5636,1099998689744,401910,2544,2544,0
7084,14.5636,1099998690720,401911,2544,2544,0
7085,14.5536,1099998689745,401910,2545,2545,0
7086,14.5536,1099998690721,401911,2545,2545,0
7087,14.5436,1099998689746,401910,2546,2546,0
7088,14.5436,1099998690722,401911,2546,2546,0
7089,14.5336,1099998689747,401910,2547,2547,0
7090,14.5336,1099998690723,401911,2547,2547,0
7091,14.5236,1099998689748,401910,2548,2548,0
7092,14.5236,1099998690724,401911,2548,2548,0
7093,14.5136,1099998689749,401910,2549,2549,0
7094,14.5136,1099998690725,401911,2549,2549,0
7095,14.5036,1099998689750,401910,2550,2550,0
7096,14.5036,1099998690726,401911,2550,2550,0
7097,14.4936,1099998689761,401910,2551,2551,0
7098,14.4936,1099998690738,401911,2551,2551,0
7099,14.4836,1099998689762,401910,2552,2552,0
7100,14.4836,1099998690739,401911,2552,2552,0
7101,14.4736,1099998689763,401910,2553,2553,0
7102,14.4736,1099998690740,401911,2553,2553,0
7103,14.4636,1099998689764,401910,2554,2554,0
7104,14.4636,1099998690741,401911,2554,2554,0
7105,14.4536,1099998689765,401910,2555,2555,0
7106,14.4536,1099998690742,401911,2555,2555,0
7107,14.4436,1099998689766,401910,2556,2556,0
7108,14.4436,1099998690743,401911,2556,2556,0
7109,14.4336,1099998689767,401910,2557,2557,0
7110,14.4336,1099998690744,401911,2557,2557,0
7111,14.4236,1099998689768,401910,2558,2558,0
7112,14.4236,1099998690745,401911,2558,2558,0
7113,14.4136,1099998689769,401910,2559,2559,0
7114,14.4136,1099998690746,401911,2559,2559,0
7115,14.4036,1099998689770,401910,2560,2560,0
7116,14.4036,1099998690747,401911,2560,2560,0
7117,14.3936,1099998689771,401910,2561,2561,0
7118,14.3936,1099998690748,401911,2561,2561,0
7119,14.3836,1099998689772,401910,2562,2562,0
7120,14.3836,1099998690749,401911,2562,2562,0
7121,14.3736,1099998689773,401910,2563,2563,0
7122,14.3736,1099998690750,401911,2563,2563,0
7123,14.3636,1099998689774,401910,2564,2564,0
7124,14.3636,1099998690751,401911,2564,2564,0
7125,14.3536,1099998689775,401910,2565,2565,0
7126,14.3536,1099998690752,401911,2565,2565,0
7127,14.3436,1099998689776,401910,2566,2566,0
7128,14.3436,1099998690753,401911,2566,2566,0
7129,14.3336,1099998689777,401910,2567,2567,0
7130,14.3336,1099998690754,401911,2567,2567,0
7131,14.3236,1099998689778,401910,2568,2568,0
7132,14.3236,1099998690755,401911,2568,2568,0
7133,14.3136,1099998689779,401910,2569,2569,0
7134,14.3136,1099998690756,401911,2569,2569,0
7135,14.3036,1099998689780,401910,2570,2570,0
7136,14.3036,1099998690757,401911,2570,2570,0
7137,14.2936,1099998689781,401910,2571,2571,0
7138,14.2936,1099998690758,401911,2571,2571,0
7139,14.2836,1099998689782,401910,2572,2572,0
7140,14.2836,1099998690759,401911,2572,2572,0
7141,14.2736,1099998689783,401910,2573,2573,0
7142,14.2736,1099998690760,401911,2573,2573,0
7143,14.2636,1099998689784,401910,2574,2574,0
7144,14.2636,1099998690761,401911,2574,2574,0
7145,14.2536,1099998689785,401910,2575,2575,0
7146,14.2536,1099998690762,401911,2575,2575,0
7147,14.2436,1099998689786,401910,2576,2576,0
7148,14.2436,1099998690763,401911,2576,2576,0
7149,14.2336,1099998689787,401910,2577,2577,0
7150,14.2336,1099998690764,401911,2577,2577,0
7151,14.2236,1099998689788,401910,2578,2578,0
7152,14.2236,1099998690765,401911,2578,2578,0
7153,14.2136,1099998689789,401910,2579,2579,0
7154,14.2136,1099998690766,401911,2579,2579,0
7155,14.2036,1099998689790,401910,2580,2580,0
7156,14.2036,1099998690767,401911,2580,2580,0
7157,14.1936,1099998689791,401910,2581,2581,0
7158,14.1936,1099998690768,401911,2581,2581,0
7159,14.1836,1099998689792,401910,2582,2582,0
7160,14.1836,1099998690769,401911,2582,2582,0
7161,14.1736,1099998689793,401910,2583,2583,0
7162,14.1736,1099998690770,401911,2583,2583,0
7163,14.1636,1099998689794,401910,2584,2584,0
7164,14.1636,1099998690771,401911,2584,2584,0
7165,14.1536,1099998689795,401910,2585,2585,0
7166,14.1536,1099998690772,401911,2585,2585,0
7167,14.1436,1099998689796,401910,2586,2586,0
7168,14.1436,1099998690773,401911,2586,2586,0
7169,14.1336,1099998689797,401910,2587,2587,0
7170,14.1336,1099998690774,401911,2587,2587,0
7171,14.1236,1099998689798,401910,2588,2588,0
7172,14.1236,1099998690775,401911,2588,2588,0
7173,14.1136,1099998689799,401910,2589,2589,0
7174,14.1136,1099998690776,401911,2589,2589,0
7175,14.1036,1099998689800,401910,2590,2590,0
7176,14.1036,1099998690777,401911,2590,2590,0
7177,14.0936,1099998689801,401910,2591,2591,0
7178,14.0936,1099998690778,401911,2591,2591,0
7179,14.0836,1099998689802,401910,2592,2592,0
7180,14.0836,1099998690779,401911,2592,2592,0
7181,14.0736,1099998689803,401910,2593,2593,0
7182,14.0736,1099998690780,401911,2593,2593,0
7183,14.0636,1099998689804,401910,2594,2594,0
7184,14.0636,1099998690781,401911,2594,2594,0
7185,14.0536,1099998689805,401910,2595,2595,0
7186,14.0536,1099998690782,401911,2595,2595,0
7187,14.0436,1099998689806,401910,2596,2596,0
7188,14.0436,1099998690783,401911,2596,2596,0
7189,14.0336,1099998689807,401910,2597,2597,0
7190,14.0336,1099998690784,401911,2597,2597,0
7191,14.0236,1099998689808,401910,2598,2598,0
7192,14.0236,1099998690785,401911,2598,2598,0
7193,14.0136,1099998689809,401910,2599,2599,0
7194,14.0136,1099998690786,401911,2599,2599,0
7195,14.0036,1099998689810,401910,2600,2600,0
7196,14.0036,1099998690787,401911,2600,2600,0
7197,13.9934,1099998689823,401910,2601,2601,0
7198,13.9934,1099998690793,401911,2601,2601,0
7199,13.9834,1099998689824,401910,2602,2602,0
7200,13.9834,1099998690794,401911,2602,2602,0
7201,13.9734,1099998689825,401910,2603,2603,0
7202,13.9734,1099998690795,401911,2603,2603,0
7203,13.9634,1099998689826,401910,2604,2604,0
7204,13.9634,1099998690796,401911,2604,2604,0
7205,13.9534,1099998689827,401910,2605,2605,0
7206,13.9534,1099998690797,401911,2605,2605,0
7207,13.9434,1099998689828,401910,2606,2606,0
7208,13.9434,1099998690798,401911,2606,2606,0
7209,13.9334,1099998689829,401910,2607,2607,0
7210,13.9334,1099998690799,401911,2607,2607,0
7211,13.9234,1099998689830,401910,2608,2608,0
7212,13.9234,1099998690800,401911,2608,2608,0
7213,13.9134,1099998689831,401910,2609,2609,0
7214,13.9134,1099998690801,401911,2609,2609,0
7215,13.9034,1099998689832,401910,2610,2610,0
7216,13.9034,1099998690802,401911,2610,2610,0
7217,13.8934,1099998689833,401910,2611,2611,0
7218,13.8934,1099998690803,401911,2611,2611,0
7219,13.8834,1099998689834,401910,2612,2612,0
7220,13.8834,1099998690804,401911,2612,2612,0
7221,13.8734,1099998689835,401910,2613,2613,0
7222,13.8734,1099998690805,401911,2613,2613,0
7223,13.8634,1099998689836,401910,2614,2614,0
7224,13.8634,1099998690806,401911,2614,2614,0
7225,13.8534,1099998689837,401910,2615,2615,0
7226,13.8534,1099998690807,401911,2615,2615,0
7227,13.8434,1099998689838,401910,2616,2616,0
7228,13.8434,1099998690808,401911,2616,2616,0
7229,13.8334,1099998689839,401910,2617,2617,0
7230,13.8334,1099998690809,401911,2617,2617,0
7231,13.8234,1099998689840,401910,2618,2618,0
7232,13.8234,1099998690810,401911,2618,2618,0
7233,13.8134,1099998689841,401910,2619,2619,0
7234,13.8134,1099998690811,401911,2619,2619,0
7235,13.8034,1099998689842,401910,2620,2620,0
7236,13.8034,1099998690812,401911,2620,2620,0
7237,13.7934,1099998689843,401910,2621,2621,0
7238,13.7934,1099998690813,401911,2621,2621,0
7239,13.7834,1099998689844,401910,2622,2622,0
7240,13.7834,1099998690814,401911,2622,2622,0
7241,13.7734,1099998689845,401910,2623,2623,0
7242,13.7734,1099998690815,401911,2623,2623,0
7243,13.7634,1099998689846,401910,2624,2624,0
7244,13.7634,1099998690816,401911,2624,2624,0
7245,13.7534,1099998689847,401910,2625,2625,0
7246,13.7534,1099998690817,401911,2625,2625,0
7247,13.7434,1099998689848,401910,2626,2626,0
7248,13.7434,1099998690818,401911,2626,2626,0
7249,13.7334,1099998689849,401910,2627,2627,0
7250,13.7334,1099998690819,401911,2627,2627,0
7251,13.7234,1099998689850,401910,2628,2628,0
7252,13.7234,1099998690820,401911,2628,2628,0
7253,13.7134,1099998689851,401910,2629,2629,0
7254,13.7134,1099998690821,401911,2629,2629,0
7255,13.7034,1099998689852,401910,2630,2630,0
7256,13.7034,1099998690822,401911,2630,2630,0
7257,13.6934,1099998689853,401910,2631,2631,0
7258,13.6934,1099998690823,401911,2631,2631,0
7259,13.6834,1099998689854,401910,2632,2632,0
7260,13.6834,1099998690824,401911,2632,2632,0
7261,13.6734,1099998689855,401910,2633,2633,0
7262,13.6734,1099998690825,401911,2633,2633,0
7263,13.6634,1099998689856,401910,2634,2634,0
7264,13.6634,1099998690826,401911,2634,2634,0
7265,13.6534,1099998689857,401910,2635,2635,0
7266,13.6534,1099998690827,401911,2635,2635,0
7267,13.6434,1099998689858,401910,2636,2636,0
7268,13.6434,1099998690828,401911,2636,2636,0
7269,13.6334,1099998689859,401910,2637,2637,0
7270,13.6334,1099998690829,401911,2637,2637,0
7271,13.6234,1099998689860,401910,2638,2638,0
7272,13.6234,1099998690830,401911,2638,2638,0
7273,13.6134,1099998689861,401910,2639,2639,0
7274,13.6134,1099998690831,401911,2639,2639,0
7275,13.6034,1099998689862,401910,2640,2640,0
7276,13.6034,1099998690832,401911,2640,2640,0
7277,13.5934,1099998689863,401910,2641,2641,0
7278,13.5934,1099998690833,401911,2641,2641,0
7279,13.5834,1099998689864,401910,2642,2642,0
7280,13.5834,1099998690834,401911,2642,2642,0
7281,13.5734,1099998689865,401910,2643,2643,0
7282,13.5734,1099998690835,401911,2643,2643,0
7283,13.5634,1099998689866,401910,2644,2644,0
7284,13.5634,1099998690836,401911,2644,2644,0
7285,13.5534,1099998689867,401910,2645,2645,0
7286,13.5534,1099998690837,401911,2645,2645,0
7287,13.5434,1099998689868,401910,2646,2646,0
7288,13.5434,1099998690838,401911,2646,2646,0
7289,13.5334,1099998689869,401910,2647,2647,0
7290,13.5334,1099998690839,401911,2647,2647,0
7291,13.5234,1099998689870,401910,2648,2648,0
7292,13.5234,1099998690840,401911,2648,2648,0
7293,13.5134,1099998689871,401910,2649,2649,0
7294,13.5134,1099998690841,401911,2649,2649,0
7295,13.5034,1099998689872,401910,2650,2650,0
7296,13.5034,1099998690842,401911,2650,2650,0
7297,13.4934,1099998689883,401910,2651,2651,0
7298,13.4934,1099998690848,401911,2651,2651,0
7299,13.4834,1099998689884,401910,2652,2652,0
7300,13.4834,1099998690849,401911,2652,2652,0
7301,13.4734,1099998689885,401910,2653,2653,0
7302,13.4734,1099998690850,401911,2653,2653,0
7303,13.4634,1099998689886,401910,2654,2654,0
7304,13.4634,1099998690851,401911,2654,2654,0
7305,13.4534,1099998689887,401910,2655,2655,0
7306,13.4534,1099998690852,401911,2655,2655,0
7307,13.4434,1099998689888,401910,2656,2656,0
7308,13.4434,1099998690853,401911,2656,2656,0
7309,13.4334,1099998689889,401910,2657,2657,0
7310,13.4334,1099998690854,401911,2657,2657,0
7311,13.4234,1099998689890,401910,2658,2658,0
7312,13.4234,1099998690855,401911,2658,2658,0
7313,13.4134,1099998689891,401910,2659,2659,0
7314,13.4134,1099998690856,401911,2659,2659,0
7315,13.4034,1099998689892,401910,2660,2660,0
7316,13.4034,1099998690857,401911,2660,2660,0
7317,13.3934,1099998689893,401910,2661,2661,0
7318,13.3934,1099998690858,401911,2661,2661,0
7319,13.3834,1099998689894,401910,2662,2662,0
7320,13.3834,1099998690859,401911,2662,2662,0
7321,13.3734,1099998689895,401910,2663,2663,0
7322,13.3734,1099998690860,401911,2663,2663,0
7323,13.3634,1099998689896,401910,2664,2664,0
7324,13.3634,1099998690861,401911,2664,2664,0
7325,13.3534,1099998689897,401910,2665,2665,0
7326,13.3534,1099998690862,401911,2665,2665,0
7327,13.3434,1099998689898,401910,2666,2666,0
7328,13.3434,1099998690863,401911,2666,2666,0
7329,13.3334,1099998689899,401910,2667,2667,0
7330,13.3334,1099998690864,401911,2667,2667,0
7331,13.3234,1099998689900,401910,2668,2668,0
7332,13.3234,1099998690865,401911,2668,2668,0
7333,13.3134,1099998689901,401910,2669,2669,0
7334,13.3134,1099998690866,401911,2669,2669,0
7335,13.3034,1099998689902,401910,2670,2670,0
7336,13.3034,1099998690867,401911,2670,2670,0
7337,13.2934,1099998689903,401910,2671,2671,0
7338,13.2934,1099998690868,401911,2671,2671,0
7339,13.2834,1099998689904,401910,2672,2672,0
7340,13.2834,1099998690869,401911,2672,2672,0
7341,13.2734,1099998689905,401910,2673,2673,0
7342,13.2734,1099998690870,401911,2673,2673,0
7343,13.2634,1099998689906,401910,2674,2674,0
7344,13.2634,1099998690871,401911,2674,2674,0
7345,13.2534,1099998689907,401910,2675,2675,0
7346,13.2534,1099998690872,401911,2675,2675,0
7347,13.2434,1099998689908,401910,2676,2676,0
7348,13.2434,1099998690873,401911,2676,2676,0
7349,13.2334,1099998689909,401910,2677,2677,0
7350,13.2334,1099998690874,401911,2677,2677,0
7351,13.2234,1099998689910,401910,2678,2678,0
7352,13.2234,1099998690875,401911,2678,2678,0
7353,13.2134,1099998689911,401910,2679,2679,0
7354,13.2134,1099998690876,401911,2679,2679,0
7355,13.2034,1099998689912,401910,2680,2680,0
7356,13.2034,1099998690877,401911,2680,2680,0
7357,13.1932,1099998689913,401910,2681,2681,0
7358,13.1932,1099998690878,401911,2681,2681,0
7359,13.1832,1099998689914,401910,2682,2682,0
7360,13.1832,1099998690879,401911,2682,2682,0
7361,13.1732,1099998689915,401910,2683,2683,0
7362,13.1732,1099998690880,401911,2683,2683,0
7363,13.1632,1099998689916,401910,2684,2684,0
7364,13.1632,1099998690881,401911,2684,2684,0
7365,13.1532,1099998689917,401910,2685,2685,0
7366,13.1532,1099998690882,401911,2685,2685,0
7367,13.1432,1099998689918,401910,2686,2686,0
7368,13.1432,1099998690883,401911,2686,2686,0
7369,13.1332,1099998689919,401910,2687,2687,0
7370,13.1332,1099998690884,401911,2687,2687,0
7371,13.1232,1099998689920,401910,2688,2688,0
7372,13.1232,1099998690885,401911,2688,2688,0
7373,13.1132,1099998689921,401910,2689,2689,0
7374,13.1132,1099998690886,401911,2689,2689,0
7375,13.1032,1099998689922,401910,2690,2690,0
7376,13.1032,1099998690887,401911,2690,2690,0
7377,13.0932,1099998689923,401910,2691,2691,0
7378,13.0932,1099998690888,401911,2691,2691,0
7379,13.0832,1099998689924,401910,2692,2692,0
7380,13.0832,1099998690889,401911,2692,2692,0
7381,13.0732,1099998689925,401910,2693,2693,0
7382,13.0732,1099998690890,401911,2693,2693,0
7383,13.0632,1099998689926,401910,2694,2694,0
7384,13.0632,1099998690891,401911,2694,2694,0
7385,13.0532,1099998689927,401910,2695,2695,0
7386,13.0532,1099998690892,401911,2695,2695,0
7387,13.0432,1099998689928,401910,2696,2696,0
7388,13.0432,1099998690893,401911,2696,2696,0
7389,13.0332,1099998689929,401910,2697,2697,0
7390,13.0332,1099998690894,401911,2697,2697,0
7391,13.0232,1099998689930,401910,2698,2698,0
7392,13.0232,1099998690895,401911,2698,2698,0
7393,13.0132,1099998689931,401910,2699,2699,0
7394,13.0132,1099998690896,401911,2699,2699,0
7395,13.0032,1099998689932,401910,2700,2700,0
7396,13.0032,1099998690897,401911,2700,2700,0
7397,12.9932,1099998689946,401910,2701,2701,0
7398,12.9932,1099998690918,401911,2701,2701,0
7399,12.9832,1099998689947,401910,2702,2702,0
7400,12.9832,1099998690919,401911,2702,2702,0
7401,12.9732,1099998689948,401910,2703,2703,0
7402,12.9732,1099998690920,401911,2703,2703,0
7403,12.9632,1099998689949,401910,2704,2704,0
7404,12.9632,1099998690921,401911,2704,2704,0
7405,12.9532,1099998689950,401910,2705,2705,0
7406,12.9532,1099998690922,401911,2705,2705,0
7407,12.9432,1099998689951,401910,2706,2706,0
7408,12.9432,1099998690923,401911,2706,2706,0
7409,12.9332,1099998689952,401910,2707,2707,0
7410,12.9332,1099998690924,401911,2707,2707,0
7411,12.9232,1099998689953,401910,2708,2708,0
7412,12.9232,1099998690925,401911,2708,2708,0
7413,12.9132,1099998689954,401910,2709,2709,0
7414,12.9132,1099998690926,401911,2709,2709,0
7415,12.9032,1099998689955,401910,2710,2710,0
7416,12.9032,1099998690927,401911,2710,2710,0
7417,12.8932,1099998689956,401910,2711,2711,0
7418,12.8932,1099998690928,401911,2711,2711,0
7419,12.8832,1099998689957,401910,2712,2712,0
7420,12.8832,1099998690929,401911,2712,2712,0
7421,12.8732,1099998689958,401910,2713,2713,0
7422,12.8732,1099998690930,401911,2713,2713,0
7423,12.8632,1099998689959,401910,2714,2714,0
7424,12.8632,1099998690931,401911,2714,2714,0
7425,12.8532,1099998689960,401910,2715,2715,0
7426,12.8532,1099998690932,401911,2715,2715,0
7427,12.8432,1099998689961,401910,2716,2716,0
7428,12.8432,1099998690933,401911,2716,2716,0
7429,12.8332,1099998689962,401910,2717,2717,0
7430,12.8332,1099998690934,401911,2717,2717,0
7431,12.8232,1099998689963,401910,2718,2718,0
7432,12.8232,1099998690935,401911,2718,2718,0
7433,12.8132,1099998689964,401910,2719,2719,0
7434,12.8132,1099998690936,401911,2719,2719,0
7435,12.8032,1099998689965,401910,2720,2720,0
7436,12.8032,1099998690937,401911,2720,2720,0
7437,12.7932,1099998689966,401910,2721,2721,0
7438,12.7932,1099998690938,401911,2721,2721,0
7439,12.7832,1099998689967,401910,2722,2722,0
7440,12.7832,1099998690939,401911,2722,2722,0
7441,12.7732,1099998689968,401910,2723,2723,0
7442,12.7732,1099998690940,401911,2723,2723,0
7443,12.7632,1099998689969,401910,2724,2724,0
7444,12.7632,1099998690941,401911,2724,2724,0
7445,12.7532,1099998689970,401910,2725,2725,0
7446,12.7532,1099998690942,401911,2725,2725,0
7447,12.7432,1099998689971,401910,2726,2726,0
7448,12.7432,1099998690943,401911,2726,2726,0
7449,12.7332,1099998689972,401910,2727,2727,0
7450,12.7332,1099998690944,401911,2727,2727,0
7451,12.7232,1099998689973,401910,2728,2728,0
7452,12.7232,1099998690945,401911,2728,2728,0
7453,12.7132,1099998689974,401910,2729,2729,0
7454,12.7132,1099998690946,401911,2729,2729,0
7455,12.7032,1099998689975,401910,2730,2730,0
7456,12.7032,1099998690947,401911,2730,2730,0
7457,12.6932,1099998689976,401910,2731,2731,0
7458,12.6932,1099998690948,401911,2731,2731,0
7459,12.6832,1099998689977,401910,2732,2732,0
7460,12.6832,1099998690949,401911,2732,2732,0
7461,12.6732,1099998689978,401910,2733,2733,0
7462,12.6732,1099998690950,401911,2733,2733,0
7463,12.6632,1099998689979,401910,2734,2734,0
7464,12.6632,1099998690951,401911,2734,2734,0
7465,12.6532,1099998689980,401910,2735,2735,0
7466,12.6532,1099998690952,401911,2735,2735,0
7467,12.6432,1099998689981,401910,2736,2736,0
7468,12.6432,1099998690953,401911,2736,2736,0
7469,12.6332,1099998689982,401910,2737,2737,0
7470,12.6332,1099998690954,401911,2737,2737,0
7471,12.6232,1099998689983,401910,2738,2738,0
7472,12.6232,1099998690955,401911,2738,2738,0
7473,12.6132,1099998689984,401910,2739,2739,0
7474,12.6132,1099998690956,401911,2739,2739,0
7475,12.6032,1099998689985,401910,2740,2740,0
7476,12.6032,1099998690957,401911,2740,2740,0
7477,12.5932,1099998689986,401910,2741,2741,0
7478,12.5932,1099998690958,401911,2741,2741,0
7479,12.5832,1099998689987,401910,2742,2742,0
7480,12.5832,1099998690959,401911,2742,2742,0
7481,12.5732,1099998689988,401910,2743,2743,0
7482,12.5732,1099998690960,401911,2743,2743,0
7483,12.5632,1099998689989,401910,2744,2744,0
7484,12.5632,1099998690961,401911,2744,2744,0
7485,12.5532,1099998689990,401910,2745,2745,0
7486,12.5532,1099998690962,401911,2745,2745,0
7487,12.5432,1099998689991,401910,2746,2746,0
7488,12.5432,1099998690963,401911,2746,2746,0
7489,12.5332,1099998689992,401910,2747,2747,0
7490,12.5332,1099998690964,401911,2747,2747,0
7491,12.5232,1099998689993,401910,2748,2748,0
7492,12.5232,1099998690965,401911,2748,2748,0
7493,12.5132,1099998689994,401910,2749,2749,0
7494,12.5132,1099998690966,401911,2749,2749,0
7495,12.5032,1099998689995,401910,2750,2750,0
7496,12.5032,1099998690967,401911,2750,2750,0
7497,12.4932,1099998690059,401910,2751,2751,0
7498,12.4932,1099998690979,401911,2751,2751,0
7499,12.4832,1099998690060,401910,2752,2752,0
7500,12.4832,1099998690980,401911,2752,2752,0
7501,12.4732,1099998690061,401910,2753,2753,0
7502,12.4732,1099998690981,401911,2753,2753,0
7503,12.4632,1099998690062,401910,2754,2754,0
7504,12.4632,1099998690982,401911,2754,2754,0
7505,12.4532,1099998690063,401910,2755,2755,0
7506,12.4532,1099998690983,401911,2755,2755,0
7507,12.4432,1099998690064,401910,2756,2756,0
7508,12.4432,1099998690984,401911,2756,2756,0
7509,12.4332,1099998690065,401910,2757,2757,0
7510,12.4332,1099998690985,401911,2757,2757,0
7511,12.4232,1099998690066,401910,2758,2758,0
7512,12.4232,1099998690986,401911,2758,2758,0
7513,12.4132,1099998690067,401910,2759,2759,0
7514,12.4132,1099998690987,401911,2759,2759,0
7515,12.4032,1099998690068,401910,2760,2760,0
7516,12.4032,1099998690988,401911,2760,2760,0
7517,12.393,1099998690069,401910,2761,2761,0
7518,12.393,1099998690989,401911,2761,2761,0
7519,12.383,1099998690070,401910,2762,2762,0
7520,12.383,1099998690990,401911,2762,2762,0
7521,12.373,1099998690071,401910,2763,2763,0
7522,12.373,1099998690991,401911,2763,2763,0
7523,12.363,1099998690072,401910,2764,2764,0
7524,12.363,1099998690992,401911,2764,2764,0
7525,12.353,1099998690073,401910,2765,2765,0
7526,12.353,1099998690993,401911,2765,2765,0
7527,12.343,1099998690074,401910,2766,2766,0
7528,12.343,1099998690994,401911,2766,2766,0
7529,12.333,1099998690075,401910,2767,2767,0
7530,12.333,1099998690995,401911,2767,2767,0
7531,12.323,1099998690076,401910,2768,2768,0
7532,12.323,1099998690996,401911,2768,2768,0
7533,12.313,1099998690077,401910,2769,2769,0
7534,12.313,1099998690997,401911,2769,2769,0
7535,12.303,1099998690078,401910,2770,2770,0
7536,12.303,1099998690998,401911,2770,2770,0
7537,12.293,1099998690079,401910,2771,2771,0
7538,12.293,1099998690999,401911,2771,2771,0
7539,12.283,1099998690080,401910,2772,2772,0
7540,12.283,1099998691000,401911,2772,2772,0
7541,12.273,1099998690081,401910,2773,2773,0
7542,12.273,1099998691001,401911,2773,2773,0
7543,12.263,1099998690082,401910,2774,2774,0
7544,12.263,1099998691002,401911,2774,2774,0
7545,12.253,1099998690083,401910,2775,2775,0
7546,12.253,1099998691003,401911,2775,2775,0
7547,12.243,1099998690084,401910,2776,2776,0
7548,12.243,1099998691004,401911,2776,2776,0
7549,12.233,1099998690085,401910,2777,2777,0
7550,12.233,1099998691005,401911,2777,2777,0
7551,12.223,1099998690086,401910,2778,2778,0
7552,12.223,1099998691006,401911,2778,2778,0
7553,12.213,1099998690087,401910,2779,2779,0
7554,12.213,1099998691007,401911,2779,2779,0
7555,12.203,1099998690088,401910,2780,2780,0
7556,12.203,1099998691008,401911,2780,2780,0
7557,12.193,1099998690089,401910,2781,2781,0
7558,12.193,1099998691009,401911,2781,2781,0
7559,12.183,1099998690090,401910,2782,2782,0
7560,12.183,1099998691010,401911,2782,2782,0
7561,12.173,1099998690091,401910,2783,2783,0
7562,12.173,1099998691011,401911,2783,2783,0
7563,12.163,1099998690092,401910,2784,2784,0
7564,12.163,1099998691012,401911,2784,2784,0
7565,12.153,1099998690093,401910,2785,2785,0
7566,12.153,1099998691013,401911,2785,2785,0
7567,12.143,1099998690094,401910,2786,2786,0
7568,12.143,1099998691014,401911,2786,2786,0
7569,12.133,1099998690095,401910,2787,2787,0
7570,12.133,1099998691015,401911,2787,2787,0
7571,12.123,1099998690096,401910,2788,2788,0
7572,12.123,1099998691016,401911,2788,2788,0
7573,12.113,1099998690097,401910,2789,2789,0
7574,12.113,1099998691017,401911,2789,2789,0
7575,12.103,1099998690098,401910,2790,2790,0
7576,12.103,1099998691018,401911,2790,2790,0
7577,12.093,1099998690099,401910,2791,2791,0
7578,12.093,1099998691019,401911,2791,2791,0
7579,12.083,1099998690100,401910,2792,2792,0
7580,12.083,1099998691020,401911,2792,2792,0
7581,12.073,1099998690101,401910,2793,2793,0
7582,12.073,1099998691021,401911,2793,2793,0
7583,12.063,1099998690102,401910,2794,2794,0
7584,12.063,1099998691022,401911,2794,2794,0
7585,12.053,1099998690103,401910,2795,2795,0
7586,12.053,1099998691023,401911,2795,2795,0
7587,12.043,1099998690104,401910,2796,2796,0
7588,12.043,1099998691024,401911,2796,2796,0
7589,12.033,1099998690105,401910,2797,2797,0
7590,12.033,1099998691025,401911,2797,2797,0
7591,12.023,1099998690106,401910,2798,2798,0
7592,12.023,1099998691026,401911,2798,2798,0
7593,12.013,1099998690107,401910,2799,2799,0
7594,12.013,1099998691027,401911,2799,2799,0
7595,12.003,1099998690108,401910,2800,2800,0
7596,12.003,1099998691028,401911,2800,2800,0
7597,11.993,1099998690156,401910,2801,2801,0
7598,11.993,1099998691034,401911,2801,2801,0
7599,11.983,1099998690157,401910,2802,2802,0
7600,11.983,1099998691035,401911,2802,2802,0
7601,11.973,1099998690158,401910,2803,2803,0
7602,11.973,1099998691036,401911,2803,2803,0
7603,11.963,1099998690159,401910,2804,2804,0
7604,11.963,1099998691037,401911,2804,2804,0
7605,11.953,1099998690160,401910,2805,2805,0
7606,11.953,1099998691038,401911,2805,2805,0
7607,11.943,1099998690161,401910,2806,2806,0
7608,11.943,1099998691039,401911,2806,2806,0
7609,11.933,1099998690162,401910,2807,2807,0
7610,11.933,1099998691040,401911,2807,2807,0
7611,11.923,1099998690163,401910,2808,2808,0
7612,11.923,1099998691041,401911,2808,2808,0
7613,11.913,1099998690164,401910,2809,2809,0
7614,11.913,1099998691042,401911,2809,2809,0
7615,11.903,1099998690165,401910,2810,2810,0
7616,11.903,1099998691043,401911,2810,2810,0
7617,11.893,1099998690166,401910,2811,2811,0
7618,11.893,1099998691044,401911,2811,2811,0
7619,11.883,1099998690167,401910,2812,2812,0
7620,11.883,1099998691045,401911,2812,2812,0
7621,11.873,1099998690168,401910,2813,2813,0
7622,11.873,1099998691046,401911,2813,2813,0
7623,11.863,1099998690169,401910,2814,2814,0
7624,11.863,1099998691047,401911,2814,2814,0
7625,11.853,1099998690170,401910,2815,2815,0
7626,11.853,1099998691048,401911,2815,2815,0
7627,11.843,1099998690171,401910,2816,2816,0
7628,11.843,1099998691049,401911,2816,2816,0
7629,11.833,1099998690172,401910,2817,2817,0
7630,11.833,1099998691050,401911,2817,2817,0
7631,11.823,1099998690173,401910,2818,2818,0
7632,11.823,1099998691051,401911,2818,2818,0
7633,11.813,1099998690174,401910,2819,2819,0
7634,11.813,1099998691052,401911,2819,2819,0
7635,11.803,1099998690175,401910,2820,2820,0
7636,11.803,1099998691053,401911,2820,2820,0
7637,11.793,1099998690176,401910,2821,2821,0
7638,11.793,1099998691054,401911,2821,2821,0
7639,11.783,1099998690177,401910,2822,2822,0
7640,11.783,1099998691055,401911,2822,2822,0
7641,11.773,1099998690178,401910,2823,2823,0
7642,11.773,1099998691056,401911,2823,2823,0
7643,11.763,1099998690179,401910,2824,2824,0
7644,11.763,1099998691057,401911,2824,2824,0
7645,11.753,1099998690180,401910,2825,2825,0
7646,11.753,1099998691058,401911,2825,2825,0
7647,11.743,1099998690181,401910,2826,2826,0
7648,11.743,1099998691059,401911,2826,2826,0
7649,11.733,1099998690182,401910,2827,2827,0
7650,11.733,1099998691060,401911,2827,2827,0
7651,11.723,1099998690183,401910,2828,2828,0
7652,11.723,1099998691061,401911,2828,2828,0
7653,11.713,1099998690184,401910,2829,2829,0
7654,11.713,1099998691062,401911,2829,2829,0
7655,11.703,1099998690185,401910,2830,2830,0
7656,11.703,1099998691063,401911,2830,2830,0
7657,11.693,1099998690186,401910,2831,2831,0
7658,11.693,1099998691064,401911,2831,2831,0
7659,11.683,1099998690187,401910,2832,2832,0
7660,11.683,1099998691065,401911,2832,2832,0
7661,11.673,1099998690188,401910,2833,2833,0
7662,11.673,1099998691066,401911,2833,2833,0
7663,11.663,1099998690189,401910,2834,2834,0
7664,11.663,1099998691067,401911,2834,2834,0
7665,11.653,1099998690190,401910,2835,2835,0
7666,11.653,1099998691068,401911,2835,2835,0
7667,11.643,1099998690191,401910,2836,2836,0
7668,11.643,1099998691069,401911,2836,2836,0
7669,11.633,1099998690192,401910,2837,2837,0
7670,11.633,1099998691070,401911,2837,2837,0
7671,11.623,1099998690193,401910,2838,2838,0
7672,11.623,1099998691071,401911,2838,2838,0
7673,11.613,1099998690194,401910,2839,2839,0
7674,11.613,1099998691072,401911,2839,2839,0
7675,11.603,1099998690195,401910,2840,2840,0
7676,11.603,1099998691073,401911,2840,2840,0
7677,11.5928,1099998690196,401910,2841,2841,0
7678,11.5928,1099998691074,401911,2841,2841,0
7679,11.5828,1099998690197,401910,2842,2842,0
7680,11.5828,1099998691075,401911,2842,2842,0
7681,11.5728,1099998690198,401910,2843,2843,0
7682,11.5728,1099998691076,401911,2843,2843,0
7683,11.5628,1099998690199,401910,2844,2844,0
7684,11.5628,1099998691077,401911,2844,2844,0
7685,11.5528,1099998690200,401910,2845,2845,0
7686,11.5528,1099998691078,401911,2845,2845,0
7687,11.5428,1099998690201,401910,2846,2846,0
7688,11.5428,1099998691079,401911,2846,2846,0
7689,11.5328,1099998690202,401910,2847,2847,0
7690,11.5328,1099998691080,401911,2847,2847,0
7691,11.5228,1099998690203,401910,2848,2848,0
7692,11.5228,1099998691081,401911,2848,2848,0
7693,11.5128,1099998690204,401910,2849,2849,0
7694,11.5128,1099998691082,401911,2849,2849,0
7695,11.5028,1099998690205,401910,2850,2850,0
7696,11.5028,1099998691083,401911,2850,2850,0
7697,11.4928,1099998690213,401910,2851,2851,0
7698,11.4928,1099998691092,401911,2851,2851,0
7699,11.4828,1099998690214,401910,2852,2852,0
7700,11.4828,1099998691093,401911,2852,2852,0
7701,11.4728,1099998690215,401910,2853,2853,0
7702,11.4728,1099998691094,401911,2853,2853,0
7703,11.4628,1099998690216,401910,2854,2854,0
7704,11.4628,1099998691095,401911,2854,2854,0
7705,11.4528,1099998690217,401910,2855,2855,0
7706,11.4528,1099998691096,401911,2855,2855,0
7707,11.4428,1099998690218,401910,2856,2856,0
7708,11.4428,1099998691097,401911,2856,2856,0
7709,11.4328,1099998690219,401910,2857,2857,0
7710,11.4328,1099998691098,401911,2857,2857,0
7711,11.4228,1099998690220,401910,2858,2858,0
7712,11.4228,1099998691099,401911,2858,2858,0
7713,11.4128,1099998690221,401910,2859,2859,0
7714,11.4128,1099998691100,401911,2859,2859,0
7715,11.4028,1099998690222,401910,2860,2860,0
7716,11.4028,1099998691101,401911,2860,2860,0
7717,11.3928,1099998690223,401910,2861,2861,0
7718,11.3928,1099998691102,401911,2861,2861,0
7719,11.3828,1099998690224,401910,2862,2862,0
7720,11.3828,1099998691103,401911,2862,2862,0
7721,11.3728,1099998690225,401910,2863,2863,0
7722,11.3728,1099998691104,401911,2863,2863,0
7723,11.3628,1099998690226,401910,2864,2864,0
7724,11.3628,1099998691105,401911,2864,2864,0
7725,11.3528,1099998690227,401910,2865,2865,0
7726,11.3528,1099998691106,401911,2865,2865,0
7727,11.3428,1099998690228,401910,2866,2866,0
7728,11.3428,1099998691107,401911,2866,2866,0
7729,11.3328,1099998690229,401910,2867,2867,0
7730,11.3328,1099998691108,401911,2867,2867,0
7731,11.3228,1099998690230,401910,2868,2868,0
7732,11.3228,1099998691109,401911,2868,2868,0
7733,11.3128,1099998690231,401910,2869,2869,0
7734,11.3128,1099998691110,401911,2869,2869,0
7735,11.3028,1099998690232,401910,2870,2870,0
7736,11.3028,1099998691111,401911,2870,2870,0
7737,11.2928,1099998690233,401910,2871,2871,0
7738,11.2928,1099998691112,401911,2871,2871,0
7739,11.2828,1099998690234,401910,2872,2872,0
7740,11.2828,1099998691113,401911,2872,2872,0
7741,11.2728,1099998690235,401910,2873,2873,0
7742,11.2728,1099998691114,401911,2873,2873,0
7743,11.2628,1099998690236,401910,2874,2874,0
7744,11.2628,1099998691115,401911,2874,2874,0
7745,11.2528,1099998690237,401910,2875,2875,0
7746,11.2528,1099998691116,401911,2875,2875,0
7747,11.2428,1099998690238,401910,2876,2876,0
7748,11.2428,1099998691117,401911,2876,2876,0
7749,11.2328,1099998690239,401910,2877,2877,0
7750,11.2328,1099998691118,401911,2877,2877,0
7751,11.2228,1099998690240,401910,2878,2878,0
7752,11.2228,1099998691119,401911,2878,2878,0
7753,11.2128,1099998690241,401910,2879,2879,0
7754,11.2128,1099998691120,401911,2879,2879,0
7755,11.2028,1099998690242,401910,2880,2880,0
7756,11.2028,1099998691121,401911,2880,2880,0
7757,11.1928,1099998690243,401910,2881,2881,0
7758,11.1928,1099998691122,401911,2881,2881,0
7759,11.1828,1099998690244,401910,2882,2882,0
7760,11.1828,1099998691123,401911,2882,2882,0
7761,11.1728,1099998690245,401910,2883,2883,0
7762,11.1728,1099998691124,401911,2883,2883,0
7763,11.1628,1099998690246,401910,2884,2884,0
7764,11.1628,1099998691125,401911,2884,2884,0
7765,11.1528,1099998690247,401910,2885,2885,0
7766,11.1528,1099998691126,401911,2885,2885,0
7767,11.1428,1099998690248,401910,2886,2886,0
7768,11.1428,1099998691127,401911,2886,2886,0
7769,11.1328,1099998690249,401910,2887,2887,0
7770,11.1328,1099998691128,401911,2887,2887,0
7771,11.1228,1099998690250,401910,2888,2888,0
7772,11.1228,1099998691129,401911,2888,2888,0
7773,11.1128,1099998690251,401910,2889,2889,0
7774,11.1128,1099998691130,401911,2889,2889,0
7775,11.1028,1099998690252,401910,2890,2890,0
7776,11.1028,1099998691131,401911,2890,2890,0
7777,11.0928,1099998690253,401910,2891,2891,0
7778,11.0928,1099998691132,401911,2891,2891,0
7779,11.0828,1099998690254,401910,2892,2892,0
7780,11.0828,1099998691133,401911,2892,2892,0
7781,11.0728,1099998690255,401910,2893,2893,0
7782,11.0728,1099998691134,401911,2893,2893,0
7783,11.0628,1099998690256,401910,2894,2894,0
7784,11.0628,1099998691135,401911,2894,2894,0
7785,11.0528,1099998690257,401910,2895,2895,0
7786,11.0528,1099998691136,401911,2895,2895,0
7787,11.0428,1099998690258,401910,2896,2896,0
7788,11.0428,1099998691137,401911,2896,2896,0
7789,11.0328,1099998690259,401910,2897,2897,0
7790,11.0328,1099998691138,401911,2897,2897,0
7791,11.0228,1099998690260,401910,2898,2898,0
7792,11.0228,1099998691139,401911,2898,2898,0
7793,11.0128,1099998690261,401910,2899,2899,0
7794,11.0128,1099998691140,401911,2899,2899,0
7795,11.0028,1099998690262,401910,2900,2900,0
7796,11.0028,1099998691141,401911,2900,2900,0
7797,10.9928,1099998690402,401910,2901,2901,0
7798,10.9928,1099998691170,401911,2901,2901,0
7799,10.9828,1099998690403,401910,2902,2902,0
7800,10.9828,1099998691171,401911,2902,2902,0
7801,10.9728,1099998690404,401910,2903,2903,0
7802,10.9728,1099998691172,401911,2903,2903,0
7803,10.9628,1099998690405,401910,2904,2904,0
7804,10.9628,1099998691173,401911,2904,2904,0
7805,10.9528,1099998690406,401910,2905,2905,0
7806,10.9528,1099998691174,401911,2905,2905,0
7807,10.9428,1099998690407,401910,2906,2906,0
7808,10.9428,1099998691175,401911,2906,2906,0
7809,10.9328,1099998690408,401910,2907,2907,0
7810,10.9328,1099998691176,401911,2907,2907,0
7811,10.9228,1099998690409,401910,2908,2908,0
7812,10.9228,1099998691177,401911,2908,2908,0
7813,10.9128,1099998690410,401910,2909,2909,0
7814,10.9128,1099998691178,401911,2909,2909,0
7815,10.9028,1099998690411,401910,2910,2910,0
7816,10.9028,1099998691179,401911,2910,2910,0
7817,10.8928,1099998690412,401910,2911,2911,0
7818,10.8928,1099998691180,401911,2911,2911,0
7819,10.8828,1099998690413,401910,2912,2912,0
7820,10.8828,1099998691181,401911,2912,2912,0
7821,10.8728,1099998690414,401910,2913,2913,0
7822,10.8728,1099998691182,401911,2913,2913,0
7823,10.8628,1099998690415,401910,2914,2914,0
7824,10.8628,1099998691183,401911,2914,2914,0
7825,10.8528,1099998690416,401910,2915,2915,0
7826,10.8528,1099998691184,401911,2915,2915,0
7827,10.8428,1099998690417,401910,2916,2916,0
7828,10.8428,1099998691185,401911,2916,2916,0
7829,10.8328,1099998690418,401910,2917,2917,0
7830,10.8328,1099998691186,401911,2917,2917,0
7831,10.8228,1099998690419,401910,2918,2918,0
7832,10.8228,1099998691187,401911,2918,2918,0
7833,10.8128,1099998690420,401910,2919,2919,0
7834,10.8128,1099998691188,401911,2919,2919,0
7835,10.8028,1099998690421,401910,2920,2920,0
7836,10.8028,1099998691189,401911,2920,2920,0
7837,10.7926,1099998690422,401910,2921,2921,0
7838,10.7926,1099998691190,401911,2921,2921,0
7839,10.7826,1099998690423,401910,2922,2922,0
7840,10.7826,1099998691191,401911,2922,2922,0
7841,10.7726,1099998690424,401910,2923,2923,0
7842,10.7726,1099998691192,401911,2923,2923,0
7843,10.7626,1099998690425,401910,2924,2924,0
7844,10.7626,1099998691193,401911,2924,2924,0
7845,10.7526,1099998690426,401910,2925,2925,0
7846,10.7526,1099998691194,401911,2925,2925,0
7847,10.7426,1099998690427,401910,2926,2926,0
7848,10.7426,1099998691195,401911,2926,2926,0
7849,10.7326,1099998690428,401910,2927,2927,0
7850,10.7326,1099998691196,401911,2927,2927,0
7851,10.7226,1099998690429,401910,2928,2928,0
7852,10.7226,1099998691197,401911,2928,2928,0
7853,10.7126,1099998690430,401910,2929,2929,0
7854,10.7126,1099998691198,401911,2929,2929,0
7855,10.7026,1099998690431,401910,2930,2930,0
7856,10.7026,1099998691199,401911,2930,2930,0
7857,10.6926,1099998690432,401910,2931,2931,0
7858,10.6926,1099998691200,401911,2931,2931,0
7859,10.6826,1099998690433,401910,2932,2932,0
7860,10.6826,1099998691201,401911,2932,2932,0
7861,10.6726,1099998690434,401910,2933,2933,0
7862,10.6726,1099998691202,401911,2933,2933,0
7863,10.6626,1099998690435,401910,2934,2934,0
7864,10.6626,1099998691203,401911,2934,2934,0
7865,10.6526,1099998690436,401910,2935,2935,0
7866,10.6526,1099998691204,401911,2935,2935,0
7867,10.6426,1099998690437,401910,2936,2936,0
7868,10.6426,1099998691205,401911,2936,2936,0
7869,10.6326,1099998690438,401910,2937,2937,0
7870,10.6326,1099998691206,401911,2937,2937,0
7871,10.6226,1099998690439,401910,2938,2938,0
7872,10.6226,1099998691207,401911,2938,2938,0
7873,10.6126,1099998690440,401910,2939,2939,0
7874,10.6126,1099998691208,401911,2939,2939,0
7875,10.6026,1099998690441,401910,2940,2940,0
7876,10.6026,1099998691209,401911,2940,2940,0
7877,10.5926,1099998690442,401910,2941,2941,0
7878,10.5926,1099998691210,401911,2941,2941,0
7879,10.5826,1099998690443,401910,2942,2942,0
7880,10.5826,1099998691211,401911,2942,2942,0
7881,10.5726,1099998690444,401910,2943,2943,0
7882,10.5726,1099998691212,401911,2943,2943,0
7883,10.5626,1099998690445,401910,2944,2944,0
7884,10.5626,1099998691213,401911,2944,2944,0
7885,10.5526,1099998690446,401910,2945,2945,0
7886,10.5526,1099998691214,401911,2945,2945,0
7887,10.5426,1099998690447,401910,2946,2946,0
7888,10.5426,1099998691215,401911,2946,2946,0
7889,10.5326,1099998690448,401910,2947,2947,0
7890,10.5326,1099998691216,401911,2947,2947,0
7891,10.5226,1099998690449,401910,2948,2948,0
7892,10.5226,1099998691217,401911,2948,2948,0
7893,10.5126,1099998690450,401910,2949,2949,0
7894,10.5126,1099998691218,401911,2949,2949,0
7895,10.5026,1099998690451,401910,2950,2950,0
7896,10.5026,1099998691219,401911,2950,2950,0
7897,10.4926,1099998690501,401910,2951,2951,0
7898,10.4926,1099998691231,401911,2951,2951,0
7899,10.4826,1099998690502,401910,2952,2952,0
7900,10.4826,1099998691232,401911,2952,2952,0
7901,10.4726,1099998690503,401910,2953,2953,0
7902,10.4726,1099998691233,401911,2953,2953,0
7903,10.4626,1099998690504,401910,2954,2954,0
7904,10.4626,1099998691234,401911,2954,2954,0
7905,10.4526,1099998690505,401910,2955,2955,0
7906,10.4526,1099998691235,401911,2955,2955,0
7907,10.4426,1099998690506,401910,2956,2956,0
7908,10.4426,1099998691236,401911,2956,2956,0
7909,10.4326,1099998690507,401910,2957,2957,0
7910,10.4326,1099998691237,401911,2957,2957,0
7911,10.4226,1099998690508,401910,2958,2958,0
7912,10.4226,1099998691238,401911,2958,2958,0
7913,10.4126,1099998690509,401910,2959,2959,0
7914,10.4126,1099998691239,401911,2959,2959,0
7915,10.4026,1099998690510,401910,2960,2960,0
7916,10.4026,1099998691240,401911,2960,2960,0
7917,10.3926,1099998690511,401910,2961,2961,0
7918,10.3926,1099998691241,401911,2961,2961,0
7919,10.3826,1099998690512,401910,2962,2962,0
7920,10.3826,1099998691242,401911,2962,2962,0
7921,10.3726,1099998690513,401910,2963,2963,0
7922,10.3726,1099998691243,401911,2963,2963,0
7923,10.3626,1099998690514,401910,2964,2964,0
7924,10.3626,1099998691244,401911,2964,2964,0
7925,10.3526,1099998690515,401910,2965,2965,0
7926,10.3526,1099998691245,401911,2965,2965,0
7927,10.3426,1099998690516,401910,2966,2966,0
7928,10.3426,1099998691246,401911,2966,2966,0
7929,10.3326,1099998690517,401910,2967,2967,0
7930,10.3326,1099998691247,401911,2967,2967,0
7931,10.3226,1099998690518,401910,2968,2968,0
7932,10.3226,1099998691248,401911,2968,2968,0
7933,10.3126,1099998690519,401910,2969,2969,0
7934,10.3126,1099998691249,401911,2969,2969,0
7935,10.3026,1099998690520,401910,2970,2970,0
7936,10.3026,1099998691250,401911,2970,2970,0
7937,10.2926,1099998690521,401910,2971,2971,0
7938,10.2926,1099998691251,401911,2971,2971,0
7939,10.2826,1099998690522,401910,2972,2972,0
7940,10.2826,1099998691252,401911,2972,2972,0
7941,10.2726,1099998690523,401910,2973,2973,0
7942,10.2726,1099998691253,401911,2973,2973,0
7943,10.2626,1099998690524,401910,2974,2974,0
7944,10.2626,1099998691254,401911,2974,2974,0
7945,10.2526,1099998690525,401910,2975,2975,0
7946,10.2526,1099998691255,401911,2975,2975,0
7947,10.2426,1099998690526,401910,2976,2976,0
7948,10.2426,1099998691256,401911,2976,2976,0
7949,10.2326,1099998690527,401910,2977,2977,0
7950,10.2326,1099998691257,401911,2977,2977,0
7951,10.2226,1099998690528,401910,2978,2978,0
7952,10.2226,1099998691258,401911,2978,2978,0
7953,10.2126,1099998690529,401910,2979,2979,0
7954,10.2126,1099998691259,401911,2979,2979,0
7955,10.2026,1099998690530,401910,2980,2980,0
7956,10.2026,1099998691260,401911,2980,2980,0
7957,10.1926,1099998690531,401910,2981,2981,0
7958,10.1926,1099998691261,401911,2981,2981,0
7959,10.1826,1099998690532,401910,2982,2982,0
7960,10.1826,1099998691262,401911,2982,2982,0
7961,10.1726,1099998690533,401910,2983,2983,0
7962,10.1726,1099998691263,401911,2983,2983,0
7963,10.1626,1099998690534,401910,2984,2984,0
7964,10.1626,1099998691264,401911,2984,2984,0
7965,10.1526,1099998690535,401910,2985,2985,0
7966,10.1526,1099998691265,401911,2985,2985,0
7967,10.1426,1099998690536,401910,2986,2986,0
7968,10.1426,1099998691266,401911,2986,2986,0
7969,10.1326,1099998690537,401910,2987,2987,0
7970,10.1326,1099998691267,401911,2987,2987,0
7971,10.1226,1099998690538,401910,2988,2988,0
7972,10.1226,1099998691268,401911,2988,2988,0
7973,10.1126,1099998690539,401910,2989,2989,0
7974,10.1126,1099998691269,401911,2989,2989,0
7975,10.1026,1099998690540,401910,2990,2990,0
7976,10.1026,1099998691270,401911,2990,2990,0
7977,10.0926,1099998690541,401910,2991,2991,0
7978,10.0926,1099998691271,401911,2991,2991,0
7979,10.0826,1099998690542,401910,2992,2992,0
7980,10.0826,1099998691272,401911,2992,2992,0
7981,10.0726,1099998690543,401910,2993,2993,0
7982,10.0726,1099998691273,401911,2993,2993,0
7983,10.0626,1099998690544,401910,2994,2994,0
7984,10.0626,1099998691274,401911,2994,2994,0
7985,10.0526,1099998690545,401910,2995,2995,0
7986,10.0526,1099998691275,401911,2995,2995,0
7987,10.0426,1099998690546,401910,2996,2996,0
7988,10.0426,1099998691276,401911,2996,2996,0
7989,10.0326,1099998690547,401910,2997,2997,0
7990,10.0326,1099998691277,401911,2997,2997,0
7991,10.0226,1099998690548,401910,2998,2998,0
7992,10.0226,1099998691278,401911,2998,2998,0
7993,10.0126,1099998690549,401910,2999,2999,0
7994,10.0126,1099998691279,401911,2999,2999,0
7995,10.0026,1099998690550,401910,3000,3000,0
7996,10.0026,1099998691280,401911,3000,3000,0
7997,9.9924,1099999037357,401911,3001,3001,0
7998,9.9924,1099999046789,401910,3001,3001,0
7999,9.9824,1099999037358,401911,3002,3002,0
8000,9.9824,1099999046790,401910,3002,3002,0
8001,9.9724,1099999037359,401911,3003,3003,0
8002,9.9724,1099999046791,401910,3003,3003,0
8003,9.9624,1099999037360,401911,3004,3004,0
8004,9.9624,1099999046792,401910,3004,3004,0
8005,9.9524,1099999037361,401911,3005,3005,0
8006,9.9524,1099999046793,401910,3005,3005,0
8007,9.9424,1099999037362,401911,3006,3006,0
8008,9.9424,1099999046794,401910,3006,3006,0
8009,9.9324,1099999037363,401911,3007,3007,0
8010,9.9324,1099999046795,401910,3007,3007,0
8011,9.9224,1099999037364,401911,3008,3008,0
8012,9.9224,1099999046796,401910,3008,3008,0
8013,9.9124,1099999037365,401911,3009,3009,0
8014,9.9124,1099999046797,401910,3009,3009,0
8015,9.9024,1099999037366,401911,3010,3010,0
8016,9.9024,1099999046798,401910,3010,3010,0
8017,9.8924,1099999037367,401911,3011,3011,0
8018,9.8924,1099999046799,401910,3011,3011,0
8019,9.8824,1099999037368,401911,3012,3012,0
8020,9.8824,1099999046800,401910,3012,3012,0
8021,9.8724,1099999037369,401911,3013,3013,0
8022,9.8724,1099999046801,401910,3013,3013,0
8023,9.8624,1099999037370,401911,3014,3014,0
8024,9.8624,1099999046802,401910,3014,3014,0
8025,9.8524,1099999037371,401911,3015,3015,0
8026,9.8524,1099999046803,401910,3015,3015,0
8027,9.8424,1099999037372,401911,3016,3016,0
8028,9.8424,1099999046804,401910,3016,3016,0
8029,9.8324,1099999037373,401911,3017,3017,0
8030,9.8324,1099999046805,401910,3017,3017,0
8031,9.8224,1099999037374,401911,3018,3018,0
8032,9.8224,1099999046806,401910,3018,3018,0
8033,9.8124,1099999037375,401911,3019,3019,0
8034,9.8124,1099999046807,401910,3019,3019,0
8035,9.8024,1099999037376,401911,3020,3020,0
8036,9.8024,1099999046808,401910,3020,3020,0
8037,9.7924,1099999037377,401911,3021,3021,0
8038,9.7924,1099999046809,401910,3021,3021,0
8039,9.7824,1099999037378,401911,3022,3022,0
8040,9.7824,1099999046810,401910,3022,3022,0
8041,9.7724,1099999037379,401911,3023,3023,0
8042,9.7724,1099999046811,401910,3023,3023,0
8043,9.7624,1099999037380,401911,3024,3024,0
8044,9.7624,1099999046812,401910,3024,3024,0
8045,9.7524,1099999037381,401911,3025,3025,0
8046,9.7524,1099999046813,401910,3025,3025,0
8047,9.7424,1099999037382,401911,3026,3026,0
8048,9.7424,1099999046814,401910,3026,3026,0
8049,9.7324,1099999037383,401911,3027,3027,0
8050,9.7324,1099999046815,401910,3027,3027,0
8051,9.7224,1099999037384,401911,3028,3028,0
8052,9.7224,1099999046816,401910,3028,3028,0
8053,9.7124,1099999037385,401911,3029,3029,0
8054,9.7124,1099999046817,401910,3029,3029,0
8055,9.7024,1099999037386,401911,3030,3030,0
8056,9.7024,1099999046818,401910,3030,3030,0
8057,9.6924,1099999037387,401911,3031,3031,0
8058,9.6924,1099999046819,401910,3031,3031,0
8059,9.6824,1099999037388,401911,3032,3032,0
8060,9.6824,1099999046820,401910,3032,3032,0
8061,9.6724,1099999037389,401911,3033,3033,0
8062,9.6724,1099999046821,401910,3033,3033,0
8063,9.6624,1099999037390,401911,3034,3034,0
8064,9.6624,1099999046822,401910,3034,3034,0
8065,9.6524,1099999037391,401911,3035,3035,0
8066,9.6524,1099999046823,401910,3035,3035,0
8067,9.6424,1099999037392,401911,3036,3036,0
8068,9.6424,1099999046824,401910,3036,3036,0
8069,9.6324,1099999037393,401911,3037,3037,0
8070,9.6324,1099999046825,401910,3037,3037,0
8071,9.6224,1099999037394,401911,3038,3038,0
8072,9.6224,1099999046826,401910,3038,3038,0
8073,9.6124,1099999037395,401911,3039,3039,0
8074,9.6124,1099999046827,401910,3039,3039,0
8075,9.6024,1099999037396,401911,3040,3040,0
8076,9.6024,1099999046828,401910,3040,3040,0
8077,9.5924,1099999037397,401911,3041,3041,0
8078,9.5924,1099999046829,401910,3041,3041,0
8079,9.5824,1099999037398,401911,3042,3042,0
8080,9.5824,1099999046830,401910,3042,3042,0
8081,9.5724,1099999037399,401911,3043,3043,0
8082,9.5724,1099999046831,401910,3043,3043,0
8083,9.5624,1099999037400,401911,3044,3044,0
8084,9.5624,1099999046832,401910,3044,3044,0
8085,9.5524,1099999037401,401911,3045,3045,0
8086,9.5524,1099999046833,401910,3045,3045,0
8087,9.5424,1099999037402,401911,3046,3046,0
8088,9.5424,1099999046834,401910,3046,3046,0
8089,9.5324,1099999037403,401911,3047,3047,0
8090,9.5324,1099999046835,401910,3047,3047,0
8091,9.5224,1099999037404,401911,3048,3048,0
8092,9.5224,1099999046836,401910,3048,3048,0
8093,9.5124,1099999037405,401911,3049,3049,0
8094,9.5124,1099999046837,401910,3049,3049,0
8095,9.5024,1099999037406,401911,3050,3050,0
8096,9.5024,1099999046838,401910,3050,3050,0
8097,9.4924,1099999037423,401911,3051,3051,0
8098,9.4924,1099999046938,401910,3051,3051,0
8099,9.4824,1099999037424,401911,3052,3052,0
8100,9.4824,1099999046939,401910,3052,3052,0
8101,9.4724,1099999037425,401911,3053,3053,0
8102,9.4724,1099999046940,401910,3053,3053,0
8103,9.4624,1099999037426,401911,3054,3054,0
8104,9.4624,1099999046941,401910,3054,3054,0
8105,9.4524,1099999037427,401911,3055,3055,0
8106,9.4524,1099999046942,401910,3055,3055,0
8107,9.4424,1099999037428,401911,3056,3056,0
8108,9.4424,1099999046943,401910,3056,3056,0
8109,9.4324,1099999037429,401911,3057,3057,0
8110,9.4324,1099999046944,401910,3057,3057,0
8111,9.4224,1099999037430,401911,3058,3058,0
8112,9.4224,1099999046945,401910,3058,3058,0
8113,9.4124,1099999037431,401911,3059,3059,0
8114,9.4124,1099999046946,401910,3059,3059,0
8115,9.4024,1099999037432,401911,3060,3060,0
8116,9.4024,1099999046947,401910,3060,3060,0
8117,9.3924,1099999037433,401911,3061,3061,0
8118,9.3924,1099999046948,401910,3061,3061,0
8119,9.3824,1099999037434,401911,3062,3062,0
8120,9.3824,1099999046949,401910,3062,3062,0
8121,9.3724,1099999037435,401911,3063,3063,0
8122,9.3724,1099999046950,401910,3063,3063,0
8123,9.3624,1099999037436,401911,3064,3064,0
8124,9.3624,1099999046951,401910,3064,3064,0
8125,9.3524,1099999037437,401911,3065,3065,0
8126,9.3524,1099999046952,401910,3065,3065,0
8127,9.3424,1099999037438,401911,3066,3066,0
8128,9.3424,1099999046953,401910,3066,3066,0
8129,9.3324,1099999037439,401911,3067,3067,0
8130,9.3324,1099999046954,401910,3067,3067,0
8131,9.3224,1099999037440,401911,3068,3068,0
8132,9.3224,1099999046955,401910,3068,3068,0
8133,9.3124,1099999037441,401911,3069,3069,0
8134,9.3124,1099999046956,401910,3069,3069,0
8135,9.3024,1099999037442,401911,3070,3070,0
8136,9.3024,1099999046957,401910,3070,3070,0
8137,9.2924,1099999037443,401911,3071,3071,0
8138,9.2924,1099999046958,401910,3071,3071,0
8139,9.2824,1099999037444,401911,3072,3072,0
8140,9.2824,1099999046959,401910,3072,3072,0
8141,9.2724,1099999037445,401911,3073,3073,0
8142,9.2724,1099999046960,401910,3073,3073,0
8143,9.2624,1099999037446,401911,3074,3074,0
8144,9.2624,1099999046961,401910,3074,3074,0
8145,9.2524,1099999037447,401911,3075,3075,0
8146,9.2524,1099999046962,401910,3075,3075,0
8147,9.2424,1099999037448,401911,3076,3076,0
8148,9.2424,1099999046963,401910,3076,3076,0
8149,9.2324,1099999037449,401911,3077,3077,0
8150,9.2324,1099999046964,401910,3077,3077,0
8151,9.2224,1099999037450,401911,3078,3078,0
8152,9.2224,1099999046965,401910,3078,3078,0
8153,9.2124,1099999037451,401911,3079,3079,0
8154,9.2124,1099999046966,401910,3079,3079,0
8155,9.2024,1099999037452,401911,3080,3080,0
8156,9.2024,1099999046967,401910,3080,3080,0
8157,9.1922,1099999037453,401911,3081,3081,0
8158,9.1922,1099999046968,401910,3081,3081,0
8159,9.1822,1099999037454,401911,3082,3082,0
8160,9.1822,1099999046969,401910,3082,3082,0
8161,9.1722,1099999037455,401911,3083,3083,0
8162,9.1722,1099999046970,401910,3083,3083,0
8163,9.1622,1099999037456,401911,3084,3084,0
8164,9.1622,1099999046971,401910,3084,3084,0
8165,9.1522,1099999037457,401911,3085,3085,0
8166,9.1522,1099999046972,401910,3085,3085,0
8167,9.1422,1099999037458,401911,3086,3086,0
8168,9.1422,1099999046973,401910,3086,3086,0
8169,9.1322,1099999037459,401911,3087,3087,0
8170,9.1322,1099999046974,401910,3087,3087,0
8171,9.1222,1099999037460,401911,3088,3088,0
8172,9.1222,1099999046975,401910,3088,3088,0
8173,9.1122,1099999037461,401911,3089,3089,0
8174,9.1122,1099999046976,401910,3089,3089,0
8175,9.1022,1099999037462,401911,3090,3090,0
8176,9.1022,1099999046977,401910,3090,3090,0
8177,9.0922,1099999037463,401911,3091,3091,0
8178,9.0922,1099999046978,401910,3091,3091,0
8179,9.0822,1099999037464,401911,3092,3092,0
8180,9.0822,1099999046979,401910,3092,3092,0
8181,9.0722,1099999037465,401911,3093,3093,0
8182,9.0722,1099999046980,401910,3093,3093,0
8183,9.0622,1099999037466,401911,3094,3094,0
8184,9.0622,1099999046981,401910,3094,3094,0
8185,9.0522,1099999037467,401911,3095,3095,0
8186,9.0522,1099999046982,401910,3095,3095,0
8187,9.0422,1099999037468,401911,3096,3096,0
8188,9.0422,1099999046983,401910,3096,3096,0
8189,9.0322,1099999037469,401911,3097,3097,0
8190,9.0322,1099999046984,401910,3097,3097,0
8191,9.0222,1099999037470,401911,3098,3098,0
8192,9.0222,1099999046985,401910,3098,3098,0
8193,9.0122,1099999037471,401911,3099,3099,0
8194,9.0122,1099999046986,401910,3099,3099,0
8195,9.0022,1099999037472,401911,3100,3100,0
8196,9.0022,1099999046987,401910,3100,3100,0
8197,8.9922,1099999037511,401911,3101,3101,0
8198,8.9922,1099999047454,401910,3101,3101,0
8199,8.9822,1099999037512,401911,3102,3102,0
8200,8.9822,1099999047455,401910,3102,3102,0
8201,8.9722,1099999037513,401911,3103,3103,0
8202,8.9722,1099999047456,401910,3103,3103,0
8203,8.9622,1099999037514,401911,3104,3104,0
8204,8.9622,1099999047457,401910,3104,3104,0
8205,8.9522,1099999037515,401911,3105,3105,0
8206,8.9522,1099999047458,401910,3105,3105,0
8207,8.9422,1099999037516,401911,3106,3106,0
8208,8.9422,1099999047459,401910,3106,3106,0
8209,8.9322,1099999037517,401911,3107,3107,0
8210,8.9322,1099999047460,401910,3107,3107,0
8211,8.9222,1099999037518,401911,3108,3108,0
8212,8.9222,1099999047461,401910,3108,3108,0
8213,8.9122,1099999037519,401911,3109,3109,0
8214,8.9122,1099999047462,401910,3109,3109,0
8215,8.9022,1099999037520,401911,3110,3110,0
8216,8.9022,1099999047463,401910,3110,3110,0
8217,8.8922,1099999037521,401911,3111,3111,0
8218,8.8922,1099999047464,401910,3111,3111,0
8219,8.8822,1099999037522,401911,3112,3112,0
8220,8.8822,1099999047465,401910,3112,3112,0
8221,8.8722,1099999037523,401911,3113,3113,0
8222,8.8722,1099999047466,401910,3113,3113,0
8223,8.8622,1099999037524,401911,3114,3114,0
8224,8.8622,1099999047467,401910,3114,3114,0
8225,8.8522,1099999037525,401911,3115,3115,0
8226,8.8522,1099999047468,401910,3115,3115,0
8227,8.8422,1099999037526,401911,3116,3116,0
8228,8.8422,1099999047469,401910,3116,3116,0
8229,8.8322,1099999037527,401911,3117,3117,0
8230,8.8322,1099999047470,401910,3117,3117,0
8231,8.8222,1099999037528,401911,3118,3118,0
8232,8.8222,1099999047471,401910,3118,3118,0
8233,8.8122,1099999037529,401911,3119,3119,0
8234,8.8122,1099999047472,401910,3119,3119,0
8235,8.8022,1099999037530,401911,3120,3120,0
8236,8.8022,1099999047473,401910,3120,3120,0
8237,8.7922,1099999037531,401911,3121,3121,0
8238,8.7922,1099999047474,401910,3121,3121,0
8239,8.7822,1099999037532,401911,3122,3122,0
8240,8.7822,1099999047475,401910,3122,3122,0
8241,8.7722,1099999037533,401911,3123,3123,0
8242,8.7722,1099999047476,401910,3123,3123,0
8243,8.7622,1099999037534,401911,3124,3124,0
8244,8.7622,1099999047477,401910,3124,3124,0
8245,8.7522,1099999037535,401911,3125,3125,0
8246,8.7522,1099999047478,401910,3125,3125,0
8247,8.7422,1099999037536,401911,3126,3126,0
8248,8.7422,1099999047479,401910,3126,3126,0
8249,8.7322,1099999037537,401911,3127,3127,0
8250,8.7322,1099999047480,401910,3127,3127,0
8251,8.7222,1099999037538,401911,3128,3128,0
8252,8.7222,1099999047481,401910,3128,3128,0
8253,8.7122,1099999037539,401911,3129,3129,0
8254,8.7122,1099999047482,401910,3129,3129,0
8255,8.7022,1099999037540,401911,3130,3130,0
8256,8.7022,1099999047483,401910,3130,3130,0
8257,8.6922,1099999037541,401911,3131,3131,0
8258,8.6922,1099999047484,401910,3131,3131,0
8259,8.6822,1099999037542,401911,3132,3132,0
8260,8.6822,1099999047485,401910,3132,3132,0
8261,8.6722,1099999037543,401911,3133,3133,0
8262,8.6722,1099999047486,401910,3133,3133,0
8263,8.6622,1099999037544,401911,3134,3134,0
8264,8.6622,1099999047487,401910,3134,3134,0
8265,8.6522,1099999037545,401911,3135,3135,0
8266,8.6522,1099999047488,401910,3135,3135,0
8267,8.6422,1099999037546,401911,3136,3136,0
8268,8.6422,1099999047489,401910,3136,3136,0
8269,8.6322,1099999037547,401911,3137,3137,0
8270,8.6322,1099999047490,401910,3137,3137,0
8271,8.6222,1099999037548,401911,3138,3138,0
8272,8.6222,1099999047491,401910,3138,3138,0
8273,8.6122,1099999037549,401911,3139,3139,0
8274,8.6122,1099999047492,401910,3139,3139,0
8275,8.6022,1099999037550,401911,3140,3140,0
8276,8.6022,1099999047493,401910,3140,3140,0
8277,8.5922,1099999037551,401911,3141,3141,0
8278,8.5922,1099999047494,401910,3141,3141,0
8279,8.5822,1099999037552,401911,3142,3142,0
8280,8.5822,1099999047495,401910,3142,3142,0
8281,8.5722,1099999037553,401911,3143,3143,0
8282,8.5722,1099999047496,401910,3143,3143,0
8283,8.5622,1099999037554,401911,3144,3144,0
8284,8.5622,1099999047497,401910,3144,3144,0
8285,8.5522,1099999037555,401911,3145,3145,0
8286,8.5522,1099999047498,401910,3145,3145,0
8287,8.5422,1099999037556,401911,3146,3146,0
8288,8.5422,1099999047499,401910,3146,3146,0
8289,8.5322,1099999037557,401911,3147,3147,0
8290,8.5322,1099999047500,401910,3147,3147,0
8291,8.5222,1099999037558,401911,3148,3148,0
8292,8.5222,1099999047501,401910,3148,3148,0
8293,8.5122,1099999037559,401911,3149,3149,0
8294,8.5122,1099999047502,401910,3149,3149,0
8295,8.5022,1099999037560,401911,3150,3150,0
8296,8.5022,1099999047503,401910,3150,3150,0
8297,8.4922,1099999037567,401911,3151,3151,0
8298,8.4922,1099999047894,401910,3151,3151,0
8299,8.4822,1099999037568,401911,3152,3152,0
8300,8.4822,1099999047895,401910,3152,3152,0
8301,8.4722,1099999037569,401911,3153,3153,0
8302,8.4722,1099999047896,401910,3153,3153,0
8303,8.4622,1099999037570,401911,3154,3154,0
8304,8.4622,1099999047897,401910,3154,3154,0
8305,8.4522,1099999037571,401911,3155,3155,0
8306,8.4522,1099999047898,401910,3155,3155,0
8307,8.4422,1099999037572,401911,3156,3156,0
8308,8.4422,1099999047899,401910,3156,3156,0
8309,8.4322,1099999037573,401911,3157,3157,0
8310,8.4322,1099999047900,401910,3157,3157,0
8311,8.4222,1099999037574,401911,3158,3158,0
8312,8.4222,1099999047901,401910,3158,3158,0
8313,8.4122,1099999037575,401911,3159,3159,0
8314,8.4122,1099999047902,401910,3159,3159,0
8315,8.4022,1099999037576,401911,3160,3160,0
8316,8.4022,1099999047903,401910,3160,3160,0
8317,8.392,1099999037577,401911,3161,3161,0
8318,8.392,1099999047904,401910,3161,3161,0
8319,8.382,1099999037578,401911,3162,3162,0
8320,8.382,1099999047905,401910,3162,3162,0
8321,8.372,1099999037579,401911,3163,3163,0
8322,8.372,1099999047906,401910,3163,3163,0
8323,8.362,1099999037580,401911,3164,3164,0
8324,8.362,1099999047907,401910,3164,3164,0
8325,8.352,1099999037581,401911,3165,3165,0
8326,8.352,1099999047908,401910,3165,3165,0
8327,8.342,1099999037582,401911,3166,3166,0
8328,8.342,1099999047909,401910,3166,3166,0
8329,8.332,1099999037583,401911,3167,3167,0
8330,8.332,1099999047910,401910,3167,3167,0
8331,8.322,1099999037584,401911,3168,3168,0
8332,8.322,1099999047911,401910,3168,3168,0
8333,8.312,1099999037585,401911,3169,3169,0
8334,8.312,1099999047912,401910,3169,3169,0
8335,8.302,1099999037586,401911,3170,3170,0
8336,8.302,1099999047913,401910,3170,3170,0
8337,8.292,1099999037587,401911,3171,3171,0
8338,8.292,1099999047914,401910,3171,3171,0
8339,8.282,1099999037588,401911,3172,3172,0
8340,8.282,1099999047915,401910,3172,3172,0
8341,8.272,1099999037589,401911,3173,3173,0
8342,8.272,1099999047916,401910,3173,3173,0
8343,8.262,1099999037590,401911,3174,3174,0
8344,8.262,1099999047917,401910,3174,3174,0
8345,8.252,1099999037591,401911,3175,3175,0
8346,8.252,1099999047918,401910,3175,3175,0
8347,8.242,1099999037592,401911,3176,3176,0
8348,8.242,1099999047919,401910,3176,3176,0
8349,8.232,1099999037593,401911,3177,3177,0
8350,8.232,1099999047920,401910,3177,3177,0
8351,8.222,1099999037594,401911,3178,3178,0
8352,8.222,1099999047921,401910,3178,3178,0
8353,8.212,1099999037595,401911,3179,3179,0
8354,8.212,1099999047922,401910,3179,3179,0
8355,8.202,1099999037596,401911,3180,3180,0
8356,8.202,1099999047923,401910,3180,3180,0
8357,8.192,1099999037597,401911,3181,3181,0
8358,8.192,1099999047924,401910,3181,3181,0
8359,8.182,1099999037598,401911,3182,3182,0
8360,8.182,1099999047925,401910,3182,3182,0
8361,8.172,1099999037599,401911,3183,3183,0
8362,8.172,1099999047926,401910,3183,3183,0
8363,8.162,1099999037600,401911,3184,3184,0
8364,8.162,1099999047927,401910,3184,3184,0
8365,8.152,1099999037601,401911,3185,3185,0
8366,8.152,1099999047928,401910,3185,3185,0
8367,8.142,1099999037602,401911,3186,3186,0
8368,8.142,1099999047929,401910,3186,3186,0
8369,8.132,1099999037603,401911,3187,3187,0
8370,8.132,1099999047930,401910,3187,3187,0
8371,8.122,1099999037604,401911,3188,3188,0
8372,8.122,1099999047931,401910,3188,3188,0
8373,8.112,1099999037605,401911,3189,3189,0
8374,8.112,1099999047932,401910,3189,3189,0
8375,8.102,1099999037606,401911,3190,3190,0
8376,8.102,1099999047933,401910,3190,3190,0
8377,8.092,1099999037607,401911,3191,3191,0
8378,8.092,1099999047934,401910,3191,3191,0
8379,8.082,1099999037608,401911,3192,3192,0
8380,8.082,1099999047935,401910,3192,3192,0
8381,8.072,1099999037609,401911,3193,3193,0
8382,8.072,1099999047936,401910,3193,3193,0
8383,8.062,1099999037610,401911,3194,3194,0
8384,8.062,1099999047937,401910,3194,3194,0
8385,8.052,1099999037611,401911,3195,3195,0
8386,8.052,1099999047938,401910,3195,3195,0
8387,8.042,1099999037612,401911,3196,3196,0
8388,8.042,1099999047939,401910,3196,3196,0
8389,8.032,1099999037613,401911,3197,3197,0
8390,8.032,1099999047940,401910,3197,3197,0
8391,8.022,1099999037614,401911,3198,3198,0
8392,8.022,1099999047941,401910,3198,3198,0
8393,8.012,1099999037615,401911,3199,3199,0
8394,8.012,1099999047942,401910,3199,3199,0
8395,8.002,1099999037616,401911,3200,3200,0
8396,8.002,1099999047943,401910,3200,3200,0
8397,7.992,1099999037885,401911,3201,3201,0
8398,7.992,1099999048040,401910,3201,3201,0
8399,7.982,1099999037886,401911,3202,3202,0
8400,7.982,1099999048041,401910,3202,3202,0
8401,7.972,1099999037887,401911,3203,3203,0
8402,7.972,1099999048042,401910,3203,3203,0
8403,7.962,1099999037888,401911,3204,3204,0
8404,7.962,1099999048043,401910,3204,3204,0
8405,7.952,1099999037889,401911,3205,3205,0
8406,7.952,1099999048044,401910,3205,3205,0
8407,7.942,1099999037890,401911,3206,3206,0
8408,7.942,1099999048045,401910,3206,3206,0
8409,7.932,1099999037891,401911,3207,3207,0
8410,7.932,1099999048046,401910,3207,3207,0
8411,7.922,1099999037892,401911,3208,3208,0
8412,7.922,1099999048047,401910,3208,3208,0
8413,7.912,1099999037893,401911,3209,3209,0
8414,7.912,1099999048048,401910,3209,3209,0
8415,7.902,1099999037894,401911,3210,3210,0
8416,7.902,1099999048049,401910,3210,3210,0
8417,7.892,1099999037895,401911,3211,3211,0
8418,7.892,1099999048050,401910,3211,3211,0
8419,7.882,1099999037896,401911,3212,3212,0
8420,7.882,1099999048051,401910,3212,3212,0
8421,7.872,1099999037897,401911,3213,3213,0
8422,7.872,1099999048052,401910,3213,3213,0
8423,7.862,1099999037898,401911,3214,3214,0
8424,7.862,1099999048053,401910,3214,3214,0
8425,7.852,1099999037899,401911,3215,3215,0
8426,7.852,1099999048054,401910,3215,3215,0
8427,7.842,1099999037900,401911,3216,3216,0
8428,7.842,1099999048055,401910,3216,3216,0
8429,7.832,1099999037901,401911,3217,3217,0
8430,7.832,1099999048056,401910,3217,3217,0
8431,7.822,1099999037902,401911,3218,3218,0
8432,7.822,1099999048057,401910,3218,3218,0
8433,7.812,1099999037903,401911,3219,3219,0
8434,7.812,1099999048058,401910,3219,3219,0
8435,7.802,1099999037904,401911,3220,3220,0
8436,7.802,1099999048059,401910,3220,3220,0
8437,7.792,1099999037905,401911,3221,3221,0
8438,7.792,1099999048060,401910,3221,3221,0
8439,7.782,1099999037906,401911,3222,3222,0
8440,7.782,1099999048061,401910,3222,3222,0
8441,7.772,1099999037907,401911,3223,3223,0
8442,7.772,1099999048062,401910,3223,3223,0
8443,7.762,1099999037908,401911,3224,3224,0
8444,7.762,1099999048063,401910,3224,3224,0
8445,7.752,1099999037909,401911,3225,3225,0
8446,7.752,1099999048064,401910,3225,3225,0
8447,7.742,1099999037910,401911,3226,3226,0
8448,7.742,1099999048065,401910,3226,3226,0
8449,7.732,1099999037911,401911,3227,3227,0
8450,7.732,1099999048066,401910,3227,3227,0
8451,7.722,1099999037912,401911,3228,3228,0
8452,7.722,1099999048067,401910,3228,3228,0
8453,7.712,1099999037913,401911,3229,3229,0
8454,7.712,1099999048068,401910,3229,3229,0
8455,7.702,1099999037914,401911,3230,3230,0
8456,7.702,1099999048069,401910,3230,3230,0
8457,7.692,1099999037915,401911,3231,3231,0
8458,7.692,1099999048070,401910,3231,3231,0
8459,7.682,1099999037916,401911,3232,3232,0
8460,7.682,1099999048071,401910,3232,3232,0
8461,7.672,1099999037917,401911,3233,3233,0
8462,7.672,1099999048072,401910,3233,3233,0
8463,7.662,1099999037918,401911,3234,3234,0
8464,7.662,1099999048073,401910,3234,3234,0
8465,7.652,1099999037919,401911,3235,3235,0
8466,7.652,1099999048074,401910,3235,3235,0
8467,7.642,1099999037920,401911,3236,3236,0
8468,7.642,1099999048075,401910,3236,3236,0
8469,7.632,1099999037921,401911,3237,3237,0
8470,7.632,1099999048076,401910,3237,3237,0
8471,7.622,1099999037922,401911,3238,3238,0
8472,7.622,1099999048077,401910,3238,3238,0
8473,7.612,1099999037923,401911,3239,3239,0
8474,7.612,1099999048078,401910,3239,3239,0
8475,7.602,1099999037924,401911,3240,3240,0
8476,7.602,1099999048079,401910,3240,3240,0
8477,7.5918,1099999037925,401911,3241,3241,0
8478,7.5918,1099999048080,401910,3241,3241,0
8479,7.5818,1099999037926,401911,3242,3242,0
8480,7.5818,1099999048081,401910,3242,3242,0
8481,7.5718,1099999037927,401911,3243,3243,0
8482,7.5718,1099999048082,401910,3243,3243,0
8483,7.5618,1099999037928,401911,3244,3244,0
8484,7.5618,1099999048083,401910,3244,3244,0
8485,7.5518,1099999037929,401911,3245,3245,0
8486,7.5518,1099999048084,401910,3245,3245,0
8487,7.5418,1099999037930,401911,3246,3246,0
8488,7.5418,1099999048085,401910,3246,3246,0
8489,7.5318,1099999037931,401911,3247,3247,0
8490,7.5318,1099999048086,401910,3247,3247,0
8491,7.5218,1099999037932,401911,3248,3248,0
8492,7.5218,1099999048087,401910,3248,3248,0
8493,7.5118,1099999037933,401911,3249,3249,0
8494,7.5118,1099999048088,401910,3249,3249,0
8495,7.5018,1099999037934,401911,3250,3250,0
8496,7.5018,1099999048089,401910,3250,3250,0
8497,7.4918,1099999037943,401911,3251,3251,0
8498,7.4918,1099999048096,401910,3251,3251,0
8499,7.4818,1099999037944,401911,3252,3252,0
8500,7.4818,1099999048097,401910,3252,3252,0
8501,7.4718,1099999037945,401911,3253,3253,0
8502,7.4718,1099999048098,401910,3253,3253,0
8503,7.4618,1099999037946,401911,3254,3254,0
8504,7.4618,1099999048099,401910,3254,3254,0
8505,7.4518,1099999037947,401911,3255,3255,0
8506,7.4518,1099999048100,401910,3255,3255,0
8507,7.4418,1099999037948,401911,3256,3256,0
8508,7.4418,1099999048101,401910,3256,3256,0
8509,7.4318,1099999037949,401911,3257,3257,0
8510,7.4318,1099999048102,401910,3257,3257,0
8511,7.4218,1099999037950,401911,3258,3258,0
8512,7.4218,1099999048103,401910,3258,3258,0
8513,7.4118,1099999037951,401911,3259,3259,0
8514,7.4118,1099999048104,401910,3259,3259,0
8515,7.4018,1099999037952,401911,3260,3260,0
8516,7.4018,1099999048105,401910,3260,3260,0
8517,7.3918,1099999037953,401911,3261,3261,0
8518,7.3918,1099999048106,401910,3261,3261,0
8519,7.3818,1099999037954,401911,3262,3262,0
8520,7.3818,1099999048107,401910,3262,3262,0
8521,7.3718,1099999037955,401911,3263,3263,0
8522,7.3718,1099999048108,401910,3263,3263,0
8523,7.3618,1099999037956,401911,3264,3264,0
8524,7.3618,1099999048109,401910,3264,3264,0
8525,7.3518,1099999037957,401911,3265,3265,0
8526,7.3518,1099999048110,401910,3265,3265,0
8527,7.3418,1099999037958,401911,3266,3266,0
8528,7.3418,1099999048111,401910,3266,3266,0
8529,7.3318,1099999037959,401911,3267,3267,0
8530,7.3318,1099999048112,401910,3267,3267,0
8531,7.3218,1099999037960,401911,3268,3268,0
8532,7.3218,1099999048113,401910,3268,3268,0
8533,7.3118,1099999037961,401911,3269,3269,0
8534,7.3118,1099999048114,401910,3269,3269,0
8535,7.3018,1099999037962,401911,3270,3270,0
8536,7.3018,1099999048115,401910,3270,3270,0
8537,7.2918,1099999037963,401911,3271,3271,0
8538,7.2918,1099999048116,401910,3271,3271,0
8539,7.2818,1099999037964,401911,3272,3272,0
8540,7.2818,1099999048117,401910,3272,3272,0
8541,7.2718,1099999037965,401911,3273,3273,0
8542,7.2718,1099999048118,401910,3273,3273,0
8543,7.2618,1099999037966,401911,3274,3274,0
8544,7.2618,1099999048119,401910,3274,3274,0
8545,7.2518,1099999037967,401911,3275,3275,0
8546,7.2518,1099999048120,401910,3275,3275,0
8547,7.2418,1099999037968,401911,3276,3276,0
8548,7.2418,1099999048121,401910,3276,3276,0
8549,7.2318,1099999037969,401911,3277,3277,0
8550,7.2318,1099999048122,401910,3277,3277,0
8551,7.2218,1099999037970,401911,3278,3278,0
8552,7.2218,1099999048123,401910,3278,3278,0
8553,7.2118,1099999037971,401911,3279,3279,0
8554,7.2118,1099999048124,401910,3279,3279,0
8555,7.2018,1099999037972,401911,3280,3280,0
8556,7.2018,1099999048125,401910,3280,3280,0
8557,7.1918,1099999037973,401911,3281,3281,0
8558,7.1918,1099999048126,401910,3281,3281,0
8559,7.1818,1099999037974,401911,3282,3282,0
8560,7.1818,1099999048127,401910,3282,3282,0
8561,7.1718,1099999037975,401911,3283,3283,0
8562,7.1718,1099999048128,401910,3283,3283,0
8563,7.1618,1099999037976,401911,3284,3284,0
8564,7.1618,1099999048129,401910,3284,3284,0
8565,7.1518,1099999037977,401911,3285,3285,0
8566,7.1518,1099999048130,401910,3285,3285,0
8567,7.1418,1099999037978,401911,3286,3286,0
8568,7.1418,1099999048131,401910,3286,3286,0
8569,7.1318,1099999037979,401911,3287,3287,0
8570,7.1318,1099999048132,401910,3287,3287,0
8571,7.1218,1099999037980,401911,3288,3288,0
8572,7.1218,1099999048133,401910,3288,3288,0
8573,7.1118,1099999037981,401911,3289,3289,0
8574,7.1118,1099999048134,401910,3289,3289,0
8575,7.1018,1099999037982,401911,3290,3290,0
8576,7.1018,1099999048135,401910,3290,3290,0
8577,7.0918,1099999037983,401911,3291,3291,0
8578,7.0918,1099999048136,401910,3291,3291,0
8579,7.0818,1099999037984,401911,3292,3292,0
8580,7.0818,1099999048137,401910,3292,3292,0
8581,7.0718,1099999037985,401911,3293,3293,0
8582,7.0718,1099999048138,401910,3293,3293,0
8583,7.0618,1099999037986,401911,3294,3294,0
8584,7.0618,1099999048139,401910,3294,3294,0
8585,7.0518,1099999037987,401911,3295,3295,0
8586,7.0518,1099999048140,401910,3295,3295,0
8587,7.0418,1099999037988,401911,3296,3296,0
8588,7.0418,1099999048141,401910,3296,3296,0
8589,7.0318,1099999037989,401911,3297,3297,0
8590,7.0318,1099999048142,401910,3297,3297,0
8591,7.0218,1099999037990,401911,3298,3298,0
8592,7.0218,1099999048143,401910,3298,3298,0
8593,7.0118,1099999037991,401911,3299,3299,0
8594,7.0118,1099999048144,401910,3299,3299,0
8595,7.0018,1099999037992,401911,3300,3300,0
8596,7.0018,1099999048145,401910,3300,3300,0
8597,6.9918,1099999038009,401911,3301,3301,0
8598,6.9918,1099999048150,401910,3301,3301,0
8599,6.9818,1099999038010,401911,3302,3302,0
8600,6.9818,1099999048151,401910,3302,3302,0
8601,6.9718,1099999038011,401911,3303,3303,0
8602,6.9718,1099999048152,401910,3303,3303,0
8603,6.9618,1099999038012,401911,3304,3304,0
8604,6.9618,1099999048153,401910,3304,3304,0
8605,6.9518,1099999038013,401911,3305,3305,0
8606,6.9518,1099999048154,401910,3305,3305,0
8607,6.9418,1099999038014,401911,3306,3306,0
8608,6.9418,1099999048155,401910,3306,3306,0
8609,6.9318,1099999038015,401911,3307,3307,0
8610,6.9318,1099999048156,401910,3307,3307,0
8611,6.9218,1099999038016,401911,3308,3308,0
8612,6.9218,1099999048157,401910,3308,3308,0
8613,6.9118,1099999038017,401911,3309,3309,0
8614,6.9118,1099999048158,401910,3309,3309,0
8615,6.9018,1099999038018,401911,3310,3310,0
8616,6.9018,1099999048159,401910,3310,3310,0
8617,6.8918,1099999038019,401911,3311,3311,0
8618,6.8918,1099999048160,401910,3311,3311,0
8619,6.8818,1099999038020,401911,3312,3312,0
8620,6.8818,1099999048161,401910,3312,3312,0
8621,6.8718,1099999038021,401911,3313,3313,0
8622,6.8718,1099999048162,401910,3313,3313,0
8623,6.8618,1099999038022,401911,3314,3314,0
8624,6.8618,1099999048163,401910,3314,3314,0
8625,6.8518,1099999038023,401911,3315,3315,0
8626,6.8518,1099999048164,401910,3315,3315,0
8627,6.8418,1099999038024,401911,3316,3316,0
8628,6.8418,1099999048165,401910,3316,3316,0
8629,6.8318,1099999038025,401911,3317,3317,0
8630,6.8318,1099999048166,401910,3317,3317,0
8631,6.8218,1099999038026,401911,3318,3318,0
8632,6.8218,1099999048167,401910,3318,3318,0
8633,6.8118,1099999038027,401911,3319,3319,0
8634,6.8118,1099999048168,401910,3319,3319,0
8635,6.8018,1099999038028,401911,3320,3320,0
8636,6.8018,1099999048169,401910,3320,3320,0
8637,6.7916,1099999038029,401911,3321,3321,0
8638,6.7916,1099999048170,401910,3321,3321,0
8639,6.7816,1099999038030,401911,3322,3322,0
8640,6.7816,1099999048171,401910,3322,3322,0
8641,6.7716,1099999038031,401911,3323,3323,0
8642,6.7716,1099999048172,401910,3323,3323,0
8643,6.7616,1099999038032,401911,3324,3324,0
8644,6.7616,1099999048173,401910,3324,3324,0
8645,6.7516,1099999038033,401911,3325,3325,0
8646,6.7516,1099999048174,401910,3325,3325,0
8647,6.7416,1099999038034,401911,3326,3326,0
8648,6.7416,1099999048175,401910,3326,3326,0
8649,6.7316,1099999038035,401911,3327,3327,0
8650,6.7316,1099999048176,401910,3327,3327,0
8651,6.7216,1099999038036,401911,3328,3328,0
8652,6.7216,1099999048177,401910,3328,3328,0
8653,6.7116,1099999038037,401911,3329,3329,0
8654,6.7116,1099999048178,401910,3329,3329,0
8655,6.7016,1099999038038,401911,3330,3330,0
8656,6.7016,1099999048179,401910,3330,3330,0
8657,6.6916,1099999038039,401911,3331,3331,0
8658,6.6916,1099999048180,401910,3331,3331,0
8659,6.6816,1099999038040,401911,3332,3332,0
8660,6.6816,1099999048181,401910,3332,3332,0
8661,6.6716,1099999038041,401911,3333,3333,0
8662,6.6716,1099999048182,401910,3333,3333,0
8663,6.6616,1099999038042,401911,3334,3334,0
8664,6.6616,1099999048183,401910,3334,3334,0
8665,6.6516,1099999038043,401911,3335,3335,0
8666,6.6516,1099999048184,401910,3335,3335,0
8667,6.6416,1099999038044,401911,3336,3336,0
8668,6.6416,1099999048185,401910,3336,3336,0
8669,6.6316,1099999038045,401911,3337,3337,0
8670,6.6316,1099999048186,401910,3337,3337,0
8671,6.6216,1099999038046,401911,3338,3338,0
8672,6.6216,1099999048187,401910,3338,3338,0
8673,6.6116,1099999038047,401911,3339,3339,0
8674,6.6116,1099999048188,401910,3339,3339,0
8675,6.6016,1099999038048,401911,3340,3340,0
8676,6.6016,1099999048189,401910,3340,3340,0
8677,6.5916,1099999038049,401911,3341,3341,0
8678,6.5916,1099999048190,401910,3341,3341,0
8679,6.5816,1099999038050,401911,3342,3342,0
8680,6.5816,1099999048191,401910,3342,3342,0
8681,6.5716,1099999038051,401911,3343,3343,0
8682,6.5716,1099999048192,401910,3343,3343,0
8683,6.5616,1099999038052,401911,3344,3344,0
8684,6.5616,1099999048193,401910,3344,3344,0
8685,6.5516,1099999038053,401911,3345,3345,0
8686,6.5516,1099999048194,401910,3345,3345,0
8687,6.5416,1099999038054,401911,3346,3346,0
8688,6.5416,1099999048195,401910,3346,3346,0
8689,6.5316,1099999038055,401911,3347,3347,0
8690,6.5316,1099999048196,401910,3347,3347,0
8691,6.5216,1099999038056,401911,3348,3348,0
8692,6.5216,1099999048197,401910,3348,3348,0
8693,6.5116,1099999038057,401911,3349,3349,0
8694,6.5116,1099999048198,401910,3349,3349,0
8695,6.5016,1099999038058,401911,3350,3350,0
8696,6.5016,1099999048199,401910,3350,3350,0
8697,6.4916,1099999038066,401911,3351,3351,0
8698,6.4916,1099999048353,401910,3351,3351,0
8699,6.4816,1099999038067,401911,3352,3352,0
8700,6.4816,1099999048354,401910,3352,3352,0
8701,6.4716,1099999038068,401911,3353,3353,0
8702,6.4716,1099999048355,401910,3353,3353,0
8703,6.4616,1099999038069,401911,3354,3354,0
8704,6.4616,1099999048356,401910,3354,3354,0
8705,6.4516,1099999038070,401911,3355,3355,0
8706,6.4516,1099999048357,401910,3355,3355,0
8707,6.4416,1099999038071,401911,3356,3356,0
8708,6.4416,1099999048358,401910,3356,3356,0
8709,6.4316,1099999038072,401911,3357,3357,0
8710,6.4316,1099999048359,401910,3357,3357,0
8711,6.4216,1099999038073,401911,3358,3358,0
8712,6.4216,1099999048360,401910,3358,3358,0
8713,6.4116,1099999038074,401911,3359,3359,0
8714,6.4116,1099999048361,401910,3359,3359,0
8715,6.4016,1099999038075,401911,3360,3360,0
8716,6.4016,1099999048362,401910,3360,3360,0
8717,6.3916,1099999038076,401911,3361,3361,0
8718,6.3916,1099999048363,401910,3361,3361,0
8719,6.3816,1099999038077,401911,3362,3362,0
8720,6.3816,1099999048364,401910,3362,3362,0
8721,6.3716,1099999038078,401911,3363,3363,0
8722,6.3716,1099999048365,401910,3363,3363,0
8723,6.3616,1099999038079,401911,3364,3364,0
8724,6.3616,1099999048366,401910,3364,3364,0
8725,6.3516,1099999038080,401911,3365,3365,0
8726,6.3516,1099999048367,401910,3365,3365,0
8727,6.3416,1099999038081,401911,3366,3366,0
8728,6.3416,1099999048368,401910,3366,3366,0
8729,6.3316,1099999038082,401911,3367,3367,0
8730,6.3316,1099999048369,401910,3367,3367,0
8731,6.3216,1099999038083,401911,3368,3368,0
8732,6.3216,1099999048370,401910,3368,3368,0
8733,6.3116,1099999038084,401911,3369,3369,0
8734,6.3116,1099999048371,401910,3369,3369,0
8735,6.3016,1099999038085,401911,3370,3370,0
8736,6.3016,1099999048372,401910,3370,3370,0
8737,6.2916,1099999038086,401911,3371,3371,0
8738,6.2916,1099999048373,401910,3371,3371,0
8739,6.2816,1099999038087,401911,3372,3372,0
8740,6.2816,1099999048374,401910,3372,3372,0
8741,6.2716,1099999038088,401911,3373,3373,0
8742,6.2716,1099999048375,401910,3373,3373,0
8743,6.2616,1099999038089,401911,3374,3374,0
8744,6.2616,1099999048376,401910,3374,3374,0
8745,6.2516,1099999038090,401911,3375,3375,0
8746,6.2516,1099999048377,401910,3375,3375,0
8747,6.2416,1099999038091,401911,3376,3376,0
8748,6.2416,1099999048378,401910,3376,3376,0
8749,6.2316,1099999038092,401911,3377,3377,0
8750,6.2316,1099999048379,401910,3377,3377,0
8751,6.2216,1099999038093,401911,3378,3378,0
8752,6.2216,1099999048380,401910,3378,3378,0
8753,6.2116,1099999038094,401911,3379,3379,0
8754,6.2116,1099999048381,401910,3379,3379,0
8755,6.2016,1099999038095,401911,3380,3380,0
8756,6.2016,1099999048382,401910,3380,3380,0
8757,6.1916,1099999038096,401911,3381,3381,0
8758,6.1916,1099999048383,401910,3381,3381,0
8759,6.1816,1099999038097,401911,3382,3382,0
8760,6.1816,1099999048384,401910,3382,3382,0
8761,6.1716,1099999038098,401911,3383,3383,0
8762,6.1716,1099999048385,401910,3383,3383,0
8763,6.1616,1099999038099,401911,3384,3384,0
8764,6.1616,1099999048386,401910,3384,3384,0
8765,6.1516,1099999038100,401911,3385,3385,0
8766,6.1516,1099999048387,401910,3385,3385,0
8767,6.1416,1099999038101,401911,3386,3386,0
8768,6.1416,1099999048388,401910,3386,3386,0
8769,6.1316,1099999038102,401911,3387,3387,0
8770,6.1316,1099999048389,401910,3387,3387,0
8771,6.1216,1099999038103,401911,3388,3388,0
8772,6.1216,1099999048390,401910,3388,3388,0
8773,6.1116,1099999038104,401911,3389,3389,0
8774,6.1116,1099999048391,401910,3389,3389,0
8775,6.1016,1099999038105,401911,3390,3390,0
8776,6.1016,1099999048392,401910,3390,3390,0
8777,6.0916,1099999038106,401911,3391,3391,0
8778,6.0916,1099999048393,401910,3391,3391,0
8779,6.0816,1099999038107,401911,3392,3392,0
8780,6.0816,1099999048394,401910,3392,3392,0
8781,6.0716,1099999038108,401911,3393,3393,0
8782,6.0716,1099999048395,401910,3393,3393,0
8783,6.0616,1099999038109,401911,3394,3394,0
8784,6.0616,1099999048396,401910,3394,3394,0
8785,6.0516,1099999038110,401911,3395,3395,0
8786,6.0516,1099999048397,401910,3395,3395,0
8787,6.0416,1099999038111,401911,3396,3396,0
8788,6.0416,1099999048398,401910,3396,3396,0
8789,6.0316,1099999038112,401911,3397,3397,0
8790,6.0316,1099999048399,401910,3397,3397,0
8791,6.0216,1099999038113,401911,3398,3398,0
8792,6.0216,1099999048400,401910,3398,3398,0
8793,6.0116,1099999038114,401911,3399,3399,0
8794,6.0116,1099999048401,401910,3399,3399,0
8795,6.0016,1099999038115,401911,3400,3400,0
8796,6.0016,1099999048402,401910,3400,3400,0
8797,5.9914,1099999043114,401911,3401,3401,0
8798,5.9914,1099999048433,401910,3401,3401,0
8799,5.9814,1099999043115,401911,3402,3402,0
8800,5.9814,1099999048434,401910,3402,3402,0
8801,5.9714,1099999043116,401911,3403,3403,0
8802,5.9714,1099999048435,401910,3403,3403,0
8803,5.9614,1099999043117,401911,3404,3404,0
8804,5.9614,1099999048436,401910,3404,3404,0
8805,5.9514,1099999043118,401911,3405,3405,0
8806,5.9514,1099999048437,401910,3405,3405,0
8807,5.9414,1099999043119,401911,3406,3406,0
8808,5.9414,1099999048438,401910,3406,3406,0
8809,5.9314,1099999043120,401911,3407,3407,0
8810,5.9314,1099999048439,401910,3407,3407,0
8811,5.9214,1099999043121,401911,3408,3408,0
8812,5.9214,1099999048440,401910,3408,3408,0
8813,5.9114,1099999043122,401911,3409,3409,0
8814,5.9114,1099999048441,401910,3409,3409,0
8815,5.9014,1099999043123,401911,3410,3410,0
8816,5.9014,1099999048442,401910,3410,3410,0
8817,5.8914,1099999043124,401911,3411,3411,0
8818,5.8914,1099999048443,401910,3411,3411,0
8819,5.8814,1099999043125,401911,3412,3412,0
8820,5.8814,1099999048444,401910,3412,3412,0
8821,5.8714,1099999043126,401911,3413,3413,0
8822,5.8714,1099999048445,401910,3413,3413,0
8823,5.8614,1099999043127,401911,3414,3414,0
8824,5.8614,1099999048446,401910,3414,3414,0
8825,5.8514,1099999043128,401911,3415,3415,0
8826,5.8514,1099999048447,401910,3415,3415,0
8827,5.8414,1099999043129,401911,3416,3416,0
8828,5.8414,1099999048448,401910,3416,3416,0
8829,5.8314,1099999043130,401911,3417,3417,0
8830,5.8314,1099999048449,401910,3417,3417,0
8831,5.8214,1099999043131,401911,3418,3418,0
8832,5.8214,1099999048450,401910,3418,3418,0
8833,5.8114,1099999043132,401911,3419,3419,0
8834,5.8114,1099999048451,401910,3419,3419,0
8835,5.8014,1099999043133,401911,3420,3420,0
8836,5.8014,1099999048452,401910,3420,3420,0
8837,5.7914,1099999043134,401911,3421,3421,0
8838,5.7914,1099999048453,401910,3421,3421,0
8839,5.7814,1099999043135,401911,3422,3422,0
8840,5.7814,1099999048454,401910,3422,3422,0
8841,5.7714,1099999043136,401911,3423,3423,0
8842,5.7714,1099999048455,401910,3423,3423,0
8843,5.7614,1099999043137,401911,3424,3424,0
8844,5.7614,1099999048456,401910,3424,3424,0
8845,5.7514,1099999043138,401911,3425,3425,0
8846,5.7514,1099999048457,401910,3425,3425,0
8847,5.7414,1099999043139,401911,3426,3426,0
8848,5.7414,1099999048458,401910,3426,3426,0
8849,5.7314,1099999043140,401911,3427,3427,0
8850,5.7314,1099999048459,401910,3427,3427,0
8851,5.7214,1099999043141,401911,3428,3428,0
8852,5.7214,1099999048460,401910,3428,3428,0
8853,5.7114,1099999043142,401911,3429,3429,0
8854,5.7114,1099999048461,401910,3429,3429,0
8855,5.7014,1099999043143,401911,3430,3430,0
8856,5.7014,1099999048462,401910,3430,3430,0
8857,5.6914,1099999043144,401911,3431,3431,0
8858,5.6914,1099999048463,401910,3431,3431,0
8859,5.6814,1099999043145,401911,3432,3432,0
8860,5.6814,1099999048464,401910,3432,3432,0
8861,5.6714,1099999043146,401911,3433,3433,0
8862,5.6714,1099999048465,401910,3433,3433,0
8863,5.6614,1099999043147,401911,3434,3434,0
8864,5.6614,1099999048466,401910,3434,3434,0
8865,5.6514,1099999043148,401911,3435,3435,0
8866,5.6514,1099999048467,401910,3435,3435,0
8867,5.6414,1099999043149,401911,3436,3436,0
8868,5.6414,1099999048468,401910,3436,3436,0
8869,5.6314,1099999043150,401911,3437,3437,0
8870,5.6314,1099999048469,401910,3437,3437,0
8871,5.6214,1099999043151,401911,3438,3438,0
8872,5.6214,1099999048470,401910,3438,3438,0
8873,5.6114,1099999043152,401911,3439,3439,0
8874,5.6114,1099999048471,401910,3439,3439,0
8875,5.6014,1099999043153,401911,3440,3440,0
8876,5.6014,1099999048472,401910,3440,3440,0
8877,5.5914,1099999043154,401911,3441,3441,0
8878,5.5914,1099999048473,401910,3441,3441,0
8879,5.5814,1099999043155,401911,3442,3442,0
8880,5.5814,1099999048474,401910,3442,3442,0
8881,5.5714,1099999043156,401911,3443,3443,0
8882,5.5714,1099999048475,401910,3443,3443,0
8883,5.5614,1099999043157,401911,3444,3444,0
8884,5.5614,1099999048476,401910,3444,3444,0
8885,5.5514,1099999043158,401911,3445,3445,0
8886,5.5514,1099999048477,401910,3445,3445,0
8887,5.5414,1099999043159,401911,3446,3446,0
8888,5.5414,1099999048478,401910,3446,3446,0
8889,5.5314,1099999043160,401911,3447,3447,0
8890,5.5314,1099999048479,401910,3447,3447,0
8891,5.5214,1099999043161,401911,3448,3448,0
8892,5.5214,1099999048480,401910,3448,3448,0
8893,5.5114,1099999043162,401911,3449,3449,0
8894,5.5114,1099999048481,401910,3449,3449,0
8895,5.5014,1099999043163,401911,3450,3450,0
8896,5.5014,1099999048482,401910,3450,3450,0
8897,5.4914,1099999044331,401911,3451,3451,0
8898,5.4914,1099999048499,401910,3451,3451,0
8899,5.4814,1099999044332,401911,3452,3452,0
8900,5.4814,1099999048500,401910,3452,3452,0
8901,5.4714,1099999044333,401911,3453,3453,0
8902,5.4714,1099999048501,401910,3453,3453,0
8903,5.4614,1099999044334,401911,3454,3454,0
8904,5.4614,1099999048502,401910,3454,3454,0
8905,5.4514,1099999044335,401911,3455,3455,0
8906,5.4514,1099999048503,401910,3455,3455,0
8907,5.4414,1099999044336,401911,3456,3456,0
8908,5.4414,1099999048504,401910,3456,3456,0
8909,5.4314,1099999044337,401911,3457,3457,0
8910,5.4314,1099999048505,401910,3457,3457,0
8911,5.4214,1099999044338,401911,3458,3458,0
8912,5.4214,1099999048506,401910,3458,3458,0
8913,5.4114,1099999044339,401911,3459,3459,0
8914,5.4114,1099999048507,401910,3459,3459,0
8915,5.4014,1099999044340,401911,3460,3460,0
8916,5.4014,1099999048508,401910,3460,3460,0
8917,5.3914,1099999044341,401911,3461,3461,0
8918,5.3914,1099999048509,401910,3461,3461,0
8919,5.3814,1099999044342,401911,3462,3462,0
8920,5.3814,1099999048510,401910,3462,3462,0
8921,5.3714,1099999044343,401911,3463,3463,0
8922,5.3714,1099999048511,401910,3463,3463,0
8923,5.3614,1099999044344,401911,3464,3464,0
8924,5.3614,1099999048512,401910,3464,3464,0
8925,5.3514,1099999044345,401911,3465,3465,0
8926,5.3514,1099999048513,401910,3465,3465,0
8927,5.3414,1099999044346,401911,3466,3466,0
8928,5.3414,1099999048514,401910,3466,3466,0
8929,5.3314,1099999044347,401911,3467,3467,0
8930,5.3314,1099999048515,401910,3467,3467,0
8931,5.3214,1099999044348,401911,3468,3468,0
8932,5.3214,1099999048516,401910,3468,3468,0
8933,5.3114,1099999044349,401911,3469,3469,0
8934,5.3114,1099999048517,401910,3469,3469,0
8935,5.3014,1099999044350,401911,3470,3470,0
8936,5.3014,1099999048518,401910,3470,3470,0
8937,5.2914,1099999044351,401911,3471,3471,0
8938,5.2914,1099999048519,401910,3471,3471,0
8939,5.2814,1099999044352,401911,3472,3472,0
8940,5.2814,1099999048520,401910,3472,3472,0
8941,5.2714,1099999044353,401911,3473,3473,0
8942,5.2714,1099999048521,401910,3473,3473,0
8943,5.2614,1099999044354,401911,3474,3474,0
8944,5.2614,1099999048522,401910,3474,3474,0
8945,5.2514,1099999044355,401911,3475,3475,0
8946,5.2514,1099999048523,401910,3475,3475,0
8947,5.2414,1099999044356,401911,3476,3476,0
8948,5.2414,1099999048524,401910,3476,3476,0
8949,5.2314,1099999044357,401911,3477,3477,0
8950,5.2314,1099999048525,401910,3477,3477,0
8951,5.2214,1099999044358,401911,3478,3478,0
8952,5.2214,1099999048526,401910,3478,3478,0
8953,5.2114,1099999044359,401911,3479,3479,0
8954,5.2114,1099999048527,401910,3479,3479,0
8955,5.2014,1099999044360,401911,3480,3480,0
8956,5.2014,1099999048528,401910,3480,3480,0
8957,5.1912,1099999044361,401911,3481,3481,0
8958,5.1912,1099999048529,401910,3481,3481,0
8959,5.1812,1099999044362,401911,3482,3482,0
8960,5.1812,1099999048530,401910,3482,3482,0
8961,5.1712,1099999044363,401911,3483,3483,0
8962,5.1712,1099999048531,401910,3483,3483,0
8963,5.1612,1099999044364,401911,3484,3484,0
8964,5.1612,1099999048532,401910,3484,3484,0
8965,5.1512,1099999044365,401911,3485,3485,0
8966,5.1512,1099999048533,401910,3485,3485,0
8967,5.1412,1099999044366,401911,3486,3486,0
8968,5.1412,1099999048534,401910,3486,3486,0
8969,5.1312,1099999044367,401911,3487,3487,0
8970,5.1312,1099999048535,401910,3487,3487,0
8971,5.1212,1099999044368,401911,3488,3488,0
8972,5.1212,1099999048536,401910,3488,3488,0
8973,5.1112,1099999044369,401911,3489,3489,0
8974,5.1112,1099999048537,401910,3489,3489,0
8975,5.1012,1099999044370,401911,3490,3490,0
8976,5.1012,1099999048538,401910,3490,3490,0
8977,5.0912,1099999044371,401911,3491,3491,0
8978,5.0912,1099999048539,401910,3491,3491,0
8979,5.0812,1099999044372,401911,3492,3492,0
8980,5.0812,1099999048540,401910,3492,3492,0
8981,5.0712,1099999044373,401911,3493,3493,0
8982,5.0712,1099999048541,401910,3493,3493,0
8983,5.0612,1099999044374,401911,3494,3494,0
8984,5.0612,1099999048542,401910,3494,3494,0
8985,5.0512,1099999044375,401911,3495,3495,0
8986,5.0512,1099999048543,401910,3495,3495,0
8987,5.0412,1099999044376,401911,3496,3496,0
8988,5.0412,1099999048544,401910,3496,3496,0
8989,5.0312,1099999044377,401911,3497,3497,0
8990,5.0312,1099999048545,401910,3497,3497,0
8991,5.0212,1099999044378,401911,3498,3498,0
8992,5.0212,1099999048546,401910,3498,3498,0
8993,5.0112,1099999044379,401911,3499,3499,0
8994,5.0112,1099999048547,401910,3499,3499,0
8995,5.0012,1099999044380,401911,3500,3500,0
8996,5.0012,1099999048548,401910,3500,3500,0
8997,4.9912,1099999109379,401911,3501,3501,0
8998,4.9912,1099999267166,401910,3501,3501,0
8999,4.9812,1099999109380,401911,3502,3502,0
9000,4.9812,1099999267167,401910,3502,3502,0
9001,4.9712,1099999109381,401911,3503,3503,0
9002,4.9712,1099999267168,401910,3503,3503,0
9003,4.9612,1099999109382,401911,3504,3504,0
9004,4.9612,1099999267169,401910,3504,3504,0
9005,4.9512,1099999109383,401911,3505,3505,0
9006,4.9512,1099999267170,401910,3505,3505,0
9007,4.9412,1099999109384,401911,3506,3506,0
9008,4.9412,1099999267171,401910,3506,3506,0
9009,4.9312,1099999109385,401911,3507,3507,0
9010,4.9312,1099999267172,401910,3507,3507,0
9011,4.9212,1099999109386,401911,3508,3508,0
9012,4.9212,1099999267173,401910,3508,3508,0
9013,4.9112,1099999109387,401911,3509,3509,0
9014,4.9112,1099999267174,401910,3509,3509,0
9015,4.9012,1099999109388,401911,3510,3510,0
9016,4.9012,1099999267175,401910,3510,3510,0
9017,4.8912,1099999109389,401911,3511,3511,0
9018,4.8912,1099999267176,401910,3511,3511,0
9019,4.8812,1099999109390,401911,3512,3512,0
9020,4.8812,1099999267177,401910,3512,3512,0
9021,4.8712,1099999109391,401911,3513,3513,0
9022,4.8712,1099999267178,401910,3513,3513,0
9023,4.8612,1099999109392,401911,3514,3514,0
9024,4.8612,1099999267179,401910,3514,3514,0
9025,4.8512,1099999109393,401911,3515,3515,0
9026,4.8512,1099999267180,401910,3515,3515,0
9027,4.8412,1099999109394,401911,3516,3516,0
9028,4.8412,1099999267181,401910,3516,3516,0
9029,4.8312,1099999109395,401911,3517,3517,0
9030,4.8312,1099999267182,401910,3517,3517,0
9031,4.8212,1099999109396,401911,3518,3518,0
9032,4.8212,1099999267183,401910,3518,3518,0
9033,4.8112,1099999109397,401911,3519,3519,0
9034,4.8112,1099999267184,401910,3519,3519,0
9035,4.8012,1099999109398,401911,3520,3520,0
9036,4.8012,1099999267185,401910,3520,3520,0
9037,4.7912,1099999109399,401911,3521,3521,0
9038,4.7912,1099999267186,401910,3521,3521,0
9039,4.7812,1099999109400,401911,3522,3522,0
9040,4.7812,1099999267187,401910,3522,3522,0
9041,4.7712,1099999109401,401911,3523,3523,0
9042,4.7712,1099999267188,401910,3523,3523,0
9043,4.7612,1099999109402,401911,3524,3524,0
9044,4.7612,1099999267189,401910,3524,3524,0
9045,4.7512,1099999109403,401911,3525,3525,0
9046,4.7512,1099999267190,401910,3525,3525,0
9047,4.7412,1099999109404,401911,3526,3526,0
9048,4.7412,1099999267191,401910,3526,3526,0
9049,4.7312,1099999109405,401911,3527,3527,0
9050,4.7312,1099999267192,401910,3527,3527,0
9051,4.7212,1099999109406,401911,3528,3528,0
9052,4.7212,1099999267193,401910,3528,3528,0
9053,4.7112,1099999109407,401911,3529,3529,0
9054,4.7112,1099999267194,401910,3529,3529,0
9055,4.7012,1099999109408,401911,3530,3530,0
9056,4.7012,1099999267195,401910,3530,3530,0
9057,4.6912,1099999109409,401911,3531,3531,0
9058,4.6912,1099999267196,401910,3531,3531,0
9059,4.6812,1099999109410,401911,3532,3532,0
9060,4.6812,1099999267197,401910,3532,3532,0
9061,4.6712,1099999109411,401911,3533,3533,0
9062,4.6712,1099999267198,401910,3533,3533,0
9063,4.6612,1099999109412,401911,3534,3534,0
9064,4.6612,1099999267199,401910,3534,3534,0
9065,4.6512,1099999109413,401911,3535,3535,0
9066,4.6512,1099999267200,401910,3535,3535,0
9067,4.6412,1099999109414,401911,3536,3536,0
9068,4.6412,1099999267201,401910,3536,3536,0
9069,4.6312,1099999109415,401911,3537,3537,0
9070,4.6312,1099999267202,401910,3537,3537,0
9071,4.6212,1099999109416,401911,3538,3538,0
9072,4.6212,1099999267203,401910,3538,3538,0
9073,4.6112,1099999109417,401911,3539,3539,0
9074,4.6112,1099999267204,401910,3539,3539,0
9075,4.6012,1099999109418,401911,3540,3540,0
9076,4.6012,1099999267205,401910,3540,3540,0
9077,4.5912,1099999109419,401911,3541,3541,0
9078,4.5912,1099999267206,401910,3541,3541,0
9079,4.5812,1099999109420,401911,3542,3542,0
9080,4.5812,1099999267207,401910,3542,3542,0
9081,4.5712,1099999109421,401911,3543,3543,0
9082,4.5712,1099999267208,401910,3543,3543,0
9083,4.5612,1099999109422,401911,3544,3544,0
9084,4.5612,1099999267209,401910,3544,3544,0
9085,4.5512,1099999109423,401911,3545,3545,0
9086,4.5512,1099999267210,401910,3545,3545,0
9087,4.5412,1099999109424,401911,3546,3546,0
9088,4.5412,1099999267211,401910,3546,3546,0
9089,4.5312,1099999109425,401911,3547,3547,0
9090,4.5312,1099999267212,401910,3547,3547,0
9091,4.5212,1099999109426,401911,3548,3548,0
9092,4.5212,1099999267213,401910,3548,3548,0
9093,4.5112,1099999109427,401911,3549,3549,0
9094,4.5112,1099999267214,401910,3549,3549,0
9095,4.5012,1099999109428,401911,3550,3550,0
9096,4.5012,1099999267215,401910,3550,3550,0
9097,4.4912,1099999109559,401911,3551,3551,0
9098,4.4912,1099999267231,401910,3551,3551,0
9099,4.4812,1099999109560,401911,3552,3552,0
9100,4.4812,1099999267232,401910,3552,3552,0
9101,4.4712,1099999109561,401911,3553,3553,0
9102,4.4712,1099999267233,401910,3553,3553,0
9103,4.4612,1099999109562,401911,3554,3554,0
9104,4.4612,1099999267234,401910,3554,3554,0
9105,4.4512,1099999109563,401911,3555,3555,0
9106,4.4512,1099999267235,401910,3555,3555,0
9107,4.4412,1099999109564,401911,3556,3556,0
9108,4.4412,1099999267236,401910,3556,3556,0
9109,4.4312,1099999109565,401911,3557,3557,0
9110,4.4312,1099999267237,401910,3557,3557,0
9111,4.4212,1099999109566,401911,3558,3558,0
9112,4.4212,1099999267238,401910,3558,3558,0
9113,4.4112,1099999109567,401911,3559,3559,0
9114,4.4112,1099999267239,401910,3559,3559,0
9115,4.4012,1099999109568,401911,3560,3560,0
9116,4.4012,1099999267240,401910,3560,3560,0
9117,4.391,1099999109569,401911,3561,3561,0
9118,4.391,1099999267241,401910,3561,3561,0
9119,4.381,1099999109570,401911,3562,3562,0
9120,4.381,1099999267242,401910,3562,3562,0
9121,4.371,1099999109571,401911,3563,3563,0
9122,4.371,1099999267243,401910,3563,3563,0
9123,4.361,1099999109572,401911,3564,3564,0
9124,4.361,1099999267244,401910,3564,3564,0
9125,4.351,1099999109573,401911,3565,3565,0
9126,4.351,1099999267245,401910,3565,3565,0
9127,4.341,1099999109574,401911,3566,3566,0
9128,4.341,1099999267246,401910,3566,3566,0
9129,4.331,1099999109575,401911,3567,3567,0
9130,4.331,1099999267247,401910,3567,3567,0
9131,4.321,1099999109576,401911,3568,3568,0
9132,4.321,1099999267248,401910,3568,3568,0
9133,4.311,1099999109577,401911,3569,3569,0
9134,4.311,1099999267249,401910,3569,3569,0
9135,4.301,1099999109578,401911,3570,3570,0
9136,4.301,1099999267250,401910,3570,3570,0
9137,4.291,1099999109579,401911,3571,3571,0
9138,4.291,1099999267251,401910,3571,3571,0
9139,4.281,1099999109580,401911,3572,3572,0
9140,4.281,1099999267252,401910,3572,3572,0
9141,4.271,1099999109581,401911,3573,3573,0
9142,4.271,1099999267253,401910,3573,3573,0
9143,4.261,1099999109582,401911,3574,3574,0
9144,4.261,1099999267254,401910,3574,3574,0
9145,4.251,1099999109583,401911,3575,3575,0
9146,4.251,1099999267255,401910,3575,3575,0
9147,4.241,1099999109584,401911,3576,3576,0
9148,4.241,1099999267256,401910,3576,3576,0
9149,4.231,1099999109585,401911,3577,3577,0
9150,4.231,1099999267257,401910,3577,3577,0
9151,4.221,1099999109586,401911,3578,3578,0
9152,4.221,1099999267258,401910,3578,3578,0
9153,4.211,1099999109587,401911,3579,3579,0
9154,4.211,1099999267259,401910,3579,3579,0
9155,4.201,1099999109588,401911,3580,3580,0
9156,4.201,1099999267260,401910,3580,3580,0
9157,4.191,1099999109589,401911,3581,3581,0
9158,4.191,1099999267261,401910,3581,3581,0
9159,4.181,1099999109590,401911,3582,3582,0
9160,4.181,1099999267262,401910,3582,3582,0
9161,4.171,1099999109591,401911,3583,3583,0
9162,4.171,1099999267263,401910,3583,3583,0
9163,4.161,1099999109592,401911,3584,3584,0
9164,4.161,1099999267264,401910,3584,3584,0
9165,4.151,1099999109593,401911,3585,3585,0
9166,4.151,1099999267265,401910,3585,3585,0
9167,4.141,1099999109594,401911,3586,3586,0
9168,4.141,1099999267266,401910,3586,3586,0
9169,4.131,1099999109595,401911,3587,3587,0
9170,4.131,1099999267267,401910,3587,3587,0
9171,4.121,1099999109596,401911,3588,3588,0
9172,4.121,1099999267268,401910,3588,3588,0
9173,4.111,1099999109597,401911,3589,3589,0
9174,4.111,1099999267269,401910,3589,3589,0
9175,4.101,1099999109598,401911,3590,3590,0
9176,4.101,1099999267270,401910,3590,3590,0
9177,4.091,1099999109599,401911,3591,3591,0
9178,4.091,1099999267271,401910,3591,3591,0
9179,4.081,1099999109600,401911,3592,3592,0
9180,4.081,1099999267272,401910,3592,3592,0
9181,4.071,1099999109601,401911,3593,3593,0
9182,4.071,1099999267273,401910,3593,3593,0
9183,4.061,1099999109602,401911,3594,3594,0
9184,4.061,1099999267274,401910,3594,3594,0
9185,4.051,1099999109603,401911,3595,3595,0
9186,4.051,1099999267275,401910,3595,3595,0
9187,4.041,1099999109604,401911,3596,3596,0
9188,4.041,1099999267276,401910,3596,3596,0
9189,4.031,1099999109605,401911,3597,3597,0
9190,4.031,1099999267277,401910,3597,3597,0
9191,4.021,1099999109606,401911,3598,3598,0
9192,4.021,1099999267278,401910,3598,3598,0
9193,4.011,1099999109607,401911,3599,3599,0
9194,4.011,1099999267279,401910,3599,3599,0
9195,4.001,1099999109608,401911,3600,3600,0
9196,4.001,1099999267280,401910,3600,3600,0
9197,3.991,1099999266049,401911,3601,3601,0
9198,3.991,1099999268321,401910,3601,3601,0
9199,3.981,1099999266050,401911,3602,3602,0
9200,3.981,1099999268322,401910,3602,3602,0
9201,3.971,1099999266051,401911,3603,3603,0
9202,3.971,1099999268323,401910,3603,3603,0
9203,3.961,1099999266052,401911,3604,3604,0
9204,3.961,1099999268324,401910,3604,3604,0
9205,3.951,1099999266053,401911,3605,3605,0
9206,3.951,1099999268325,401910,3605,3605,0
9207,3.941,1099999266054,401911,3606,3606,0
9208,3.941,1099999268326,401910,3606,3606,0
9209,3.931,1099999266055,401911,3607,3607,0
9210,3.931,1099999268327,401910,3607,3607,0
9211,3.921,1099999266056,401911,3608,3608,0
9212,3.921,1099999268328,401910,3608,3608,0
9213,3.911,1099999266057,401911,3609,3609,0
9214,3.911,1099999268329,401910,3609,3609,0
9215,3.901,1099999266058,401911,3610,3610,0
9216,3.901,1099999268330,401910,3610,3610,0
9217,3.891,1099999266059,401911,3611,3611,0
9218,3.891,1099999268331,401910,3611,3611,0
9219,3.881,1099999266060,401911,3612,3612,0
9220,3.881,1099999268332,401910,3612,3612,0
9221,3.871,1099999266061,401911,3613,3613,0
9222,3.871,1099999268333,401910,3613,3613,0
9223,3.861,1099999266062,401911,3614,3614,0
9224,3.861,1099999268334,401910,3614,3614,0
9225,3.851,1099999266063,401911,3615,3615,0
9226,3.851,1099999268335,401910,3615,3615,0
9227,3.841,1099999266064,401911,3616,3616,0
9228,3.841,1099999268336,401910,3616,3616,0
9229,3.831,1099999266065,401911,3617,3617,0
9230,3.831,1099999268337,401910,3617,3617,0
9231,3.821,1099999266066,401911,3618,3618,0
9232,3.821,1099999268338,401910,3618,3618,0
9233,3.811,1099999266067,401911,3619,3619,0
9234,3.811,1099999268339,401910,3619,3619,0
9235,3.801,1099999266068,401911,3620,3620,0
9236,3.801,1099999268340,401910,3620,3620,0
9237,3.791,1099999266069,401911,3621,3621,0
9238,3.791,1099999268341,401910,3621,3621,0
9239,3.781,1099999266070,401911,3622,3622,0
9240,3.781,1099999268342,401910,3622,3622,0
9241,3.771,1099999266071,401911,3623,3623,0
9242,3.771,1099999268343,401910,3623,3623,0
9243,3.761,1099999266072,401911,3624,3624,0
9244,3.761,1099999268344,401910,3624,3624,0
9245,3.751,1099999266073,401911,3625,3625,0
9246,3.751,1099999268345,401910,3625,3625,0
9247,3.741,1099999266074,401911,3626,3626,0
9248,3.741,1099999268346,401910,3626,3626,0
9249,3.731,1099999266075,401911,3627,3627,0
9250,3.731,1099999268347,401910,3627,3627,0
9251,3.721,1099999266076,401911,3628,3628,0
9252,3.721,1099999268348,401910,3628,3628,0
9253,3.711,1099999266077,401911,3629,3629,0
9254,3.711,1099999268349,401910,3629,3629,0
9255,3.701,1099999266078,401911,3630,3630,0
9256,3.701,1099999268350,401910,3630,3630,0
9257,3.691,1099999266079,401911,3631,3631,0
9258,3.691,1099999268351,401910,3631,3631,0
9259,3.681,1099999266080,401911,3632,3632,0
9260,3.681,1099999268352,401910,3632,3632,0
9261,3.671,1099999266081,401911,3633,3633,0
9262,3.671,1099999268353,401910,3633,3633,0
9263,3.661,1099999266082,401911,3634,3634,0
9264,3.661,1099999268354,401910,3634,3634,0
9265,3.651,1099999266083,401911,3635,3635,0
9266,3.651,1099999268355,401910,3635,3635,0
9267,3.641,1099999266084,401911,3636,3636,0
9268,3.641,1099999268356,401910,3636,3636,0
9269,3.631,1099999266085,401911,3637,3637,0
9270,3.631,1099999268357,401910,3637,3637,0
9271,3.621,1099999266086,401911,3638,3638,0
9272,3.621,1099999268358,401910,3638,3638,0
9273,3.611,1099999266087,401911,3639,3639,0
9274,3.611,1099999268359,401910,3639,3639,0
9275,3.601,1099999266088,401911,3640,3640,0
9276,3.601,1099999268360,401910,3640,3640,0
9277,3.5908,1099999266089,401911,3641,3641,0
9278,3.5908,1099999268361,401910,3641,3641,0
9279,3.5808,1099999266090,401911,3642,3642,0
9280,3.5808,1099999268362,401910,3642,3642,0
9281,3.5708,1099999266091,401911,3643,3643,0
9282,3.5708,1099999268363,401910,3643,3643,0
9283,3.5608,1099999266092,401911,3644,3644,0
9284,3.5608,1099999268364,401910,3644,3644,0
9285,3.5508,1099999266093,401911,3645,3645,0
9286,3.5508,1099999268365,401910,3645,3645,0
9287,3.5408,1099999266094,401911,3646,3646,0
9288,3.5408,1099999268366,401910,3646,3646,0
9289,3.5308,1099999266095,401911,3647,3647,0
9290,3.5308,1099999268367,401910,3647,3647,0
9291,3.5208,1099999266096,401911,3648,3648,0
9292,3.5208,1099999268368,401910,3648,3648,0
9293,3.5108,1099999266097,401911,3649,3649,0
9294,3.5108,1099999268369,401910,3649,3649,0
9295,3.5008,1099999266098,401911,3650,3650,0
9296,3.5008,1099999268370,401910,3650,3650,0
9297,3.4908,1099999266101,401911,3651,3651,0
9298,3.4908,1099999268388,401910,3651,3651,0
9299,3.4808,1099999266102,401911,3652,3652,0
9300,3.4808,1099999268389,401910,3652,3652,0
9301,3.4708,1099999266103,401911,3653,3653,0
9302,3.4708,1099999268390,401910,3653,3653,0
9303,3.4608,1099999266104,401911,3654,3654,0
9304,3.4608,1099999268391,401910,3654,3654,0
9305,3.4508,1099999266105,401911,3655,3655,0
9306,3.4508,1099999268392,401910,3655,3655,0
9307,3.4408,1099999266106,401911,3656,3656,0
9308,3.4408,1099999268393,401910,3656,3656,0
9309,3.4308,1099999266107,401911,3657,3657,0
9310,3.4308,1099999268394,401910,3657,3657,0
9311,3.4208,1099999266108,401911,3658,3658,0
9312,3.4208,1099999268395,401910,3658,3658,0
9313,3.4108,1099999266109,401911,3659,3659,0
9314,3.4108,1099999268396,401910,3659,3659,0
9315,3.4008,1099999266110,401911,3660,3660,0
9316,3.4008,1099999268397,401910,3660,3660,0
9317,3.3908,1099999266111,401911,3661,3661,0
9318,3.3908,1099999268398,401910,3661,3661,0
9319,3.3808,1099999266112,401911,3662,3662,0
9320,3.3808,1099999268399,401910,3662,3662,0
9321,3.3708,1099999266113,401911,3663,3663,0
9322,3.3708,1099999268400,401910,3663,3663,0
9323,3.3608,1099999266114,401911,3664,3664,0
9324,3.3608,1099999268401,401910,3664,3664,0
9325,3.3508,1099999266115,401911,3665,3665,0
9326,3.3508,1099999268402,401910,3665,3665,0
9327,3.3408,1099999266116,401911,3666,3666,0
9328,3.3408,1099999268403,401910,3666,3666,0
9329,3.3308,1099999266117,401911,3667,3667,0
9330,3.3308,1099999268404,401910,3667,3667,0
9331,3.3208,1099999266118,401911,3668,3668,0
9332,3.3208,1099999268405,401910,3668,3668,0
9333,3.3108,1099999266119,401911,3669,3669,0
9334,3.3108,1099999268406,401910,3669,3669,0
9335,3.3008,1099999266120,401911,3670,3670,0
9336,3.3008,1099999268407,401910,3670,3670,0
9337,3.2908,1099999266121,401911,3671,3671,0
9338,3.2908,1099999268408,401910,3671,3671,0
9339,3.2808,1099999266122,401911,3672,3672,0
9340,3.2808,1099999268409,401910,3672,3672,0
9341,3.2708,1099999266123,401911,3673,3673,0
9342,3.2708,1099999268410,401910,3673,3673,0
9343,3.2608,1099999266124,401911,3674,3674,0
9344,3.2608,1099999268411,401910,3674,3674,0
9345,3.2508,1099999266125,401911,3675,3675,0
9346,3.2508,1099999268412,401910,3675,3675,0
9347,3.2408,1099999266126,401911,3676,3676,0
9348,3.2408,1099999268413,401910,3676,3676,0
9349,3.2308,1099999266127,401911,3677,3677,0
9350,3.2308,1099999268414,401910,3677,3677,0
9351,3.2208,1099999266128,401911,3678,3678,0
9352,3.2208,1099999268415,401910,3678,3678,0
9353,3.2108,1099999266129,401911,3679,3679,0
9354,3.2108,1099999268416,401910,3679,3679,0
9355,3.2008,1099999266130,401911,3680,3680,0
9356,3.2008,1099999268417,401910,3680,3680,0
9357,3.1908,1099999266131,401911,3681,3681,0
9358,3.1908,1099999268418,401910,3681,3681,0
9359,3.1808,1099999266132,401911,3682,3682,0
9360,3.1808,1099999268419,401910,3682,3682,0
9361,3.1708,1099999266133,401911,3683,3683,0
9362,3.1708,1099999268420,401910,3683,3683,0
9363,3.1608,1099999266134,401911,3684,3684,0
9364,3.1608,1099999268421,401910,3684,3684,0
9365,3.1508,1099999266135,401911,3685,3685,0
9366,3.1508,1099999268422,401910,3685,3685,0
9367,3.1408,1099999266136,401911,3686,3686,0
9368,3.1408,1099999268423,401910,3686,3686,0
9369,3.1308,1099999266137,401911,3687,3687,0
9370,3.1308,1099999268424,401910,3687,3687,0
9371,3.1208,1099999266138,401911,3688,3688,0
9372,3.1208,1099999268425,401910,3688,3688,0
9373,3.1108,1099999266139,401911,3689,3689,0
9374,3.1108,1099999268426,401910,3689,3689,0
9375,3.1008,1099999266140,401911,3690,3690,0
9376,3.1008,1099999268427,401910,3690,3690,0
9377,3.0908,1099999266141,401911,3691,3691,0
9378,3.0908,1099999268428,401910,3691,3691,0
9379,3.0808,1099999266142,401911,3692,3692,0
9380,3.0808,1099999268429,401910,3692,3692,0
9381,3.0708,1099999266143,401911,3693,3693,0
9382,3.0708,1099999268430,401910,3693,3693,0
9383,3.0608,1099999266144,401911,3694,3694,0
9384,3.0608,1099999268431,401910,3694,3694,0
9385,3.0508,1099999266145,401911,3695,3695,0
9386,3.0508,1099999268432,401910,3695,3695,0
9387,3.0408,1099999266146,401911,3696,3696,0
9388,3.0408,1099999268433,401910,3696,3696,0
9389,3.0308,1099999266147,401911,3697,3697,0
9390,3.0308,1099999268434,401910,3697,3697,0
9391,3.0208,1099999266148,401911,3698,3698,0
9392,3.0208,1099999268435,401910,3698,3698,0
9393,3.0108,1099999266149,401911,3699,3699,0
9394,3.0108,1099999268436,401910,3699,3699,0
9395,3.0008,1099999266150,401911,3700,3700,0
9396,3.0008,1099999268437,401910,3700,3700,0
9397,2.9908,1099999266151,401911,3701,3701,0
9398,2.9908,1099999268522,401910,3701,3701,0
9399,2.9808,1099999266152,401911,3702,3702,0
9400,2.9808,1099999268523,401910,3702,3702,0
9401,2.9708,1099999266153,401911,3703,3703,0
9402,2.9708,1099999268524,401910,3703,3703,0
9403,2.9608,1099999266154,401911,3704,3704,0
9404,2.9608,1099999268525,401910,3704,3704,0
9405,2.9508,1099999266155,401911,3705,3705,0
9406,2.9508,1099999268526,401910,3705,3705,0
9407,2.9408,1099999266156,401911,3706,3706,0
9408,2.9408,1099999268527,401910,3706,3706,0
9409,2.9308,1099999266157,401911,3707,3707,0
9410,2.9308,1099999268528,401910,3707,3707,0
9411,2.9208,1099999266158,401911,3708,3708,0
9412,2.9208,1099999268529,401910,3708,3708,0
9413,2.9108,1099999266159,401911,3709,3709,0
9414,2.9108,1099999268530,401910,3709,3709,0
9415,2.9008,1099999266160,401911,3710,3710,0
9416,2.9008,1099999268531,401910,3710,3710,0
9417,2.8908,1099999266161,401911,3711,3711,0
9418,2.8908,1099999268532,401910,3711,3711,0
9419,2.8808,1099999266162,401911,3712,3712,0
9420,2.8808,1099999268533,401910,3712,3712,0
9421,2.8708,1099999266163,401911,3713,3713,0
9422,2.8708,1099999268534,401910,3713,3713,0
9423,2.8608,1099999266164,401911,3714,3714,0
9424,2.8608,1099999268535,401910,3714,3714,0
9425,2.8508,1099999266165,401911,3715,3715,0
9426,2.8508,1099999268536,401910,3715,3715,0
9427,2.8408,1099999266166,401911,3716,3716,0
9428,2.8408,1099999268537,401910,3716,3716,0
9429,2.8308,1099999266167,401911,3717,3717,0
9430,2.8308,1099999268538,401910,3717,3717,0
9431,2.8208,1099999266168,401911,3718,3718,0
9432,2.8208,1099999268539,401910,3718,3718,0
9433,2.8108,1099999266169,401911,3719,3719,0
9434,2.8108,1099999268540,401910,3719,3719,0
9435,2.8008,1099999266170,401911,3720,3720,0
9436,2.8008,1099999268541,401910,3720,3720,0
9437,2.7906,1099999266171,401911,3721,3721,0
9438,2.7906,1099999268542,401910,3721,3721,0
9439,2.7806,1099999266172,401911,3722,3722,0
9440,2.7806,1099999268543,401910,3722,3722,0
9441,2.7706,1099999266173,401911,3723,3723,0
9442,2.7706,1099999268544,401910,3723,3723,0
9443,2.7606,1099999266174,401911,3724,3724,0
9444,2.7606,1099999268545,401910,3724,3724,0
9445,2.7506,1099999266175,401911,3725,3725,0
9446,2.7506,1099999268546,401910,3725,3725,0
9447,2.7406,1099999266176,401911,3726,3726,0
9448,2.7406,1099999268547,401910,3726,3726,0
9449,2.7306,1099999266177,401911,3727,3727,0
9450,2.7306,1099999268548,401910,3727,3727,0
9451,2.7206,1099999266178,401911,3728,3728,0
9452,2.7206,1099999268549,401910,3728,3728,0
9453,2.7106,1099999266179,401911,3729,3729,0
9454,2.7106,1099999268550,401910,3729,3729,0
9455,2.7006,1099999266180,401911,3730,3730,0
9456,2.7006,1099999268551,401910,3730,3730,0
9457,2.6906,1099999266181,401911,3731,3731,0
9458,2.6906,1099999268552,401910,3731,3731,0
9459,2.6806,1099999266182,401911,3732,3732,0
9460,2.6806,1099999268553,401910,3732,3732,0
9461,2.6706,1099999266183,401911,3733,3733,0
9462,2.6706,1099999268554,401910,3733,3733,0
9463,2.6606,1099999266184,401911,3734,3734,0
9464,2.6606,1099999268555,401910,3734,3734,0
9465,2.6506,1099999266185,401911,3735,3735,0
9466,2.6506,1099999268556,401910,3735,3735,0
9467,2.6406,1099999266186,401911,3736,3736,0
9468,2.6406,1099999268557,401910,3736,3736,0
9469,2.6306,1099999266187,401911,3737,3737,0
9470,2.6306,1099999268558,401910,3737,3737,0
9471,2.6206,1099999266188,401911,3738,3738,0
9472,2.6206,1099999268559,401910,3738,3738,0
9473,2.6106,1099999266189,401911,3739,3739,0
9474,2.6106,1099999268560,401910,3739,3739,0
9475,2.6006,1099999266190,401911,3740,3740,0
9476,2.6006,1099999268561,401910,3740,3740,0
9477,2.5906,1099999266191,401911,3741,3741,0
9478,2.5906,1099999268562,401910,3741,3741,0
9479,2.5806,1099999266192,401911,3742,3742,0
9480,2.5806,1099999268563,401910,3742,3742,0
9481,2.5706,1099999266193,401911,3743,3743,0
9482,2.5706,1099999268564,401910,3743,3743,0
9483,2.5606,1099999266194,401911,3744,3744,0
9484,2.5606,1099999268565,401910,3744,3744,0
9485,2.5506,1099999266195,401911,3745,3745,0
9486,2.5506,1099999268566,401910,3745,3745,0
9487,2.5406,1099999266196,401911,3746,3746,0
9488,2.5406,1099999268567,401910,3746,3746,0
9489,2.5306,1099999266197,401911,3747,3747,0
9490,2.5306,1099999268568,401910,3747,3747,0
9491,2.5206,1099999266198,401911,3748,3748,0
9492,2.5206,1099999268569,401910,3748,3748,0
9493,2.5106,1099999266199,401911,3749,3749,0
9494,2.5106,1099999268570,401910,3749,3749,0
9495,2.5006,1099999266200,401911,3750,3750,0
9496,2.5006,1099999268571,401910,3750,3750,0
9497,2.4906,1099999266227,401911,3751,3751,0
9498,2.4906,1099999268584,401910,3751,3751,0
9499,2.4806,1099999266228,401911,3752,3752,0
9500,2.4806,1099999268585,401910,3752,3752,0
9501,2.4706,1099999266229,401911,3753,3753,0
9502,2.4706,1099999268586,401910,3753,3753,0
9503,2.4606,1099999266230,401911,3754,3754,0
9504,2.4606,1099999268587,401910,3754,3754,0
9505,2.4506,1099999266231,401911,3755,3755,0
9506,2.4506,1099999268588,401910,3755,3755,0
9507,2.4406,1099999266232,401911,3756,3756,0
9508,2.4406,1099999268589,401910,3756,3756,0
9509,2.4306,1099999266233,401911,3757,3757,0
9510,2.4306,1099999268590,401910,3757,3757,0
9511,2.4206,1099999266234,401911,3758,3758,0
9512,2.4206,1099999268591,401910,3758,3758,0
9513,2.4106,1099999266235,401911,3759,3759,0
9514,2.4106,1099999268592,401910,3759,3759,0
9515,2.4006,1099999266236,401911,3760,3760,0
9516,2.4006,1099999268593,401910,3760,3760,0
9517,2.3906,1099999266237,401911,3761,3761,0
9518,2.3906,1099999268594,401910,3761,3761,0
9519,2.3806,1099999266238,401911,3762,3762,0
9520,2.3806,1099999268595,401910,3762,3762,0
9521,2.3706,1099999266239,401911,3763,3763,0
9522,2.3706,1099999268596,401910,3763,3763,0
9523,2.3606,1099999266240,401911,3764,3764,0
9524,2.3606,1099999268597,401910,3764,3764,0
9525,2.3506,1099999266241,401911,3765,3765,0
9526,2.3506,1099999268598,401910,3765,3765,0
9527,2.3406,1099999266242,401911,3766,3766,0
9528,2.3406,1099999268599,401910,3766,3766,0
9529,2.3306,1099999266243,401911,3767,3767,0
9530,2.3306,1099999268600,401910,3767,3767,0
9531,2.3206,1099999266244,401911,3768,3768,0
9532,2.3206,1099999268601,401910,3768,3768,0
9533,2.3106,1099999266245,401911,3769,3769,0
9534,2.3106,1099999268602,401910,3769,3769,0
9535,2.3006,1099999266246,401911,3770,3770,0
9536,2.3006,1099999268603,401910,3770,3770,0
9537,2.2906,1099999266247,401911,3771,3771,0
9538,2.2906,1099999268604,401910,3771,3771,0
9539,2.2806,1099999266248,401911,3772,3772,0
9540,2.2806,1099999268605,401910,3772,3772,0
9541,2.2706,1099999266249,401911,3773,3773,0
9542,2.2706,1099999268606,401910,3773,3773,0
9543,2.2606,1099999266250,401911,3774,3774,0
9544,2.2606,1099999268607,401910,3774,3774,0
9545,2.2506,1099999266251,401911,3775,3775,0
9546,2.2506,1099999268608,401910,3775,3775,0
9547,2.2406,1099999266252,401911,3776,3776,0
9548,2.2406,1099999268609,401910,3776,3776,0
9549,2.2306,1099999266253,401911,3777,3777,0
9550,2.2306,1099999268610,401910,3777,3777,0
9551,2.2206,1099999266254,401911,3778,3778,0
9552,2.2206,1099999268611,401910,3778,3778,0
9553,2.2106,1099999266255,401911,3779,3779,0
9554,2.2106,1099999268612,401910,3779,3779,0
9555,2.2006,1099999266256,401911,3780,3780,0
9556,2.2006,1099999268613,401910,3780,3780,0
9557,2.1906,1099999266257,401911,3781,3781,0
9558,2.1906,1099999268614,401910,3781,3781,0
9559,2.1806,1099999266258,401911,3782,3782,0
9560,2.1806,1099999268615,401910,3782,3782,0
9561,2.1706,1099999266259,401911,3783,3783,0
9562,2.1706,1099999268616,401910,3783,3783,0
9563,2.1606,1099999266260,401911,3784,3784,0
9564,2.1606,1099999268617,401910,3784,3784,0
9565,2.1506,1099999266261,401911,3785,3785,0
9566,2.1506,1099999268618,401910,3785,3785,0
9567,2.1406,1099999266262,401911,3786,3786,0
9568,2.1406,1099999268619,401910,3786,3786,0
9569,2.1306,1099999266263,401911,3787,3787,0
9570,2.1306,1099999268620,401910,3787,3787,0
9571,2.1206,1099999266264,401911,3788,3788,0
9572,2.1206,1099999268621,401910,3788,3788,0
9573,2.1106,1099999266265,401911,3789,3789,0
9574,2.1106,1099999268622,401910,3789,3789,0
9575,2.1006,1099999266266,401911,3790,3790,0
9576,2.1006,1099999268623,401910,3790,3790,0
9577,2.0906,1099999266267,401911,3791,3791,0
9578,2.0906,1099999268624,401910,3791,3791,0
9579,2.0806,1099999266268,401911,3792,3792,0
9580,2.0806,1099999268625,401910,3792,3792,0
9581,2.0706,1099999266269,401911,3793,3793,0
9582,2.0706,1099999268626,401910,3793,3793,0
9583,2.0606,1099999266270,401911,3794,3794,0
9584,2.0606,1099999268627,401910,3794,3794,0
9585,2.0506,1099999266271,401911,3795,3795,0
9586,2.0506,1099999268628,401910,3795,3795,0
9587,2.0406,1099999266272,401911,3796,3796,0
9588,2.0406,1099999268629,401910,3796,3796,0
9589,2.0306,1099999266273,401911,3797,3797,0
9590,2.0306,1099999268630,401910,3797,3797,0
9591,2.0206,1099999266274,401911,3798,3798,0
9592,2.0206,1099999268631,401910,3798,3798,0
9593,2.0106,1099999266275,401911,3799,3799,0
9594,2.0106,1099999268632,401910,3799,3799,0
9595,2.0006,1099999266276,401911,3800,3800,0
9596,2.0006,1099999268633,401910,3800,3800,0
9597,1.9904,1099999266291,401911,3801,3801,0
9598,1.9904,1099999268655,401910,3801,3801,0
9599,1.9804,1099999266292,401911,3802,3802,0
9600,1.9804,1099999268656,401910,3802,3802,0
9601,1.9704,1099999266293,401911,3803,3803,0
9602,1.9704,1099999268657,401910,3803,3803,0
9603,1.9604,1099999266294,401911,3804,3804,0
9604,1.9604,1099999268658,401910,3804,3804,0
9605,1.9504,1099999266295,401911,3805,3805,0
9606,1.9504,1099999268659,401910,3805,3805,0
9607,1.9404,1099999266296,401911,3806,3806,0
9608,1.9404,1099999268660,401910,3806,3806,0
9609,1.9304,1099999266297,401911,3807,3807,0
9610,1.9304,1099999268661,401910,3807,3807,0
9611,1.9204,1099999266298,401911,3808,3808,0
9612,1.9204,1099999268662,401910,3808,3808,0
9613,1.9104,1099999266299,401911,3809,3809,0
9614,1.9104,1099999268663,401910,3809,3809,0
9615,1.9004,1099999266300,401911,3810,3810,0
9616,1.9004,1099999268664,401910,3810,3810,0
9617,1.8904,1099999266301,401911,3811,3811,0
9618,1.8904,1099999268665,401910,3811,3811,0
9619,1.8804,1099999266302,401911,3812,3812,0
9620,1.8804,1099999268666,401910,3812,3812,0
9621,1.8704,1099999266303,401911,3813,3813,0
9622,1.8704,1099999268667,401910,3813,3813,0
9623,1.8604,1099999266304,401911,3814,3814,0
9624,1.8604,1099999268668,401910,3814,3814,0
9625,1.8504,1099999266305,401911,3815,3815,0
9626,1.8504,1099999268669,401910,3815,3815,0
9627,1.8404,1099999266306,401911,3816,3816,0
9628,1.8404,1099999268670,401910,3816,3816,0
9629,1.8304,1099999266307,401911,3817,3817,0
9630,1.8304,1099999268671,401910,3817,3817,0
9631,1.8204,1099999266308,401911,3818,3818,0
9632,1.8204,1099999268672,401910,3818,3818,0
9633,1.8104,1099999266309,401911,3819,3819,0
9634,1.8104,1099999268673,401910,3819,3819,0
9635,1.8004,1099999266310,401911,3820,3820,0
9636,1.8004,1099999268674,401910,3820,3820,0
9637,1.7904,1099999266311,401911,3821,3821,0
9638,1.7904,1099999268675,401910,3821,3821,0
9639,1.7804,1099999266312,401911,3822,3822,0
9640,1.7804,1099999268676,401910,3822,3822,0
9641,1.7704,1099999266313,401911,3823,3823,0
9642,1.7704,1099999268677,401910,3823,3823,0
9643,1.7604,1099999266314,401911,3824,3824,0
9644,1.7604,1099999268678,401910,3824,3824,0
9645,1.7504,1099999266315,401911,3825,3825,0
9646,1.7504,1099999268679,401910,3825,3825,0
9647,1.7404,1099999266316,401911,3826,3826,0
9648,1.7404,1099999268680,401910,3826,3826,0
9649,1.7304,1099999266317,401911,3827,3827,0
9650,1.7304,1099999268681,401910,3827,3827,0
9651,1.7204,1099999266318,401911,3828,3828,0
9652,1.7204,1099999268682,401910,3828,3828,0
9653,1.7104,1099999266319,401911,3829,3829,0
9654,1.7104,1099999268683,401910,3829,3829,0
9655,1.7004,1099999266320,401911,3830,3830,0
9656,1.7004,1099999268684,401910,3830,3830,0
9657,1.6904,1099999266321,401911,3831,3831,0
9658,1.6904,1099999268685,401910,3831,3831,0
9659,1.6804,1099999266322,401911,3832,3832,0
9660,1.6804,1099999268686,401910,3832,3832,0
9661,1.6704,1099999266323,401911,3833,3833,0
9662,1.6704,1099999268687,401910,3833,3833,0
9663,1.6604,1099999266324,401911,3834,3834,0
9664,1.6604,1099999268688,401910,3834,3834,0
9665,1.6504,1099999266325,401911,3835,3835,0
9666,1.6504,1099999268689,401910,3835,3835,0
9667,1.6404,1099999266326,401911,3836,3836,0
9668,1.6404,1099999268690,401910,3836,3836,0
9669,1.6304,1099999266327,401911,3837,3837,0
9670,1.6304,1099999268691,401910,3837,3837,0
9671,1.6204,1099999266328,401911,3838,3838,0
9672,1.6204,1099999268692,401910,3838,3838,0
9673,1.6104,1099999266329,401911,3839,3839,0
9674,1.6104,1099999268693,401910,3839,3839,0
9675,1.6004,1099999266330,401911,3840,3840,0
9676,1.6004,1099999268694,401910,3840,3840,0
9677,1.5904,1099999266331,401911,3841,3841,0
9678,1.5904,1099999268695,401910,3841,3841,0
9679,1.5804,1099999266332,401911,3842,3842,0
9680,1.5804,1099999268696,401910,3842,3842,0
9681,1.5704,1099999266333,401911,3843,3843,0
9682,1.5704,1099999268697,401910,3843,3843,0
9683,1.5604,1099999266334,401911,3844,3844,0
9684,1.5604,1099999268698,401910,3844,3844,0
9685,1.5504,1099999266335,401911,3845,3845,0
9686,1.5504,1099999268699,401910,3845,3845,0
9687,1.5404,1099999266336,401911,3846,3846,0
9688,1.5404,1099999268700,401910,3846,3846,0
9689,1.5304,1099999266337,401911,3847,3847,0
9690,1.5304,1099999268701,401910,3847,3847,0
9691,1.5204,1099999266338,401911,3848,3848,0
9692,1.5204,1099999268702,401910,3848,3848,0
9693,1.5104,1099999266339,401911,3849,3849,0
9694,1.5104,1099999268703,401910,3849,3849,0
9695,1.5004,1099999266340,401911,3850,3850,0
9696,1.5004,1099999268704,401910,3850,3850,0
9697,1.4904,1099999266362,401911,3851,3851,0
9698,1.4904,1099999268741,401910,3851,3851,0
9699,1.4804,1099999266363,401911,3852,3852,0
9700,1.4804,1099999268742,401910,3852,3852,0
9701,1.4704,1099999266364,401911,3853,3853,0
9702,1.4704,1099999268743,401910,3853,3853,0
9703,1.4604,1099999266365,401911,3854,3854,0
9704,1.4604,1099999268744,401910,3854,3854,0
9705,1.4504,1099999266366,401911,3855,3855,0
9706,1.4504,1099999268745,401910,3855,3855,0
9707,1.4404,1099999266367,401911,3856,3856,0
9708,1.4404,1099999268746,401910,3856,3856,0
9709,1.4304,1099999266368,401911,3857,3857,0
9710,1.4304,1099999268747,401910,3857,3857,0
9711,1.4204,1099999266369,401911,3858,3858,0
9712,1.4204,1099999268748,401910,3858,3858,0
9713,1.4104,1099999266370,401911,3859,3859,0
9714,1.4104,1099999268749,401910,3859,3859,0
9715,1.4004,1099999266371,401911,3860,3860,0
9716,1.4004,1099999268750,401910,3860,3860,0
9717,1.3904,1099999266372,401911,3861,3861,0
9718,1.3904,1099999268751,401910,3861,3861,0
9719,1.3804,1099999266373,401911,3862,3862,0
9720,1.3804,1099999268752,401910,3862,3862,0
9721,1.3704,1099999266374,401911,3863,3863,0
9722,1.3704,1099999268753,401910,3863,3863,0
9723,1.3604,1099999266375,401911,3864,3864,0
9724,1.3604,1099999268754,401910,3864,3864,0
9725,1.3504,1099999266376,401911,3865,3865,0
9726,1.3504,1099999268755,401910,3865,3865,0
9727,1.3404,1099999266377,401911,3866,3866,0
9728,1.3404,1099999268756,401910,3866,3866,0
9729,1.3304,1099999266378,401911,3867,3867,0
9730,1.3304,1099999268757,401910,3867,3867,0
9731,1.3204,1099999266379,401911,3868,3868,0
9732,1.3204,1099999268758,401910,3868,3868,0
9733,1.3104,1099999266380,401911,3869,3869,0
9734,1.3104,1099999268759,401910,3869,3869,0
9735,1.3004,1099999266381,401911,3870,3870,0
9736,1.3004,1099999268760,401910,3870,3870,0
9737,1.2904,1099999266382,401911,3871,3871,0
9738,1.2904,1099999268761,401910,3871,3871,0
9739,1.2804,1099999266383,401911,3872,3872,0
9740,1.2804,1099999268762,401910,3872,3872,0
9741,1.2704,1099999266384,401911,3873,3873,0
9742,1.2704,1099999268763,401910,3873,3873,0
9743,1.2604,1099999266385,401911,3874,3874,0
9744,1.2604,1099999268764,401910,3874,3874,0
9745,1.2504,1099999266386,401911,3875,3875,0
9746,1.2504,1099999268765,401910,3875,3875,0
9747,1.2404,1099999266387,401911,3876,3876,0
9748,1.2404,1099999268766,401910,3876,3876,0
9749,1.2304,1099999266388,401911,3877,3877,0
9750,1.2304,1099999268767,401910,3877,3877,0
9751,1.2204,1099999266389,401911,3878,3878,0
9752,1.2204,1099999268768,401910,3878,3878,0
9753,1.2104,1099999266390,401911,3879,3879,0
9754,1.2104,1099999268769,401910,3879,3879,0
9755,1.2004,1099999266391,401911,3880,3880,0
9756,1.2004,1099999268770,401910,3880,3880,0
9757,1.1902,1099999266392,401911,3881,3881,0
9758,1.1902,1099999268771,401910,3881,3881,0
9759,1.1802,1099999266393,401911,3882,3882,0
9760,1.1802,1099999268772,401910,3882,3882,0
9761,1.1702,1099999266394,401911,3883,3883,0
9762,1.1702,1099999268773,401910,3883,3883,0
9763,1.1602,1099999266395,401911,3884,3884,0
9764,1.1602,1099999268774,401910,3884,3884,0
9765,1.1502,1099999266396,401911,3885,3885,0
9766,1.1502,1099999268775,401910,3885,3885,0
9767,1.1402,1099999266397,401911,3886,3886,0
9768,1.1402,1099999268776,401910,3886,3886,0
9769,1.1302,1099999266398,401911,3887,3887,0
9770,1.1302,1099999268777,401910,3887,3887,0
9771,1.1202,1099999266399,401911,3888,3888,0
9772,1.1202,1099999268778,401910,3888,3888,0
9773,1.1102,1099999266400,401911,3889,3889,0
9774,1.1102,1099999268779,401910,3889,3889,0
9775,1.1002,1099999266401,401911,3890,3890,0
9776,1.1002,1099999268780,401910,3890,3890,0
9777,1.0902,1099999266402,401911,3891,3891,0
9778,1.0902,1099999268781,401910,3891,3891,0
9779,1.0802,1099999266403,401911,3892,3892,0
9780,1.0802,1099999268782,401910,3892,3892,0
9781,1.0702,1099999266404,401911,3893,3893,0
9782,1.0702,1099999268783,401910,3893,3893,0
9783,1.0602,1099999266405,401911,3894,3894,0
9784,1.0602,1099999268784,401910,3894,3894,0
9785,1.0502,1099999266406,401911,3895,3895,0
9786,1.0502,1099999268785,401910,3895,3895,0
9787,1.0402,1099999266407,401911,3896,3896,0
9788,1.0402,1099999268786,401910,3896,3896,0
9789,1.0302,1099999266408,401911,3897,3897,0
9790,1.0302,1099999268787,401910,3897,3897,0
9791,1.0202,1099999266409,401911,3898,3898,0
9792,1.0202,1099999268788,401910,3898,3898,0
9793,1.0102,1099999266410,401911,3899,3899,0
9794,1.0102,1099999268789,401910,3899,3899,0
9795,1.0002,1099999266411,401911,3900,3900,0
9796,1.0002,1099999268790,401910,3900,3900,0
9797,0.9902,1099999266450,401911,3901,3901,0
9798,0.9902,1099999268806,401910,3901,3901,0
9799,0.9802,1099999266451,401911,3902,3902,0
9800,0.9802,1099999268807,401910,3902,3902,0
9801,0.9702,1099999266452,401911,3903,3903,0
9802,0.9702,1099999268808,401910,3903,3903,0
9803,0.9602,1099999266453,401911,3904,3904,0
9804,0.9602,1099999268809,401910,3904,3904,0
9805,0.9502,1099999266454,401911,3905,3905,0
9806,0.9502,1099999268810,401910,3905,3905,0
9807,0.9402,1099999266455,401911,3906,3906,0
9808,0.9402,1099999268811,401910,3906,3906,0
9809,0.9302,1099999266456,401911,3907,3907,0
9810,0.9302,1099999268812,401910,3907,3907,0
9811,0.9202,1099999266457,401911,3908,3908,0
9812,0.9202,1099999268813,401910,3908,3908,0
9813,0.9102,1099999266458,401911,3909,3909,0
9814,0.9102,1099999268814,401910,3909,3909,0
9815,0.9002,1099999266459,401911,3910,3910,0
9816,0.9002,1099999268815,401910,3910,3910,0
9817,0.8902,1099999266460,401911,3911,3911,0
9818,0.8902,1099999268816,401910,3911,3911,0
9819,0.8802,1099999266461,401911,3912,3912,0
9820,0.8802,1099999268817,401910,3912,3912,0
9821,0.8702,1099999266462,401911,3913,3913,0
9822,0.8702,1099999268818,401910,3913,3913,0
9823,0.8602,1099999266463,401911,3914,3914,0
9824,0.8602,1099999268819,401910,3914,3914,0
9825,0.8502,1099999266464,401911,3915,3915,0
9826,0.8502,1099999268820,401910,3915,3915,0
9827,0.8402,1099999266465,401911,3916,3916,0
9828,0.8402,1099999268821,401910,3916,3916,0
9829,0.8302,1099999266466,401911,3917,3917,0
9830,0.8302,1099999268822,401910,3917,3917,0
9831,0.8202,1099999266467,401911,3918,3918,0
9832,0.8202,1099999268823,401910,3918,3918,0
9833,0.8102,1099999266468,401911,3919,3919,0
9834,0.8102,1099999268824,401910,3919,3919,0
9835,0.8002,1099999266469,401911,3920,3920,0
9836,0.8002,1099999268825,401910,3920,3920,0
9837,0.7902,1099999266470,401911,3921,3921,0
9838,0.7902,1099999268826,401910,3921,3921,0
9839,0.7802,1099999266471,401911,3922,3922,0
9840,0.7802,1099999268827,401910,3922,3922,0
9841,0.7702,1099999266472,401911,3923,3923,0
9842,0.7702,1099999268828,401910,3923,3923,0
9843,0.7602,1099999266473,401911,3924,3924,0
9844,0.7602,1099999268829,401910,3924,3924,0
9845,0.7502,1099999266474,401911,3925,3925,0
9846,0.7502,1099999268830,401910,3925,3925,0
9847,0.7402,1099999266475,401911,3926,3926,0
9848,0.7402,1099999268831,401910,3926,3926,0
9849,0.7302,1099999266476,401911,3927,3927,0
9850,0.7302,1099999268832,401910,3927,3927,0
9851,0.7202,1099999266477,401911,3928,3928,0
9852,0.7202,1099999268833,401910,3928,3928,0
9853,0.7102,1099999266478,401911,3929,3929,0
9854,0.7102,1099999268834,401910,3929,3929,0
9855,0.7002,1099999266479,401911,3930,3930,0
9856,0.7002,1099999268835,401910,3930,3930,0
9857,0.6902,1099999266480,401911,3931,3931,0
9858,0.6902,1099999268836,401910,3931,3931,0
9859,0.6802,1099999266481,401911,3932,3932,0
9860,0.6802,1099999268837,401910,3932,3932,0
9861,0.6702,1099999266482,401911,3933,3933,0
9862,0.6702,1099999268838,401910,3933,3933,0
9863,0.6602,1099999266483,401911,3934,3934,0
9864,0.6602,1099999268839,401910,3934,3934,0
9865,0.6502,1099999266484,401911,3935,3935,0
9866,0.6502,1099999268840,401910,3935,3935,0
9867,0.6402,1099999266485,401911,3936,3936,0
9868,0.6402,1099999268841,401910,3936,3936,0
9869,0.6302,1099999266486,401911,3937,3937,0
9870,0.6302,1099999268842,401910,3937,3937,0
9871,0.6202,1099999266487,401911,3938,3938,0
9872,0.6202,1099999268843,401910,3938,3938,0
9873,0.6102,1099999266488,401911,3939,3939,0
9874,0.6102,1099999268844,401910,3939,3939,0
9875,0.6002,1099999266489,401911,3940,3940,0
9876,0.6002,1099999268845,401910,3940,3940,0
9877,0.5902,1099999266490,401911,3941,3941,0
9878,0.5902,1099999268846,401910,3941,3941,0
9879,0.5802,1099999266491,401911,3942,3942,0
9880,0.5802,1099999268847,401910,3942,3942,0
9881,0.5702,1099999266492,401911,3943,3943,0
9882,0.5702,1099999268848,401910,3943,3943,0
9883,0.5602,1099999266493,401911,3944,3944,0
9884,0.5602,1099999268849,401910,3944,3944,0
9885,0.5502,1099999266494,401911,3945,3945,0
9886,0.5502,1099999268850,401910,3945,3945,0
9887,0.5402,1099999266495,401911,3946,3946,0
9888,0.5402,1099999268851,401910,3946,3946,0
9889,0.5302,1099999266496,401911,3947,3947,0
9890,0.5302,1099999268852,401910,3947,3947,0
9891,0.5202,1099999266497,401911,3948,3948,0
9892,0.5202,1099999268853,401910,3948,3948,0
9893,0.5102,1099999266498,401911,3949,3949,0
9894,0.5102,1099999268854,401910,3949,3949,0
9895,0.5002,1099999266499,401911,3950,3950,0
9896,0.5002,1099999268855,401910,3950,3950,0
9897,0.4902,1099999266516,401911,3951,3951,0
9898,0.4902,1099999268861,401910,3951,3951,0
9899,0.4802,1099999266517,401911,3952,3952,0
9900,0.4802,1099999268862,401910,3952,3952,0
9901,0.4702,1099999266518,401911,3953,3953,0
9902,0.4702,1099999268863,401910,3953,3953,0
9903,0.4602,1099999266519,401911,3954,3954,0
9904,0.4602,1099999268864,401910,3954,3954,0
9905,0.4502,1099999266520,401911,3955,3955,0
9906,0.4502,1099999268865,401910,3955,3955,0
9907,0.4402,1099999266521,401911,3956,3956,0
9908,0.4402,1099999268866,401910,3956,3956,0
9909,0.4302,1099999266522,401911,3957,3957,0
9910,0.4302,1099999268867,401910,3957,3957,0
9911,0.4202,1099999266523,401911,3958,3958,0
9912,0.4202,1099999268868,401910,3958,3958,0
9913,0.4102,1099999266524,401911,3959,3959,0
9914,0.4102,1099999268869,401910,3959,3959,0
9915,0.4002,1099999266525,401911,3960,3960,0
9916,0.4002,1099999268870,401910,3960,3960,0
9917,0.39,1099999266526,401911,3961,3961,0
9918,0.39,1099999268871,401910,3961,3961,0
9919,0.38,1099999266527,401911,3962,3962,0
9920,0.38,1099999268872,401910,3962,3962,0
9921,0.37,1099999266528,401911,3963,3963,0
9922,0.37,1099999268873,401910,3963,3963,0
9923,0.36,1099999266529,401911,3964,3964,0
9924,0.36,1099999268874,401910,3964,3964,0
9925,0.35,1099999266530,401911,3965,3965,0
9926,0.35,1099999268875,401910,3965,3965,0
9927,0.34,1099999266531,401911,3966,3966,0
9928,0.34,1099999268876,401910,3966,3966,0
9929,0.33,1099999266532,401911,3967,3967,0
9930,0.33,1099999268877,401910,3967,3967,0
9931,0.32,1099999266533,401911,3968,3968,0
9932,0.32,1099999268878,401910,3968,3968,0
9933,0.31,1099999266534,401911,3969,3969,0
9934,0.31,1099999268879,401910,3969,3969,0
9935,0.3,1099999266535,401911,3970,3970,0
9936,0.3,1099999268880,401910,3970,3970,0
9937,0.29,1099999266536,401911,3971,3971,0
9938,0.29,1099999268881,401910,3971,3971,0
9939,0.28,1099999266537,401911,3972,3972,0
9940,0.28,1099999268882,401910,3972,3972,0
9941,0.27,1099999266538,401911,3973,3973,0
9942,0.27,1099999268883,401910,3973,3973,0
9943,0.26,1099999266539,401911,3974,3974,0
9944,0.26,1099999268884,401910,3974,3974,0
9945,0.25,1099999266540,401911,3975,3975,0
9946,0.25,1099999268885,401910,3975,3975,0
9947,0.24,1099999266541,401911,3976,3976,0
9948,0.24,1099999268886,401910,3976,3976,0
9949,0.23,1099999266542,401911,3977,3977,0
9950,0.23,1099999268887,401910,3977,3977,0
9951,0.22,1099999266543,401911,3978,3978,0
9952,0.22,1099999268888,401910,3978,3978,0
9953,0.21,1099999266544,401911,3979,3979,0
9954,0.21,1099999268889,401910,3979,3979,0
9955,0.2,1099999266545,401911,3980,3980,0
9956,0.2,1099999268890,401910,3980,3980,0
9957,0.19,1099999266546,401911,3981,3981,0
9958,0.19,1099999268891,401910,3981,3981,0
9959,0.18,1099999266547,401911,3982,3982,0
9960,0.18,1099999268892,401910,3982,3982,0
9961,0.17,1099999266548,401911,3983,3983,0
9962,0.17,1099999268893,401910,3983,3983,0
9963,0.16,1099999266549,401911,3984,3984,0
9964,0.16,1099999268894,401910,3984,3984,0
9965,0.15,1099999266550,401911,3985,3985,0
9966,0.15,1099999268895,401910,3985,3985,0
9967,0.14,1099999266551,401911,3986,3986,0
9968,0.14,1099999268896,401910,3986,3986,0
9969,0.13,1099999266552,401911,3987,3987,0
9970,0.13,1099999268897,401910,3987,3987,0
9971,0.12,1099999266553,401911,3988,3988,0
9972,0.12,1099999268898,401910,3988,3988,0
9973,0.11,1099999266554,401911,3989,3989,0
9974,0.11,1099999268899,401910,3989,3989,0
9975,0.1,1099999266555,401911,3990,3990,0
9976,0.1,1099999268900,401910,3990,3990,0
9977,0.09,1099999266556,401911,3991,3991,0
9978,0.09,1099999268901,401910,3991,3991,0
9979,0.08,1099999266557,401911,3992,3992,0
9980,0.08,1099999268902,401910,3992,3992,0
9981,0.07,1099999266558,401911,3993,3993,0
9982,0.07,1099999268903,401910,3993,3993,0
9983,0.06,1099999266559,401911,3994,3994,0
9984,0.06,1099999268904,401910,3994,3994,0
9985,0.05,1099999266560,401911,3995,3995,0
9986,0.05,1099999268905,401910,3995,3995,0
9987,0.04,1099999266561,401911,3996,3996,0
9988,0.04,1099999268906,401910,3996,3996,0
9989,0.03,1099999266562,401911,3997,3997,0
9990,0.03,1099999268907,401910,3997,3997,0
9991,0.02,1099999266563,401911,3998,3998,0
9992,0.02,1099999268908,401910,3998,3998,0
9993,0.01,1099999266564,401911,3999,3999,0
9994,0.01,1099999268909,401910,3999,3999,0
9995,0,1099999266565,401911,4000,4000,0
9996,0,1099999268910,401910,4000,4000,0
